"Date Time","Pressure (psi) (840058)","Temperature (°C) (840058)","Depth (ft) (840058)","Actual Conductivity (µS/cm)","Specific Conductivity (µS/cm) (840058)","Salinity (PSU) (840058)","Total Dissolved Solids (ppt) (840058)","Resistivity (Ω⋅cm) (840058)","Density (g/cm³) (840058)","Barometric Pressure (mbar) (670831)","Temperature (°C) (670831)","Marked"
"2025-07-24 16:26:11","0.44907355","11.822713","1.0363503","16.974432","22.683573","0.009235213","0.014744323","58912.137","0.9995269","920.2378","26.759247",""
"2025-07-24 16:26:12","0.44904396","11.822694","1.036282","16.9748","22.684076","0.009235451","0.014744651","58910.855","0.9995269","920.2386","26.759312",""
"2025-07-24 16:26:13","0.46392405","11.822372","1.0706215","16.962706","22.6681","0.00922786","0.014734265","58952.863","0.999527","920.25653","26.759703",""
"2025-07-24 16:26:14","0.46479717","11.822344","1.0726364","16.96216","22.667389","0.009227522","0.014733803","58954.754","0.999527","920.258","26.759924",""
"2025-07-24 16:26:15","0.46567032","11.822315","1.0746514","16.961617","22.666677","0.009227184","0.014733341","58956.65","0.999527","920.2595","26.760143",""
"2025-07-24 16:26:16","0.47339347","11.8220825","1.0924746","16.977652","22.688242","0.009237422","0.014747357","58900.97","0.999527","920.2327","26.75115",""
"2025-07-24 16:26:17","0.47422948","11.822061","1.094404","16.978294","22.689116","0.009237836","0.014747924","58898.734","0.999527","920.23157","26.750628",""
"2025-07-24 16:26:18","0.46405655","11.821036","1.0709271","16.978338","22.689766","0.009238135","0.014748348","58898.58","0.99952716","920.24774","26.758858",""
"2025-07-24 16:26:19","0.4636091","11.820967","1.0698946","16.978722","22.69032","0.009238397","0.014748707","58897.246","0.99952716","920.24817","26.759157",""
"2025-07-24 16:26:20","0.46316168","11.820898","1.068862","16.979105","22.690872","0.0092386585","0.014749066","58895.914","0.99952716","920.24854","26.759457",""
"2025-07-24 16:26:21","0.46962255","11.821118","1.0837721","16.959337","22.664324","0.009226055","0.01473181","58964.582","0.9995271","920.24915","26.751043",""
"2025-07-24 16:26:22","0.46975622","11.821106","1.0840806","16.95814","22.662731","0.009225298","0.014730775","58968.742","0.9995271","920.2496","26.750744",""
"2025-07-24 16:26:23","0.46988985","11.821094","1.084389","16.956942","22.661139","0.0092245415","0.014729739","58972.902","0.9995271","920.25","26.750444",""
"2025-07-24 16:26:24","0.4779054","11.8204","1.1028868","16.954208","22.657883","0.009222987","0.014727625","58982.414","0.9995272","920.29395","26.767895",""
"2025-07-24 16:26:25","0.47854","11.820364","1.1043512","16.953547","22.65702","0.009222576","0.014727064","58984.71","0.9995272","920.2966","26.768719",""
"2025-07-24 16:26:26","0.46343216","11.820108","1.069486","16.943724","22.644043","0.009216413","0.0147186285","59018.906","0.9995272","920.25543","26.752295",""
"2025-07-24 16:26:27","0.46268246","11.820076","1.0677559","16.943056","22.643167","0.009215997","0.014718059","59021.234","0.9995272","920.2539","26.751694",""
"2025-07-24 16:26:28","0.46193275","11.820044","1.0660257","16.942387","22.642292","0.00921558","0.01471749","59023.566","0.9995272","920.25244","26.751095",""
"2025-07-24 16:26:29","0.45545498","11.819499","1.0510767","16.946402","22.647972","0.009218272","0.014721182","59009.582","0.9995273","920.2425","26.741953",""
"2025-07-24 16:26:30","0.4546827","11.81946","1.0492945","16.946394","22.647985","0.009218277","0.014721191","59009.61","0.9995273","920.2409","26.740986",""
"2025-07-24 16:26:31","0.45391047","11.819421","1.0475123","16.946386","22.647999","0.009218283","0.014721199","59009.633","0.9995273","920.23926","26.740017",""
"2025-07-24 16:26:32","0.4466454","11.818789","1.0307465","16.926933","22.622366","0.009206105","0.0147045385","59077.46","0.99952734","920.27484","26.757683",""
"2025-07-24 16:26:33","0.44605258","11.818738","1.0293784","16.925896","22.62101","0.00920546","0.014703657","59081.08","0.99952734","920.2767","26.758476",""
"2025-07-24 16:26:34","0.458426","11.818165","1.0579329","16.929634","22.626335","0.009207981","0.014707118","59068.027","0.99952745","920.24414","26.750717",""
"2025-07-24 16:26:35","0.45904267","11.818114","1.059356","16.929432","22.626095","0.009207866","0.014706962","59068.727","0.99952745","920.24286","26.750616",""
"2025-07-24 16:26:36","0.4596593","11.818064","1.060779","16.929232","22.625854","0.009207752","0.014706806","59069.43","0.99952745","920.2416","26.750515",""
"2025-07-24 16:26:37","0.45080256","11.817741","1.0403398","16.95302","22.657835","0.009222935","0.014727593","58986.56","0.9995275","920.2322","26.750286",""
"2025-07-24 16:26:38","0.45059282","11.817707","1.0398557","16.95458","22.659939","0.009223933","0.014728961","58981.13","0.9995275","920.2308","26.750055",""
"2025-07-24 16:26:39","0.45038307","11.817674","1.0393717","16.956139","22.662043","0.009224932","0.014730328","58975.695","0.9995275","920.2293","26.749826",""
"2025-07-24 16:26:40","0.44735628","11.817761","1.0323867","16.944761","22.646788","0.009217689","0.014720412","59015.293","0.99952745","920.2299","26.75",""
"2025-07-24 16:26:41","0.44695926","11.817759","1.0314705","16.944683","22.646685","0.009217639","0.014720345","59015.562","0.99952745","920.2297","26.75",""
"2025-07-24 16:26:42","0.45587206","11.816764","1.0520389","16.932861","22.63146","0.0092104","0.014710449","59056.77","0.99952763","920.2634","26.76687",""
"2025-07-24 16:26:43","0.45635614","11.816704","1.053156","16.93186","22.630154","0.009209779","0.0147096","59060.26","0.99952763","920.2655","26.767906",""
"2025-07-24 16:26:44","0.45684022","11.816645","1.0542731","16.930857","22.628849","0.009209159","0.014708752","59063.754","0.99952763","920.2676","26.768944",""
"2025-07-24 16:26:45","0.44809878","11.816228","1.0341","16.952065","22.657434","0.009222728","0.014727333","58989.875","0.99952763","920.25116","26.752073",""
"2025-07-24 16:26:46","0.4477841","11.816178","1.0333738","16.953074","22.658812","0.009223381","0.014728228","58986.363","0.99952763","920.251","26.751457",""
"2025-07-24 16:26:47","0.44746944","11.816128","1.0326477","16.954082","22.660189","0.009224035","0.014729123","58982.85","0.99952763","920.2508","26.750841",""
"2025-07-24 16:26:48","0.47134507","11.81582","1.0877466","16.964285","22.674004","0.009230592","0.014738103","58947.38","0.9995277","920.23254","26.750443",""
"2025-07-24 16:26:49","0.4725319","11.815791","1.0904855","16.96543","22.67555","0.009231327","0.014739109","58943.4","0.9995277","920.2311","26.749989",""
"2025-07-24 16:26:50","0.45403418","11.815397","1.0477973","16.964191","22.674124","0.0092306435","0.014738181","58947.695","0.99952775","920.2304","26.75",""
"2025-07-24 16:26:51","0.4534312","11.815366","1.0464058","16.964342","22.674343","0.009230747","0.014738323","58947.17","0.99952775","920.23","26.75",""
"2025-07-24 16:26:52","0.45282817","11.815333","1.0450141","16.964493","22.674562","0.009230851","0.014738466","58946.65","0.99952775","920.22955","26.75",""
"2025-07-24 16:26:53","0.45294815","11.815249","1.0452911","16.967207","22.678238","0.009232597","0.0147408545","58937.22","0.99952775","920.2729","26.75",""
"2025-07-24 16:26:54","0.4524699","11.815234","1.0441873","16.967335","22.67842","0.009232683","0.014740972","58936.77","0.99952775","920.2755","26.75",""
"2025-07-24 16:26:55","0.45199162","11.815219","1.0430835","16.967464","22.6786","0.009232769","0.014741089","58936.324","0.99952775","920.27814","26.75",""
"2025-07-24 16:26:56","0.45140347","11.8151455","1.0417264","16.953161","22.659527","0.009223709","0.014728692","58986.05","0.99952775","920.26105","26.75",""
"2025-07-24 16:26:57","0.45136407","11.815139","1.0416354","16.952387","22.658495","0.009223219","0.014728021","58988.746","0.99952775","920.26117","26.75",""
"2025-07-24 16:26:58","0.452172","11.8149805","1.0435","16.944677","22.648281","0.009218367","0.014721383","59015.586","0.9995278","920.2944","26.74153",""
"2025-07-24 16:26:59","0.45220026","11.814969","1.0435652","16.943865","22.647202","0.009217855","0.014720681","59018.414","0.9995278","920.2961","26.741",""
"2025-07-24 16:27:00","0.45222852","11.814957","1.0436304","16.943052","22.646122","0.009217341","0.01471998","59021.242","0.9995278","920.2977","26.740469",""
"2025-07-24 16:27:01","0.45743898","11.814724","1.0556548","16.92728","22.625177","0.009207396","0.014706366","59076.246","0.99952775","920.27264","26.748924",""
"2025-07-24 16:27:02","0.4577768","11.814706","1.0564344","16.926132","22.623653","0.009206671","0.014705376","59080.25","0.99952775","920.272","26.749222",""
"2025-07-24 16:27:03","0.45811468","11.814688","1.057214","16.924984","22.62213","0.009205948","0.014704385","59084.254","0.99952775","920.2713","26.74952",""
"2025-07-24 16:27:04","0.45372495","11.814454","1.0470836","16.930056","22.629042","0.009209227","0.014708877","59066.55","0.9995278","920.2879","26.749765",""
"2025-07-24 16:27:05","0.45359817","11.814434","1.0467911","16.929947","22.628908","0.0092091635","0.01470879","59066.93","0.9995278","920.28827","26.74999",""
"2025-07-24 16:27:06","0.46467066","11.813799","1.0723436","16.941023","22.644081","0.00921636","0.014718652","59028.32","0.99952793","920.26355","26.75",""
"2025-07-24 16:27:07","0.465262","11.813753","1.0737082","16.941833","22.645191","0.009216887","0.0147193745","59025.49","0.99952793","920.26245","26.75",""
"2025-07-24 16:27:08","0.46585333","11.813708","1.0750728","16.942646","22.646303","0.009217414","0.014720097","59022.66","0.99952793","920.2613","26.75",""
"2025-07-24 16:27:09","0.46857953","11.812921","1.0813642","16.943283","22.647608","0.009218026","0.014720945","59020.44","0.999528","920.2778","26.75",""
"2025-07-24 16:27:10","0.46902972","11.812858","1.0824031","16.943604","22.648073","0.009218247","0.014721247","59019.324","0.999528","920.27814","26.75",""
"2025-07-24 16:27:11","0.46947995","11.812795","1.083442","16.943924","22.648539","0.0092184665","0.014721549","59018.207","0.999528","920.27844","26.75",""
"2025-07-24 16:27:12","0.4557278","11.81279","1.0517054","16.952326","22.659773","0.009223802","0.014728853","58988.957","0.999528","920.2527","26.75",""
"2025-07-24 16:27:13","0.45496562","11.81277","1.0499465","16.952858","22.660496","0.009224146","0.014729323","58987.1","0.999528","920.2515","26.75",""
"2025-07-24 16:27:14","0.4705744","11.812464","1.0859678","16.959301","22.669285","0.009228313","0.014735036","58964.695","0.99952805","920.2339","26.75",""
"2025-07-24 16:27:15","0.4712141","11.812446","1.087444","16.95991","22.670109","0.009228704","0.01473557","58962.582","0.99952805","920.2321","26.75",""
"2025-07-24 16:27:16","0.47185376","11.812427","1.0889201","16.960516","22.67093","0.009229094","0.014736106","58960.47","0.99952805","920.2304","26.75",""
"2025-07-24 16:27:17","0.46399662","11.811723","1.0707877","16.937937","22.641155","0.00921495","0.014716752","59039.082","0.99952817","920.24756","26.75",""
"2025-07-24 16:27:18","0.46391273","11.811672","1.0705941","16.936726","22.639565","0.009214194","0.014715717","59043.3","0.99952817","920.24817","26.75",""
"2025-07-24 16:27:19","0.4638288","11.811622","1.0704005","16.935513","22.637972","0.009213438","0.0147146825","59047.523","0.99952817","920.2487","26.75",""
"2025-07-24 16:27:20","0.47450924","11.811458","1.0950482","16.94643","22.652662","0.009220409","0.01472423","59009.48","0.99952817","920.2404","26.75",""
"2025-07-24 16:27:21","0.47494978","11.81143","1.0960649","16.946514","22.652788","0.009220469","0.014724312","59009.188","0.99952817","920.24036","26.75",""
"2025-07-24 16:27:22","0.4471263","11.810876","1.0318552","16.94525","22.651419","0.009219815","0.014723422","59013.594","0.9995283","920.2823","26.75844",""
"2025-07-24 16:27:23","0.44565713","11.810838","1.0284647","16.945436","22.651691","0.009219944","0.014723599","59012.94","0.9995283","920.28467","26.758965",""
"2025-07-24 16:27:24","0.44418797","11.8108","1.0250742","16.945623","22.651964","0.009220072","0.014723776","59012.29","0.9995283","920.28705","26.75949",""
"2025-07-24 16:27:25","0.46509862","11.810404","1.0733306","16.949327","22.657143","0.009222525","0.014727143","58999.395","0.99952835","920.2625","26.751131",""
"2025-07-24 16:27:26","0.46564543","11.810367","1.0745926","16.949512","22.657413","0.009222654","0.014727318","58998.746","0.99952835","920.2621","26.750843",""
"2025-07-24 16:27:27","0.46619225","11.810329","1.0758544","16.9497","22.657682","0.009222781","0.014727494","58998.098","0.99952835","920.26166","26.750555",""
"2025-07-24 16:27:28","0.4554138","11.810088","1.0509806","16.944725","22.651175","0.009219688","0.014723264","59015.418","0.99952835","920.2517","26.741465",""
"2025-07-24 16:27:29","0.45526782","11.810063","1.0506437","16.944517","22.650911","0.009219563","0.014723092","59016.14","0.99952835","920.2505","26.740715",""
"2025-07-24 16:27:30","0.45820236","11.80945","1.0574157","16.942646","22.648764","0.009218536","0.014721697","59022.66","0.99952847","920.2669","26.748804",""
"2025-07-24 16:27:31","0.45810232","11.809406","1.0571848","16.942408","22.648472","0.009218397","0.014721507","59023.492","0.99952847","920.26776","26.7491",""
"2025-07-24 16:27:32","0.45800227","11.809362","1.056954","16.94217","22.648178","0.009218257","0.014721316","59024.32","0.99952847","920.26855","26.749397",""
"2025-07-24 16:27:33","0.48164517","11.809349","1.1115158","16.949831","22.658428","0.009223125","0.014727978","58997.637","0.99952847","920.2348","26.749676",""
"2025-07-24 16:27:34","0.48315293","11.809334","1.1149954","16.950249","22.658997","0.009223395","0.014728348","58996.18","0.99952847","920.23315","26.7499",""
"2025-07-24 16:27:35","0.48466069","11.809318","1.1184748","16.950668","22.659565","0.009223664","0.0147287175","58994.723","0.99952847","920.23157","26.750124",""
"2025-07-24 16:27:36","0.46908048","11.809165","1.0825197","16.954193","22.664366","0.009225942","0.014731838","58982.46","0.99952847","920.2483","26.75",""
"2025-07-24 16:27:37","0.46872696","11.809155","1.0817038","16.954596","22.66491","0.0092262","0.014732191","58981.062","0.99952847","920.2485","26.75",""
"2025-07-24 16:27:38","0.4691246","11.808226","1.0826213","16.941462","22.64789","0.009218107","0.014721128","59026.79","0.9995286","920.2574","26.741587",""
"2025-07-24 16:27:39","0.46876526","11.808164","1.081792","16.940722","22.646936","0.009217653","0.014720508","59029.367","0.9995286","920.25836","26.741062",""
"2025-07-24 16:27:40","0.4684059","11.808103","1.0809628","16.939981","22.645983","0.0092172","0.014719889","59031.94","0.9995286","920.25934","26.740538",""
"2025-07-24 16:27:41","0.472605","11.807772","1.0906531","16.927544","22.629543","0.009209392","0.0147092035","59075.33","0.99952865","920.268","26.74032",""
"2025-07-24 16:27:42","0.4728754","11.807728","1.0912771","16.926453","22.628109","0.009208711","0.014708271","59079.133","0.99952865","920.26874","26.740095",""
"2025-07-24 16:27:43","0.47314578","11.807685","1.0919012","16.925362","22.626675","0.009208029","0.014707339","59082.938","0.99952865","920.2695","26.73987",""
"2025-07-24 16:27:44","0.48016685","11.807301","1.108104","16.913235","22.61069","0.009200435","0.014696947","59125.305","0.99952865","920.25195","26.74",""
"2025-07-24 16:27:45","0.48069054","11.807269","1.1093127","16.912191","22.609312","0.00919978","0.014696052","59128.95","0.99952865","920.2511","26.74",""
"2025-07-24 16:27:46","0.4720069","11.806798","1.0892727","16.927183","22.629625","0.0092094205","0.014709257","59076.58","0.99952877","920.27576","26.74",""
"2025-07-24 16:27:47","0.47162765","11.80676","1.0883976","16.927837","22.630522","0.009209845","0.014709839","59074.3","0.99952877","920.27686","26.74",""
"2025-07-24 16:27:48","0.47124845","11.806721","1.0875225","16.92849","22.631416","0.00921027","0.014710421","59072.02","0.99952877","920.278","26.74",""
"2025-07-24 16:27:49","0.44439298","11.806391","1.0255468","16.94361","22.651821","0.009219956","0.014723684","59019.312","0.99952877","920.253","26.74",""
"2025-07-24 16:27:50","0.44252962","11.806359","1.0212466","16.944918","22.65359","0.009220794","0.014724832","59014.75","0.99952877","920.2521","26.74",""
"2025-07-24 16:27:51","0.44066626","11.806327","1.0169464","16.946226","22.655355","0.009221633","0.014725981","59010.188","0.99952877","920.25116","26.74",""
"2025-07-24 16:27:52","0.46328712","11.806096","1.0691496","16.941032","22.648546","0.009218398","0.014721555","59028.285","0.9995288","920.28546","26.74",""
"2025-07-24 16:27:53","0.4639602","11.806073","1.070703","16.941105","22.648657","0.009218451","0.014721627","59028.027","0.9995288","920.28687","26.74",""
"2025-07-24 16:27:54","0.46463332","11.806051","1.0722563","16.94118","22.64877","0.009218504","0.0147217","59027.77","0.9995288","920.28827","26.74",""
"2025-07-24 16:27:55","0.4553479","11.805404","1.0508279","16.94798","22.658236","0.009222992","0.014727853","59004.082","0.9995289","920.2533","26.74",""
"2025-07-24 16:27:56","0.45534903","11.80536","1.0508306","16.948267","22.658646","0.009223186","0.01472812","59003.082","0.9995289","920.2521","26.74",""
"2025-07-24 16:27:57","0.4651468","11.805266","1.0734413","16.937897","22.644835","0.009216625","0.014719143","59039.21","0.9995289","920.2767","26.74",""
"2025-07-24 16:27:58","0.4655135","11.805245","1.0742875","16.937435","22.64423","0.009216338","0.01471875","59040.816","0.9995289","920.27734","26.74",""
"2025-07-24 16:27:59","0.46588016","11.805224","1.0751337","16.936974","22.643625","0.009216051","0.014718357","59042.426","0.9995289","920.278","26.74",""
"2025-07-24 16:28:00","0.4449337","11.805079","1.0267946","16.931915","22.636944","0.009212877","0.014714014","59060.07","0.99952894","920.28754","26.74",""
"2025-07-24 16:28:01","0.44393206","11.805068","1.024483","16.931355","22.636202","0.009212524","0.014713531","59062.023","0.99952894","920.28876","26.74",""
"2025-07-24 16:28:02","0.4429304","11.805057","1.0221714","16.930794","22.63546","0.009212171","0.014713048","59063.973","0.99952894","920.2899","26.74",""
"2025-07-24 16:28:03","0.48297396","11.8048935","1.1145817","16.933876","22.639675","0.00921417","0.014715789","59053.227","0.99952894","920.27167","26.74",""
"2025-07-24 16:28:04","0.48483193","11.80488","1.1188695","16.933926","22.63975","0.009214206","0.014715837","59053.05","0.99952894","920.2708","26.74",""
"2025-07-24 16:28:05","0.44798502","11.804491","1.0338361","16.936476","22.643381","0.009215927","0.014718198","59044.16","0.999529","920.27893","26.74",""
"2025-07-24 16:28:06","0.44669122","11.804463","1.0308503","16.9367","22.643698","0.009216077","0.014718404","59043.375","0.999529","920.279","26.74",""
"2025-07-24 16:28:07","0.4453974","11.804436","1.0278645","16.936926","22.644016","0.009216227","0.01471861","59042.59","0.999529","920.27905","26.74",""
"2025-07-24 16:28:08","0.4486078","11.804106","1.0352733","16.953867","22.666857","0.009227069","0.014733456","58983.605","0.999529","920.25323","26.74",""
"2025-07-24 16:28:09","0.44787624","11.804076","1.0335851","16.954948","22.668322","0.009227764","0.014734408","58979.836","0.999529","920.2519","26.74",""
"2025-07-24 16:28:10","0.44714466","11.804047","1.0318968","16.956032","22.669785","0.00922846","0.01473536","58976.066","0.999529","920.25055","26.74",""
"2025-07-24 16:28:11","0.46738595","11.803979","1.0786085","16.951551","22.663834","0.009225633","0.014731493","58991.656","0.99952906","920.26807","26.74",""
"2025-07-24 16:28:12","0.46864015","11.803966","1.0815029","16.951721","22.66407","0.009225745","0.0147316465","58991.06","0.99952906","920.26843","26.74",""
"2025-07-24 16:28:13","0.46838853","11.803346","1.0809221","16.944422","22.654669","0.0092212735","0.014725535","59016.477","0.9995291","920.28613","26.74",""
"2025-07-24 16:28:14","0.46883163","11.803306","1.0819446","16.943872","22.653957","0.009220935","0.014725073","59018.39","0.9995291","920.2876","26.74",""
"2025-07-24 16:28:15","0.46927473","11.803266","1.0829672","16.943323","22.653246","0.009220598","0.01472461","59020.3","0.9995291","920.2891","26.74",""
"2025-07-24 16:28:16","0.46150512","11.80278","1.0650369","16.941563","22.651173","0.009219609","0.014723263","59026.434","0.9995292","920.2718","26.748688",""
"2025-07-24 16:28:17","0.46103737","11.802735","1.0639575","16.941275","22.650812","0.009219438","0.014723028","59027.438","0.9995292","920.27124","26.749207",""
"2025-07-24 16:28:18","0.46056965","11.8026905","1.062878","16.940985","22.650454","0.0092192665","0.014722794","59028.44","0.9995292","920.2706","26.749725",""
"2025-07-24 16:28:19","0.4447787","11.8029375","1.0264366","16.942442","22.652258","0.009220124","0.014723969","59023.367","0.9995291","920.25226","26.749804",""
"2025-07-24 16:28:20","0.44365054","11.802939","1.0238332","16.942478","22.652304","0.009220147","0.0147239985","59023.246","0.9995291","920.25073","26.750027",""
"2025-07-24 16:28:21","0.46657774","11.802718","1.0767431","16.932182","22.638668","0.00921367","0.014715134","59059.133","0.9995292","920.25037","26.741453",""
"2025-07-24 16:28:22","0.46760613","11.802711","1.0791163","16.931581","22.637869","0.009213291","0.014714615","59061.227","0.9995292","920.2499","26.740929",""
"2025-07-24 16:28:23","0.4686345","11.802703","1.0814896","16.93098","22.637072","0.009212912","0.014714097","59063.32","0.9995292","920.24945","26.740404",""
"2025-07-24 16:28:24","0.46682975","11.802617","1.0773249","16.939981","22.649155","0.009218647","0.0147219505","59031.945","0.9995292","920.22375","26.731627",""
"2025-07-24 16:28:25","0.46730182","11.802606","1.0784143","16.940252","22.649523","0.009218823","0.014722191","59031","0.9995292","920.2222","26.730888",""
"2025-07-24 16:28:26","0.46777388","11.802595","1.0795037","16.940525","22.649893","0.009218998","0.014722431","59030.05","0.9995292","920.2207","26.73015",""
"2025-07-24 16:28:27","0.46283633","11.801794","1.0681088","16.942106","22.65247","0.009220213","0.014724106","59024.54","0.9995293","920.22034","26.730207",""
"2025-07-24 16:28:28","0.46250993","11.801744","1.0673556","16.942413","22.65291","0.009220421","0.014724392","59023.47","0.9995293","920.21967","26.729986",""
"2025-07-24 16:28:29","0.4448085","11.801016","1.0265052","16.937405","22.646635","0.009217432","0.014720312","59040.92","0.99952936","920.23676","26.738543",""
"2025-07-24 16:28:30","0.4436135","11.800951","1.0237474","16.937128","22.646303","0.009217273","0.014720096","59041.887","0.99952936","920.2378","26.739067",""
"2025-07-24 16:28:31","0.44241852","11.800887","1.0209898","16.936852","22.64597","0.009217115","0.01471988","59042.848","0.99952936","920.2389","26.739592",""
"2025-07-24 16:28:32","0.47038084","11.800967","1.0855197","16.938486","22.64811","0.009218132","0.014721272","59037.152","0.99952936","920.2653","26.739735",""
"2025-07-24 16:28:33","0.47161347","11.800953","1.0883641","16.93846","22.64808","0.009218118","0.014721253","59037.25","0.99952936","920.26733","26.73996",""
"2025-07-24 16:28:34","0.47284606","11.80094","1.0912087","16.93843","22.648052","0.009218105","0.014721234","59037.344","0.99952936","920.26935","26.740185",""
"2025-07-24 16:28:35","0.45713875","11.801036","1.0549601","16.929096","22.635515","0.009212154","0.014713084","59069.902","0.99952936","920.25134","26.748884",""
"2025-07-24 16:28:36","0.45690826","11.8010435","1.0544282","16.928583","22.634825","0.009211827","0.014712636","59071.69","0.99952936","920.251","26.749407",""
"2025-07-24 16:28:37","0.4508553","11.800739","1.0404596","16.941114","22.651754","0.009219862","0.01472364","59028.004","0.9995294","920.2333","26.74112",""
"2025-07-24 16:28:38","0.4501074","11.800722","1.0387336","16.941662","22.652496","0.009220215","0.014724123","59026.09","0.9995294","920.2318","26.740818",""
"2025-07-24 16:28:39","0.44935948","11.800706","1.0370076","16.942211","22.65324","0.009220567","0.014724606","59024.18","0.9995294","920.2303","26.740519",""
"2025-07-24 16:28:40","0.4691672","11.799989","1.0827187","16.92738","22.633823","0.009211339","0.014711985","59075.895","0.9995295","920.2476","26.740267",""
"2025-07-24 16:28:41","0.47020847","11.799937","1.0851218","16.926804","22.633083","0.009210987","0.014711505","59077.902","0.9995295","920.2482","26.740042",""
"2025-07-24 16:28:42","0.4712497","11.799887","1.0875247","16.92623","22.632343","0.009210635","0.014711024","59079.906","0.9995295","920.24884","26.739817",""
"2025-07-24 16:28:43","0.46845782","11.79909","1.0810815","16.932047","22.640583","0.00921454","0.014716379","59059.605","0.9995296","920.24927","26.748812",""
"2025-07-24 16:28:44","0.4687916","11.799026","1.0818517","16.932014","22.640577","0.009214536","0.014716376","59059.72","0.9995296","920.24976","26.749325",""
"2025-07-24 16:28:45","0.44528323","11.798841","1.0276004","16.941908","22.653915","0.009220867","0.014725045","59025.23","0.9995296","920.2497","26.749641",""
"2025-07-24 16:28:46","0.44374588","11.798811","1.0240526","16.942667","22.654945","0.009221356","0.014725715","59022.59","0.9995296","920.2497","26.749863",""
"2025-07-24 16:28:47","0.44220856","11.798781","1.0205048","16.943424","22.655975","0.009221845","0.014726385","59019.95","0.9995296","920.2497","26.750082",""
"2025-07-24 16:28:48","0.43432197","11.7983885","1.0023046","16.929087","22.637032","0.009212846","0.014714071","59069.934","0.99952966","920.2323","26.741297",""
"2025-07-24 16:28:49","0.43323624","11.798361","0.99979895","16.928478","22.636234","0.009212467","0.014713552","59072.06","0.99952966","920.2312","26.740772",""
"2025-07-24 16:28:50","0.4321505","11.798332","0.99729335","16.92787","22.635437","0.009212088","0.014713033","59074.18","0.99952966","920.23016","26.740248",""
"2025-07-24 16:28:51","0.47534874","11.7978525","1.0969839","16.915106","22.618645","0.009204108","0.01470212","59118.76","0.99952966","920.2568","26.740196",""
"2025-07-24 16:28:52","0.47767314","11.797814","1.1023481","16.914","22.617188","0.009203416","0.014701173","59122.625","0.99952966","920.25793","26.739971",""
"2025-07-24 16:28:53","0.4647342","11.797802","1.0724883","16.92562","22.632734","0.009210799","0.014711277","59082.04","0.9995297","920.2587","26.74",""
"2025-07-24 16:28:54","0.46495113","11.79779","1.0729889","16.926031","22.633293","0.009211064","0.01471164","59080.598","0.9995297","920.2594","26.74",""
"2025-07-24 16:28:55","0.46516803","11.797778","1.0734894","16.926445","22.63385","0.00921133","0.014712003","59079.156","0.9995297","920.2601","26.74",""
"2025-07-24 16:28:56","0.478267","11.797311","1.1037185","16.910072","22.61223","0.009201057","0.014697949","59136.355","0.9995297","920.25977","26.74",""
"2025-07-24 16:28:57","0.47874144","11.797282","1.1048133","16.909365","22.6113","0.009200615","0.014697344","59138.832","0.9995297","920.25977","26.74",""
"2025-07-24 16:28:58","0.4792159","11.797254","1.1059082","16.908655","22.610367","0.0092001725","0.014696739","59141.312","0.9995297","920.25977","26.74",""
"2025-07-24 16:28:59","0.4617129","11.79765","1.0655159","16.88224","22.574818","0.009183296","0.014673632","59233.867","0.99952966","920.22424","26.74",""
"2025-07-24 16:29:00","0.46102113","11.797662","1.0639194","16.880259","22.57216","0.009182035","0.014671905","59240.805","0.99952966","920.22217","26.74",""
"2025-07-24 16:29:01","0.46474358","11.796907","1.0725098","16.899055","22.59773","0.009194167","0.014688525","59174.918","0.9995298","920.2296","26.74",""
"2025-07-24 16:29:02","0.464551","11.796871","1.0720654","16.899572","22.598442","0.009194505","0.014688988","59173.105","0.9995298","920.2292","26.74",""
"2025-07-24 16:29:03","0.46435842","11.796834","1.071621","16.90009","22.599155","0.0091948435","0.014689451","59171.293","0.9995298","920.2288","26.74",""
"2025-07-24 16:29:04","0.45578828","11.79625","1.0518432","16.896246","22.594353","0.009192558","0.01468633","59184.746","0.99952984","920.2294","26.74",""
"2025-07-24 16:29:05","0.455355","11.796196","1.0508432","16.896467","22.59468","0.009192713","0.014686543","59183.97","0.99952984","920.2296","26.74",""
"2025-07-24 16:29:06","0.4549217","11.796142","1.0498433","16.896688","22.595007","0.009192868","0.014686755","59183.195","0.99952984","920.2298","26.74",""
"2025-07-24 16:29:07","0.47664633","11.796235","1.0999782","16.902151","22.602259","0.009196309","0.014691468","59164.066","0.99952984","920.212","26.74",""
"2025-07-24 16:29:08","0.47770292","11.796226","1.1024165","16.902374","22.60256","0.009196453","0.014691665","59163.29","0.99952984","920.21094","26.74",""
"2025-07-24 16:29:09","0.49497217","11.796153","1.1422696","16.920055","22.62625","0.009207699","0.014707062","59101.47","0.9995299","920.21893","26.74",""
"2025-07-24 16:29:10","0.49653962","11.79615","1.1458869","16.921272","22.627878","0.009208473","0.014708121","59097.215","0.9995299","920.219","26.74",""
"2025-07-24 16:29:11","0.49810708","11.796147","1.1495042","16.92249","22.629507","0.009209246","0.014709179","59092.965","0.9995299","920.21906","26.74",""
"2025-07-24 16:29:12","0.475214","11.795514","1.0966727","16.930428","22.640486","0.009214453","0.014716315","59065.26","0.99952996","920.1933","26.731295",""
"2025-07-24 16:29:13","0.4742452","11.795474","1.0944368","16.931347","22.641739","0.0092150485","0.014717131","59062.047","0.99952996","920.19196","26.730764",""
"2025-07-24 16:29:14","0.47327635","11.795433","1.092201","16.932268","22.642994","0.009215644","0.014717946","59058.832","0.99952996","920.19055","26.730234",""
"2025-07-24 16:29:15","0.45882815","11.795432","1.0588584","16.924183","22.632183","0.009210511","0.014710919","59087.047","0.99952996","920.1903","26.7302",""
"2025-07-24 16:29:16","0.45740107","11.795416","1.055565","16.923923","22.631847","0.009210351","0.0147107","59087.953","0.99952996","920.18964","26.729973",""
"2025-07-24 16:29:17","0.48362353","11.794643","1.1160796","16.926155","22.635277","0.009211971","0.01471293","59080.164","0.9995301","920.2068","26.738527",""
"2025-07-24 16:29:18","0.48492643","11.794596","1.1190864","16.926115","22.635252","0.009211958","0.014712914","59080.305","0.9995301","920.2078","26.739058",""
"2025-07-24 16:29:19","0.48622933","11.794547","1.1220931","16.926075","22.635225","0.009211946","0.014712897","59080.44","0.9995301","920.20886","26.739588",""
"2025-07-24 16:29:20","0.4756735","11.79493","1.097733","16.91613","22.621704","0.00920553","0.014704108","59115.176","0.99952996","920.23505","26.739721",""
"2025-07-24 16:29:21","0.47571748","11.794934","1.0978346","16.915594","22.620987","0.009205189","0.014703642","59117.047","0.99952996","920.23706","26.73995",""
"2025-07-24 16:29:22","0.4757615","11.794937","1.097936","16.915058","22.620268","0.009204848","0.014703175","59118.918","0.99952996","920.2391","26.740177",""
"2025-07-24 16:29:23","0.44956008","11.794715","1.0374699","16.910475","22.614265","0.009201995","0.014699273","59134.945","0.99953","920.2037","26.748842",""
"2025-07-24 16:29:24","0.4477597","11.79471","1.0333151","16.909954","22.613571","0.009201665","0.014698822","59136.766","0.99953","920.2023","26.749367",""
"2025-07-24 16:29:25","0.44488013","11.793858","1.0266697","16.913372","22.618635","0.009204062","0.014702113","59124.816","0.9995301","920.2437","26.741127",""
"2025-07-24 16:29:26","0.44410163","11.793799","1.0248731","16.91348","22.618814","0.0092041455","0.01470223","59124.438","0.9995301","920.2455","26.740822",""
"2025-07-24 16:29:27","0.4433231","11.79374","1.0230765","16.91359","22.618994","0.00920423","0.014702346","59124.055","0.9995301","920.2472","26.740517",""
"2025-07-24 16:29:28","0.46766502","11.793096","1.0792512","16.920254","22.628279","0.009208633","0.014708381","59100.77","0.99953026","920.21375","26.731634",""
"2025-07-24 16:29:29","0.46905717","11.7930355","1.082464","16.920742","22.628967","0.0092089595","0.014708829","59099.062","0.99953026","920.21277","26.730888",""
"2025-07-24 16:29:30","0.47044933","11.792974","1.0856767","16.92123","22.629656","0.0092092855","0.014709276","59097.355","0.99953026","920.21185","26.730143",""
"2025-07-24 16:29:31","0.44529924","11.792985","1.0276368","16.915081","22.621426","0.009205378","0.014703928","59118.84","0.9995302","920.25494","26.739084",""
"2025-07-24 16:29:32","0.44439724","11.792968","1.0255551","16.914883","22.62117","0.009205256","0.014703761","59119.535","0.9995302","920.2567","26.739393",""
"2025-07-24 16:29:33","0.4702978","11.793124","1.085327","16.921011","22.629276","0.009209106","0.014709028","59098.12","0.9995302","920.2324","26.73115",""
"2025-07-24 16:29:34","0.4712887","11.793134","1.0876138","16.921244","22.62958","0.00920925","0.014709226","59097.312","0.9995302","920.232","26.730854",""
"2025-07-24 16:29:35","0.4722796","11.793143","1.0899005","16.921474","22.629883","0.009209394","0.014709424","59096.504","0.9995302","920.23157","26.730556",""
"2025-07-24 16:29:36","0.46388566","11.792519","1.0705293","16.90863","22.613068","0.009201405","0.014698494","59141.4","0.99953026","920.2392","26.738953",""
"2025-07-24 16:29:37","0.46403265","11.792484","1.0708686","16.908009","22.612257","0.009201019","0.014697967","59143.57","0.99953026","920.2391","26.739252",""
"2025-07-24 16:29:38","0.46417966","11.792451","1.0712078","16.907387","22.611444","0.0092006335","0.014697439","59145.742","0.99953026","920.2389","26.739552",""
"2025-07-24 16:29:39","0.44787496","11.792125","1.0335808","16.90805","22.61252","0.009201139","0.014698139","59143.42","0.99953026","920.2395","26.730942",""
"2025-07-24 16:29:40","0.44670394","11.792089","1.0308783","16.907766","22.61216","0.009200968","0.014697905","59144.418","0.99953026","920.2397","26.730642",""
"2025-07-24 16:29:41","0.4573135","11.792081","1.0553626","16.902916","22.60568","0.009197891","0.014693693","59161.387","0.99953026","920.2312","26.730358",""
"2025-07-24 16:29:42","0.45759737","11.792073","1.0560176","16.902637","22.60531","0.009197715","0.014693453","59162.367","0.99953026","920.23065","26.730133",""
"2025-07-24 16:29:43","0.45788124","11.792066","1.0566727","16.902357","22.60494","0.00919754","0.014693213","59163.344","0.99953026","920.2301","26.729908",""
"2025-07-24 16:29:44","0.45125887","11.791824","1.04139","16.892899","22.59243","0.009191595","0.014685079","59196.48","0.9995303","920.26465","26.738665",""
"2025-07-24 16:29:45","0.45112795","11.791809","1.0410879","16.892202","22.591509","0.009191157","0.014684482","59198.914","0.9995303","920.26654","26.73919",""
"2025-07-24 16:29:46","0.45099702","11.791794","1.0407858","16.891508","22.590588","0.0091907205","0.014683883","59201.348","0.9995303","920.26843","26.739714",""
"2025-07-24 16:29:47","0.4566175","11.792042","1.0537564","16.91476","22.62154","0.0092054205","0.014704002","59119.977","0.9995303","920.25116","26.730947",""
"2025-07-24 16:29:48","0.45678547","11.79205","1.054144","16.915895","22.623055","0.0092061395","0.0147049865","59116.004","0.9995303","920.25104","26.730648",""
"2025-07-24 16:29:49","0.44899875","11.791508","1.0361742","16.906641","22.61099","0.0092004035","0.014697144","59148.363","0.9995304","920.2674","26.721874",""
"2025-07-24 16:29:50","0.44865564","11.79148","1.0353823","16.906614","22.610971","0.009200394","0.014697132","59148.453","0.9995304","920.268","26.721125",""
"2025-07-24 16:29:51","0.4483125","11.791452","1.0345904","16.906588","22.610952","0.009200385","0.014697119","59148.543","0.9995304","920.2686","26.720375",""
"2025-07-24 16:29:52","0.4466657","11.790176","1.03079","16.9383","22.654102","0.009220861","0.014725166","59037.832","0.99953055","920.2431","26.720287",""
"2025-07-24 16:29:53","0.44636822","11.790085","1.0301033","16.939981","22.656406","0.009221954","0.014726664","59031.957","0.99953055","920.242","26.720062",""
"2025-07-24 16:29:54","0.4460707","11.789994","1.0294168","16.941666","22.658709","0.009223047","0.014728161","59026.082","0.99953055","920.24084","26.719837",""
"2025-07-24 16:29:55","0.45601708","11.790162","1.0523705","16.959915","22.683022","0.009234594","0.014743963","58962.58","0.99953055","920.2403","26.728834",""
"2025-07-24 16:29:56","0.4565621","11.790139","1.0536283","16.961805","22.685562","0.0092358","0.014745615","58955.992","0.99953055","920.2396","26.729359",""
"2025-07-24 16:29:57","0.48451638","11.789379","1.1181393","17.018864","22.762316","0.009272243","0.014795505","58758.47","0.9995307","920.24817","26.721178",""
"2025-07-24 16:29:58","0.4864622","11.789336","1.1226298","17.022785","22.767588","0.009274745","0.014798932","58744.883","0.9995307","920.24866","26.720884",""
"2025-07-24 16:29:59","0.48840803","11.789293","1.1271203","17.026709","22.772858","0.009277248","0.014802357","58731.297","0.9995307","920.2492","26.720589",""
"2025-07-24 16:30:00","0.47184584","11.789041","1.0888989","17.068634","22.82908","0.00930395","0.014838901","58587.105","0.99953073","920.2668","26.720297",""
"2025-07-24 16:30:01","0.47152314","11.789006","1.0881542","17.072605","22.834412","0.009306482","0.014842368","58573.414","0.99953073","920.26807","26.720076",""
"2025-07-24 16:30:02","0.47120044","11.788972","1.0874095","17.076576","22.839745","0.009309013","0.014845833","58559.723","0.99953073","920.26935","26.719852",""
"2025-07-24 16:30:03","0.46329358","11.788494","1.0691624","17.20493","23.011694","0.009390704","0.0149576","58123.395","0.9995309","920.2341","26.711206",""
"2025-07-24 16:30:04","0.46241158","11.78846","1.0671269","17.213606","23.023321","0.009396228","0.014965158","58093.85","0.9995309","920.2325","26.710688",""
"2025-07-24 16:30:05","0.47458115","11.788752","1.0952111","17.350445","23.20617","0.009483137","0.015084011","57636.49","0.9995309","920.26495","26.718817",""
"2025-07-24 16:30:06","0.47515827","11.788758","1.096543","17.361856","23.221426","0.009490388","0.015093928","57598.176","0.9995309","920.2662","26.719112",""
"2025-07-24 16:30:07","0.47573537","11.788765","1.0978748","17.373266","23.236685","0.00949764","0.015103846","57559.863","0.9995309","920.26733","26.71941",""
"2025-07-24 16:30:08","0.462743","11.788308","1.0678914","17.776785","23.776669","0.009754488","0.015454835","56258.523","0.99953115","920.28577","26.719692",""
"2025-07-24 16:30:09","0.46225005","11.788287","1.0667539","17.804844","23.81421","0.009772344","0.015479237","56167.645","0.9995312","920.2877","26.719915",""
"2025-07-24 16:30:10","0.46175712","11.788266","1.0656163","17.832903","23.851753","0.009790199","0.015503639","56076.766","0.9995312","920.2897","26.720137",""
"2025-07-24 16:30:11","0.48134607","11.787783","1.1108222","18.223022","24.373844","0.010038811","0.015842998","54881.418","0.99953145","920.263","26.702456",""
"2025-07-24 16:30:12","0.4821701","11.787743","1.1127237","18.256567","24.418736","0.01006018","0.015872177","54776.94","0.9995315","920.2619","26.701418",""
"2025-07-24 16:30:13","0.49365163","11.787262","1.1392198","19.03648","25.462208","0.010557794","0.016550435","52552.246","0.9995319","920.24396","26.709219",""
"2025-07-24 16:30:14","0.49482283","11.787221","1.1419226","19.093903","25.539042","0.010594427","0.016600376","52386.535","0.9995319","920.24225","26.709297",""
"2025-07-24 16:30:15","0.49599406","11.78718","1.1446254","19.151327","25.615875","0.010631058","0.016650317","52220.824","0.999532","920.24054","26.709377",""
"2025-07-24 16:30:16","0.44031644","11.786934","1.0161359","19.191742","25.670094","0.010656929","0.01668556","52109.523","0.99953204","920.24896","26.709698",""
"2025-07-24 16:30:17","0.43717885","11.786907","1.0088952","19.213585","25.699326","0.0106708715","0.016704561","52047.5","0.99953204","920.249","26.709923",""
"2025-07-24 16:30:18","0.43404126","11.7868805","1.0016544","19.235428","25.72856","0.010684813","0.016723564","51985.48","0.99953204","920.2491","26.710146",""
"2025-07-24 16:30:19","0.4567795","11.786007","1.0541277","20.279898","27.126211","0.011352777","0.017632037","49329.2","0.9995327","920.25836","26.701199",""
"2025-07-24 16:30:20","0.45670485","11.785948","1.0539554","20.343506","27.211332","0.011393455","0.017687365","49167.086","0.9995327","920.2591","26.700674",""
"2025-07-24 16:30:21","0.4475284","11.785996","1.0327783","20.841225","27.87704","0.011712052","0.018120077","47997.547","0.99953294","920.2594","26.708828",""
"2025-07-24 16:30:22","0.44750357","11.785978","1.0327209","20.896894","27.951515","0.011747672","0.018168485","47861.848","0.99953294","920.2596","26.70913",""
"2025-07-24 16:30:23","0.44747874","11.785961","1.0326636","20.952564","28.025991","0.011783292","0.018216893","47726.145","0.999533","920.2598","26.709429",""
"2025-07-24 16:30:24","0.47121674","11.785812","1.0874441","21.724539","29.058691","0.012278122","0.01888815","46044.35","0.9995335","920.2339","26.709688",""
"2025-07-24 16:30:25","0.47240785","11.785805","1.0901928","21.783308","29.137306","0.012315783","0.01893925","45914.31","0.9995335","920.23236","26.709913",""
"2025-07-24 16:30:26","0.47359896","11.785797","1.0929415","21.84208","29.215923","0.012353444","0.018990349","45784.26","0.99953353","920.2308","26.710138",""
"2025-07-24 16:30:27","0.43254936","11.784596","0.9982095","22.817087","30.521032","0.012979626","0.019838672","43843.41","0.9995341","920.204","26.701183",""
"2025-07-24 16:30:28","0.43067276","11.78452","0.9938787","22.895374","30.62581","0.01302988","0.019906778","43683.766","0.99953413","920.2017","26.700653",""
"2025-07-24 16:30:29","0.46524972","11.784708","1.0736728","23.480822","31.408777","0.013405926","0.020415705","42600.01","0.9995345","920.2345","26.70038",""
"2025-07-24 16:30:30","0.46638608","11.784691","1.0762951","23.539993","31.48794","0.013443931","0.02046716","42487.27","0.9995345","920.2359","26.700153",""
"2025-07-24 16:30:31","0.46752247","11.784674","1.0789176","23.599165","31.567102","0.0134819355","0.020518616","42374.523","0.99953455","920.2373","26.699926",""
"2025-07-24 16:30:32","0.4348807","11.784229","1.0035887","24.398335","32.636475","0.013995985","0.021213708","40996.777","0.99953496","920.2384","26.708637",""
"2025-07-24 16:30:33","0.43374115","11.784206","1.0009589","24.461592","32.721107","0.01403666","0.021268722","40885.96","0.99953496","920.2393","26.709167",""
"2025-07-24 16:30:34","0.4326016","11.784184","0.9983291","24.524849","32.805744","0.0140773365","0.021323733","40775.145","0.999535","920.24023","26.709698",""
"2025-07-24 16:30:35","0.45007655","11.78393","1.0386561","25.39385","33.968388","0.014636723","0.022079453","39390.06","0.9995355","920.21344","26.701014",""
"2025-07-24 16:30:36","0.45026734","11.783903","1.0390964","25.466267","34.065277","0.014683329","0.022142433","39271.84","0.9995355","920.2119","26.700722",""
"2025-07-24 16:30:37","0.4444864","11.783512","1.025755","26.035406","34.826942","0.015050016","0.022637513","38416.96","0.9995359","920.2362","26.70039",""
"2025-07-24 16:30:38","0.44454557","11.783483","1.0258915","26.091097","34.901463","0.015085884","0.02268595","38331.45","0.9995359","920.2372","26.700167",""
"2025-07-24 16:30:39","0.44460472","11.783452","1.026028","26.146786","34.975983","0.015121753","0.022734389","38245.938","0.999536","920.2381","26.699945",""
"2025-07-24 16:30:40","0.4684656","11.783059","1.0810925","26.361103","35.263027","0.015259989","0.02292097","37936.207","0.9995361","920.23016","26.7",""
"2025-07-24 16:30:41","0.46974862","11.783026","1.0840533","26.388115","35.29919","0.015277402","0.022944475","37896.418","0.99953616","920.23035","26.7",""
"2025-07-24 16:30:42","0.4710316","11.782992","1.0870141","26.415125","35.335354","0.015294814","0.022967981","37856.633","0.99953616","920.2305","26.7",""
"2025-07-24 16:30:43","0.46305442","11.782992","1.0686046","26.742397","35.773144","0.015505707","0.023252543","37394.883","0.99953634","920.24756","26.7",""
"2025-07-24 16:30:44","0.46316817","11.782983","1.0688671","26.767868","35.807224","0.015522123","0.023274696","37358.715","0.99953634","920.2484","26.7",""
"2025-07-24 16:30:45","0.45328844","11.782827","1.0460672","26.983118","36.095306","0.015660923","0.02346195","37061.18","0.99953645","920.23206","26.691565",""
"2025-07-24 16:30:46","0.4524691","11.782818","1.0441766","27.004395","36.123775","0.01567464","0.023480454","37031.527","0.99953645","920.23145","26.69104",""
"2025-07-24 16:30:47","0.4516498","11.782808","1.0422858","27.025671","36.15225","0.015688356","0.02349896","37001.875","0.99953645","920.23083","26.690516",""
"2025-07-24 16:30:48","0.4642597","11.78217","1.0713859","26.999039","36.117207","0.01567146","0.023476185","37038.434","0.9995366","920.2303","26.707468",""
"2025-07-24 16:30:49","0.46477404","11.782127","1.0725727","27.002748","36.122208","0.015673868","0.023479436","37033.293","0.9995366","920.22986","26.70828",""
"2025-07-24 16:30:50","0.46528837","11.782084","1.0737596","27.006456","36.12721","0.015676277","0.023482686","37028.152","0.9995366","920.22943","26.709093",""
"2025-07-24 16:30:51","0.4837904","11.781448","1.1164573","26.999622","36.118652","0.015672136","0.023477126","37037.56","0.99953663","920.21216","26.700731",""
"2025-07-24 16:30:52","0.4852066","11.781395","1.1197257","26.998693","36.11746","0.01567156","0.02347635","37038.832","0.99953663","920.2111","26.700651",""
"2025-07-24 16:30:53","0.48030686","11.780911","1.1084183","26.96228","36.069195","0.015648296","0.023444977","37088.863","0.99953663","920.25275","26.700388",""
"2025-07-24 16:30:54","0.48042005","11.780867","1.1086794","26.959927","36.06609","0.015646799","0.023442958","37092.098","0.99953663","920.25494","26.700163",""
"2025-07-24 16:30:55","0.4805332","11.780822","1.1089406","26.957573","36.06298","0.015645301","0.023440938","37095.332","0.99953663","920.25714","26.699938",""
"2025-07-24 16:30:56","0.44917363","11.780582","1.0365714","26.824007","35.88452","0.015559312","0.023324938","37280.215","0.9995366","920.2325","26.69146",""
"2025-07-24 16:30:57","0.44715238","11.780556","1.0319068","26.815048","35.87256","0.015553549","0.023317166","37292.61","0.9995366","920.23206","26.690947",""
"2025-07-24 16:30:58","0.44513112","11.78053","1.0272424","26.806087","35.8606","0.015547786","0.023309391","37305","0.9995366","920.2316","26.690432",""
"2025-07-24 16:30:59","0.44221726","11.78029","1.020518","26.58272","35.561996","0.015403933","0.023115298","37618.895","0.9995365","920.23047","26.69907",""
"2025-07-24 16:31:00","0.44127238","11.78027","1.0183374","26.565857","35.539455","0.015393073","0.023100646","37642.523","0.9995365","920.2298","26.699385",""
"2025-07-24 16:31:01","0.47401893","11.779727","1.0939076","26.299809","35.18403","0.015221869","0.022869619","38024.156","0.9995364","920.2465","26.699625",""
"2025-07-24 16:31:02","0.4760079","11.779688","1.0984977","26.27795","35.154823","0.0152078","0.022850635","38055.36","0.9995364","920.2476","26.699854",""
"2025-07-24 16:31:03","0.47799692","11.779649","1.1030878","26.256092","35.125618","0.0151937315","0.02283165","38086.56","0.9995364","920.24866","26.700085",""
"2025-07-24 16:31:04","0.4456143","11.779481","1.0283575","26.18265","35.027515","0.015146485","0.022767885","38193.51","0.9995364","920.20624","26.691435",""
"2025-07-24 16:31:05","0.44448298","11.779457","1.0257466","26.171558","35.0127","0.015139348","0.022758255","38209.523","0.9995364","920.2041","26.690918",""
"2025-07-24 16:31:06","0.44335163","11.779433","1.0231358","26.160465","34.99788","0.015132211","0.022748623","38225.53","0.9995364","920.20197","26.6904",""
"2025-07-24 16:31:07","0.4577865","11.77976","1.0564477","26.029179","34.82195","0.0150475","0.02263427","38418.6","0.99953634","920.21857","26.699041",""
"2025-07-24 16:31:08","0.4578607","11.779776","1.056619","26.019299","34.80872","0.015041128","0.022625668","38433.098","0.99953634","920.2185","26.69935",""
"2025-07-24 16:31:09","0.48672715","11.779408","1.123235","25.822758","34.54611","0.014914683","0.022454971","38726.12","0.9995363","920.21893","26.69961",""
"2025-07-24 16:31:10","0.48888743","11.779393","1.1282203","25.80743","34.525616","0.014904816","0.022441652","38748.906","0.9995363","920.2194","26.699837",""
"2025-07-24 16:31:11","0.49104768","11.779379","1.1332057","25.792103","34.505123","0.014894949","0.022428332","38771.69","0.9995363","920.21985","26.700064",""
"2025-07-24 16:31:12","0.4613753","11.778734","1.0647298","25.5365","34.16374","0.014730601","0.022206431","39160.555","0.99953616","920.2283","26.7",""
"2025-07-24 16:31:13","0.46025655","11.778686","1.062148","25.515968","34.13631","0.014717397","0.022188604","39191.65","0.99953616","920.2288","26.7",""
"2025-07-24 16:31:14","0.4591378","11.778637","1.0595663","25.495436","34.108887","0.014704193","0.022170777","39222.742","0.99953616","920.2294","26.7",""
"2025-07-24 16:31:15","0.46250236","11.778635","1.067331","25.260534","33.79463","0.014552953","0.02196651","39588.234","0.99953604","920.2119","26.691233",""
"2025-07-24 16:31:16","0.46194524","11.778619","1.0660453","25.239859","33.766983","0.014539646","0.021948539","39620.176","0.99953604","920.2111","26.690708",""
"2025-07-24 16:31:17","0.4767688","11.77801","1.1002542","24.933386","33.357487","0.014342613","0.021682367","40108.54","0.9995359","920.22723","26.698784",""
"2025-07-24 16:31:18","0.47778338","11.777972","1.1025956","24.90893","33.3248","0.014326885","0.02166112","40147.3","0.9995359","920.22784","26.699078",""
"2025-07-24 16:31:19","0.47879797","11.777935","1.104937","24.884474","33.292114","0.014311157","0.021639874","40186.062","0.9995359","920.2284","26.699371",""
"2025-07-24 16:31:20","0.45028475","11.778153","1.0391364","24.55661","32.85329","0.014100095","0.02135464","40724.094","0.99953574","920.2376","26.691067",""
"2025-07-24 16:31:21","0.44889158","11.7781515","1.0359213","24.528976","32.816322","0.014082312","0.02133061","40769.09","0.9995357","920.2386","26.690758",""
"2025-07-24 16:31:22","0.44749838","11.77815","1.0327063","24.501343","32.779354","0.014064529","0.02130658","40814.09","0.9995357","920.23956","26.69045",""
"2025-07-24 16:31:23","0.45318857","11.777355","1.0458376","24.199436","32.376102","0.013870625","0.021044469","41324.812","0.99953556","920.23944","26.690243",""
"2025-07-24 16:31:24","0.4527926","11.777314","1.044924","24.172989","32.34075","0.013853625","0.02102149","41369.117","0.99953556","920.2397","26.690016",""
"2025-07-24 16:31:25","0.45750952","11.7772045","1.0558094","23.865692","31.92971","0.013656055","0.020754313","41903.25","0.99953544","920.2566","26.69",""
"2025-07-24 16:31:26","0.4579517","11.777179","1.0568298","23.83945","31.894623","0.013639187","0.020731505","41948.54","0.99953544","920.2577","26.69",""
"2025-07-24 16:31:27","0.45839387","11.777154","1.0578502","23.81321","31.859535","0.01362232","0.020708699","41993.83","0.99953544","920.2587","26.69",""
"2025-07-24 16:31:28","0.4657842","11.776462","1.0749052","23.684847","31.688362","0.013540056","0.020597436","42221.746","0.99953544","920.2419","26.698584",""
"2025-07-24 16:31:29","0.46635285","11.776417","1.0762175","23.6694","31.66773","0.01353014","0.020584024","42248.902","0.99953544","920.24133","26.699108",""
"2025-07-24 16:31:30","0.4669215","11.776373","1.0775298","23.653952","31.6471","0.013520224","0.020570615","42276.06","0.99953544","920.2407","26.699633",""
"2025-07-24 16:31:31","0.4529156","11.77597","1.045208","23.316774","31.196302","0.013303657","0.020277597","42889.086","0.9995353","920.1964","26.690996",""
"2025-07-24 16:31:32","0.45226672","11.7759285","1.0437106","23.293175","31.164762","0.013288504","0.020257097","42931.84","0.9995353","920.19336","26.690697",""
"2025-07-24 16:31:33","0.43791252","11.775136","1.010585","23.050137","30.840218","0.0131326355","0.020046141","43385.53","0.9995353","920.2169","26.681993",""
"2025-07-24 16:31:34","0.43668795","11.775078","1.0077589","23.02704","30.809362","0.013117815","0.020026086","43428.254","0.9995353","920.21735","26.681244",""
"2025-07-24 16:31:35","0.43546334","11.775019","1.0049329","23.003944","30.778505","0.013102995","0.020006029","43470.977","0.9995353","920.21783","26.680496",""
"2025-07-24 16:31:36","0.4710514","11.774929","1.0870606","22.91614","30.661097","0.013046625","0.019929715","43637.777","0.99953526","920.2016","26.697481",""
"2025-07-24 16:31:37","0.47287396","11.774903","1.0912666","22.904867","30.646036","0.013039392","0.019919924","43659.004","0.99953526","920.20123","26.698305",""
"2025-07-24 16:31:38","0.47469652","11.7748785","1.0954726","22.893597","30.630974","0.01303216","0.019910134","43680.234","0.99953526","920.2008","26.699131",""
"2025-07-24 16:31:39","0.4921125","11.774021","1.1356641","22.524755","30.138132","0.012795601","0.019589785","44397.47","0.99953514","920.209","26.699503",""
"2025-07-24 16:31:40","0.49405256","11.773968","1.1401414","22.500328","30.105492","0.012779933","0.01956857","44444.855","0.99953514","920.20905","26.699951",""
"2025-07-24 16:31:41","0.49599263","11.773913","1.1446185","22.475903","30.072851","0.012764266","0.019547353","44492.246","0.99953514","920.2091","26.700401",""
"2025-07-24 16:31:42","0.48315534","11.774471","1.1149937","22.329996","29.877205","0.012670406","0.019420184","44783.508","0.99953496","920.21844","26.691076",""
"2025-07-24 16:31:43","0.48287618","11.774482","1.1143495","22.31184","29.852905","0.012658746","0.01940439","44819.242","0.99953496","920.21924","26.690552",""
"2025-07-24 16:31:44","0.46559173","11.773888","1.0744616","22.028532","29.474287","0.012477141","0.019158287","45397.293","0.9995349","920.2109","26.698872",""
"2025-07-24 16:31:45","0.4642628","11.773865","1.0713948","22.007729","29.44647","0.012463798","0.019140206","45439.57","0.9995349","920.2106","26.699165",""
"2025-07-24 16:31:46","0.46293387","11.773842","1.068328","21.986925","29.418653","0.012450455","0.019122124","45481.848","0.9995349","920.21027","26.69946",""
"2025-07-24 16:31:47","0.46054813","11.77343","1.0628223","21.73601","29.083233","0.012289635","0.018904101","46008.152","0.99953485","920.21875","26.691004",""
"2025-07-24 16:31:48","0.45997456","11.773391","1.0614986","21.713806","29.053555","0.012275404","0.018884812","46054.305","0.99953485","920.219","26.690702",""
"2025-07-24 16:31:49","0.45940095","11.773351","1.060175","21.691605","29.023878","0.012261174","0.01886552","46100.46","0.99953485","920.2193","26.690401",""
"2025-07-24 16:31:50","0.4643018","11.772781","1.0714848","21.534555","28.814161","0.012160652","0.018729204","46437.598","0.9995348","920.24634","26.681236",""
"2025-07-24 16:31:51","0.4645151","11.7727375","1.071977","21.518593","28.792835","0.012150428","0.018715343","46471.523","0.9995348","920.24817","26.680481",""
"2025-07-24 16:31:52","0.45515266","11.772876","1.0503712","21.479677","28.740664","0.012125431","0.018681431","46555.797","0.9995347","920.23157","26.688889",""
"2025-07-24 16:31:53","0.45468843","11.772871","1.0492998","21.473335","28.73218","0.0121213645","0.018675916","46569.44","0.9995347","920.2312","26.689186",""
"2025-07-24 16:31:54","0.45422423","11.772865","1.0482286","21.466991","28.723696","0.012117299","0.018670402","46583.09","0.9995347","920.23083","26.689482",""
"2025-07-24 16:31:55","0.4724384","11.772643","1.090262","21.187628","28.35006","0.011938294","0.01842754","47198.605","0.9995346","920.23895","26.689747",""
"2025-07-24 16:31:56","0.47329506","11.772633","1.0922391","21.1698","28.32621","0.011926869","0.018412039","47237.848","0.9995346","920.239","26.689972",""
"2025-07-24 16:31:57","0.47415176","11.772622","1.0942161","21.15197","28.302362","0.0119154425","0.018396536","47277.086","0.9995346","920.2391","26.690197",""
"2025-07-24 16:31:58","0.475298","11.772057","1.0968615","20.932213","28.008718","0.0117748175","0.018205667","47774.402","0.99953455","920.2395","26.69",""
"2025-07-24 16:31:59","0.4758231","11.7720175","1.0980732","20.912142","27.98189","0.011761968","0.018188229","47819.383","0.99953455","920.23975","26.69",""
"2025-07-24 16:32:00","0.48001137","11.771617","1.1077389","20.763483","27.783258","0.0116668735","0.018059118","48162.35","0.99953455","920.23114","26.69",""
"2025-07-24 16:32:01","0.48029378","11.77158","1.1083906","20.74918","27.764145","0.011657721","0.018046694","48195.12","0.99953455","920.2306","26.69",""
"2025-07-24 16:32:02","0.4805762","11.771542","1.1090422","20.734875","27.745031","0.011648569","0.01803427","48227.89","0.99953455","920.2301","26.69",""
"2025-07-24 16:32:03","0.46751958","11.771061","1.078911","20.566757","27.520412","0.011541065","0.01788827","48622.855","0.9995345","920.20374","26.69",""
"2025-07-24 16:32:04","0.46683744","11.771022","1.0773368","20.55281","27.501781","0.011532147","0.01787616","48655.457","0.9995345","920.2019","26.69",""
"2025-07-24 16:32:05","0.46615532","11.770983","1.0757626","20.538866","27.483149","0.011523229","0.017864048","48688.055","0.9995345","920.2001","26.69",""
"2025-07-24 16:32:06","0.46662018","11.770821","1.0768354","20.4113","27.312569","0.011441614","0.017753169","48992.883","0.9995344","920.26263","26.69",""
"2025-07-24 16:32:07","0.4663145","11.770798","1.07613","20.399254","27.296463","0.011433907","0.0177427","49021.477","0.9995344","920.2656","26.69",""
"2025-07-24 16:32:08","0.4720278","11.7704115","1.0893149","20.254969","27.10366","0.011341679","0.01761738","49371.25","0.9995344","920.2417","26.69",""
"2025-07-24 16:32:09","0.47238684","11.770384","1.0901434","20.242981","27.087639","0.011334015","0.017606966","49400.195","0.9995344","920.2417","26.69",""
"2025-07-24 16:32:10","0.47274584","11.770355","1.090972","20.230993","27.071617","0.01132635","0.01759655","49429.14","0.9995344","920.2417","26.69",""
"2025-07-24 16:32:11","0.45923755","11.770199","1.0597985","20.128263","26.93426","0.011260664","0.017507268","49681.76","0.99953437","920.2405","26.69",""
"2025-07-24 16:32:12","0.45856905","11.770179","1.0582558","20.1184","26.921076","0.011254358","0.017498698","49705.883","0.99953437","920.2398","26.69",""
"2025-07-24 16:32:13","0.45790058","11.77016","1.0567131","20.10854","26.907892","0.011248053","0.01749013","49730","0.99953437","920.23914","26.69",""
"2025-07-24 16:32:14","0.46997377","11.769923","1.0845747","20.01921","26.78852","0.011190978","0.01741254","49952.227","0.99953437","920.2219","26.681099",""
"2025-07-24 16:32:15","0.47034603","11.769905","1.0854337","20.01116","26.777761","0.011185832","0.017405545","49972.168","0.99953437","920.2209","26.680574",""
"2025-07-24 16:32:16","0.45814","11.769671","1.0572655","19.90211","26.631994","0.011116149","0.017310796","50246.324","0.9995343","920.2374","26.680342",""
"2025-07-24 16:32:17","0.4576831","11.769651","1.0562111","19.893263","26.620173","0.011110497","0.017303111","50268.496","0.9995343","920.238","26.680117",""
"2025-07-24 16:32:18","0.45722616","11.769631","1.0551567","19.884418","26.608349","0.0111048445","0.017295428","50290.67","0.9995343","920.2386","26.679893",""
"2025-07-24 16:32:19","0.47891527","11.76899","1.1052095","19.779549","26.46845","0.011037978","0.017204493","50557.61","0.99953437","920.2304","26.68",""
"2025-07-24 16:32:20","0.4799267","11.768945","1.1075435","19.77046","26.45632","0.01103218","0.017196607","50580.66","0.99953437","920.2303","26.68",""
"2025-07-24 16:32:21","0.4809381","11.7689","1.1098776","19.761372","26.444187","0.011026381","0.017188722","50603.707","0.99953437","920.2302","26.68",""
"2025-07-24 16:32:22","0.451581","11.768665","1.0421292","19.631784","26.270935","0.010943596","0.017076109","50938.188","0.9995343","920.22986","26.68",""
"2025-07-24 16:32:23","0.45040622","11.768635","1.0394181","19.62133","26.256966","0.0109369205","0.01706703","50965.07","0.9995343","920.2296","26.68",""
"2025-07-24 16:32:24","0.45992267","11.768554","1.0613797","19.55546","26.168875","0.010894836","0.01700977","51136.883","0.99953425","920.24677","26.688549",""
"2025-07-24 16:32:25","0.45981374","11.768543","1.0611283","19.548273","26.159266","0.010890245","0.017003525","51155.535","0.99953425","920.24786","26.689074",""
"2025-07-24 16:32:26","0.4597048","11.768533","1.0608768","19.541088","26.149658","0.010885655","0.01699728","51174.188","0.99953425","920.2489","26.689598",""
"2025-07-24 16:32:27","0.46551052","11.768057","1.0742749","19.418818","25.986351","0.010807658","0.01689113","51496.84","0.99953425","920.2579","26.689732",""
"2025-07-24 16:32:28","0.4660993","11.768026","1.0756336","19.409822","25.974335","0.010801919","0.01688332","51520.52","0.99953425","920.25885","26.689957",""
"2025-07-24 16:32:29","0.46668804","11.767996","1.0769924","19.40083","25.962318","0.010796179","0.01687551","51544.2","0.99953425","920.2598","26.69018",""
"2025-07-24 16:32:30","0.45465267","11.767513","1.0492177","19.272379","25.790745","0.010714251","0.016763983","51888.18","0.99953425","920.17957","26.681124",""
"2025-07-24 16:32:31","0.4540869","11.767472","1.0479121","19.261631","25.77639","0.010707395","0.016754651","51916.836","0.99953425","920.1751","26.6806",""
"2025-07-24 16:32:32","0.4613627","11.767225","1.0647027","19.260662","25.775253","0.010706851","0.016753914","51919.39","0.9995343","920.21545","26.688871",""
"2025-07-24 16:32:33","0.4615313","11.767199","1.0650918","19.257553","25.771112","0.010704873","0.016751222","51927.707","0.9995343","920.21606","26.68917",""
"2025-07-24 16:32:34","0.4616999","11.767172","1.065481","19.254446","25.766972","0.010702896","0.01674853","51936.027","0.9995343","920.2167","26.68947",""
"2025-07-24 16:32:35","0.45885462","11.766706","1.0589145","19.338346","25.879559","0.010756641","0.016821714","51710.863","0.9995344","920.2184","26.681",""
"2025-07-24 16:32:36","0.45886555","11.766672","1.0589398","19.343414","25.886362","0.010759889","0.016826136","51697.26","0.9995344","920.21954","26.680695",""
"2025-07-24 16:32:37","0.45887652","11.766638","1.0589651","19.348482","25.893167","0.010763137","0.01683056","51683.664","0.9995344","920.22064","26.680387",""
"2025-07-24 16:32:38","0.45456445","11.766474","1.0490142","19.153252","25.632008","0.010638464","0.016660804","52211.08","0.9995343","920.23737","26.68904",""
"2025-07-24 16:32:39","0.4542404","11.766451","1.0482664","19.143953","25.619577","0.010632531","0.016652726","52236.234","0.9995343","920.2384","26.689331",""
"2025-07-24 16:32:40","0.44592887","11.76637","1.0290858","18.985256","25.40725","0.010531206","0.016514713","52673.59","0.9995342","920.2219","26.689651",""
"2025-07-24 16:32:41","0.4453168","11.76636","1.0276732","18.970919","25.38807","0.010522052","0.016502244","52712.855","0.9995342","920.2213","26.689875",""
"2025-07-24 16:32:42","0.44470468","11.766352","1.0262606","18.956583","25.368889","0.010512898","0.016489778","52752.12","0.9995342","920.2207","26.690096",""
"2025-07-24 16:32:43","0.46860388","11.766352","1.0814136","18.868353","25.250816","0.0104565695","0.016413031","52999.2","0.99953413","920.2811","26.69",""
"2025-07-24 16:32:44","0.46982783","11.76635","1.0842382","18.85901","25.238316","0.010450604","0.016404904","53025.188","0.99953413","920.28436","26.69",""
"2025-07-24 16:32:45","0.4710518","11.766348","1.0870628","18.849669","25.225815","0.010444639","0.016396778","53051.17","0.99953413","920.28754","26.69",""
"2025-07-24 16:32:46","0.46750885","11.765218","1.0788864","18.77707","25.129385","0.01039863","0.0163341","53256.63","0.9995343","920.19946","26.67223",""
"2025-07-24 16:32:47","0.46789762","11.765151","1.0797836","18.770336","25.120415","0.010394351","0.01632827","53275.6","0.9995343","920.1958","26.67118",""
"2025-07-24 16:32:48","0.4770862","11.764656","1.1009884","18.596533","24.888128","0.010283586","0.016177284","53774.49","0.99953425","920.2441","26.679178",""
"2025-07-24 16:32:49","0.47755545","11.7646","1.1020713","18.5842","24.871658","0.010275732","0.016166579","53809.812","0.99953425","920.2449","26.679241",""
"2025-07-24 16:32:50","0.4780247","11.764543","1.1031542","18.571867","24.855188","0.010267878","0.016155874","53845.137","0.99953425","920.2457","26.679304",""
"2025-07-24 16:32:51","0.45697773","11.763838","1.0545834","18.51795","24.783476","0.010233684","0.016109262","54001.992","0.9995343","920.22186","26.671",""
"2025-07-24 16:32:52","0.45592153","11.763783","1.052146","18.51042","24.773434","0.010228896","0.016102733","54023.734","0.9995343","920.22156","26.670689",""
"2025-07-24 16:32:53","0.45486534","11.763728","1.0497086","18.50289","24.76339","0.010224108","0.016096206","54045.477","0.9995343","920.2213","26.670378",""
"2025-07-24 16:32:54","0.4665409","11.763495","1.0766526","18.439257","24.678377","0.010183585","0.016040947","54232.24","0.9995343","920.2291","26.679083",""
"2025-07-24 16:32:55","0.46669567","11.763463","1.0770098","18.433992","24.67135","0.010180236","0.016036378","54247.652","0.9995343","920.229","26.679386",""
"2025-07-24 16:32:56","0.47440472","11.762679","1.0948002","18.379972","24.599545","0.010146009","0.015989704","54407.195","0.99953437","920.21234","26.671135",""
"2025-07-24 16:32:57","0.47515845","11.762625","1.0965396","18.375048","24.592987","0.010142883","0.015985442","54421.703","0.99953437","920.2115","26.670837",""
"2025-07-24 16:32:58","0.47591215","11.762571","1.098279","18.370125","24.586432","0.010139758","0.01598118","54436.215","0.99953437","920.2107","26.67054",""
"2025-07-24 16:32:59","0.45766717","11.76256","1.0561745","18.321308","24.521103","0.010108629","0.015938716","54581.355","0.9995343","920.1929","26.670273",""
"2025-07-24 16:33:00","0.45676124","11.76254","1.0540838","18.316986","24.515331","0.01010588","0.015934967","54594.176","0.9995343","920.19135","26.670048",""
"2025-07-24 16:33:01","0.45585528","11.762519","1.0519931","18.312664","24.509562","0.01010313","0.015931215","54607","0.9995343","920.1899","26.669823",""
"2025-07-24 16:33:02","0.47672063","11.762218","1.1001447","18.27787","24.46318","0.010081027","0.015901066","54711.02","0.99953437","920.2166","26.67",""
"2025-07-24 16:33:03","0.47748876","11.762199","1.1019174","18.274523","24.458712","0.010078898","0.015898162","54721.004","0.99953437","920.2177","26.67",""
"2025-07-24 16:33:04","0.4406192","11.761885","1.0168322","18.258532","24.437506","0.01006879","0.015884379","54768.94","0.9995344","920.2271","26.67",""
"2025-07-24 16:33:05","0.4388284","11.761858","1.0126995","18.256714","24.43509","0.010067639","0.015882809","54774.383","0.9995344","920.2283","26.67",""
"2025-07-24 16:33:06","0.4370376","11.761831","1.0085667","18.254896","24.432674","0.010066487","0.015881237","54779.824","0.9995344","920.2295","26.67",""
"2025-07-24 16:33:07","0.43813336","11.761263","1.0110954","18.168604","24.317532","0.010011634","0.015806396","55040.2","0.9995344","920.22943","26.67",""
"2025-07-24 16:33:08","0.43726212","11.76122","1.0090848","18.162956","24.309998","0.010008045","0.015801499","55057.234","0.9995344","920.2296","26.67",""
"2025-07-24 16:33:09","0.4363909","11.761178","1.0070742","18.157307","24.302464","0.010004455","0.015796602","55074.27","0.9995344","920.22986","26.67",""
"2025-07-24 16:33:10","0.45490852","11.761101","1.0498081","18.111895","24.24173","0.00997553","0.015757125","55212.438","0.99953437","920.212","26.67",""
"2025-07-24 16:33:11","0.4560095","11.761081","1.052349","18.10696","24.235138","0.009972391","0.01575284","55227.39","0.99953437","920.21094","26.67",""
"2025-07-24 16:33:12","0.46476847","11.760544","1.0725622","18.060442","24.173206","0.009942891","0.015712585","55369.74","0.9995344","920.21893","26.67",""
"2025-07-24 16:33:13","0.46572268","11.7605095","1.0747644","18.056505","24.167961","0.009940391","0.015709175","55381.766","0.9995344","920.219","26.67",""
"2025-07-24 16:33:14","0.46667692","11.760474","1.0769664","18.052568","24.162714","0.009937893","0.015705764","55393.79","0.9995344","920.21906","26.67",""
"2025-07-24 16:33:15","0.46052992","11.760312","1.0627807","18.01265","24.109383","0.009912498","0.015671099","55516.62","0.9995344","920.2453","26.661362",""
"2025-07-24 16:33:16","0.46037775","11.760289","1.0624297","18.009089","24.104631","0.009910236","0.01566801","55527.555","0.9995344","920.2471","26.660843",""
"2025-07-24 16:33:17","0.4602256","11.760265","1.0620785","18.00553","24.099882","0.009907973","0.015664922","55538.49","0.9995344","920.24884","26.660324",""
"2025-07-24 16:33:18","0.48533028","11.759851","1.1200134","17.971596","24.054718","0.009886469","0.015635565","55643.402","0.9995344","920.25806","26.660212",""
"2025-07-24 16:33:19","0.48669767","11.759823","1.123169","17.968523","24.050621","0.009884518","0.015632903","55652.89","0.9995344","920.2592","26.659988",""
"2025-07-24 16:33:20","0.45457354","11.759508","1.049035","17.944239","24.01831","0.009869129","0.015611902","55728.23","0.9995345","920.2848","26.668476",""
"2025-07-24 16:33:21","0.45322466","11.7594795","1.0459222","17.941917","24.015223","0.009867659","0.015609894","55735.42","0.9995345","920.28656","26.668995",""
"2025-07-24 16:33:22","0.45187578","11.75945","1.0428092","17.939596","24.012135","0.009866189","0.015607887","55742.61","0.9995345","920.2883","26.669514",""
"2025-07-24 16:33:23","0.43538183","11.759289","1.0047457","17.90023","23.95954","0.009841153","0.015573701","55865.26","0.9995345","920.2714","26.661009",""
"2025-07-24 16:33:24","0.4335847","11.759271","1.0005983","17.89722","23.955523","0.00983924","0.015571089","55874.63","0.9995345","920.27106","26.6607",""
"2025-07-24 16:33:25","0.43178755","11.7592535","0.99645096","17.89421","23.951504","0.0098373275","0.015568479","55883.996","0.9995345","920.2706","26.660393",""
"2025-07-24 16:33:26","0.47471023","11.759339","1.0955052","17.865509","23.913034","0.009819018","0.015543473","55973.81","0.9995344","920.2524","26.651339",""
"2025-07-24 16:33:27","0.47681695","11.759339","1.100367","17.86277","23.909367","0.0098172715","0.015541089","55982.367","0.9995344","920.25085","26.650587",""
"2025-07-24 16:33:28","0.48211968","11.759115","1.1126043","17.826319","23.860714","0.009794113","0.015509465","56096.89","0.9995344","920.2419","26.650354",""
"2025-07-24 16:33:29","0.4834403","11.759104","1.1156518","17.823381","23.856789","0.009792245","0.015506913","56106.11","0.9995344","920.2409","26.65013",""
"2025-07-24 16:33:30","0.4847609","11.759091","1.1186996","17.820444","23.852865","0.009790377","0.015504362","56115.332","0.9995344","920.2399","26.649906",""
"2025-07-24 16:33:31","0.44692117","11.758929","1.0313754","17.739412","23.744501","0.00973881","0.015433925","56371.887","0.9995344","920.2314","26.65",""
"2025-07-24 16:33:32","0.44479537","11.758914","1.0264696","17.733662","23.736814","0.009735152","0.015428929","56390.07","0.9995344","920.23065","26.65",""
"2025-07-24 16:33:33","0.44266957","11.758899","1.0215639","17.727911","23.729126","0.009731494","0.015423931","56408.254","0.9995344","920.22986","26.65",""
"2025-07-24 16:33:34","0.4515188","11.758339","1.0419854","17.692322","23.681828","0.009708983","0.015393189","56521.785","0.9995345","920.29193","26.658855",""
"2025-07-24 16:33:35","0.45113164","11.758302","1.0410919","17.688166","23.676289","0.009706347","0.015389589","56534.992","0.9995345","920.2955","26.659386",""
"2025-07-24 16:33:36","0.46575397","11.758051","1.0748364","17.658798","23.63713","0.009687714","0.015364135","56629.043","0.9995345","920.2547","26.659649",""
"2025-07-24 16:33:37","0.46689326","11.758022","1.0774655","17.656143","23.633595","0.009686032","0.015361836","56637.535","0.9995345","920.2536","26.659876",""
"2025-07-24 16:33:38","0.4680325","11.757993","1.0800947","17.653488","23.630058","0.009684349","0.015359538","56646.027","0.9995345","920.25256","26.660105",""
"2025-07-24 16:33:39","0.47433248","11.757215","1.0946332","17.619219","23.584654","0.009662745","0.015330026","56756.254","0.99953455","920.26843","26.66",""
"2025-07-24 16:33:40","0.47508866","11.757161","1.0963783","17.6164","23.580912","0.009660963","0.015327593","56765.312","0.99953455","920.2684","26.66",""
"2025-07-24 16:33:41","0.47584486","11.757108","1.0981234","17.613579","23.57717","0.009659182","0.015325161","56774.375","0.99953455","920.26825","26.66",""
"2025-07-24 16:33:42","0.4756468","11.756539","1.0976663","17.599665","23.558887","0.009650479","0.015313277","56819.28","0.9995346","920.2251","26.64231",""
"2025-07-24 16:33:43","0.4758096","11.756486","1.098042","17.597935","23.556604","0.009649393","0.015311793","56824.85","0.9995346","920.2229","26.641262",""
"2025-07-24 16:33:44","0.45792007","11.7563925","1.0567578","17.549479","23.491796","0.009618567","0.015269668","56981.84","0.9995346","920.213","26.640718",""
"2025-07-24 16:33:45","0.45681766","11.756373","1.0542136","17.546148","23.48735","0.009616452","0.015266778","56992.62","0.9995346","920.21136","26.64027",""
"2025-07-24 16:33:46","0.4557152","11.756353","1.0516696","17.542818","23.482904","0.009614338","0.015263888","57003.406","0.9995346","920.2097","26.63982",""
"2025-07-24 16:33:47","0.4678178","11.755577","1.0795991","17.48949","23.411983","0.009580602","0.015217789","57177.32","0.99953467","920.18396","26.64",""
"2025-07-24 16:33:48","0.46809933","11.755528","1.0802487","17.48504","23.406057","0.009577783","0.015213937","57191.805","0.99953467","920.1822","26.64",""
"2025-07-24 16:33:49","0.46838087","11.755479","1.0808984","17.48059","23.400131","0.009574964","0.015210085","57206.29","0.99953467","920.18036","26.64",""
"2025-07-24 16:33:50","0.4623417","11.755555","1.0669618","17.466213","23.380836","0.009565792","0.015197544","57253.42","0.99953467","920.198","26.64",""
"2025-07-24 16:33:51","0.46228033","11.75554","1.0668201","17.46397","23.377842","0.009564368","0.015195598","57260.754","0.99953467","920.19836","26.64",""
"2025-07-24 16:33:52","0.46122825","11.755067","1.064392","17.434116","23.338163","0.009545496","0.015169807","57358.84","0.9995347","920.17365","26.64",""
"2025-07-24 16:33:53","0.46101215","11.75504","1.0638933","17.431942","23.33527","0.009544119","0.015167925","57365.984","0.9995347","920.17255","26.64",""
"2025-07-24 16:33:54","0.4607961","11.755013","1.0633947","17.429768","23.332375","0.009542743","0.015166043","57373.125","0.9995347","920.17145","26.64",""
"2025-07-24 16:33:55","0.4736101","11.754766","1.0929661","17.383932","23.271164","0.009513639","0.015126256","57524.465","0.99953467","920.1706","26.64",""
"2025-07-24 16:33:56","0.4743759","11.75474","1.0947334","17.380384","23.266428","0.009511388","0.015123178","57536.17","0.99953467","920.1699","26.64",""
"2025-07-24 16:33:57","0.47514173","11.754713","1.0965006","17.376835","23.261692","0.009509136","0.0151201","57547.883","0.99953467","920.16925","26.64",""
"2025-07-24 16:33:58","0.4547004","11.753844","1.0493274","17.397379","23.289711","0.0095224455","0.015138312","57479.938","0.99953485","920.13434","26.64",""
"2025-07-24 16:33:59","0.45382172","11.753786","1.0472995","17.397387","23.289759","0.009522467","0.015138343","57479.902","0.99953485","920.13226","26.64",""
"2025-07-24 16:34:00","0.45574945","11.753681","1.0517484","17.378979","23.265177","0.009510781","0.015122365","57540.79","0.9995348","920.15656","26.648483",""
"2025-07-24 16:34:01","0.4553902","11.7536545","1.0509192","17.378305","23.264292","0.00951036","0.01512179","57543.016","0.9995348","920.1572","26.649006",""
"2025-07-24 16:34:02","0.4550309","11.753628","1.0500901","17.377632","23.263407","0.009509939","0.015121214","57545.242","0.9995348","920.1579","26.64953",""
"2025-07-24 16:34:03","0.45354906","11.753304","1.0466704","17.352325","23.229721","0.009493922","0.015099319","57629.188","0.99953485","920.1242","26.64105",""
"2025-07-24 16:34:04","0.45351344","11.753282","1.0465882","17.350319","23.227049","0.009492651","0.015097581","57635.84","0.99953485","920.12274","26.64075",""
"2025-07-24 16:34:05","0.45347783","11.75326","1.046506","17.348312","23.224375","0.00949138","0.015095844","57642.49","0.99953485","920.12134","26.640451",""
"2025-07-24 16:34:06","0.45754293","11.752066","1.055887","17.32067","23.188076","0.009474112","0.01507225","57734.52","0.999535","920.1294","26.640215",""
"2025-07-24 16:34:07","0.45774314","11.7519865","1.056349","17.318378","23.185055","0.009472675","0.015070287","57742.14","0.999535","920.129","26.63999",""
"2025-07-24 16:34:08","0.45433328","11.751717","1.04848","17.295177","23.154158","0.009457984","0.015050203","57819.617","0.999535","920.1547","26.64",""
"2025-07-24 16:34:09","0.45421934","11.751672","1.048217","17.293089","23.151386","0.009456667","0.015048401","57826.59","0.999535","920.15656","26.64",""
"2025-07-24 16:34:10","0.4541054","11.751627","1.0479541","17.291","23.148617","0.00945535","0.015046601","57833.56","0.999535","920.1583","26.64",""
"2025-07-24 16:34:11","0.48554856","11.751244","1.1205164","17.262346","23.110483","0.009437222","0.015021814","57929.594","0.999535","920.14154","26.631346",""
"2025-07-24 16:34:12","0.48736754","11.751214","1.1247141","17.260029","23.107399","0.009435756","0.015019811","57937.348","0.999535","920.1412","26.630823",""
"2025-07-24 16:34:13","0.48918653","11.751184","1.1289119","17.257713","23.104317","0.009434291","0.015017807","57945.105","0.999535","920.14075","26.630299",""
"2025-07-24 16:34:14","0.4587432","11.751023","1.0586568","17.247843","23.091196","0.009428056","0.0150092775","57978.273","0.999535","920.1754","26.63904",""
"2025-07-24 16:34:15","0.4577334","11.751003","1.0563265","17.24651","23.089422","0.009427212","0.015008124","57982.75","0.999535","920.17706","26.63934",""
"2025-07-24 16:34:16","0.48141235","11.750921","1.1109712","17.219149","23.052843","0.009409828","0.014984348","58074.91","0.999535","920.13586","26.622684",""
"2025-07-24 16:34:17","0.48215672","11.750912","1.112689","17.217218","23.050264","0.0094086025","0.014982672","58081.41","0.999535","920.13416","26.621859",""
"2025-07-24 16:34:18","0.4829011","11.750903","1.1144068","17.215288","23.047686","0.009407377","0.014980996","58087.91","0.999535","920.1324","26.621035",""
"2025-07-24 16:34:19","0.44965795","11.750903","1.0376905","17.189919","23.01372","0.009391237","0.014958918","58173.668","0.999535","920.13983","26.620588",""
"2025-07-24 16:34:20","0.4482475","11.750901","1.0344355","17.18769","23.010738","0.0093898205","0.014956981","58181.188","0.999535","920.1392","26.620138",""
"2025-07-24 16:34:21","0.44683704","11.750899","1.0311806","17.185465","23.00776","0.009388405","0.014955044","58188.707","0.999535","920.1386","26.61969",""
"2025-07-24 16:34:22","0.4665496","11.7509","1.076672","17.213432","23.045202","0.009406196","0.014979381","58094.184","0.999535","920.13947","26.628748",""
"2025-07-24 16:34:23","0.46686262","11.7509","1.0773944","17.214409","23.046509","0.009406816","0.01498023","58090.887","0.999535","920.1397","26.629261",""
"2025-07-24 16:34:24","0.46904182","11.750132","1.0824232","17.1974","23.024187","0.009396203","0.014965721","58148.336","0.99953514","920.1482","26.62114",""
"2025-07-24 16:34:25","0.46964315","11.750083","1.0838108","17.196962","23.02363","0.009395938","0.014965359","58149.812","0.99953514","920.14874","26.62083",""
"2025-07-24 16:34:26","0.47024447","11.750035","1.0851985","17.196526","23.023073","0.009395673","0.014964998","58151.285","0.99953514","920.14923","26.62052",""
"2025-07-24 16:34:27","0.47137052","11.749708","1.0877972","17.169798","22.987484","0.009378759","0.014941865","58241.832","0.9995352","920.11475","26.620289",""
"2025-07-24 16:34:28","0.4714822","11.749668","1.0880549","17.16771","22.98471","0.00937744","0.014940063","58248.902","0.9995352","920.11285","26.620062",""
"2025-07-24 16:34:29","0.4715939","11.749629","1.0883126","17.16562","22.981937","0.009376123","0.0149382595","58255.977","0.9995352","920.11096","26.619835",""
"2025-07-24 16:34:30","0.45454356","11.749326","1.0489651","17.166525","22.983326","0.009376778","0.014939163","58252.914","0.9995352","920.1634","26.62",""
"2025-07-24 16:34:31","0.45356226","11.749298","1.0467005","17.165882","22.982481","0.009376376","0.014938613","58255.09","0.9995352","920.16565","26.62",""
"2025-07-24 16:34:32","0.4599188","11.749668","1.0613695","17.162672","22.977966","0.009374237","0.014935678","58265.99","0.9995352","920.1168","26.611568",""
"2025-07-24 16:34:33","0.45990914","11.749683","1.0613472","17.162489","22.977713","0.009374117","0.014935513","58266.61","0.9995352","920.11505","26.611052",""
"2025-07-24 16:34:34","0.45989951","11.749699","1.0613251","17.162306","22.977459","0.009373997","0.014935348","58267.227","0.9995352","920.1133","26.610533",""
"2025-07-24 16:34:35","0.46772036","11.749167","1.0793735","17.133795","22.939598","0.009356003","0.014910738","58364.215","0.9995352","920.146","26.610321",""
"2025-07-24 16:34:36","0.468356","11.749145","1.0808403","17.131992","22.937197","0.009354862","0.014909178","58370.348","0.9995352","920.1467","26.610098",""
"2025-07-24 16:34:37","0.46899167","11.749122","1.0823072","17.130188","22.934797","0.009353722","0.014907617","58376.477","0.9995352","920.14746","26.609877",""
"2025-07-24 16:34:38","0.44461206","11.748689","1.0260458","17.124582","22.927546","0.00935027","0.014902905","58395.59","0.99953526","920.13995","26.61",""
"2025-07-24 16:34:39","0.4433282","11.748649","1.023083","17.123533","22.926163","0.009349613","0.014902007","58399.164","0.99953526","920.14026","26.61",""
"2025-07-24 16:34:40","0.44351053","11.748335","1.0235037","17.114468","22.91421","0.009343932","0.014894236","58430.098","0.99953526","920.13165","26.601576",""
"2025-07-24 16:34:41","0.4429294","11.748305","1.0221626","17.113787","22.913315","0.009343508","0.014893654","58432.42","0.99953526","920.1309","26.601057",""
"2025-07-24 16:34:42","0.4423482","11.748276","1.0208213","17.113106","22.91242","0.009343082","0.014893073","58434.75","0.99953526","920.1301","26.600538",""
"2025-07-24 16:34:43","0.46812308","11.747803","1.0803028","17.113602","22.913363","0.009343523","0.0148936855","58433.055","0.9995353","920.0954","26.591658",""
"2025-07-24 16:34:44","0.46971017","11.7477665","1.0839654","17.113409","22.913126","0.009343411","0.014893532","58433.71","0.9995353","920.0931","26.590904",""
"2025-07-24 16:34:45","0.47129726","11.747729","1.087628","17.113216","22.91289","0.009343298","0.014893379","58434.367","0.9995353","920.09076","26.59015",""
"2025-07-24 16:34:46","0.4838066","11.748449","1.1164962","17.089615","22.880867","0.009328093","0.014872564","58515.086","0.99953526","920.1258","26.599022",""
"2025-07-24 16:34:47","0.4852107","11.74848","1.1197366","17.088219","22.87898","0.009327197","0.014871337","58519.863","0.99953526","920.12695","26.599318",""
"2025-07-24 16:34:48","0.46917522","11.748273","1.0827309","17.06647","22.849981","0.009313421","0.014852488","58594.46","0.99953526","920.1282","26.591194",""
"2025-07-24 16:34:49","0.4684793","11.748277","1.0811249","17.064571","22.847439","0.009312213","0.014850835","58600.965","0.99953526","920.1291","26.5909",""
"2025-07-24 16:34:50","0.46778342","11.748281","1.079519","17.062674","22.844894","0.0093110055","0.014849182","58607.465","0.99953526","920.12994","26.590607",""
"2025-07-24 16:34:51","0.4422501","11.747801","1.020595","17.037043","22.810858","0.009294834","0.014827059","58695.664","0.9995353","920.13837","26.581667",""
"2025-07-24 16:34:52","0.4402841","11.747766","1.016058","17.03494","22.808065","0.009293507","0.014825243","58702.89","0.9995353","920.13885","26.580915",""
"2025-07-24 16:34:53","0.43831813","11.747731","1.011521","17.032839","22.805273","0.00929218","0.014823427","58710.113","0.9995353","920.1394","26.580162",""
"2025-07-24 16:34:54","0.45394203","11.747416","1.0475767","17.060362","22.842306","0.009309765","0.0148475","58615.418","0.9995354","920.11304","26.580221",""
"2025-07-24 16:34:55","0.4542137","11.747384","1.0482036","17.061333","22.843624","0.00931039","0.014848356","58612.08","0.9995354","920.1117","26.579992",""
"2025-07-24 16:34:56","0.46370038","11.746368","1.0700961","17.04757","22.825787","0.009301908","0.014836762","58659.4","0.9995355","920.1531","26.58",""
"2025-07-24 16:34:57","0.4646533","11.746298","1.0722953","17.047356","22.825542","0.009301792","0.014836604","58660.13","0.9995355","920.15497","26.58",""
"2025-07-24 16:34:58","0.46560627","11.746227","1.0744945","17.047142","22.8253","0.0093016755","0.014836445","58660.855","0.9995355","920.1569","26.58",""
"2025-07-24 16:34:59","0.45471278","11.745818","1.0493551","17.024616","22.795378","0.009287459","0.014816995","58738.5","0.99953556","920.184","26.58",""
"2025-07-24 16:35:00","0.45428297","11.745769","1.0483633","17.02289","22.793095","0.009286374","0.014815511","58744.445","0.99953556","920.1867","26.58",""
"2025-07-24 16:35:01","0.4538532","11.745718","1.0473715","17.021162","22.790812","0.00928529","0.014814028","58750.395","0.99953556","920.1894","26.58",""
"2025-07-24 16:35:02","0.47016746","11.7458105","1.0850205","17.015255","22.782848","0.009281509","0.014808851","58770.797","0.9995355","920.154","26.58",""
"2025-07-24 16:35:03","0.47086334","11.745806","1.0866265","17.014332","22.781614","0.009280923","0.01480805","58773.98","0.9995355","920.1526","26.58",""
"2025-07-24 16:35:04","0.45214874","11.745345","1.0434382","17.001234","22.764343","0.009272714","0.014796823","58819.266","0.99953556","920.1513","26.571573",""
"2025-07-24 16:35:05","0.4513674","11.745318","1.041635","17.000284","22.763088","0.009272117","0.014796007","58822.55","0.99953556","920.1504","26.571049",""
"2025-07-24 16:35:06","0.45058608","11.745292","1.0398319","16.999334","22.761833","0.009271521","0.014795191","58825.832","0.99953556","920.14954","26.570524",""
"2025-07-24 16:35:07","0.47370276","11.745042","1.093179","17.002611","22.766365","0.009273672","0.014798138","58814.496","0.99953556","920.14105","26.570307",""
"2025-07-24 16:35:08","0.47464383","11.745015","1.0953506","17.00249","22.766216","0.009273601","0.014798041","58814.92","0.99953556","920.14056","26.570084",""
"2025-07-24 16:35:09","0.47558486","11.744988","1.0975223","17.002365","22.766068","0.00927353","0.0147979455","58815.344","0.99953556","920.14","26.569859",""
"2025-07-24 16:35:10","0.4352268","11.74484","1.0043868","17.004663","22.76923","0.00927503","0.014799999","58807.4","0.99953556","920.13995","26.57",""
"2025-07-24 16:35:11","0.43341017","11.744824","1.0001944","17.004879","22.769527","0.009275172","0.014800193","58806.65","0.99953556","920.1397","26.57",""
"2025-07-24 16:35:12","0.46109876","11.744056","1.0640922","17.000256","22.763784","0.009272436","0.01479646","58822.645","0.9995357","920.1313","26.561594",""
"2025-07-24 16:35:13","0.46184647","11.744005","1.0658177","17.00002","22.763496","0.009272299","0.014796273","58823.465","0.9995357","920.1308","26.561075",""
"2025-07-24 16:35:14","0.46259418","11.743954","1.0675433","16.99978","22.763208","0.009272162","0.014796087","58824.285","0.9995357","920.13025","26.560558",""
"2025-07-24 16:35:15","0.47179782","11.7449465","1.0887829","16.980331","22.736588","0.00925953","0.014778783","58891.676","0.99953556","920.1387","26.560318",""
"2025-07-24 16:35:16","0.47306448","11.744988","1.091706","16.979021","22.734808","0.009258686","0.014777626","58896.22","0.99953556","920.139","26.560095",""
"2025-07-24 16:35:17","0.47433114","11.74503","1.094629","16.97771","22.73303","0.009257842","0.01477647","58900.758","0.99953556","920.1393","26.559874",""
"2025-07-24 16:35:18","0.44861886","11.744337","1.035292","16.963003","22.713737","0.009248672","0.01476393","58951.84","0.9995356","920.12195","26.56",""
"2025-07-24 16:35:19","0.44732887","11.744322","1.032315","16.961628","22.711906","0.009247801","0.01476274","58956.61","0.9995356","920.12115","26.56",""
"2025-07-24 16:35:20","0.46444923","11.743837","1.0718242","16.974077","22.728859","0.009255846","0.014773759","58913.367","0.9995357","920.15424","26.551552",""
"2025-07-24 16:35:21","0.46494064","11.743791","1.0729582","16.974524","22.729485","0.009256142","0.014774165","58911.816","0.9995357","920.15594","26.551022",""
"2025-07-24 16:35:22","0.46543205","11.743743","1.0740923","16.974972","22.730108","0.009256438","0.014774572","58910.266","0.9995357","920.1576","26.550491",""
"2025-07-24 16:35:23","0.4935104","11.743429","1.1388894","16.946484","22.692146","0.009238409","0.014749895","59009.312","0.99953574","920.19293","26.558908",""
"2025-07-24 16:35:24","0.49567464","11.743398","1.143884","16.945076","22.690279","0.009237521","0.01474868","59014.21","0.99953574","920.1959","26.559206",""
"2025-07-24 16:35:25","0.4978389","11.743366","1.1488786","16.943666","22.68841","0.009236635","0.014747467","59019.11","0.99953574","920.1989","26.559504",""
"2025-07-24 16:35:26","0.45192695","11.74321","1.042926","16.95429","22.702728","0.0092434315","0.014756773","58982.125","0.99953574","920.12854","26.559761",""
"2025-07-24 16:35:27","0.4499018","11.743193","1.0382525","16.954206","22.702625","0.009243383","0.014756707","58982.414","0.99953574","920.12524","26.559986",""
"2025-07-24 16:35:28","0.44892555","11.742885","1.0359995","16.942356","22.686935","0.009235929","0.014746508","59023.67","0.9995358","920.1228","26.551573",""
"2025-07-24 16:35:29","0.44778672","11.742862","1.0333713","16.941885","22.686316","0.009235635","0.014746105","59025.316","0.9995358","920.121","26.551048",""
"2025-07-24 16:35:30","0.44664788","11.742839","1.0307432","16.941412","22.685698","0.009235341","0.014745703","59026.957","0.9995358","920.1192","26.550524",""
"2025-07-24 16:35:31","0.48186967","11.742832","1.1120257","16.921541","22.659092","0.009222709","0.01472841","59096.29","0.9995358","920.15405","26.550314",""
"2025-07-24 16:35:32","0.48401263","11.742824","1.1169711","16.920027","22.65707","0.0092217475","0.014727096","59101.566","0.9995358","920.1562","26.550089",""
"2025-07-24 16:35:33","0.48615563","11.742816","1.1219165","16.918514","22.655048","0.009220787","0.014725782","59106.848","0.9995358","920.15826","26.549864",""
"2025-07-24 16:35:34","0.45943168","11.741938","1.0602447","16.931044","22.672337","0.009228987","0.014737019","59063.105","0.999536","920.1587","26.541227",""
"2025-07-24 16:35:35","0.45871952","11.741884","1.0586013","16.931288","22.672693","0.009229154","0.014737251","59062.258","0.999536","920.1596","26.540705",""
"2025-07-24 16:35:36","0.45986682","11.741549","1.0612488","16.92705","22.667213","0.009226551","0.014733689","59077.043","0.99953604","920.15967","26.540405",""
"2025-07-24 16:35:37","0.4592942","11.741507","1.0599273","16.927088","22.66729","0.009226587","0.014733738","59076.906","0.99953604","920.15967","26.54018",""
"2025-07-24 16:35:38","0.45872158","11.741466","1.0586059","16.927126","22.667364","0.009226622","0.014733787","59076.773","0.99953604","920.15967","26.539955",""
"2025-07-24 16:35:39","0.44799748","11.740843","1.0338576","16.90829","22.642502","0.009214809","0.014717626","59142.594","0.9995361","920.1167","26.54",""
"2025-07-24 16:35:40","0.447376","11.740797","1.0324234","16.90702","22.64083","0.009214014","0.014716539","59147.035","0.9995361","920.114","26.54",""
"2025-07-24 16:35:41","0.44675457","11.740751","1.0309893","16.90575","22.639154","0.009213218","0.01471545","59151.473","0.9995361","920.1114","26.54",""
"2025-07-24 16:35:42","0.45393214","11.740097","1.0475531","16.90972","22.64485","0.009215915","0.014719153","59137.586","0.99953616","920.11084","26.54",""
"2025-07-24 16:35:43","0.454086","11.740041","1.0479081","16.90948","22.644558","0.009215775","0.014718963","59138.43","0.99953616","920.10974","26.54",""
"2025-07-24 16:35:44","0.4654923","11.7391815","1.0742307","16.902214","22.635326","0.009211383","0.014712961","59163.848","0.9995363","920.12646","26.54",""
"2025-07-24 16:35:45","0.46637234","11.739113","1.0762615","16.901865","22.6349","0.009211179","0.014712684","59165.066","0.9995363","920.1275","26.54",""
"2025-07-24 16:35:46","0.46725237","11.739045","1.0782924","16.901516","22.63447","0.009210975","0.014712405","59166.29","0.9995363","920.12854","26.54",""
"2025-07-24 16:35:47","0.46809947","11.739024","1.0802474","16.892103","22.62188","0.009204998","0.014704221","59199.26","0.9995362","920.1462","26.54",""
"2025-07-24 16:35:48","0.46842983","11.739002","1.0810097","16.891348","22.620878","0.009204523","0.014703571","59201.91","0.9995362","920.1477","26.54",""
"2025-07-24 16:35:49","0.4687602","11.73898","1.0817722","16.89059","22.619879","0.009204047","0.014702921","59204.56","0.9995362","920.1492","26.54",""
"2025-07-24 16:35:50","0.46732804","11.738517","1.0784671","16.892729","22.623009","0.009205528","0.014704956","59197.066","0.99953634","920.14044","26.54",""
"2025-07-24 16:35:51","0.4672652","11.738488","1.0783219","16.892618","22.622877","0.009205465","0.014704871","59197.453","0.99953634","920.1404","26.54",""
"2025-07-24 16:35:52","0.4672023","11.73846","1.0781769","16.89251","22.622747","0.009205403","0.014704785","59197.836","0.99953634","920.1403","26.54",""
"2025-07-24 16:35:53","0.46990597","11.738295","1.0844162","16.89825","22.630531","0.009209096","0.014709845","59177.723","0.99953634","920.113","26.54",""
"2025-07-24 16:35:54","0.47003376","11.738273","1.0847111","16.898634","22.631058","0.009209345","0.014710187","59176.383","0.99953634","920.11115","26.54",""
"2025-07-24 16:35:55","0.46275595","11.73773","1.0679158","16.90682","22.642336","0.009214695","0.014717518","59147.727","0.9995364","920.1363","26.54",""
"2025-07-24 16:35:56","0.46237963","11.737694","1.0670472","16.907452","22.643202","0.009215105","0.014718081","59145.52","0.9995364","920.1372","26.54",""
"2025-07-24 16:35:57","0.4620033","11.737657","1.0661788","16.908081","22.644068","0.009215516","0.014718643","59143.312","0.9995364","920.13806","26.54",""
"2025-07-24 16:35:58","0.46984646","11.737569","1.0842788","16.883862","22.611681","0.00920014","0.014697593","59228.17","0.9995364","920.1477","26.531223",""
"2025-07-24 16:35:59","0.47014004","11.73755","1.0849564","16.882605","22.610008","0.0091993455","0.014696506","59232.58","0.9995364","920.1489","26.530693",""
"2025-07-24 16:36:00","0.47043365","11.737531","1.0856339","16.881348","22.608335","0.009198551","0.014695418","59236.984","0.9995364","920.15015","26.530163",""
"2025-07-24 16:36:01","0.46486256","11.736896","1.0727772","16.87986","22.606712","0.009197774","0.014694363","59242.2","0.99953645","920.13165","26.539095",""
"2025-07-24 16:36:02","0.46473363","11.7368555","1.0724796","16.879154","22.60579","0.009197337","0.014693764","59244.67","0.99953645","920.13086","26.53939",""
"2025-07-24 16:36:03","0.46179417","11.737225","1.0656962","16.869938","22.593233","0.009191377","0.014685602","59277.043","0.9995364","920.1389","26.531124",""
"2025-07-24 16:36:04","0.4614835","11.737232","1.0649793","16.869337","22.592424","0.009190993","0.014685076","59279.152","0.9995364","920.139","26.53083",""
"2025-07-24 16:36:05","0.46117285","11.737239","1.0642624","16.868736","22.591614","0.009190609","0.0146845495","59281.266","0.9995364","920.13904","26.530537",""
"2025-07-24 16:36:06","0.47527823","11.736141","1.0968138","16.87911","22.606142","0.009197495","0.014693993","59244.83","0.9995365","920.15686","26.530264",""
"2025-07-24 16:36:07","0.4760517","11.736085","1.0985986","16.8795","22.606695","0.009197757","0.014694353","59243.465","0.9995365","920.15814","26.530043",""
"2025-07-24 16:36:08","0.47682512","11.736028","1.1003835","16.879887","22.607248","0.009198018","0.014694712","59242.105","0.9995365","920.1594","26.52982",""
"2025-07-24 16:36:09","0.46875757","11.736016","1.0817658","16.877428","22.603962","0.009196459","0.014692575","59250.734","0.9995365","920.16815","26.53",""
"2025-07-24 16:36:10","0.46864235","11.735988","1.0814998","16.877542","22.604132","0.009196539","0.014692685","59250.336","0.9995365","920.1691","26.53",""
"2025-07-24 16:36:11","0.48116222","11.73615","1.1103922","16.87445","22.5999","0.009194531","0.014689934","59261.188","0.9995365","920.1865","26.521425",""
"2025-07-24 16:36:12","0.48175114","11.736159","1.1117513","16.8742","22.599558","0.0091943685","0.014689713","59262.066","0.9995365","920.1878","26.520893",""
"2025-07-24 16:36:13","0.48234004","11.736169","1.1131103","16.87395","22.599216","0.009194206","0.01468949","59262.95","0.9995365","920.1891","26.520363",""
"2025-07-24 16:36:14","0.47865152","11.7355385","1.1045983","16.866783","22.589983","0.009189814","0.014683489","59288.13","0.9995366","920.19794","26.528976",""
"2025-07-24 16:36:15","0.4787545","11.735505","1.1048359","16.866276","22.589321","0.0091895","0.014683059","59289.914","0.9995366","920.1989","26.529272",""
"2025-07-24 16:36:16","0.47885746","11.735471","1.1050735","16.865767","22.588661","0.009189186","0.01468263","59291.7","0.9995366","920.1999","26.529568",""
"2025-07-24 16:36:17","0.45577157","11.735384","1.0517975","16.853027","22.57165","0.009181111","0.014671573","59336.523","0.99953663","920.1641","26.5298",""
"2025-07-24 16:36:18","0.4543464","11.735363","1.0485085","16.8521","22.570421","0.009180527","0.014670773","59339.785","0.99953663","920.1623","26.530025",""
"2025-07-24 16:36:19","0.46978742","11.734897","1.0841422","16.855682","22.575485","0.009182926","0.014674066","59327.176","0.9995367","920.1783","26.53",""
"2025-07-24 16:36:20","0.47023383","11.734866","1.0851724","16.855614","22.57541","0.009182891","0.014674018","59327.414","0.9995367","920.17847","26.53",""
"2025-07-24 16:36:21","0.47068024","11.734835","1.0862025","16.855545","22.575336","0.0091828555","0.01467397","59327.656","0.9995367","920.17865","26.53",""
"2025-07-24 16:36:22","0.45447862","11.7343445","1.0488137","16.845854","22.562641","0.009176823","0.014665716","59361.793","0.99953675","920.19666","26.53",""
"2025-07-24 16:36:23","0.45391497","11.734303","1.0475129","16.845367","22.562014","0.009176526","0.014665309","59363.504","0.99953675","920.1982","26.53",""
"2025-07-24 16:36:24","0.4533513","11.7342615","1.0462121","16.844883","22.561388","0.009176228","0.014664902","59365.21","0.99953675","920.1997","26.53",""
"2025-07-24 16:36:25","0.46358475","11.734271","1.0698279","16.842684","22.558437","0.009174827","0.014662985","59372.965","0.99953675","920.1904","26.53",""
"2025-07-24 16:36:26","0.46378875","11.734259","1.0702987","16.842308","22.557943","0.009174591","0.014662663","59374.285","0.99953675","920.19037","26.53",""
"2025-07-24 16:36:27","0.4636045","11.733879","1.0698736","16.846882","22.564287","0.009177599","0.014666787","59358.168","0.99953675","920.19006","26.53",""
"2025-07-24 16:36:28","0.4638432","11.733855","1.0704244","16.847107","22.564604","0.009177748","0.014666992","59357.37","0.99953675","920.1898","26.53",""
"2025-07-24 16:36:29","0.46408188","11.733832","1.0709752","16.847334","22.564919","0.009177898","0.014667197","59356.58","0.99953675","920.1896","26.53",""
"2025-07-24 16:36:30","0.46886793","11.733431","1.08202","16.860374","22.582617","0.009186297","0.014678702","59310.67","0.9995368","920.18097","26.521276",""
"2025-07-24 16:36:31","0.46915302","11.733397","1.082678","16.861277","22.583845","0.00918688","0.0146795","59307.496","0.9995368","920.1804","26.520748",""
"2025-07-24 16:36:32","0.4694381","11.733363","1.0833359","16.86218","22.585073","0.009187463","0.014680299","59304.316","0.9995368","920.17993","26.520218",""
"2025-07-24 16:36:33","0.45457795","11.733208","1.0490426","16.841864","22.557951","0.009174585","0.014662668","59375.86","0.9995369","920.1887","26.5202",""
"2025-07-24 16:36:34","0.45383954","11.733189","1.0473386","16.84102","22.556831","0.009174054","0.014661941","59378.832","0.9995369","920.18896","26.519974",""
"2025-07-24 16:36:35","0.45541734","11.733184","1.0509797","16.841759","22.557825","0.009174524","0.014662587","59376.227","0.9995369","920.1721","26.528597",""
"2025-07-24 16:36:36","0.45518157","11.73318","1.0504357","16.84135","22.55728","0.009174265","0.014662233","59377.664","0.9995369","920.17126","26.52914",""
"2025-07-24 16:36:37","0.4549458","11.733175","1.0498916","16.84094","22.556736","0.009174006","0.014661878","59379.105","0.9995369","920.1704","26.529684",""
"2025-07-24 16:36:38","0.4529343","11.732864","1.0452495","16.836975","22.551603","0.009171567","0.014658542","59393.094","0.9995369","920.1353","26.529762",""
"2025-07-24 16:36:39","0.4528615","11.732846","1.0450815","16.836765","22.551332","0.009171438","0.014658366","59393.836","0.9995369","920.13275","26.529995",""
"2025-07-24 16:36:40","0.45278865","11.732827","1.0449134","16.836555","22.551064","0.00917131","0.014658191","59394.574","0.9995369","920.1302","26.530228",""
"2025-07-24 16:36:41","0.453864","11.732419","1.0473949","16.846216","22.564238","0.009177561","0.014666755","59360.516","0.99953693","920.13934","26.538887",""
"2025-07-24 16:36:42","0.45387533","11.732387","1.047421","16.846682","22.564878","0.009177866","0.014667172","59358.875","0.99953693","920.139","26.539412",""
"2025-07-24 16:36:43","0.46096316","11.731595","1.0637778","16.830168","22.543219","0.0091675725","0.014653092","59417.125","0.99953705","920.1479","26.522585",""
"2025-07-24 16:36:44","0.46142498","11.731537","1.0648435","16.829382","22.542198","0.009167088","0.014652429","59419.9","0.99953705","920.1487","26.52176",""
"2025-07-24 16:36:45","0.4618868","11.731479","1.0659093","16.828596","22.54118","0.009166603","0.014651767","59422.67","0.99953705","920.1494","26.520937",""
"2025-07-24 16:36:46","0.4542899","11.730685","1.0483776","16.819624","22.52962","0.009161108","0.014644252","59454.367","0.9995371","920.15814","26.529245",""
"2025-07-24 16:36:47","0.45401144","11.730618","1.0477351","16.818666","22.528374","0.009160517","0.014643443","59457.75","0.9995371","920.1589","26.529322",""
"2025-07-24 16:36:48","0.45373297","11.73055","1.0470924","16.817709","22.52713","0.009159926","0.014642634","59461.133","0.9995371","920.1596","26.529396",""
"2025-07-24 16:36:49","0.45255345","11.730325","1.0443703","16.808138","22.51444","0.009153899","0.014634386","59495","0.99953717","920.09735","26.520926",""
"2025-07-24 16:36:50","0.45229632","11.730291","1.0437769","16.807333","22.513384","0.009153397","0.014633698","59497.844","0.99953717","920.0939","26.520624",""
"2025-07-24 16:36:51","0.459778","11.729733","1.0610425","16.804115","22.509396","0.009151498","0.0146311065","59509.234","0.9995372","920.16034","26.528877",""
"2025-07-24 16:36:52","0.4602129","11.729693","1.062046","16.803682","22.508839","0.009151233","0.014630744","59510.766","0.9995372","920.16296","26.529177",""
"2025-07-24 16:36:53","0.46064773","11.729653","1.0630497","16.80325","22.508282","0.009150969","0.014630383","59512.297","0.9995372","920.1656","26.529476",""
"2025-07-24 16:36:54","0.46674988","11.728864","1.0771316","16.818958","22.529778","0.009161163","0.0146443555","59456.723","0.99953735","920.1153","26.521027",""
"2025-07-24 16:36:55","0.46730584","11.728802","1.0784147","16.819822","22.53097","0.009161728","0.01464513","59453.668","0.99953735","920.11395","26.520727",""
"2025-07-24 16:36:56","0.46786183","11.72874","1.0796977","16.820684","22.532162","0.009162294","0.014645905","59450.613","0.99953735","920.1126","26.520428",""
"2025-07-24 16:36:57","0.45894697","11.7284155","1.0591247","16.806849","22.513815","0.009153581","0.01463398","59499.555","0.99953735","920.1552","26.520197",""
"2025-07-24 16:36:58","0.45858175","11.728375","1.0582819","16.806427","22.513273","0.009153323","0.014633628","59501.05","0.99953735","920.1565","26.519972",""
"2025-07-24 16:36:59","0.45672616","11.728609","1.0539995","16.825104","22.538157","0.009165138","0.014649801","59435.004","0.99953735","920.1409","26.52",""
"2025-07-24 16:37:00","0.45640624","11.728616","1.0532613","16.825928","22.539253","0.00916566","0.014650514","59432.098","0.99953735","920.141","26.52",""
"2025-07-24 16:37:01","0.45608634","11.7286215","1.052523","16.82675","22.540352","0.00916618","0.014651229","59429.19","0.99953735","920.14105","26.52",""
"2025-07-24 16:37:02","0.46504483","11.727834","1.0731968","16.8053","22.512074","0.009152748","0.014632848","59505.047","0.9995374","920.1228","26.52",""
"2025-07-24 16:37:03","0.46553883","11.727792","1.0743369","16.804482","22.511","0.009152237","0.01463215","59507.95","0.9995374","920.12134","26.52",""
"2025-07-24 16:37:04","0.46603286","11.72775","1.0754769","16.803661","22.509926","0.009151727","0.014631451","59510.848","0.9995374","920.1198","26.52",""
"2025-07-24 16:37:05","0.47269508","11.727578","1.0908514","16.80085","22.506264","0.009149985","0.014629071","59520.797","0.99953747","920.12897","26.52",""
"2025-07-24 16:37:06","0.4733132","11.727548","1.0922779","16.800148","22.50534","0.009149547","0.014628471","59523.28","0.99953747","920.129","26.52",""
"2025-07-24 16:37:07","0.47204208","11.727468","1.0893445","16.787668","22.488665","0.009141631","0.014617632","59567.543","0.99953747","920.1805","26.52",""
"2025-07-24 16:37:08","0.47212043","11.727459","1.0895253","16.786842","22.487564","0.009141109","0.014616916","59570.473","0.99953747","920.18384","26.52",""
"2025-07-24 16:37:09","0.4721988","11.727449","1.0897062","16.786016","22.486462","0.009140586","0.0146162","59573.402","0.99953747","920.18726","26.52",""
"2025-07-24 16:37:10","0.46202764","11.72745","1.0662339","16.790802","22.492874","0.009143632","0.014620367","59556.418","0.99953747","920.20544","26.52",""
"2025-07-24 16:37:11","0.4613827","11.7274475","1.0647454","16.790773","22.492836","0.009143614","0.014620343","59556.516","0.99953747","920.2079","26.52",""
"2025-07-24 16:37:12","0.4607377","11.727446","1.063257","16.790745","22.4928","0.0091435965","0.014620319","59556.617","0.99953747","920.21027","26.52",""
"2025-07-24 16:37:13","0.456181","11.726236","1.0527413","16.788769","22.490847","0.009142654","0.014619051","59563.63","0.9995376","920.2093","26.52",""
"2025-07-24 16:37:14","0.45565355","11.726165","1.051524","16.788763","22.490881","0.00914267","0.014619073","59563.65","0.9995376","920.2098","26.52",""
"2025-07-24 16:37:15","0.4667963","11.725818","1.0772383","16.79494","22.499357","0.009146689","0.014624582","59541.742","0.99953765","920.2012","26.52",""
"2025-07-24 16:37:16","0.46737358","11.725768","1.0785705","16.795267","22.499825","0.00914691","0.014624885","59540.582","0.99953765","920.2007","26.52",""
"2025-07-24 16:37:17","0.46795085","11.7257185","1.0799026","16.795595","22.500292","0.009147132","0.01462519","59539.42","0.99953765","920.20013","26.52",""
"2025-07-24 16:37:18","0.46294057","11.7255745","1.0683404","16.795025","22.49961","0.009146808","0.014624747","59541.44","0.99953765","920.1481","26.52",""
"2025-07-24 16:37:19","0.46292123","11.725556","1.0682958","16.795147","22.499786","0.00914689","0.014624861","59541.004","0.99953765","920.1447","26.52",""
"2025-07-24 16:37:20","0.46290192","11.725539","1.0682513","16.79527","22.49996","0.009146973","0.014624974","59540.57","0.99953765","920.14136","26.52",""
"2025-07-24 16:37:21","0.4649481","11.7253","1.0729733","16.77901","22.478317","0.009136698","0.014610906","59598.273","0.9995377","920.1765","26.52",""
"2025-07-24 16:37:22","0.46495146","11.725282","1.072981","16.77803","22.477013","0.009136079","0.014610059","59601.758","0.9995377","920.1773","26.52",""
"2025-07-24 16:37:23","0.46367997","11.725048","1.0700467","16.78402","22.48517","0.009139946","0.014615361","59580.484","0.9995377","920.20386","26.52",""
"2025-07-24 16:37:24","0.46365675","11.725027","1.0699931","16.784002","22.485159","0.00913994","0.014615353","59580.547","0.9995377","920.20636","26.52",""
"2025-07-24 16:37:25","0.46363354","11.725007","1.0699396","16.783985","22.485147","0.009139935","0.014615347","59580.605","0.9995377","920.20886","26.52",""
"2025-07-24 16:37:26","0.46847793","11.725085","1.0811191","16.773335","22.470833","0.009133144","0.014606042","59618.445","0.9995377","920.1485","26.52",""
"2025-07-24 16:37:27","0.46873394","11.725084","1.0817099","16.77285","22.470188","0.009132837","0.014605622","59620.16","0.9995377","920.1456","26.52",""
"2025-07-24 16:37:28","0.46898997","11.725082","1.0823008","16.772367","22.469542","0.009132531","0.014605202","59621.88","0.9995377","920.1427","26.52",""
"2025-07-24 16:37:29","0.44274694","11.724202","1.0217389","16.798437","22.50497","0.009149336","0.0146282315","59529.367","0.9995378","920.1413","26.511137",""
"2025-07-24 16:37:30","0.4412956","11.724152","1.0183897","16.799734","22.506739","0.009150174","0.01462938","59524.766","0.9995378","920.1398","26.510607",""
"2025-07-24 16:37:31","0.446013","11.723355","1.029276","16.798626","22.505713","0.009149678","0.014628713","59528.684","0.99953794","920.1312","26.510355",""
"2025-07-24 16:37:32","0.4456749","11.723285","1.0284958","16.799189","22.506506","0.009150053","0.014629229","59526.688","0.99953794","920.1307","26.510128",""
"2025-07-24 16:37:33","0.44533682","11.723215","1.0277156","16.79975","22.507298","0.009150429","0.014629744","59524.695","0.99953794","920.1302","26.5099",""
"2025-07-24 16:37:34","0.48203117","11.72289","1.1123961","16.786785","22.490116","0.009142273","0.014618576","59570.668","0.99953794","920.1213","26.51",""
"2025-07-24 16:37:35","0.48438734","11.72285","1.1178335","16.785967","22.489042","0.009141763","0.014617878","59573.57","0.99953794","920.12054","26.51",""
"2025-07-24 16:37:36","0.4867435","11.72281","1.1232709","16.785149","22.487968","0.009141253","0.01461718","59576.477","0.99953794","920.11975","26.51",""
"2025-07-24 16:37:37","0.46776137","11.722101","1.0794652","16.8036","22.513098","0.009153172","0.014633514","59511.066","0.99953806","920.18134","26.51878",""
"2025-07-24 16:37:38","0.4675993","11.722051","1.0790911","16.804348","22.51413","0.009153661","0.014634185","59508.414","0.99953806","920.1847","26.51929",""
"2025-07-24 16:37:39","0.4620827","11.7223425","1.0663604","16.78609","22.489502","0.009141974","0.014618176","59573.14","0.999538","920.1871","26.519629",""
"2025-07-24 16:37:40","0.4613101","11.722344","1.0645775","16.785358","22.48852","0.0091415085","0.014617538","59575.74","0.999538","920.18866","26.51985",""
"2025-07-24 16:37:41","0.4605375","11.722346","1.0627944","16.784626","22.487537","0.009141042","0.014616899","59578.332","0.999538","920.1902","26.52007",""
"2025-07-24 16:37:42","0.46213078","11.721642","1.0664713","16.771103","22.469824","0.009132628","0.014605386","59626.383","0.9995381","920.181","26.52",""
"2025-07-24 16:37:43","0.46209508","11.721607","1.066389","16.769798","22.468098","0.009131808","0.014604263","59631.01","0.9995381","920.1805","26.52",""
"2025-07-24 16:37:44","0.4620594","11.721573","1.0663066","16.768496","22.46637","0.009130988","0.014603141","59635.64","0.9995381","920.18","26.52",""
"2025-07-24 16:37:45","0.4562004","11.721398","1.0527855","16.7714","22.470362","0.009132882","0.014605735","59625.316","0.9995381","920.1976","26.52",""
"2025-07-24 16:37:46","0.45588788","11.721371","1.0520643","16.771212","22.470125","0.009132769","0.014605582","59625.984","0.9995381","920.19836","26.52",""
"2025-07-24 16:37:47","0.45693776","11.720905","1.0544871","16.780466","22.482794","0.009138774","0.0146138165","59593.1","0.9995382","920.1394","26.52",""
"2025-07-24 16:37:48","0.4568654","11.720872","1.0543201","16.781101","22.483664","0.009139186","0.014614382","59590.848","0.9995382","920.1361","26.52",""
"2025-07-24 16:37:49","0.456793","11.7208395","1.0541531","16.781736","22.484531","0.009139598","0.014614946","59588.594","0.9995382","920.1329","26.52",""
"2025-07-24 16:37:50","0.44334516","11.720356","1.0231191","16.806604","22.51813","0.009155541","0.014636784","59500.44","0.99953824","920.13165","26.511332",""
"2025-07-24 16:37:51","0.44256067","11.720315","1.0213087","16.808346","22.520485","0.009156658","0.014638315","59494.27","0.99953824","920.13007","26.510807",""
"2025-07-24 16:37:52","0.4417762","11.720274","1.0194983","16.810085","22.52284","0.009157776","0.014639846","59488.098","0.99953824","920.1285","26.510283",""
"2025-07-24 16:37:53","0.46008858","11.719957","1.0617582","16.800783","22.51056","0.009151943","0.014631863","59521.04","0.9995383","920.19135","26.519024",""
"2025-07-24 16:37:54","0.4608238","11.719927","1.0634549","16.800877","22.510702","0.009152011","0.014631956","59520.703","0.9995383","920.19495","26.519318",""
