Date Time,Pressure (psi) (790478),Temperature (°C) (790478),Depth (ft) (790478),Actual Conductivity (µS/cm) (790478),Specific Conductivity (µS/cm) (790478),Salinity (PSU) (790478),Total Dissolved Solids (ppt) (790478),Resistivity (Ω⋅cm) (790478),Density (g/cm³) (790478),Barometric Pressure (mbar) (670831),Temperature (°C) (670831),Latitude (°),Longitude (°),Marked
2025-07-09 16:09:24,1.1070793,9.973636,2.5543904,17.455427,24.481785,0.010063433,0.01591316,57288.777,0.99971235,924.2879,20.96,46.750861545144545,-121.80462987268402, 
2025-07-09 16:09:25,1.1074089,9.973706,2.555151,17.456142,24.482744,0.010063889,0.015913783,57286.426,0.99971235,924.28894,20.96,46.75086154514642,-121.80462987267771, 
2025-07-09 16:09:26,1.1076564,9.974273,2.5557218,17.456676,24.483122,0.010064077,0.01591403,57284.67,0.9997123,924.3066,20.968708,46.750861545148304,-121.8046298726714, 
2025-07-09 16:09:27,1.1076901,9.974336,2.5557997,17.456978,24.483503,0.010064259,0.015914278,57283.684,0.9997123,924.3081,20.969233,46.75086154515019,-121.80462987266506, 
2025-07-09 16:09:28,1.1077238,9.974399,2.5558777,17.45728,24.483885,0.010064441,0.015914526,57282.695,0.9997123,924.30963,20.969755,46.750861562508064,-121.8046298142341, 
2025-07-09 16:09:29,1.1074401,9.974146,2.5552232,17.461422,24.489859,0.010067272,0.015918408,57269.11,0.9997123,924.2649,20.960922,46.750861562509826,-121.80462981422822, 
2025-07-09 16:09:30,1.1074342,9.974146,2.5552094,17.46169,24.490236,0.010067451,0.015918653,57268.227,0.9997123,924.2627,20.96062,46.75086156251159,-121.80462981422232, 
2025-07-09 16:09:31,1.1078415,9.974137,2.556149,17.474754,24.508564,0.010076155,0.015930565,57225.42,0.99971235,924.2614,20.960342,46.75086156251334,-121.80462981421641, 
2025-07-09 16:09:32,1.1078601,9.974132,2.5561917,17.47566,24.509838,0.01007676,0.015931394,57222.453,0.99971235,924.2603,20.960117,46.75086156251509,-121.80462981421051, 
2025-07-09 16:09:33,1.1078787,9.974126,2.5562346,17.476566,24.511112,0.010077365,0.015932223,57219.484,0.99971235,924.25916,20.959892,46.75086156251684,-121.8046298142046, 
2025-07-09 16:09:34,1.1074643,9.973557,2.555279,17.456533,24.483389,0.010064191,0.015914204,57285.152,0.99971235,924.2597,20.951298,46.75086156251859,-121.80462981419873, 
2025-07-09 16:09:35,1.1074498,9.973523,2.5552452,17.455656,24.482182,0.0100636175,0.01591342,57288.027,0.99971235,924.2597,20.950773,46.750861562520335,-121.80462981419282, 
2025-07-09 16:09:36,1.1074351,9.973489,2.5552115,17.45478,24.480976,0.010063044,0.015912635,57290.9,0.99971235,924.2597,20.950249,46.75086156252209,-121.80462981418692, 
2025-07-09 16:09:37,1.1078573,9.973574,2.5561852,17.466,24.496655,0.010070492,0.015922828,57254.098,0.99971235,924.25085,20.950197,46.75086156252384,-121.80462981418103, 
2025-07-09 16:09:38,1.1078719,9.973564,2.556219,17.466164,24.496891,0.010070603,0.01592298,57253.56,0.99971235,924.25037,20.949972,46.75086156252558,-121.80462981417512, 
2025-07-09 16:09:39,1.1072308,9.9741125,2.55474,17.462315,24.491135,0.010067879,0.015919236,57266.18,0.9997123,924.25854,20.958494,46.75086156252733,-121.80462981416925, 
2025-07-09 16:09:40,1.1072018,9.974148,2.554673,17.46235,24.49116,0.010067892,0.015919253,57266.062,0.9997123,924.25885,20.959013,46.750861562529074,-121.80462981416336, 
2025-07-09 16:09:41,1.1071727,9.974184,2.5546062,17.462385,24.491186,0.010067905,0.01591927,57265.945,0.9997123,924.25916,20.959532,46.75086156253082,-121.80462981415747, 
2025-07-09 16:09:42,1.1078253,9.974673,2.5561118,17.44872,24.4717,0.01005866,0.015906606,57310.797,0.9997122,924.25073,20.951004,46.75086156253256,-121.80462981415155, 
2025-07-09 16:09:43,1.107849,9.974717,2.5561666,17.447792,24.470371,0.01005803,0.015905742,57313.844,0.9997122,924.2504,20.950695,46.75086156253431,-121.80462981414566, 
2025-07-09 16:09:44,1.1078727,9.97476,2.5562212,17.446865,24.46904,0.010057398,0.015904877,57316.89,0.9997122,924.2501,20.950388,46.75086156253606,-121.80462981413977, 
2025-07-09 16:09:45,1.0950482,9.974508,2.5266309,17.448711,24.471796,0.010058701,0.01590667,57310.824,0.9997123,924.2588,20.95906,46.75086156253782,-121.80462981413388, 
2025-07-09 16:09:46,1.0943068,9.974506,2.5249205,17.448467,24.471457,0.01005854,0.015906448,57311.62,0.9997123,924.2591,20.959356,46.750861562539576,-121.80462981412796, 
2025-07-09 16:09:47,1.1061175,9.974412,2.5521715,17.459126,24.486464,0.010065666,0.0159162,57276.645,0.9997123,924.2423,20.95965,46.75086156254133,-121.8046298141221, 
2025-07-09 16:09:48,1.1065423,9.9744005,2.5531516,17.45982,24.487446,0.010066133,0.01591684,57274.363,0.9997123,924.24146,20.959875,46.750861562543086,-121.80462981411621, 
2025-07-09 16:09:49,1.1069672,9.97439,2.5541317,17.460516,24.488428,0.0100666,0.015917478,57272.082,0.9997123,924.24066,20.9601,46.750861562544834,-121.80462981411031, 
2025-07-09 16:09:50,1.0953219,9.974714,2.5272624,17.460522,24.488226,0.010066507,0.015917346,57272.06,0.9997122,924.26624,20.96,46.75086156254659,-121.80462981410443, 
2025-07-09 16:09:51,1.0949256,9.974731,2.526348,17.46079,24.488592,0.010066682,0.015917584,57271.176,0.9997122,924.26733,20.96,46.75086156254835,-121.80462981409856, 
2025-07-09 16:09:52,1.0945294,9.974749,2.525434,17.46106,24.488958,0.010066856,0.015917823,57270.293,0.9997122,924.26843,20.96,46.7508615625501,-121.80462981409265, 
2025-07-09 16:09:53,1.1063719,9.974835,2.5527585,17.46488,24.494257,0.010069377,0.015921267,57257.766,0.9997122,924.2602,20.96,46.75086156255185,-121.80462981408675, 
2025-07-09 16:09:54,1.1067945,9.974849,2.5537336,17.465117,24.494581,0.01006953,0.015921477,57256.99,0.9997122,924.2603,20.96,46.75086156255361,-121.80462981408085, 
2025-07-09 16:09:55,1.1072193,9.975476,2.554714,17.460604,24.48784,0.01006634,0.015917096,57271.785,0.99971217,924.2685,20.96,46.75086156255536,-121.80462981407494, 
2025-07-09 16:09:56,1.1075385,9.975516,2.5554504,17.460428,24.487566,0.01006621,0.01591692,57272.367,0.99971217,924.2688,20.96,46.7508615625571,-121.80462981406907, 
2025-07-09 16:09:57,1.1078577,9.975556,2.556187,17.46025,24.487291,0.010066081,0.01591674,57272.945,0.99971217,924.2691,20.96,46.75086156255885,-121.80462981406319, 
2025-07-09 16:09:58,1.1073173,9.975572,2.55494,17.461288,24.488737,0.010066768,0.01591768,57269.54,0.99971217,924.252,20.968725,46.7508615625606,-121.80462981405731, 
2025-07-09 16:09:59,1.107295,9.975588,2.5548887,17.461243,24.488663,0.010066733,0.01591763,57269.69,0.99971217,924.25116,20.969261,46.75086156256235,-121.80462981405141, 
2025-07-09 16:10:00,1.1072729,9.975604,2.5548372,17.461197,24.488586,0.010066697,0.01591758,57269.84,0.99971217,924.2503,20.969799,46.75086156256411,-121.80462981404551, 
2025-07-09 16:10:01,1.1076827,9.976581,2.5557833,17.461605,24.488518,0.0100666825,0.015917536,57268.504,0.99971205,924.2678,20.960953,46.75086156256587,-121.8046298140396, 
2025-07-09 16:10:02,1.1076964,9.976639,2.555815,17.461657,24.488552,0.010066699,0.015917558,57268.34,0.99971205,924.2684,20.960659,46.750861562567636,-121.80462981403373, 
2025-07-09 16:10:03,1.1076068,9.976817,2.555608,17.482498,24.517664,0.010080523,0.01593648,57200.08,0.9997121,924.2605,20.968863,46.7508615625694,-121.80462981402785, 
2025-07-09 16:10:04,1.1076108,9.976851,2.5556173,17.48379,24.519455,0.010081373,0.015937645,57195.848,0.9997121,924.26044,20.969162,46.75086156257115,-121.80462981402196, 
2025-07-09 16:10:05,1.1076149,9.976886,2.5556269,17.485083,24.521244,0.010082223,0.01593881,57191.613,0.9997121,924.2603,20.969461,46.75086156257291,-121.80462981401607, 
2025-07-09 16:10:06,1.1077144,9.977521,2.5558565,17.48085,24.51489,0.010079219,0.015934678,57205.46,0.99971205,924.26,20.952356,46.75086156257466,-121.80462981401018, 
2025-07-09 16:10:07,1.107718,9.977563,2.555865,17.481121,24.515244,0.010079387,0.015934907,57204.57,0.99971205,924.25977,20.951534,46.75086156257641,-121.80462981400429, 
2025-07-09 16:10:08,1.1077217,9.977606,2.5558734,17.481392,24.515594,0.010079554,0.015935136,57203.684,0.99971205,924.2595,20.95071,46.75086156257816,-121.80462981399839, 
2025-07-09 16:10:09,1.10788,9.977858,2.5562387,17.464481,24.491713,0.01006822,0.015919615,57259.082,0.999712,924.2597,20.959265,46.7508615625799,-121.80462981399248, 
2025-07-09 16:10:10,1.1078919,9.977889,2.556266,17.463387,24.490158,0.0100674825,0.015918603,57262.664,0.999712,924.2597,20.95934,46.75086156258165,-121.80462981398658, 
2025-07-09 16:10:11,1.1078963,9.978362,2.5562766,17.465158,24.492332,0.010068523,0.015920017,57256.85,0.99971193,924.2682,20.959644,46.75086156258339,-121.80462981398067, 
2025-07-09 16:10:12,1.1079003,9.978397,2.5562856,17.46488,24.49192,0.010068326,0.015919749,57257.766,0.99971193,924.26874,20.95987,46.750861562585136,-121.80462981397477, 
2025-07-09 16:10:13,1.1079042,9.978433,2.5562947,17.464602,24.491507,0.010068131,0.015919479,57258.676,0.99971193,924.2693,20.960094,46.750861562586884,-121.80462981396887, 
2025-07-09 16:10:14,1.1072339,9.97932,2.5547483,17.487484,24.523012,0.010083107,0.015939958,57183.773,0.9997119,924.25214,20.96,46.75085400164117,-121.8046584184037, 
2025-07-09 16:10:15,1.1071935,9.979385,2.554655,17.488913,24.524971,0.0100840395,0.015941232,57179.094,0.9997119,924.2513,20.96,46.75085308751173,-121.80465755671908, 
2025-07-09 16:10:16,1.107153,9.979451,2.554562,17.490341,24.526932,0.010084971,0.015942506,57174.418,0.9997119,924.2505,20.96,46.75085308750696,-121.80465755673451, 
2025-07-09 16:10:17,1.1078277,9.980591,2.5561185,17.473568,24.502666,0.010073465,0.015926734,57229.3,0.99971175,924.259,20.951187,46.75085308750219,-121.80465755674996, 
2025-07-09 16:10:18,1.1078503,9.98068,2.5561707,17.473162,24.502037,0.010073168,0.015926324,57230.63,0.99971175,924.25903,20.950668,46.750853087497426,-121.8046575567654, 
2025-07-09 16:10:19,1.0956897,9.980797,2.5281122,17.467165,24.49355,0.010069141,0.015920807,57250.28,0.9997117,924.25934,20.958881,46.75085308749265,-121.80465755678085, 
2025-07-09 16:10:20,1.0949477,9.980831,2.5264006,17.466404,24.492458,0.010068624,0.015920097,57252.777,0.9997117,924.2596,20.95919,46.75085308748789,-121.8046575567963, 
2025-07-09 16:10:21,1.0942059,9.980865,2.5246887,17.465641,24.49137,0.010068107,0.01591939,57255.27,0.9997117,924.25977,20.959497,46.750853087483115,-121.80465755681175, 
2025-07-09 16:10:22,1.1063961,9.980855,2.5528157,17.467438,24.493893,0.010069306,0.015921032,57249.383,0.9997117,924.27704,20.959724,46.75085308747835,-121.80465755682718, 
2025-07-09 16:10:23,1.1068207,9.980858,2.5537953,17.467398,24.493837,0.01006928,0.015920995,57249.51,0.9997117,924.27814,20.959951,46.75085308747358,-121.80465755684263, 
2025-07-09 16:10:24,1.1072453,9.98086,2.5547752,17.46736,24.493782,0.010069253,0.015920958,57249.64,0.9997117,924.2792,20.960178,46.750853087468826,-121.80465755685807, 
2025-07-09 16:10:25,1.0944167,9.981337,2.5251753,17.468554,24.495142,0.010069909,0.015921842,57245.727,0.9997117,924.2439,20.95116,46.75085308746405,-121.80465755687352, 
2025-07-09 16:10:26,1.0939574,9.981365,2.5241156,17.46866,24.495275,0.010069972,0.01592193,57245.37,0.9997117,924.24225,20.950638,46.75085308745929,-121.80465755688897, 
2025-07-09 16:10:27,1.0936769,9.981463,2.5234683,17.476387,24.506046,0.010075087,0.015928932,57220.066,0.99971175,924.2581,20.950369,46.75085308745453,-121.80465755690442, 
2025-07-09 16:10:28,1.093351,9.981481,2.5227163,17.476887,24.506735,0.010075415,0.015929379,57218.43,0.99971175,924.25824,20.950144,46.750853087449755,-121.80465755691985, 
2025-07-09 16:10:29,1.0930252,9.981498,2.5219646,17.477386,24.507423,0.010075741,0.015929827,57216.793,0.99971175,924.25836,20.949919,46.75085308744498,-121.80465755693527, 
2025-07-09 16:10:30,1.1056509,9.982935,2.5510964,17.477123,24.506111,0.010075144,0.015928973,57217.656,0.9997116,924.2851,20.967302,46.75085308744022,-121.80465755695072, 
2025-07-09 16:10:31,1.106412,9.983024,2.5528529,17.477299,24.5063,0.010075235,0.015929095,57217.08,0.9997115,924.2871,20.96835,46.75085308743546,-121.80465755696616, 
2025-07-09 16:10:32,1.1071732,9.983113,2.554609,17.477476,24.506489,0.010075326,0.015929218,57216.5,0.9997115,924.2891,20.969398,46.75085308743069,-121.80465755698164, 
2025-07-09 16:10:33,1.1075414,9.984097,2.5554588,17.465881,24.489588,0.010067315,0.01591823,57254.49,0.99971145,924.3066,20.96076,46.750853087425924,-121.80465755699709, 
2025-07-09 16:10:34,1.1078814,9.984192,2.5562434,17.465193,24.488562,0.01006683,0.015917564,57256.742,0.99971145,924.3083,20.960691,46.750853087421156,-121.80465755701252, 
2025-07-09 16:10:35,1.0951978,9.984534,2.5269783,17.466793,24.490578,0.0100677945,0.015918877,57251.496,0.9997114,924.2668,20.960388,46.75085308741639,-121.80465755702794, 
2025-07-09 16:10:36,1.0944229,9.984577,2.5251904,17.466627,24.490316,0.010067671,0.015918706,57252.043,0.9997114,924.26465,20.960165,46.75085308741162,-121.80465755704338, 
2025-07-09 16:10:37,1.0936481,9.984621,2.5234025,17.46646,24.490053,0.010067547,0.015918534,57252.586,0.9997114,924.2625,20.959944,46.750853087406846,-121.80465755705883, 
2025-07-09 16:10:38,1.1064632,9.984537,2.5529711,17.460697,24.482029,0.010063735,0.015913319,57271.484,0.9997114,924.2613,20.96,46.75085308740208,-121.80465755707428, 
2025-07-09 16:10:39,1.1069223,9.984541,2.5540304,17.460394,24.481602,0.010063532,0.015913041,57272.477,0.9997114,924.2602,20.96,46.75085308739731,-121.80465755708973, 
2025-07-09 16:10:40,1.1073813,9.984544,2.5550897,17.46009,24.481174,0.01006333,0.015912764,57273.473,0.9997114,924.2591,20.96,46.75084800324946,-121.80465663329673, 
2025-07-09 16:10:41,1.1077772,9.9843025,2.556003,17.470827,24.49639,0.010070548,0.015922653,57238.273,0.99971145,924.27734,20.968807,46.75084853419751,-121.80465699068746, 
2025-07-09 16:10:42,1.1081176,9.984286,2.5567882,17.471329,24.497103,0.010070886,0.015923116,57236.633,0.99971145,924.2784,20.969337,46.75084857329152,-121.80465631060983, 
2025-07-09 16:10:43,1.1081467,9.9844265,2.5568557,17.464207,24.487024,0.010066104,0.015916565,57259.973,0.9997114,924.2621,20.961184,46.75084857328456,-121.8046563106221, 
2025-07-09 16:10:44,1.1081467,9.984429,2.5568557,17.464024,24.486765,0.010065981,0.015916398,57260.574,0.9997114,924.2615,20.960888,46.750848573277594,-121.80465631063436, 
2025-07-09 16:10:45,1.1081467,9.984432,2.5568557,17.46384,24.486506,0.010065858,0.015916228,57261.176,0.9997114,924.26086,20.96059,46.75084857327064,-121.80465631064662, 
2025-07-09 16:10:46,1.1081467,9.984603,2.5568557,17.474588,24.501463,0.010072963,0.015925951,57225.957,0.9997114,924.2689,20.96892,46.75084857326368,-121.80465631065888, 
2025-07-09 16:10:47,1.1081467,9.984616,2.5568557,17.475061,24.502117,0.010073273,0.015926376,57224.41,0.9997114,924.26904,20.96922,46.75084857325672,-121.80465631067113, 
2025-07-09 16:10:48,1.1081467,9.984631,2.5568557,17.475534,24.50277,0.0100735845,0.0159268,57222.86,0.9997114,924.2691,20.969519,46.75084857324976,-121.80465631068337, 
2025-07-09 16:10:49,1.0947046,9.9852,2.5258408,17.471151,24.496252,0.0100705,0.015922563,57237.215,0.9997113,924.27826,20.969763,46.7508485732428,-121.8046563106956, 
2025-07-09 16:10:50,1.0939023,9.985238,2.5239897,17.471163,24.49624,0.010070496,0.015922558,57237.18,0.9997113,924.279,20.969988,46.750848573235835,-121.80465631070784, 
2025-07-09 16:10:51,1.1056862,9.985565,2.5511787,17.478422,24.506208,0.010075235,0.015929034,57213.402,0.9997114,924.27094,20.961597,46.750848573228886,-121.80465631072009, 
2025-07-09 16:10:52,1.1060982,9.985599,2.5521293,17.478762,24.50666,0.010075451,0.015929328,57212.293,0.9997114,924.2706,20.961079,46.75084857322193,-121.80465631073235, 
2025-07-09 16:10:53,1.1065102,9.985632,2.5530798,17.4791,24.507113,0.010075666,0.015929623,57211.188,0.9997114,924.2703,20.96056,46.75084857321498,-121.80465631074459, 
2025-07-09 16:10:54,1.107103,9.98698,2.5544484,17.46825,24.491018,0.010068047,0.015919164,57246.72,0.99971116,924.2786,20.960325,46.750848557067144,-121.80465214093547, 
2025-07-09 16:10:55,1.1074369,9.987071,2.5552187,17.46777,24.490286,0.0100677,0.015918687,57248.293,0.9997111,924.27893,20.960102,46.75084924909332,-121.80465170760161, 
2025-07-09 16:10:56,1.1077708,9.987161,2.5559893,17.467289,24.489553,0.010067354,0.01591821,57249.867,0.9997111,924.27924,20.95988,46.75084929269436,-121.80465011797415, 
2025-07-09 16:10:57,1.1077079,9.988156,2.555844,17.478146,24.504118,0.010074288,0.015927676,57214.312,0.99971104,924.2619,20.96,46.7508492439908,-121.80465016032414, 
2025-07-09 16:10:58,1.1077186,9.98825,2.5558689,17.478525,24.50459,0.010074513,0.015927982,57213.066,0.99971104,924.26105,20.96,46.750849243985854,-121.80465016032842, 
2025-07-09 16:10:59,1.1078702,9.988432,2.5562189,17.474127,24.498302,0.010071529,0.015923897,57227.465,0.999711,924.27734,20.951574,46.75084923937511,-121.80465016433766, 
2025-07-09 16:11:00,1.1078823,9.988467,2.5562463,17.47412,24.498268,0.010071513,0.015923874,57227.492,0.999711,924.27795,20.951052,46.750849239370204,-121.80465016434191, 
2025-07-09 16:11:01,1.1078942,9.988502,2.556274,17.474112,24.498234,0.010071497,0.015923852,57227.516,0.999711,924.2785,20.950527,46.75084923936528,-121.80465016434616, 
2025-07-09 16:11:02,1.1071098,9.988497,2.5544639,17.492815,24.52446,0.010083953,0.015940899,57166.336,0.99971104,924.2619,20.958914,46.750849239360385,-121.80465016435045, 
2025-07-09 16:11:03,1.1070657,9.988501,2.5543623,17.493841,24.525896,0.010084636,0.015941834,57162.98,0.99971104,924.2613,20.959213,46.75084923935548,-121.80465016435473, 
2025-07-09 16:11:04,1.1070217,9.988504,2.5542605,17.49487,24.527332,0.010085318,0.015942767,57159.62,0.99971104,924.2607,20.959513,46.75084923935057,-121.804650164359, 
2025-07-09 16:11:05,1.0948751,9.987458,2.5262299,20.785196,29.14112,0.01228445,0.018941728,48307.727,0.9997129,924.2602,20.959759,46.75084923934567,-121.80465016436328, 
2025-07-09 16:11:06,1.0941292,9.987396,2.5245087,20.982351,29.417576,0.012416219,0.019121425,47777.047,0.999713,924.25977,20.959984,46.75084923934077,-121.80465016436753, 
2025-07-09 16:11:07,1.1064706,9.988361,2.5529845,21.084543,29.560076,0.012484131,0.019214049,47494.945,0.99971294,924.2681,20.96,46.750849239335864,-121.8046501643718, 
2025-07-09 16:11:08,1.1069556,9.988397,2.5541036,21.167883,29.676888,0.012539809,0.019289976,47270.297,0.999713,924.2687,20.96,46.75084923933095,-121.80465016437604, 
2025-07-09 16:11:09,1.1074407,9.988433,2.5552227,21.251223,29.7937,0.012595485,0.019365903,47045.65,0.999713,924.26917,20.96,46.75084923932604,-121.80465016438032, 
2025-07-09 16:11:10,1.1070625,9.992596,2.5543177,45.440067,63.69812,0.028908942,0.041403778,24018.998,0.9997256,924.2608,20.96,46.75084923932112,-121.80465016438457, 
2025-07-09 16:11:11,1.107356,9.992874,2.554993,46.916252,65.767204,0.029904498,0.042748686,22611.875,0.9997263,924.2605,20.96,46.75084923931622,-121.80465016438882, 
2025-07-09 16:11:12,1.1076494,9.993153,2.5556684,48.39244,67.836296,0.030900054,0.04409359,21204.754,0.9997271,924.2602,20.96,46.75084923931132,-121.8046501643931, 
2025-07-09 16:11:13,1.1076035,9.993673,2.5555851,31.69194,44.425083,0.01962368,0.028876305,32391.686,0.9997182,924.26874,20.968763,46.750849239306426,-121.80465016439737, 
2025-07-09 16:11:14,1.107593,9.99381,2.5555618,31.307364,43.885868,0.01936352,0.028525814,32475.258,0.99971795,924.26904,20.969288,46.750849239301516,-121.80465016440165, 
2025-07-09 16:11:15,1.1074369,9.995391,2.5551963,35.189846,49.326126,0.021983314,0.03206198,28634.297,0.99971986,924.26935,20.961187,46.75084923929661,-121.80465016440593, 
2025-07-09 16:11:16,1.1074312,9.995501,2.5551834,35.031227,49.103626,0.021876113,0.031917356,28666.285,0.99971974,924.26953,20.960886,46.750849239291696,-121.80465016441018, 
2025-07-09 16:11:17,1.1074255,9.995609,2.5551703,34.87261,48.881126,0.021768915,0.03177273,28698.273,0.9997197,924.2698,20.960587,46.75084923928679,-121.80465016441444, 
2025-07-09 16:11:18,1.1072899,9.997466,2.5548563,36.045803,50.523083,0.022560008,0.032840006,27776.713,0.99972016,924.27826,20.960323,46.75084919361997,-121.80465020412385, 
2025-07-09 16:11:19,1.1072778,9.997618,2.554828,36.222637,50.770756,0.022679303,0.03300099,27619.066,0.9997202,924.2788,20.960098,46.750849150494936,-121.80465024162307, 
2025-07-09 16:11:20,1.1072655,9.997769,2.5547996,36.39947,51.01843,0.022798598,0.03316198,27461.418,0.9997203,924.2793,20.959873,46.75084915049035,-121.80465024162704, 
2025-07-09 16:11:21,1.1071516,9.999066,2.5545375,36.172913,50.69911,0.022644827,0.03295442,27645.54,0.99972004,924.2619,20.96,46.75084915048578,-121.80465024163104, 
2025-07-09 16:11:22,1.1071414,9.999191,2.5545137,36.187008,50.718697,0.02265427,0.032967154,27634.338,0.99972004,924.26105,20.96,46.750849150481216,-121.80465024163503, 
2025-07-09 16:11:23,1.0953802,10.000781,2.5273778,35.96879,50.410706,0.022505948,0.03276696,27802.174,0.9997198,924.2689,20.96,46.75084915047664,-121.80465024163902, 
2025-07-09 16:11:24,1.0946443,10.000911,2.52568,35.950745,50.38524,0.022493685,0.032750405,27816.016,0.9997198,924.269,20.96,46.75084915047206,-121.80465024164299, 
2025-07-09 16:11:25,1.0939084,10.00104,2.5239823,35.932697,50.35977,0.02248142,0.03273385,27829.86,0.99971974,924.26904,20.96,46.75084915046749,-121.80465024164697, 
2025-07-09 16:11:26,1.1058444,10.002275,2.5515218,36.327812,50.911835,0.022747459,0.033092692,27527.578,0.99971986,924.2694,20.968584,46.75084915046292,-121.80465024165093, 
2025-07-09 16:11:27,1.106278,10.00239,2.5525222,36.346443,50.93779,0.02275997,0.033109564,27513.348,0.99971986,924.2696,20.969109,46.75084915045834,-121.8046502416549, 
2025-07-09 16:11:28,1.1067115,10.002505,2.5535226,36.365074,50.963745,0.022772482,0.033126436,27499.117,0.99971986,924.26984,20.969633,46.75085906661932,-121.80465439116789, 
2025-07-09 16:11:29,1.0944706,10.003535,2.5252793,36.366272,50.964024,0.022772657,0.03312662,27498.115,0.99971974,924.2697,20.961025,46.75085962592218,-121.80465508696496, 
2025-07-09 16:11:30,1.0940433,10.003629,2.5242934,36.37629,50.977936,0.022779364,0.03313566,27490.445,0.99971974,924.2697,20.960732,46.75085962418542,-121.8046551246913, 
2025-07-09 16:11:31,1.093616,10.003722,2.5233076,36.386307,50.991848,0.022786072,0.033144705,27482.777,0.99971974,924.2697,20.960438,46.75085962419417,-121.80465512470107, 
2025-07-09 16:11:32,1.1060278,10.005272,2.551946,36.417118,51.032906,0.02280592,0.033171393,27459.617,0.9997196,924.26074,20.960182,46.750859624202924,-121.80465512471086, 
2025-07-09 16:11:33,1.1064643,10.005391,2.5529528,36.419296,51.035797,0.022807319,0.03317327,27457.973,0.9997196,924.26025,20.959959,46.75085962421167,-121.80465512472064, 
2025-07-09 16:11:34,1.0943553,10.006914,2.525014,36.40672,51.01609,0.02279789,0.03316046,27467.457,0.9997195,924.26,20.96,46.75085962422041,-121.80465512473037, 
2025-07-09 16:11:35,1.0939245,10.007045,2.52402,36.406914,51.01619,0.022797942,0.033160523,27467.309,0.99971944,924.2598,20.96,46.75085962422916,-121.80465512474015, 
2025-07-09 16:11:36,1.0934937,10.007175,2.523026,36.407112,51.016285,0.022797994,0.033160586,27467.16,0.99971944,924.2596,20.96,46.7508596242379,-121.8046551247499, 
2025-07-09 16:11:37,1.0929388,10.00799,2.521746,36.403614,51.010273,0.022795135,0.033156678,27469.799,0.9997194,924.251,20.96,46.750859624246644,-121.80465512475966, 
2025-07-09 16:11:38,1.0926071,10.008078,2.5209806,36.403103,51.009438,0.022794735,0.033156134,27470.186,0.9997194,924.2504,20.96,46.75085962425539,-121.80465512476944, 
2025-07-09 16:11:39,1.0922754,10.008165,2.5202153,36.40259,51.0086,0.022794336,0.03315559,27470.57,0.9997194,924.24994,20.96,46.750859624264145,-121.80465512477923, 
2025-07-09 16:11:40,1.1055801,10.00903,2.5509136,36.39713,50.999767,0.022790113,0.03314985,27474.693,0.9997193,924.2587,20.96,46.75085962427289,-121.80465512478901, 
2025-07-09 16:11:41,1.1063324,10.009104,2.5526493,36.39673,50.999104,0.022789797,0.033149417,27474.998,0.9997193,924.25903,20.96,46.75085962428164,-121.80465512479877, 
2025-07-09 16:11:42,1.1065167,10.009926,2.5530748,36.398838,51.00094,0.022790723,0.03315061,27473.404,0.9997192,924.3108,20.96,46.75085962429039,-121.80465512480858, 
2025-07-09 16:11:43,1.1068261,10.009997,2.5537887,36.398838,51.00084,0.022790678,0.033150546,27473.406,0.9997192,924.3142,20.96,46.75085962429913,-121.80465512481837, 
2025-07-09 16:11:44,1.1071354,10.010069,2.5545022,36.398834,51.00074,0.022790631,0.03315048,27473.406,0.9997192,924.3176,20.96,46.75085962430788,-121.80465512482813, 
2025-07-09 16:11:45,1.1073682,10.011275,2.5550401,36.420483,51.029423,0.022804504,0.033169124,27457.078,0.9997191,924.2656,20.96,46.75085962431662,-121.80465512483791, 
2025-07-09 16:11:46,1.1073847,10.011369,2.555078,36.421844,51.031204,0.022805367,0.033170283,27456.049,0.9997191,924.2638,20.96,46.750859624325365,-121.8046551248477, 
2025-07-09 16:11:47,1.1074011,10.011463,2.555116,36.42321,51.03299,0.022806231,0.03317144,27455.02,0.9997191,924.262,20.96,46.75085962433412,-121.8046551248575, 
2025-07-09 16:11:48,1.1075772,10.012349,2.5555222,36.43061,51.04214,0.02281068,0.033177394,27449.445,0.999719,924.26965,20.96892,46.750859624342866,-121.80465512486727, 
2025-07-09 16:11:49,1.107597,10.012433,2.5555677,36.431606,51.043423,0.022811301,0.033178225,27448.693,0.999719,924.2688,20.969444,46.75085962435161,-121.80465512487704, 
2025-07-09 16:11:50,1.0953403,10.013547,2.5272882,36.42329,51.03026,0.022805003,0.03316967,27454.96,0.99971884,924.30365,20.961102,46.750859624360366,-121.80465512488684, 
2025-07-09 16:11:51,1.0945944,10.013637,2.525567,36.422966,51.02968,0.02280473,0.033169292,27455.205,0.99971884,924.30597,20.960802,46.75085962436911,-121.80465512489661, 
2025-07-09 16:11:52,1.0938485,10.013727,2.5238461,36.42264,51.029102,0.022804456,0.03316892,27455.45,0.99971884,924.3083,20.960503,46.75085962437786,-121.80465512490638, 
2025-07-09 16:11:53,1.0932622,10.015105,2.5224934,36.4515,51.067646,0.022823086,0.033193972,27433.715,0.9997188,924.27374,20.960253,46.75085756176264,-121.80465441799542, 
2025-07-09 16:11:54,1.0929166,10.015216,2.5216963,36.453026,51.069633,0.022824047,0.03319526,27432.566,0.9997188,924.2725,20.960028,46.75085757690183,-121.80465440669545, 
2025-07-09 16:11:55,1.0925711,10.015327,2.520899,36.45455,51.071617,0.022825008,0.03319655,27431.418,0.9997188,924.27136,20.959803,46.75085757690883,-121.80465440670461, 
2025-07-09 16:11:56,1.1058383,10.0162115,2.551511,36.47757,51.102654,0.02284,0.033216726,27414.111,0.99971867,924.3061,20.96,46.75085757691583,-121.8046544067138, 
2025-07-09 16:11:57,1.1065917,10.016299,2.5532494,36.479652,51.105453,0.022841353,0.033218544,27412.543,0.99971867,924.30725,20.96,46.75085757692282,-121.80465440672296, 
2025-07-09 16:11:58,1.0952142,10.017038,2.526998,36.471928,51.093624,0.022835687,0.033210855,27418.35,0.9997186,924.2657,20.96,46.7508575769298,-121.80465440673211, 
2025-07-09 16:11:59,1.0948297,10.017105,2.5261106,36.472004,51.09364,0.022835696,0.033210866,27418.291,0.9997186,924.264,20.96,46.750857576936795,-121.80465440674128, 
2025-07-09 16:12:00,1.094445,10.017172,2.5252233,36.47208,51.093655,0.022835707,0.033210877,27418.232,0.9997186,924.2623,20.96,46.75085757694378,-121.80465440675042, 
2025-07-09 16:12:01,1.0935175,10.0181,2.5230834,36.460865,51.076675,0.022827568,0.03319984,27426.666,0.9997185,924.2783,20.96,46.75085757695076,-121.80465440675957, 
2025-07-09 16:12:02,1.093178,10.018172,2.5223,36.46003,51.075405,0.02282696,0.033199012,27427.293,0.9997185,924.2782,20.96,46.75085757695774,-121.80465440676873, 
2025-07-09 16:12:03,1.0928384,10.018245,2.5215166,36.459194,51.07414,0.022826351,0.03319819,27427.922,0.9997185,924.2781,20.96,46.75085757696473,-121.8046544067779, 
2025-07-09 16:12:04,1.0930061,10.019572,2.521904,36.47088,51.08869,0.022833418,0.03320765,27419.137,0.99971837,924.30566,20.96,46.75085757697171,-121.80465440678705, 
2025-07-09 16:12:05,1.0929914,10.019674,2.52187,36.47132,51.089172,0.022833655,0.033207964,27418.805,0.99971837,924.3077,20.96,46.7508575769787,-121.80465440679622, 
2025-07-09 16:12:06,1.0935057,10.020649,2.523057,36.47188,51.088623,0.022833433,0.033207603,27418.383,0.9997183,924.2661,20.96,46.750857576985695,-121.80465440680537, 
2025-07-09 16:12:07,1.0935382,10.020741,2.5231318,36.472202,51.088947,0.022833595,0.033207815,27418.14,0.9997183,924.26416,20.96,46.75085757699268,-121.80465440681454, 
2025-07-09 16:12:08,1.0935706,10.020833,2.5232067,36.472523,51.08927,0.022833755,0.033208024,27417.9,0.9997183,924.2622,20.96,46.75085757699967,-121.80465440682369, 
2025-07-09 16:12:09,1.1057333,10.022221,2.5512698,36.476044,51.092304,0.022835279,0.03321,27415.254,0.9997181,924.27856,20.968794,46.75085757700665,-121.80465440683282, 
2025-07-09 16:12:10,1.1065052,10.022332,2.5530508,36.476276,51.09248,0.022835368,0.033210114,27415.078,0.9997181,924.27856,20.969343,46.75085757701364,-121.80465440684199, 
2025-07-09 16:12:11,1.1072772,10.022443,2.554832,36.476513,51.092655,0.022835458,0.033210225,27414.902,0.9997181,924.2785,20.96989,46.75085757702064,-121.80465440685114, 
2025-07-09 16:12:12,1.094773,10.02356,2.5259814,36.49174,51.11246,0.022845045,0.0332231,27403.463,0.99971807,924.2883,20.960958,46.750857577027624,-121.80465440686031, 
2025-07-09 16:12:13,1.0943648,10.023664,2.5250394,36.492737,51.113712,0.022845654,0.033223916,27402.713,0.99971807,924.2893,20.960669,46.75085757703461,-121.80465440686946, 
2025-07-09 16:12:14,1.0937958,10.024081,2.5237267,36.48031,51.095734,0.022837011,0.03321223,27412.049,0.999718,924.2808,20.96034,46.7508575770416,-121.80465440687863, 
2025-07-09 16:12:15,1.0934747,10.024135,2.5229862,36.479904,51.095097,0.022836706,0.033211816,27412.352,0.999718,924.2805,20.960115,46.75085757877359,-121.80465440914814, 
2025-07-09 16:12:16,1.0931537,10.024188,2.5222454,36.479504,51.09446,0.022836402,0.033211403,27412.654,0.999718,924.2803,20.95989,46.75085757878057,-121.80465440915728, 
2025-07-09 16:12:17,1.0931783,10.025129,2.5223024,36.483093,51.098206,0.022838244,0.033213835,27409.955,0.9997179,924.27136,20.96,46.75085757878754,-121.80465440916642, 
2025-07-09 16:12:18,1.0931679,10.025196,2.5222785,36.482994,51.097973,0.022838134,0.033213682,27410.031,0.9997179,924.2706,20.96,46.75085757879452,-121.80465440917554, 
2025-07-09 16:12:19,1.0931575,10.025262,2.5222547,36.48289,51.097736,0.022838024,0.03321353,27410.107,0.9997179,924.2699,20.96,46.75085757880151,-121.80465440918468, 
2025-07-09 16:12:20,1.0931581,10.025844,2.522256,36.490005,51.106903,0.022842467,0.033219486,27404.766,0.99971783,924.2877,20.96,46.75085757880849,-121.80465440919382, 
2025-07-09 16:12:21,1.0931549,10.025903,2.5222485,36.49051,51.107533,0.022842772,0.033219896,27404.385,0.99971783,924.2886,20.96,46.75085757881547,-121.80465440920295, 
2025-07-09 16:12:22,1.0932779,10.027166,2.5225325,36.48528,51.098476,0.022838464,0.03321401,27408.314,0.9997177,924.323,20.951515,46.75085757882245,-121.80465440921209, 
2025-07-09 16:12:23,1.0932854,10.027258,2.5225499,36.485123,51.098133,0.022838302,0.033213787,27408.432,0.9997177,924.32556,20.950996,46.75085757882943,-121.80465440922124, 
2025-07-09 16:12:24,1.093293,10.027349,2.5225673,36.484966,51.09779,0.02283814,0.033213563,27408.549,0.9997177,924.32806,20.950478,46.7508575788364,-121.80465440923038, 
2025-07-09 16:12:25,1.092638,10.028181,2.5210564,36.487534,51.10025,0.022839364,0.033215165,27406.62,0.99971765,924.31116,20.95899,46.75085757884338,-121.80465440923955, 
2025-07-09 16:12:26,1.0926012,10.028263,2.5209715,36.487564,51.100178,0.022839332,0.033215117,27406.598,0.99971765,924.311,20.9593,46.75085757885036,-121.80465440924867, 
2025-07-09 16:12:27,1.0925643,10.028345,2.5208867,36.48759,51.1001,0.022839298,0.03321507,27406.578,0.99971765,924.3108,20.959606,46.75085757885733,-121.80465440925781, 
2025-07-09 16:12:28,1.0925591,10.029062,2.5208745,36.486713,51.0979,0.022838267,0.033213638,27407.236,0.9997176,924.2835,20.950945,46.750857578864306,-121.80465440926697, 
2025-07-09 16:12:29,1.0925419,10.029127,2.520835,36.48673,51.09783,0.022838237,0.033213593,27407.225,0.9997176,924.2815,20.950647,46.75085757887128,-121.80465440927613, 
2025-07-09 16:12:30,1.0929211,10.029535,2.52171,36.507454,51.126293,0.022851972,0.03323209,27391.668,0.99971753,924.28076,20.950354,46.75085757887827,-121.80465440928529, 
2025-07-09 16:12:31,1.0929444,10.029578,2.5217636,36.508705,51.12799,0.022852791,0.03323319,27390.729,0.99971753,924.2801,20.950129,46.750857578885245,-121.80465440929443, 
2025-07-09 16:12:32,1.0929675,10.02962,2.521817,36.50996,51.12969,0.022853611,0.033234295,27389.787,0.99971753,924.2794,20.949903,46.75085757889223,-121.80465440930355, 
2025-07-09 16:12:33,1.0935048,10.031064,2.5230567,36.500618,51.114635,0.022846416,0.033224512,27396.795,0.9997174,924.27106,20.95,46.750857578899215,-121.80465440931272, 
2025-07-09 16:12:34,1.0935467,10.031161,2.5231535,36.50058,51.114445,0.022846328,0.03322439,27396.826,0.9997174,924.2705,20.95,46.7508575789062,-121.80465440932188, 
2025-07-09 16:12:35,1.0935887,10.03126,2.5232503,36.500538,51.114254,0.02284624,0.033224266,27396.855,0.9997174,924.26996,20.95,46.75085757891318,-121.80465440933104, 
2025-07-09 16:12:36,1.0927875,10.031911,2.521402,36.517105,51.13656,0.022857022,0.033238765,27384.43,0.99971735,924.28766,20.95,46.75085757892016,-121.80465440934017, 
2025-07-09 16:12:37,1.092754,10.031986,2.5213244,36.51786,51.137516,0.022857485,0.033239387,27383.861,0.99971735,924.28845,20.95,46.750857578927146,-121.80465440934931, 
2025-07-09 16:12:38,1.0927291,10.032937,2.5212674,36.511044,51.12667,0.0228523,0.033232335,27388.975,0.99971724,924.272,20.95,46.75085757893413,-121.80465440935846, 
2025-07-09 16:12:39,1.0927088,10.0330105,2.5212207,36.51102,51.12654,0.02285224,0.033232253,27388.99,0.99971724,924.2714,20.95,46.750857578941115,-121.80465440936763, 
2025-07-09 16:12:40,1.0926886,10.033085,2.521174,36.511,51.12641,0.02285218,0.033232167,27389.006,0.99971724,924.2708,20.95,46.75085757894809,-121.80465440937678, 
2025-07-09 16:12:41,1.0933303,10.034137,2.522655,36.522247,51.140713,0.022859119,0.033241462,27380.572,0.9997171,924.26166,20.95,46.750857643556365,-121.80465449403574, 
2025-07-09 16:12:42,1.0933683,10.0342245,2.5227425,36.522747,51.141296,0.022859404,0.03324184,27380.197,0.9997171,924.2607,20.95,46.750857643562966,-121.8046544940444, 
2025-07-09 16:12:43,1.0934062,10.034311,2.5228302,36.523247,51.141876,0.022859687,0.03324222,27379.822,0.9997171,924.2597,20.95,46.75085764356956,-121.80465449405305, 
2025-07-09 16:12:44,1.09317,10.0352,2.5222855,36.50505,51.115185,0.022846865,0.033224873,27393.47,0.99971706,924.28656,20.95,46.75085764357616,-121.80465449406171, 
2025-07-09 16:12:45,1.0931718,10.03528,2.5222893,36.504246,51.113945,0.02284627,0.03322407,27394.076,0.99971706,924.28796,20.95,46.750857643582755,-121.80465449407035, 
2025-07-09 16:12:46,1.0930218,10.036017,2.5219436,36.524708,51.14159,0.022859624,0.033242032,27378.729,0.99971694,924.3312,20.95,46.750857643589356,-121.80465449407897, 
2025-07-09 16:12:47,1.0930067,10.036084,2.5219088,36.525528,51.142647,0.022860136,0.03324272,27378.113,0.99971694,924.3345,20.95,46.75085764359596,-121.80465449408763, 
2025-07-09 16:12:48,1.0929917,10.036152,2.5218742,36.526352,51.143707,0.02286065,0.03324341,27377.496,0.99971694,924.33777,20.95,46.750857643602544,-121.80465449409625, 
2025-07-09 16:12:49,1.0927403,10.036546,2.521294,36.51278,51.124165,0.022851253,0.033230707,27387.672,0.99971694,924.3469,20.958672,46.75085764360915,-121.80465449410491, 
2025-07-09 16:12:50,1.0927213,10.036588,2.5212505,36.512474,51.12368,0.022851022,0.03323039,27387.9,0.99971694,924.3486,20.959196,46.750857643615745,-121.80465449411356, 
2025-07-09 16:12:51,1.0927024,10.036631,2.5212066,36.512173,51.123196,0.022850791,0.033230077,27388.127,0.99971694,924.3502,20.95972,46.75085764362234,-121.80465449412219, 
2025-07-09 16:12:52,1.0933486,10.037197,2.522698,36.527515,51.14391,0.022860792,0.03324354,27376.623,0.9997169,924.28784,20.950975,46.75085764362895,-121.80465449413083, 
2025-07-09 16:12:53,1.0933801,10.037241,2.5227706,36.52808,51.14464,0.022861145,0.033244018,27376.2,0.9997169,924.2844,20.950682,46.75085764363555,-121.80465449413948, 
2025-07-09 16:12:54,1.0932922,10.034989,2.5225656,37.80334,52.933395,0.023722963,0.034406703,26458.264,0.9997177,924.29083,20.941893,46.75085764364215,-121.80465449414814, 
2025-07-09 16:12:55,1.0933018,10.034863,2.5225873,37.882587,53.044533,0.02377651,0.034478944,26401.21,0.9997178,924.2898,20.941145,46.75085764364874,-121.8046544941568, 
2025-07-09 16:12:56,1.0933112,10.034738,2.522609,37.961834,53.15567,0.023830056,0.034551185,26344.158,0.99971783,924.28876,20.9404,46.75085764365534,-121.80465449416543, 
2025-07-09 16:12:57,4.2742143,10.034995,9.861856,52.704094,73.79787,0.033770565,0.047968615,19286.564,0.99972564,924.27203,20.94897,46.750857643661924,-121.80465449417406, 
2025-07-09 16:12:58,4.468259,10.034953,10.309571,53.635525,75.10215,0.034398668,0.048816394,18832.918,0.9997261,924.27124,20.949276,46.75085764366852,-121.80465449418271, 
2025-07-09 16:12:59,4.662303,10.034912,10.757287,54.56696,76.406425,0.03502677,0.049664177,18379.271,0.9997266,924.2704,20.949581,46.75085764367512,-121.80465449419137, 
2025-07-09 16:13:00,1.4529085,10.036187,3.3522785,57.57517,80.61587,0.03705157,0.052400313,17438.33,0.9997281,924.27014,20.958595,46.75085764368172,-121.80465449420002, 
2025-07-09 16:13:01,1.346028,10.036268,3.1056733,58.133953,81.39812,0.037428137,0.05290878,17200.05,0.9997283,924.26965,20.959341,46.75085764368832,-121.80465449420866, 
2025-07-09 16:13:02,1.2277029,10.037719,2.8326616,59.332138,83.072556,0.038233373,0.053997163,16858.848,0.9997289,924.3293,20.959631,46.750857643694914,-121.80465449421732, 
2025-07-09 16:13:03,1.1463017,10.037838,2.6448455,59.47688,83.27496,0.038330723,0.054128725,16815.426,0.999729,924.333,20.959854,46.750857643701515,-121.80465449422597, 
2025-07-09 16:13:04,1.0649006,10.037956,2.4570293,59.621624,83.47737,0.038428072,0.054260287,16772.004,0.99972904,924.33673,20.960075,46.750857643708116,-121.80465449423463, 
2025-07-09 16:13:05,1.0929627,10.03957,2.5217774,59.62726,83.48165,0.038430244,0.054263074,16771.086,0.99972886,924.32043,20.96,46.7508576437147,-121.80465449424328, 
2025-07-09 16:13:06,1.0929825,10.039704,2.521823,59.658,83.5244,0.038450807,0.05429086,16762.256,0.99972886,924.321,20.96,46.75085764372131,-121.80465449425192, 
2025-07-09 16:13:07,1.0930023,10.039839,2.5218687,59.688744,83.56715,0.03847137,0.054318644,16753.424,0.99972886,924.32153,20.96,46.750857643727905,-121.80465449426057, 
2025-07-09 16:13:08,1.0927309,10.041611,2.5212424,59.860966,83.80429,0.038585525,0.05447279,16705.4,0.9997288,924.32904,20.96,46.7508576437345,-121.80465449426923, 
2025-07-09 16:13:09,1.0927157,10.041758,2.5212073,59.872852,83.8206,0.038593378,0.05448339,16702.074,0.9997288,924.3291,20.96,46.75085764374111,-121.80465449427788, 
2025-07-09 16:13:10,1.0933291,10.042123,2.522623,59.561935,83.38451,0.038383733,0.054199934,16789.314,0.9997286,924.2954,20.96,46.750857643747715,-121.80465449428651, 
2025-07-09 16:13:11,1.093361,10.042187,2.5226967,59.54731,83.36389,0.038373824,0.05418653,16793.422,0.9997286,924.2936,20.96,46.75085764375431,-121.80465449429515, 
2025-07-09 16:13:12,1.0933928,10.042252,2.5227704,59.532684,83.34327,0.038363915,0.054173127,16797.53,0.9997286,924.2917,20.96,46.7508576437609,-121.8046544943038, 
2025-07-09 16:13:13,1.0930263,10.043839,2.521925,59.510303,83.30841,0.03834727,0.054150466,16803.832,0.99972844,924.2823,20.951378,46.7508576437675,-121.80465449431246, 
2025-07-09 16:13:14,1.0930198,10.043943,2.5219102,59.501057,83.29523,0.03834094,0.0541419,16806.43,0.9997284,924.2809,20.95086,46.75085764377408,-121.80465449432111, 
2025-07-09 16:13:15,1.0930134,10.044048,2.5218952,59.49181,83.28205,0.03833461,0.054133337,16809.025,0.9997284,924.2795,20.950342,46.750857643780684,-121.80465449432975, 
2025-07-09 16:13:16,1.0935373,10.045941,2.5231044,59.535126,83.33846,0.038361877,0.054170005,16796.809,0.99972826,924.2888,20.959076,46.75085764378728,-121.80465449433841, 
2025-07-09 16:13:17,1.0935599,10.046095,2.5231566,59.537025,83.34078,0.038363002,0.05417151,16796.271,0.99972826,924.2891,20.959385,46.75085764379388,-121.80465449434703, 
2025-07-09 16:13:18,1.093058,10.047321,2.5219986,59.57216,83.38722,0.038385432,0.054201692,16786.367,0.99972814,924.2639,20.951162,46.75085764380048,-121.80465449435569, 
2025-07-09 16:13:19,1.0930399,10.047442,2.521957,59.575233,83.39126,0.038387384,0.05420432,16785.5,0.99972814,924.2626,20.950865,46.750857643807066,-121.80465449436434, 
2025-07-09 16:13:20,1.0930218,10.047563,2.521915,59.57831,83.395294,0.038389333,0.05420694,16784.633,0.99972814,924.2612,20.950567,46.750857643813674,-121.80465449437298, 
2025-07-09 16:13:21,1.09315,10.048359,2.5222113,59.58303,83.40014,0.03839171,0.05421009,16783.303,0.9997281,924.26056,20.958942,46.750857643820275,-121.80465449438164, 
2025-07-09 16:13:22,1.0931451,10.048438,2.5222,59.584198,83.401596,0.038392417,0.05421104,16782.973,0.9997281,924.2599,20.959242,46.750857643826876,-121.80465449439032, 
2025-07-09 16:13:23,1.0931402,10.048517,2.5221887,59.58537,83.40306,0.038393125,0.05421199,16782.645,0.9997281,924.2592,20.959541,46.75085764383347,-121.80465449439897, 
2025-07-09 16:13:24,1.0932791,10.049075,2.5225096,59.526283,83.319115,0.038352814,0.05415743,16799.305,0.999728,924.2597,20.950958,46.750857643840064,-121.8046544944076, 
2025-07-09 16:13:25,1.0932906,10.0491295,2.5225358,59.522926,83.31429,0.038350496,0.05415429,16800.252,0.999728,924.2597,20.950659,46.75085764384666,-121.80465449441624, 
2025-07-09 16:13:26,1.0927838,10.050479,2.5213668,59.572124,83.38015,0.03838226,0.0541971,16786.377,0.99972785,924.2767,20.958841,46.750857643853266,-121.8046544944249, 
2025-07-09 16:13:27,1.0927554,10.050576,2.5213015,59.573795,83.38227,0.038383286,0.054198477,16785.904,0.99972785,924.2777,20.95914,46.75085764385986,-121.80465449443355, 
2025-07-09 16:13:28,1.0927271,10.0506735,2.5212362,59.575466,83.38439,0.038384315,0.054199856,16785.434,0.99972785,924.27875,20.95944,46.75085764386645,-121.8046544944422, 
2025-07-09 16:13:29,1.0929639,10.0506935,2.5217824,59.670654,83.51758,0.038448352,0.054286428,16758.666,0.9997279,924.2449,20.959684,46.75085764387306,-121.80465449445084, 
2025-07-09 16:13:30,1.0929651,10.050729,2.521785,59.67757,83.527176,0.03845297,0.054292664,16756.72,0.9997279,924.2433,20.95991,46.75085764387966,-121.80465449445947, 
2025-07-09 16:13:31,1.0929662,10.050764,2.521788,59.684483,83.53677,0.038457587,0.054298904,16754.775,0.9997279,924.2417,20.960135,46.75085764388625,-121.80465449446812, 
2025-07-09 16:13:32,1.0928512,10.049997,2.5215218,59.79312,83.69054,0.03853146,0.05439885,16724.342,0.9997281,924.2584,20.96,46.75085764389286,-121.80465449447678, 
2025-07-09 16:13:33,1.0928496,10.049952,2.5215182,59.80206,83.70315,0.03853752,0.05440705,16721.836,0.9997281,924.25867,20.96,46.75085764389946,-121.80465449448543, 
2025-07-09 16:13:34,1.0928471,10.050644,2.5215125,59.983925,83.956154,0.03865922,0.0545715,16671.17,0.9997281,924.26746,20.95153,46.75085764390605,-121.80465449449407, 
2025-07-09 16:13:35,1.0928438,10.050669,2.5215046,59.99781,83.97553,0.03866854,0.054584097,16667.297,0.9997281,924.2685,20.951006,46.75085764391265,-121.80465449450273, 
2025-07-09 16:13:36,1.0928404,10.050693,2.521497,60.011696,83.99491,0.03867786,0.054596692,16663.426,0.9997281,924.2695,20.950481,46.750857643919254,-121.80465449451135, 
2025-07-09 16:13:37,1.092585,10.052056,2.520908,60.007183,83.985535,0.03867345,0.054590598,16664.678,0.99972796,924.26074,20.950296,46.750857643925855,-121.80465449452001, 
2025-07-09 16:13:38,1.0925694,10.052156,2.520872,60.011505,83.99136,0.03867626,0.054594383,16663.475,0.99972796,924.2605,20.950071,46.75085764393245,-121.80465449452863, 
2025-07-09 16:13:39,1.0925537,10.052257,2.520836,60.015823,83.997185,0.038679063,0.05459817,16662.27,0.99972796,924.2602,20.949848,46.75085764393905,-121.80465449453726, 
2025-07-09 16:13:40,1.0929412,10.053327,2.5217302,60.016075,83.995125,0.03867816,0.05459683,16662.203,0.99972785,924.2423,20.941187,46.75085764394564,-121.80465449454589, 
2025-07-09 16:13:41,1.0929577,10.053425,2.5217683,60.0161,83.99494,0.038678084,0.054596715,16662.193,0.99972785,924.241,20.940662,46.750857643952244,-121.80465449455454, 
2025-07-09 16:13:42,1.0927252,10.054945,2.521232,60.051098,84.0405,0.038700096,0.054626323,16652.486,0.9997277,924.30817,20.94884,46.750857643958845,-121.80465449456318, 
2025-07-09 16:13:43,1.0927199,10.055064,2.5212197,60.05335,84.04338,0.038701493,0.0546282,16651.861,0.9997277,924.3119,20.949139,46.75085764396544,-121.80465449457184, 
2025-07-09 16:13:44,1.0927147,10.055183,2.5212076,60.055603,84.046265,0.03870289,0.054630075,16651.236,0.9997277,924.3157,20.949438,46.75085764397204,-121.80465449458049, 
2025-07-09 16:13:45,1.0929562,10.056077,2.5217652,60.036343,84.01731,0.038689032,0.054611254,16656.578,0.9997276,924.2742,20.949703,46.75085764397864,-121.80465449458914, 
2025-07-09 16:13:46,1.0929648,10.0561695,2.5217853,60.036053,84.0167,0.038688745,0.05461086,16656.656,0.9997276,924.2733,20.949926,46.75085764398523,-121.80465449459777, 
2025-07-09 16:13:47,1.0929735,10.056261,2.5218053,60.035767,84.0161,0.038688462,0.054610465,16656.736,0.9997276,924.2725,20.950151,46.75085764399183,-121.80465449460641, 
2025-07-09 16:13:48,1.0929805,10.058273,2.521822,60.046597,84.02673,0.038693726,0.05461738,16653.732,0.9997274,924.27966,20.95,46.75085764399843,-121.80465449461506, 
2025-07-09 16:13:49,1.0929871,10.058417,2.521837,60.046772,84.02666,0.0386937,0.054617327,16653.684,0.9997274,924.27905,20.95,46.75085764400502,-121.80465449462372, 
2025-07-09 16:13:50,1.0806448,10.059807,2.4933605,59.992,83.94689,0.038655456,0.054565478,16668.89,0.9997273,924.3132,20.95,46.750857644011624,-121.80465449463237, 
2025-07-09 16:13:51,1.07988,10.05994,2.4915955,59.98888,83.94222,0.03865322,0.054562446,16669.758,0.99972725,924.3155,20.95,46.75085764401822,-121.80465449464103, 
2025-07-09 16:13:52,1.079115,10.060075,2.4898307,59.98576,83.93755,0.03865099,0.054559413,16670.625,0.99972725,924.3178,20.95,46.75085764402481,-121.80465449464967, 
2025-07-09 16:13:53,1.0917009,10.060805,2.51887,60.010868,83.971054,0.038667146,0.054581184,16663.648,0.9997272,924.33575,20.941368,46.75085764403142,-121.80465449465835, 
2025-07-09 16:13:54,1.0921553,10.060884,2.5199187,60.011013,83.97108,0.038667165,0.0545812,16663.61,0.9997272,924.3377,20.940844,46.750858655519856,-121.80465582005459, 
2025-07-09 16:13:55,1.0926099,10.060964,2.5209672,60.011154,83.9711,0.03866718,0.054581217,16663.568,0.9997272,924.33966,20.94032,46.75085952578495,-121.80465696039991, 
2025-07-09 16:13:56,1.0922976,10.062002,2.520247,60.022053,83.98402,0.038673468,0.05458961,16660.543,0.99972713,924.3128,20.94903,46.75085952578546,-121.80465696040079, 
2025-07-09 16:13:57,1.0925932,10.062083,2.520929,60.02332,83.9856,0.03867424,0.054590642,16660.191,0.99972713,924.3117,20.94933,46.75085952578597,-121.80465696040179, 
2025-07-09 16:13:58,1.0928246,10.06297,2.5214632,60.0201,83.97911,0.038671184,0.054586425,16661.086,0.999727,924.29395,20.94117,46.75085952578649,-121.80465696040282, 
2025-07-09 16:13:59,1.0928233,10.06305,2.5214598,60.020126,83.978966,0.03867112,0.054586332,16661.078,0.999727,924.29224,20.940868,46.75085952578713,-121.80465696040359, 
2025-07-09 16:14:00,1.0928218,10.06313,2.5214567,60.020153,83.97883,0.038671058,0.05458624,16661.07,0.999727,924.2905,20.940569,46.7508595257878,-121.80465696040471, 
2025-07-09 16:14:01,1.0929581,10.063858,2.5217714,60.071316,84.048775,0.038704738,0.054631703,16646.883,0.99972695,924.3249,20.940304,46.750859525788385,-121.80465696040565, 
2025-07-09 16:14:02,1.0929724,10.063924,2.5218043,60.074337,84.05286,0.038706705,0.054634355,16646.045,0.99972695,924.32654,20.940079,46.750859531057806,-121.80465696730916, 
2025-07-09 16:14:03,1.0929867,10.063991,2.5218372,60.077362,84.05694,0.038708672,0.054637007,16645.207,0.99972695,924.3282,20.939854,46.750859531057806,-121.80465696730916, 
2025-07-09 16:14:04,1.0931314,10.065044,2.5221715,60.049984,84.01626,0.0386892,0.05461057,16652.795,0.99972683,924.2848,20.94,46.750859531057806,-121.80465696730916, 
2025-07-09 16:14:05,1.0931435,10.065126,2.5221992,60.04965,84.01561,0.038688894,0.054610144,16652.887,0.99972683,924.2831,20.94,46.750859531057806,-121.80465696730916, 
2025-07-09 16:14:06,1.0928843,10.066084,2.5216014,60.054173,84.01979,0.038690977,0.05461286,16651.633,0.9997268,924.30695,20.94,46.75085953105781,-121.80465696730916, 
2025-07-09 16:14:07,1.0928717,10.066169,2.5215724,60.053795,84.01907,0.038690638,0.054612394,16651.738,0.9997268,924.3074,20.94,46.75085953105781,-121.80465696730916, 
2025-07-09 16:14:08,1.092859,10.066253,2.5215433,60.053417,84.01835,0.0386903,0.05461193,16651.844,0.9997268,924.30786,20.94,46.75085953105781,-121.80465696730916, 
2025-07-09 16:14:09,1.093358,10.066983,2.5226948,60.062584,84.02954,0.038695734,0.0546192,16649.299,0.99972665,924.3174,20.94,46.750859531057806,-121.80465696730916, 
2025-07-09 16:14:10,1.0933819,10.067051,2.5227497,60.063267,84.03034,0.03869612,0.054619722,16649.111,0.99972665,924.3186,20.94,46.750859531057806,-121.80465696730919, 
2025-07-09 16:14:11,1.0934056,10.06712,2.5228045,60.063946,84.031136,0.038696513,0.054620244,16648.922,0.99972665,924.3198,20.94,46.750859531057806,-121.80465696730921, 
2025-07-09 16:14:12,1.0800712,10.067689,2.4920385,60.031193,83.98404,0.038673908,0.054589625,16658.008,0.99972665,924.31946,20.931206,46.750859531057806,-121.80465696730924, 
2025-07-09 16:14:13,1.0792886,10.067742,2.490233,60.02947,83.98151,0.038672693,0.05458798,16658.484,0.99972665,924.3197,20.930681,46.750859531057806,-121.80465696730924, 
2025-07-09 16:14:14,1.0910275,10.068689,2.517318,60.051178,84.00975,0.038686343,0.054606337,16652.465,0.9997265,924.3197,20.930382,46.7508595310578,-121.80465696730924, 
2025-07-09 16:14:15,1.0914439,10.068762,2.5182788,60.051758,84.0104,0.03868666,0.054606758,16652.303,0.9997265,924.3197,20.930157,46.750859531057806,-121.80465696730924, 
2025-07-09 16:14:16,1.0918603,10.068834,2.5192394,60.052338,84.01105,0.038686976,0.05460718,16652.143,0.9997265,924.3197,20.929932,46.750859531057806,-121.80465696730927, 
2025-07-09 16:14:17,1.0922529,10.069884,2.5201454,60.059616,84.018875,0.038690824,0.05461227,16650.123,0.99972636,924.3197,20.938616,46.75085953105781,-121.80465696730927, 
2025-07-09 16:14:18,1.0925775,10.069971,2.5208943,60.06062,84.02008,0.038691413,0.054613054,16649.846,0.99972636,924.3197,20.939138,46.75085953105782,-121.80465696730927, 
2025-07-09 16:14:19,1.0929021,10.070059,2.5216434,60.061623,84.021286,0.038691998,0.054613836,16649.568,0.99972636,924.3197,20.939663,46.75085953105781,-121.80465696730927, 
2025-07-09 16:14:20,1.0930995,10.070867,2.522099,60.01481,83.95399,0.038659696,0.054570094,16662.555,0.9997263,924.3197,20.939766,46.75085953105781,-121.80465696730927, 
2025-07-09 16:14:21,1.0931234,10.070942,2.5221543,60.012203,83.95017,0.03865787,0.054567613,16663.277,0.9997263,924.3197,20.939991,46.750859531057806,-121.80465696730927, 
2025-07-09 16:14:22,1.0931373,10.071589,2.5221868,60.04081,83.98875,0.038676456,0.054592684,16655.338,0.99972624,924.3113,20.94,46.7508595310578,-121.80465696730927, 
2025-07-09 16:14:23,1.0931476,10.071649,2.5222104,60.0415,83.98958,0.038676858,0.054593224,16655.146,0.99972624,924.3107,20.94,46.7508595310578,-121.80465696730927, 
2025-07-09 16:14:24,1.0931579,10.071708,2.5222342,60.042187,83.99041,0.03867726,0.054593764,16654.957,0.99972624,924.3102,20.94,46.7508595310578,-121.80465696730927, 
2025-07-09 16:14:25,1.0923762,10.072435,2.520431,60.006603,83.938995,0.0386526,0.054560345,16664.834,0.9997261,924.2757,20.931423,46.750859531057806,-121.80465696730928, 
2025-07-09 16:14:26,1.0923291,10.072495,2.5203223,60.00519,83.93689,0.03865159,0.054558977,16665.225,0.9997261,924.27344,20.930906,46.750859531057806,-121.80465696730928, 
2025-07-09 16:14:27,1.092282,10.072556,2.5202138,60.00378,83.934784,0.03865058,0.054557607,16665.617,0.9997261,924.2711,20.930387,46.75085953105781,-121.80465696730928, 
2025-07-09 16:14:28,1.0806988,10.073676,2.493488,60.006702,83.93635,0.03865142,0.054558627,16664.805,0.999726,924.3144,20.93899,46.750859531057806,-121.80465696730928, 
2025-07-09 16:14:29,1.0799916,10.073761,2.491856,60.00599,83.93516,0.038650855,0.054557852,16665.004,0.999726,924.3161,20.939287,46.75085953105781,-121.80465696730928, 
2025-07-09 16:14:30,1.0908519,10.074281,2.5169144,60.009438,83.93882,0.038652655,0.054560237,16664.045,0.99972594,924.28394,20.922686,46.750859531057834,-121.80465696730931, 
2025-07-09 16:14:31,1.0912752,10.074339,2.517891,60.009758,83.93914,0.038652807,0.05456044,16663.957,0.99972594,924.2829,20.921835,46.750859531057834,-121.80465696730931, 
2025-07-09 16:14:32,1.0916984,10.074397,2.5188675,60.010075,83.93945,0.038652964,0.054560646,16663.87,0.99972594,924.28186,20.920986,46.750859531057834,-121.80465696730934, 
2025-07-09 16:14:33,1.0891259,10.075656,2.512932,60.089607,84.04787,0.03870519,0.054631114,16641.818,0.9997259,924.3152,20.937756,46.750859531057834,-121.80465696730934, 
2025-07-09 16:14:34,1.0892603,10.075745,2.5132422,60.094517,84.054535,0.0387084,0.054635447,16640.457,0.9997259,924.31635,20.938335,46.750859531057834,-121.80465696730937, 
2025-07-09 16:14:35,1.0893949,10.075833,2.5135527,60.099422,84.061195,0.03871161,0.05463978,16639.098,0.9997259,924.3175,20.938913,46.750859531057834,-121.8046569673094, 
2025-07-09 16:14:36,1.0924253,10.076166,2.520545,60.08132,84.03513,0.0386991,0.05462284,16644.11,0.9997258,924.2753,20.930798,46.750859531057834,-121.8046569673094, 
2025-07-09 16:14:37,1.0925431,10.076218,2.5208168,60.082264,84.03634,0.038699683,0.054623622,16643.848,0.9997258,924.2737,20.930735,46.75085953105784,-121.80465696730941, 
2025-07-09 16:14:38,1.0926609,10.076269,2.5210884,60.08321,84.037544,0.038700268,0.054624405,16643.586,0.9997258,924.27203,20.930672,46.75085953105784,-121.80465696730941, 
2025-07-09 16:14:39,1.092631,10.077238,2.5210197,60.039677,83.97449,0.038670022,0.05458342,16655.654,0.99972576,924.2619,20.930218,46.750859531057834,-121.80465696730941, 
2025-07-09 16:14:40,1.0927057,10.077304,2.521192,60.03674,83.97022,0.038667977,0.054580647,16656.469,0.99972576,924.2603,20.93,46.750859531057834,-121.80465696730941, 
2025-07-09 16:14:41,1.0927022,10.077801,2.5211837,60.043644,83.97877,0.038672123,0.0545862,16654.553,0.9997257,924.27716,20.93,46.750859531057834,-121.80465696730941, 
2025-07-09 16:14:42,1.0926988,10.077854,2.521176,60.043083,83.97787,0.038671695,0.054585613,16654.707,0.9997257,924.27795,20.93,46.750859531057834,-121.80465696730941, 
2025-07-09 16:14:43,1.0926956,10.0779085,2.5211687,60.042526,83.97697,0.038671266,0.054585025,16654.863,0.9997257,924.2788,20.93,46.750859531057834,-121.80465696730944, 
2025-07-09 16:14:44,1.0928229,10.078943,2.5214627,60.042404,83.97447,0.03867014,0.054583408,16654.896,0.9997256,924.3226,20.93,46.75085953105784,-121.80465696730944, 
2025-07-09 16:14:45,1.0928304,10.079018,2.52148,60.04257,83.97454,0.03867018,0.054583453,16654.852,0.9997256,924.3256,20.93,46.75085953105784,-121.80465696730944, 
2025-07-09 16:14:46,1.0928379,10.079092,2.5214972,60.042736,83.9746,0.038670216,0.054583494,16654.805,0.9997256,924.3287,20.93,46.75085953105784,-121.80465696730944, 
2025-07-09 16:14:47,1.0933622,10.079418,2.5227075,60.00161,83.91635,0.038642235,0.054545633,16666.22,0.99972546,924.2575,20.921097,46.750859531057834,-121.80465696730947, 
2025-07-09 16:14:48,1.0933967,10.079465,2.5227869,59.99915,83.91281,0.038640536,0.05454333,16666.904,0.99972546,924.2544,20.920567,46.750859531057834,-121.80465696730947, 
2025-07-09 16:14:49,1.0932992,10.0793085,2.5225549,65.37226,91.42785,0.042252608,0.059428103,15316.551,0.9997284,924.2609,20.920343,46.750859531057834,-121.8046569673095, 
2025-07-09 16:14:50,1.0933058,10.079307,2.5225697,65.69914,91.88502,0.04247234,0.059725262,15234.427,0.9997285,924.25964,20.920116,46.750859531057834,-121.80465696730953, 
2025-07-09 16:14:51,1.0933124,10.079306,2.5225844,66.02602,92.34218,0.042692073,0.060022417,15152.303,0.9997287,924.25836,20.919888,46.750859531057834,-121.80465696730953, 
2025-07-09 16:14:52,1.0925114,10.080988,2.520732,69.68294,97.45222,0.04514704,0.06334394,14364.391,0.9997305,924.2594,20.92,46.750859531057834,-121.80465696730954, 
2025-07-09 16:14:53,1.0924604,10.081087,2.5206137,70.03858,97.94935,0.045385912,0.063667074,14282.983,0.9997307,924.25964,20.92,46.750859531057834,-121.80465696730954, 
2025-07-09 16:14:54,1.0924094,10.081185,2.5204957,70.394226,98.44649,0.045624785,0.06399021,14201.575,0.9997309,924.2599,20.92,46.750859531057834,-121.80465696730954, 
2025-07-09 16:14:55,1.0925443,10.082833,2.520795,79.63007,111.35785,0.0518237,0.0723826,12586.627,0.9997356,924.27747,20.92,46.75085953105784,-121.80465696730957, 
2025-07-09 16:14:56,1.0925317,10.0829735,2.520765,80.27327,112.25696,0.05225542,0.07296702,12470.079,0.99973595,924.2785,20.92,46.750859531057834,-121.80465696730957, 
2025-07-09 16:14:57,1.092793,10.085134,2.5213702,78.745735,110.11446,0.051227313,0.0715744,12705.691,0.999735,924.26196,20.911474,46.750859531057834,-121.80465696730957, 
2025-07-09 16:14:58,1.092812,10.085305,2.5214138,78.87262,110.291405,0.0513123,0.07168941,12681.35,0.99973506,924.26135,20.91095,46.750859531057834,-121.8046569673096, 
2025-07-09 16:14:59,1.092831,10.085477,2.5214577,78.9995,110.46835,0.051397286,0.07180443,12657.008,0.9997351,924.26074,20.910425,46.750859531057834,-121.80465696730963, 
2025-07-09 16:15:00,1.0929601,10.086943,2.5217564,78.61841,109.93113,0.051139552,0.07145524,12719.97,0.9997347,924.27765,20.91897,46.750859531057834,-121.80465696730963, 
2025-07-09 16:15:01,1.0929744,10.087086,2.5217896,78.55708,109.84495,0.051098198,0.07139922,12729.66,0.9997347,924.27826,20.91927,46.75085953105784,-121.80465696730963, 
2025-07-09 16:15:02,1.0929887,10.087229,2.5218227,78.49575,109.758766,0.051056843,0.0713432,12739.35,0.99973464,924.2789,20.919569,46.75085953105784,-121.80465696730963, 
2025-07-09 16:15:03,1.0925916,10.088655,2.5209067,78.56951,109.85772,0.051104486,0.07140751,12727.587,0.9997346,924.3148,20.91093,46.75085953105785,-121.80465696730963, 
2025-07-09 16:15:04,1.0925717,10.088779,2.5208607,78.56555,109.85182,0.051101673,0.07140368,12728.225,0.9997346,924.3173,20.910631,46.75085953105784,-121.80465696730963, 
2025-07-09 16:15:05,1.0929371,10.090163,2.521704,78.59988,109.895744,0.051122893,0.07143223,12722.667,0.9997344,924.2757,20.910349,46.75085953105784,-121.80465696730963, 
2025-07-09 16:15:06,1.0929503,10.090283,2.5217347,78.602844,109.89954,0.05112473,0.07143471,12722.187,0.9997344,924.274,20.910124,46.750859531057834,-121.80465696730963, 
2025-07-09 16:15:07,1.0929636,10.090404,2.5217652,78.60581,109.90334,0.051126562,0.07143717,12721.705,0.9997344,924.2723,20.909899,46.75085953105784,-121.80465696730963, 
2025-07-09 16:15:08,1.0929749,10.091604,2.5217917,78.608955,109.90421,0.0511271,0.07143774,12721.196,0.9997343,924.2798,20.901306,46.750859531057834,-121.80465696730963, 
2025-07-09 16:15:09,1.0929849,10.091712,2.5218148,78.60999,109.90535,0.051127654,0.07143848,12721.029,0.9997343,924.2792,20.900784,46.75085953105784,-121.80465696730963, 
2025-07-09 16:15:10,1.0929948,10.09182,2.5218377,78.61103,109.90649,0.05112821,0.071439214,12720.861,0.9997343,924.27856,20.900259,46.750859531057834,-121.80465696730963, 
2025-07-09 16:15:11,1.0936091,10.092861,2.523255,78.610756,109.90304,0.05112666,0.07143698,12720.905,0.99973416,924.3061,20.900202,46.750859531057834,-121.80465696730963, 
2025-07-09 16:15:12,1.0936458,10.092955,2.5233397,78.610855,109.9029,0.051126603,0.07143689,12720.89,0.99973416,924.30786,20.899977,46.750859531057834,-121.80465696730963, 
2025-07-09 16:15:13,1.092945,10.094233,2.521723,78.61687,109.90756,0.051128965,0.071439914,12719.917,0.99973404,924.3341,20.90849,46.75085953105784,-121.80465696730964, 
2025-07-09 16:15:14,1.0929167,10.094336,2.5216577,78.61724,109.90779,0.05112908,0.071440056,12719.855,0.99973404,924.33636,20.909008,46.75085953105784,-121.80465696730967, 
2025-07-09 16:15:15,1.0928884,10.0944395,2.5215926,78.61762,109.90801,0.0511292,0.071440205,12719.795,0.99973404,924.33856,20.909529,46.750859531057834,-121.80465696730967, 
2025-07-09 16:15:16,1.0929922,10.0959835,2.5218325,78.63664,109.93006,0.051139936,0.07145454,12716.718,0.99973387,924.27795,20.883602,46.750859531057834,-121.80465696730967, 
2025-07-09 16:15:17,1.092981,10.096109,2.5218067,78.63795,109.93152,0.051140647,0.071455486,12716.507,0.99973387,924.2749,20.882235,46.750859531057834,-121.80465696730967, 
2025-07-09 16:15:18,1.0929698,10.096235,2.521781,78.63925,109.932976,0.05114136,0.07145643,12716.296,0.99973387,924.27185,20.880869,46.750859531057834,-121.80465696730967, 
2025-07-09 16:15:19,1.0927273,10.097287,2.5212216,78.57152,109.835205,0.05109453,0.07139288,12727.26,0.9997337,924.3243,20.889444,46.750859531057834,-121.80465696730967, 
2025-07-09 16:15:20,1.0927154,10.09739,2.521194,78.568,109.82999,0.051092036,0.07138949,12727.828,0.9997337,924.32587,20.889288,46.75085953105784,-121.80465696730967, 
2025-07-09 16:15:21,1.0928308,10.098025,2.5214605,78.57885,109.843285,0.05109848,0.07139813,12726.071,0.9997337,924.2936,20.881136,46.75085953105784,-121.8046569673097, 
2025-07-09 16:15:22,1.0928319,10.09809,2.521463,78.57793,109.841805,0.051097777,0.07139717,12726.221,0.9997337,924.29285,20.880836,46.75085953105784,-121.8046569673097, 
2025-07-09 16:15:23,1.0928329,10.098155,2.5214655,78.577,109.840324,0.051097076,0.07139621,12726.37,0.9997337,924.2921,20.880537,46.75085953105784,-121.8046569673097, 
2025-07-09 16:15:24,1.0802898,10.0996,2.4925256,78.5898,109.85398,0.051103774,0.07140508,12724.298,0.99973357,924.27344,20.880278,46.75085953105785,-121.8046569673097, 
2025-07-09 16:15:25,1.0795354,10.099703,2.490785,78.59085,109.855156,0.05110435,0.07140584,12724.127,0.99973357,924.27155,20.880053,46.75085953105784,-121.8046569673097, 
2025-07-09 16:15:26,1.0787809,10.099806,2.489044,78.5919,109.85632,0.051104918,0.0714066,12723.956,0.99973357,924.2696,20.879827,46.750859531057834,-121.8046569673097, 
2025-07-09 16:15:27,1.0915687,10.10094,2.518549,78.61587,109.88648,0.051119503,0.07142622,12720.079,0.99973345,924.2613,20.871181,46.750859531057834,-121.8046569673097, 
2025-07-09 16:15:28,1.0920004,10.101045,2.519545,78.61759,109.88859,0.051120523,0.07142758,12719.801,0.99973345,924.2603,20.870663,46.75085953105784,-121.80465696730973, 
2025-07-09 16:15:29,1.0928358,10.102649,2.5214734,78.610435,109.87388,0.051113628,0.071418025,12720.958,0.9997333,924.3027,20.870363,46.75085953105784,-121.80465696730973, 
2025-07-09 16:15:30,1.0931835,10.102775,2.5222754,78.61054,109.873665,0.05111354,0.07141788,12720.939,0.99973327,924.3051,20.87014,46.75085953105784,-121.80465696730973, 
2025-07-09 16:15:31,1.0935311,10.1029005,2.5230777,78.61066,109.87345,0.05111345,0.07141774,12720.922,0.99973327,924.30756,20.869919,46.75085953105784,-121.80465696730975, 
2025-07-09 16:15:32,1.0931792,10.103889,2.5222661,78.58763,109.83837,0.051096704,0.07139494,12724.649,0.9997331,924.30835,20.87,46.750859531057834,-121.80465696730975, 
2025-07-09 16:15:33,1.0931749,10.10399,2.5222561,78.586044,109.83587,0.05109551,0.07139332,12724.905,0.9997331,924.30945,20.87,46.750859531057834,-121.80465696730977, 
2025-07-09 16:15:34,1.0931705,10.104091,2.5222464,78.584465,109.83337,0.05109432,0.07139169,12725.161,0.9997331,924.3106,20.87,46.750859531057834,-121.80465696730977, 
2025-07-09 16:15:35,1.0802294,10.106097,2.4923878,78.59001,109.835236,0.05109541,0.07139291,12724.263,0.9997329,924.2743,20.87,46.750859531057834,-121.80465696730977, 
2025-07-09 16:15:36,1.0794572,10.106243,2.490606,78.58976,109.83444,0.051095046,0.071392395,12724.304,0.9997329,924.2722,20.87,46.750859531057834,-121.8046569673098, 
2025-07-09 16:15:37,1.0916092,10.108106,2.5186446,78.57945,109.81458,0.051085703,0.071379475,12725.974,0.9997328,924.3051,20.87,46.750859531057834,-121.8046569673098, 
2025-07-09 16:15:38,1.092055,10.108268,2.5196729,78.57894,109.81339,0.051085148,0.07137871,12726.056,0.99973273,924.30634,20.87,46.75085953105784,-121.8046569673098, 
2025-07-09 16:15:39,1.0925006,10.108431,2.5207012,78.57844,109.8122,0.051084597,0.07137793,12726.138,0.99973273,924.3075,20.87,46.75085953105784,-121.8046569673098, 
2025-07-09 16:15:40,1.0927567,10.109477,2.5212927,78.58924,109.824234,0.05109047,0.071385756,12724.389,0.9997326,924.27386,20.861328,46.750859531057834,-121.80465696730977, 
2025-07-09 16:15:41,1.0930809,10.109588,2.5220404,78.58963,109.82446,0.05109059,0.0713859,12724.325,0.9997326,924.2727,20.860804,46.750859531057834,-121.80465696730977, 
2025-07-09 16:15:42,1.093405,10.109697,2.5227883,78.59002,109.824684,0.05109071,0.07138605,12724.262,0.9997326,924.2715,20.860281,46.750859531057834,-121.80465696730977, 
2025-07-09 16:15:43,1.0930095,10.110649,2.5218759,78.57635,109.80279,0.051080298,0.07137181,12726.477,0.99973255,924.28827,20.869055,46.75085953105785,-121.80465696730977, 
2025-07-09 16:15:44,1.0929974,10.110734,2.521848,78.575806,109.80178,0.05107982,0.07137115,12726.564,0.99973255,924.2884,20.869356,46.75085953117428,-121.80465696746198, 
2025-07-09 16:15:45,1.0932589,10.111617,2.5224514,78.603424,109.83778,0.05109719,0.07139456,12722.093,0.9997325,924.27203,20.85265,46.75085953117428,-121.80465696746195, 
2025-07-09 16:15:46,1.0932715,10.111695,2.5224805,78.6048,109.83948,0.051098008,0.071395665,12721.87,0.9997325,924.2714,20.851826,46.75085953117427,-121.80465696746194, 
2025-07-09 16:15:47,1.0932841,10.111773,2.5225096,78.60618,109.84118,0.05109883,0.07139677,12721.646,0.9997325,924.2708,20.851002,46.75085953117428,-121.80465696746194, 
2025-07-09 16:15:48,1.0928942,10.113063,2.5216105,78.54366,109.750046,0.051055208,0.07133753,12731.772,0.9997323,924.28766,20.85057,46.750859531174285,-121.80465696746195, 
2025-07-09 16:15:49,1.0928773,10.113163,2.5215714,78.54058,109.74545,0.05105301,0.07133454,12732.271,0.9997323,924.2882,20.85012,46.750859531174285,-121.80465696746198, 
2025-07-09 16:15:50,1.0928603,10.113263,2.5215323,78.537506,109.74085,0.051050812,0.07133155,12732.7705,0.9997323,924.2888,20.849672,46.750859531174285,-121.80465696746198, 
2025-07-09 16:15:51,1.0929799,10.1137495,2.5218084,78.559364,109.769966,0.051064838,0.07135048,12729.228,0.99973226,924.28046,20.85,46.750859531174285,-121.80465696746198, 
2025-07-09 16:15:52,1.0929773,10.113812,2.5218022,78.55908,109.769394,0.05106457,0.071350105,12729.272,0.99973226,924.2804,20.85,46.750859531174285,-121.80465696746198, 
2025-07-09 16:15:53,1.0929818,10.114448,2.521813,78.58964,109.81023,0.051084228,0.071376644,12724.325,0.9997322,924.2886,20.84151,46.750859531174285,-121.80465696746198, 
2025-07-09 16:15:54,1.092985,10.114498,2.5218205,78.59206,109.81345,0.051085785,0.071378745,12723.934,0.9997322,924.2889,20.840986,46.75085953117428,-121.80465696746201, 
2025-07-09 16:15:55,1.0929884,10.11455,2.521828,78.594475,109.81669,0.051087342,0.071380846,12723.541,0.9997322,924.2892,20.840462,46.75085953117428,-121.80465696746201, 
2025-07-09 16:15:56,1.0928615,10.116308,2.5215356,78.62645,109.85621,0.051106494,0.071406536,12718.367,0.9997321,924.2721,20.840288,46.75085953117428,-121.80465696746201, 
2025-07-09 16:15:57,1.0928539,10.116431,2.521518,78.62915,109.85962,0.051108144,0.07140875,12717.931,0.9997321,924.2713,20.840063,46.75085953117428,-121.80465696746201, 
2025-07-09 16:15:58,1.0928463,10.116553,2.5215006,78.63185,109.86303,0.051109795,0.07141097,12717.493,0.9997321,924.27045,20.839838,46.750859531174285,-121.80465696746204, 
2025-07-09 16:15:59,1.0929732,10.118269,2.5217938,78.58214,109.78856,0.05107421,0.07136256,12725.539,0.9997319,924.27014,20.831165,46.750859531174285,-121.80465696746207, 
2025-07-09 16:16:00,1.0929776,10.118416,2.5218039,78.580025,109.78517,0.0510726,0.071360365,12725.881,0.99973184,924.2697,20.83064,46.750859531174285,-121.80465696746207, 
2025-07-09 16:16:01,1.0933572,10.120028,2.5226805,78.58516,109.78761,0.051073935,0.071361944,12725.05,0.9997317,924.2782,20.830364,46.750859531174285,-121.80465696746208, 
2025-07-09 16:16:02,1.0933837,10.120168,2.5227416,78.58431,109.786026,0.051073186,0.071360916,12725.186,0.99973166,924.27875,20.83014,46.750859531174285,-121.80465696746208, 
2025-07-09 16:16:03,1.0934101,10.120308,2.5228026,78.58347,109.78444,0.05107244,0.07135988,12725.322,0.99973166,924.27924,20.829914,46.75085953117427,-121.80465696746208, 
2025-07-09 16:16:04,1.0806844,10.121043,2.493441,78.60494,109.81229,0.051085874,0.071377985,12721.846,0.99973154,924.30536,20.838655,46.75085953117427,-121.80465696746207, 
2025-07-09 16:16:05,1.0799235,10.121128,2.4916852,78.606384,109.81406,0.051086728,0.07137913,12721.612,0.99973154,924.3072,20.83918,46.750859531174264,-121.80465696746207, 
2025-07-09 16:16:06,1.0791625,10.121213,2.4899294,78.60783,109.81582,0.051087584,0.07138028,12721.379,0.99973154,924.30896,20.839705,46.75085953117425,-121.80465696746207, 
2025-07-09 16:16:07,1.0920274,10.122498,2.5196126,78.59896,109.799675,0.05107996,0.07136979,12722.814,0.9997314,924.3179,20.839785,46.75085953117425,-121.80465696746207, 
2025-07-09 16:16:08,1.0924685,10.122594,2.5206306,78.59897,109.79941,0.05107984,0.07136961,12722.8125,0.9997314,924.3191,20.84001,46.750859531174264,-121.80465696746207, 
2025-07-09 16:16:09,1.0926584,10.123643,2.521069,78.57135,109.75774,0.05105995,0.07134253,12727.286,0.9997313,924.29395,20.83152,46.75085953117426,-121.80465696746207, 
2025-07-09 16:16:10,1.0929747,10.123739,2.5217986,78.569435,109.75478,0.05105854,0.071340606,12727.597,0.9997313,924.2926,20.830996,46.75085953117425,-121.80465696746208, 
2025-07-09 16:16:11,1.0932909,10.123835,2.5225284,78.56751,109.75182,0.05105713,0.07133868,12727.907,0.9997313,924.29126,20.830471,46.75085953117424,-121.80465696746211, 
2025-07-09 16:16:12,1.0932883,10.125038,2.5225227,78.52845,109.693726,0.05102935,0.071300924,12734.239,0.9997312,924.2819,20.830292,46.75085953117424,-121.80465696746211, 
2025-07-09 16:16:13,1.0932897,10.125137,2.522526,78.52539,109.68916,0.051027168,0.07129796,12734.736,0.9997312,924.28076,20.830067,46.75085953117425,-121.80465696746211, 
2025-07-09 16:16:14,1.0932912,10.1252365,2.5225294,78.52232,109.68459,0.051024985,0.071294986,12735.232,0.9997312,924.27954,20.829842,46.75085953117426,-121.80465696746211, 
2025-07-09 16:16:15,1.0934112,10.1237755,2.5228052,78.73527,109.986336,0.051169693,0.071491115,12700.802,0.9997314,924.3241,20.83,46.75085953117426,-121.80465696746211, 
2025-07-09 16:16:16,1.0934212,10.123719,2.5228283,78.74691,110.002754,0.051177576,0.07150179,12698.919,0.9997315,924.3265,20.83,46.75085953117426,-121.80465696746211, 
2025-07-09 16:16:17,1.093192,10.121093,2.522289,86.32234,120.5936,0.056260463,0.07838584,11602.026,0.99973565,924.3194,20.821526,46.750859531174264,-121.80465696746214, 
2025-07-09 16:16:18,1.0931805,10.120895,2.5222619,86.79625,121.25623,0.056578483,0.078816555,11533.322,0.99973595,924.32,20.821001,46.750859531174264,-121.80465696746214, 
2025-07-09 16:16:19,1.0931691,10.120699,2.5222347,87.27016,121.91888,0.056896504,0.079247266,11464.618,0.9997362,924.3206,20.820477,46.75085953117426,-121.80465696746214, 
2025-07-09 16:16:20,1.0930179,10.124079,2.5218787,93.31118,130.34647,0.06094117,0.0847252,10731.81,0.9997391,924.32,20.820295,46.75085953117427,-121.80465696746217, 
2025-07-09 16:16:21,1.093003,10.124218,2.5218437,93.86819,131.12408,0.061314378,0.08523066,10659.755,0.9997394,924.31976,20.82007,46.75085953117427,-121.80465696746217, 
2025-07-09 16:16:22,1.092988,10.124356,2.5218084,94.42519,131.90172,0.061687585,0.08573612,10587.699,0.9997397,924.3195,20.819845,46.75085953117426,-121.80465696746217, 
2025-07-09 16:16:23,1.0806472,10.126304,2.4933374,92.836784,129.67616,0.060619794,0.084289506,10772.695,0.99973863,924.2668,20.811178,46.75085953117427,-121.80465696746218, 
2025-07-09 16:16:24,1.0799088,10.126503,2.4916337,92.8995,129.76309,0.060661532,0.08434601,10764.532,0.99973863,924.2636,20.810654,46.75085953117427,-121.80465696746218, 
2025-07-09 16:16:25,1.0795122,10.127815,2.4907167,94.53835,132.0476,0.061758004,0.08583095,10578.207,0.99973947,924.2619,20.81037,46.7508595311763,-121.80465696746484, 
2025-07-09 16:16:26,1.0791974,10.127941,2.4899902,94.60442,132.13945,0.061802097,0.08589065,10570.707,0.9997395,924.26056,20.810144,46.75085953117836,-121.80465696746751, 
2025-07-09 16:16:27,1.0788826,10.128066,2.4892638,94.670494,132.23131,0.06184619,0.08595035,10563.206,0.9997395,924.2592,20.80992,46.75085953117836,-121.80465696746752, 
2025-07-09 16:16:28,1.0780921,10.129981,2.487439,95.54317,133.44339,0.06242808,0.08673821,10466.847,0.9997398,924.3115,20.818636,46.75085953117835,-121.80465696746752, 
2025-07-09 16:16:29,1.0780374,10.13013,2.4873126,95.63783,133.5751,0.0624913,0.08682381,10456.257,0.9997398,924.31464,20.81916,46.75085953117834,-121.80465696746752, 
2025-07-09 16:16:30,1.0779827,10.130278,2.4871862,95.7325,133.7068,0.062554516,0.08690942,10445.666,0.9997399,924.3178,20.819683,46.75085953117834,-121.80465696746755, 
2025-07-09 16:16:31,1.0782416,10.132217,2.4877849,95.39709,133.23145,0.062326632,0.08660044,10482.523,0.9997396,924.371,20.819769,46.75085953117834,-121.80465696746755, 
2025-07-09 16:16:32,1.078234,10.132381,2.4877672,95.39992,133.23482,0.06232827,0.08660263,10482.198,0.9997395,924.3755,20.819994,46.750859531178335,-121.80465696746758, 
2025-07-09 16:16:33,1.078636,10.133542,2.4886951,95.429855,133.27249,0.0623465,0.08662712,10478.905,0.99973947,924.3014,20.811552,46.75085953117833,-121.80465696746758, 
2025-07-09 16:16:34,1.0786673,10.133658,2.4887671,95.42444,133.26451,0.06234268,0.08662193,10479.498,0.9997394,924.29803,20.811028,46.75085953117833,-121.80465696746758, 
2025-07-09 16:16:35,1.0786984,10.133776,2.4888394,95.419014,133.25652,0.062338863,0.08661674,10480.091,0.9997394,924.2946,20.810503,46.75085953117833,-121.80465696746758, 
2025-07-09 16:16:36,1.0788176,10.135057,2.4891145,95.486855,133.34671,0.0623823,0.08667537,10472.647,0.9997393,924.2839,20.810305,46.75085953117833,-121.80465696746758, 
2025-07-09 16:16:37,1.0788349,10.135163,2.4891543,95.491875,133.35333,0.062385496,0.086679675,10472.097,0.9997393,924.2813,20.81008,46.75085953117833,-121.80465696746758, 
2025-07-09 16:16:38,1.0788522,10.135269,2.4891942,95.496895,133.35997,0.06238869,0.08668399,10471.546,0.9997393,924.27875,20.809856,46.75085953117832,-121.80465696746758, 
2025-07-09 16:16:39,1.0775721,10.135997,2.486241,95.5007,133.3627,0.06239009,0.086685754,10471.127,0.99973917,924.3151,20.818792,46.75085953117833,-121.80465696746761, 
2025-07-09 16:16:40,1.077499,10.136073,2.4860725,95.50262,133.3651,0.062391248,0.08668731,10470.918,0.99973917,924.31696,20.819317,46.75085953117833,-121.80465696746761, 
2025-07-09 16:16:41,1.0784217,10.137723,2.4882016,95.56026,133.43973,0.062427253,0.08673582,10464.603,0.99973905,924.3604,20.819618,46.750859531178335,-121.80465696746761, 
2025-07-09 16:16:42,1.0784491,10.137842,2.4882648,95.56392,133.44441,0.062429518,0.08673887,10464.201,0.99973905,924.36395,20.819843,46.75085953117833,-121.80465696746761, 
2025-07-09 16:16:43,1.0784765,10.137961,2.4883282,95.56758,133.44911,0.062431786,0.086741924,10463.8,0.99973905,924.3675,20.820066,46.75085953117833,-121.80465696746761, 
2025-07-09 16:16:44,1.0783776,10.139499,2.4881003,95.5496,133.41852,0.062417295,0.08672204,10465.769,0.9997389,924.27374,20.811419,46.75085953117833,-121.80465696746761, 
2025-07-09 16:16:45,1.0783955,10.139633,2.4881413,95.549965,133.41855,0.06241733,0.08672205,10465.729,0.9997389,924.26917,20.8109,46.75085953117833,-121.80465696746764, 
2025-07-09 16:16:46,1.0784132,10.139768,2.4881825,95.55033,133.41858,0.06241736,0.086722076,10465.688,0.9997389,924.2646,20.810383,46.75085953117832,-121.80465696746764, 
2025-07-09 16:16:47,1.0781873,10.140498,2.4876616,95.51844,133.37144,0.062394828,0.08669145,10469.183,0.9997388,924.2624,20.810242,46.75085953117832,-121.80465696746764, 
2025-07-09 16:16:48,1.0781715,10.140582,2.487625,95.5161,133.36787,0.06239312,0.08668912,10469.44,0.9997388,924.25995,20.81002,46.750859531178314,-121.80465696746764, 
2025-07-09 16:16:49,1.0784926,10.142315,2.4883664,95.55538,133.41658,0.062416706,0.08672078,10465.135,0.9997387,924.2766,20.818436,46.75085953117831,-121.80465696746764, 
2025-07-09 16:16:50,1.0785077,10.14244,2.4884012,95.5571,133.41853,0.062417656,0.086722046,10464.947,0.99973863,924.27765,20.81896,46.75085953117831,-121.80465696746761, 
2025-07-09 16:16:51,1.0785228,10.142565,2.4884357,95.558815,133.42049,0.062418606,0.08672332,10464.759,0.99973863,924.2787,20.819485,46.75085953117831,-121.80465696746758, 
2025-07-09 16:16:52,1.0786836,10.143631,2.4888072,95.54082,133.39156,0.062404856,0.086704515,10466.73,0.9997385,924.2533,20.80247,46.750859531178314,-121.80465696746758, 
2025-07-09 16:16:53,1.0787016,10.143739,2.4888487,95.54072,133.39104,0.062404618,0.08670418,10466.741,0.9997385,924.2522,20.801645,46.750859531178314,-121.80465696746761, 
2025-07-09 16:16:54,1.0787195,10.143847,2.48889,95.54062,133.39052,0.06240438,0.08670384,10466.752,0.9997385,924.25104,20.800821,46.75085953117832,-121.80465696746761, 
2025-07-09 16:16:55,1.0787159,10.145372,2.488882,95.51514,133.3495,0.062384892,0.08667717,10469.545,0.99973834,924.23285,20.809254,46.75085953117832,-121.80465696746761, 
2025-07-09 16:16:56,1.0787199,10.145492,2.4888911,95.51317,133.34633,0.062383384,0.08667511,10469.761,0.99973834,924.2311,20.809328,46.75085953117833,-121.80465696746764, 
2025-07-09 16:16:57,1.0791768,10.146473,2.4899457,95.52378,133.35765,0.06238893,0.086682476,10468.599,0.9997383,924.30634,20.818045,46.750859531178335,-121.80465696746764, 
2025-07-09 16:16:58,1.0792052,10.14657,2.4900112,95.523865,133.35744,0.062388837,0.08668233,10468.589,0.9997383,924.3106,20.818794,46.750859531178335,-121.80465696746764, 
2025-07-09 16:16:59,1.0792336,10.1466675,2.4900768,95.52395,133.35721,0.06238874,0.086682186,10468.579,0.9997383,924.3149,20.819542,46.750859531178335,-121.80465696746764, 
2025-07-09 16:17:00,1.0791464,10.147781,2.489876,95.51812,133.34511,0.06238307,0.08667432,10469.218,0.99973816,924.27386,20.811083,46.75085953117834,-121.80465696746764, 
2025-07-09 16:17:01,1.0791526,10.147874,2.48989,95.51804,133.34468,0.062382877,0.08667404,10469.227,0.99973816,924.27325,20.810783,46.75085953117834,-121.80465696746764, 
2025-07-09 16:17:02,1.0791588,10.147965,2.4899044,95.51797,133.34424,0.06238268,0.08667376,10469.235,0.99973816,924.2727,20.810484,46.75085953117834,-121.80465696746764, 
2025-07-09 16:17:03,1.0782795,10.149022,2.4878762,95.50694,133.32509,0.062373612,0.08666131,10470.442,0.999738,924.31476,20.819016,46.75085953117835,-121.80465696746764, 
2025-07-09 16:17:04,1.0782249,10.149115,2.4877503,95.506134,133.32364,0.062372923,0.08666036,10470.531,0.999738,924.3163,20.819315,46.75085953117835,-121.80465696746761, 
2025-07-09 16:17:05,1.0786698,10.1500025,2.4887764,95.60216,133.45453,0.062435847,0.08674544,10460.017,0.999738,924.32623,20.81961,46.75085953117835,-121.80465696746761, 
2025-07-09 16:17:06,1.078677,10.150082,2.4887934,95.60788,133.46223,0.062439557,0.086750455,10459.39,0.999738,924.3279,20.819836,46.75085953117834,-121.80465696746761, 
2025-07-09 16:17:07,1.0786844,10.150162,2.4888103,95.6136,133.46994,0.062443264,0.08675546,10458.763,0.999738,924.3295,20.82006,46.750859531178335,-121.80465696746758, 
2025-07-09 16:17:08,1.0790696,10.152078,2.4896996,95.59986,133.44392,0.06243102,0.08673856,10460.268,0.9997378,924.29504,20.811403,46.75085953117834,-121.80465696746758, 
2025-07-09 16:17:09,1.0791047,10.152216,2.4897807,95.60144,133.44565,0.06243186,0.08673967,10460.094,0.99973774,924.29315,20.810879,46.75085953117834,-121.80465696746758, 
2025-07-09 16:17:10,1.0791397,10.152355,2.4898615,95.60302,133.44736,0.062432703,0.086740784,10459.921,0.99973774,924.2913,20.810354,46.750859531178335,-121.80465696746755, 
2025-07-09 16:17:11,1.0784744,10.153418,2.4883268,95.52329,133.33229,0.062377594,0.08666599,10468.652,0.9997376,924.2907,20.827787,46.750859531178335,-121.80465696746758, 
2025-07-09 16:17:12,1.0784444,10.15353,2.4882574,95.5182,133.32478,0.062374007,0.08666111,10469.21,0.9997376,924.2898,20.828613,46.75085953117833,-121.80465696746755, 
2025-07-09 16:17:13,1.078807,10.154503,2.4890943,95.53836,133.34946,0.062385965,0.08667715,10467,0.99973756,924.33185,20.820797,46.75085953117833,-121.80465696746755, 
2025-07-09 16:17:14,1.078814,10.154588,2.4891105,95.53779,133.34837,0.062385447,0.08667644,10467.0625,0.99973756,924.3345,20.820723,46.75085953117832,-121.80465696746755, 
2025-07-09 16:17:15,1.0788211,10.154673,2.4891267,95.537224,133.34727,0.062384933,0.086675726,10467.124,0.99973756,924.3371,20.820648,46.75085953117832,-121.80465696746755, 
2025-07-09 16:17:16,1.0794715,10.155404,2.4906275,95.60374,133.4375,0.062428333,0.08673438,10459.843,0.9997375,924.3209,20.828913,46.75085953117831,-121.80465696746758, 
2025-07-09 16:17:17,1.0795206,10.155473,2.490741,95.60834,133.4437,0.06243131,0.0867384,10459.339,0.9997375,924.321,20.829212,46.75085953117831,-121.80465696746758, 
2025-07-09 16:17:18,1.0795697,10.155541,2.4908543,95.612946,133.44987,0.06243429,0.086742416,10458.835,0.9997375,924.3211,20.829514,46.75085953117831,-121.80465696746758, 
2025-07-09 16:17:19,1.078522,10.156338,2.4884372,95.6629,133.51677,0.06246648,0.086785905,10453.374,0.99973744,924.32904,20.820992,46.75085953117831,-121.80465696746758, 
2025-07-09 16:17:20,1.0784758,10.1564045,2.4883306,95.66757,133.52306,0.0624695,0.08678999,10452.863,0.99973744,924.3291,20.820694,46.75085953117831,-121.80465696746761, 
2025-07-09 16:17:21,1.0791712,10.157598,2.4899352,95.60789,133.43552,0.06242764,0.08673309,10459.389,0.9997373,924.3125,20.820395,46.75085953117831,-121.80465696746761, 
2025-07-09 16:17:22,1.0791899,10.15769,2.4899786,95.605316,133.4316,0.062425774,0.08673054,10459.67,0.99973726,924.31165,20.82017,46.75085953117831,-121.80465696746761, 
2025-07-09 16:17:23,1.0792085,10.1577835,2.4900217,95.602745,133.42767,0.062423903,0.08672799,10459.951,0.99973726,924.31085,20.819944,46.75085953117831,-121.80465696746761, 
2025-07-09 16:17:24,1.078618,10.159164,2.4886594,95.656105,133.49722,0.062457435,0.086773194,10454.117,0.99973714,924.2846,20.82,46.75085953125957,-121.80465696757351, 
2025-07-09 16:17:25,1.0785999,10.159279,2.4886177,95.65783,133.49922,0.06245841,0.086774506,10453.928,0.99973714,924.2826,20.82,46.75085953125957,-121.80465696757351, 
2025-07-09 16:17:26,1.0785819,10.159392,2.4885762,95.65956,133.50124,0.062459387,0.08677581,10453.738,0.99973714,924.2805,20.82,46.75085953125957,-121.80465696757351, 
2025-07-09 16:17:27,1.0789565,10.160349,2.4894407,95.65104,133.48595,0.06245217,0.086765856,10454.67,0.999737,924.3243,20.82,46.75085953125957,-121.80465696757351, 
2025-07-09 16:17:28,1.078964,10.160441,2.4894578,95.65187,133.48677,0.06245258,0.0867664,10454.578,0.999737,924.32623,20.82,46.75085953125957,-121.80465696757351, 
2025-07-09 16:17:29,1.078746,10.16164,2.488955,95.628426,133.44978,0.062434975,0.086742364,10457.143,0.9997369,924.31934,20.82,46.75085953125957,-121.80465696757351, 
2025-07-09 16:17:30,1.0787417,10.161737,2.4889452,95.62672,133.44705,0.062433675,0.08674059,10457.329,0.9997369,924.31995,20.82,46.75085953125956,-121.80465696757354, 
2025-07-09 16:17:31,1.0787374,10.161835,2.4889352,95.62501,133.44432,0.06243238,0.08673882,10457.517,0.9997369,924.3205,20.82,46.75085953125956,-121.80465696757354, 
2025-07-09 16:17:32,1.0789647,10.163601,2.4894602,95.66726,133.49701,0.062457867,0.08677305,10452.897,0.9997367,924.2857,20.82,46.75085953125956,-121.80465696757354, 
2025-07-09 16:17:33,1.0789729,10.163738,2.489479,95.66925,133.4993,0.062458985,0.08677454,10452.68,0.99973667,924.2834,20.82,46.75085953125956,-121.80465696757355, 
2025-07-09 16:17:34,1.0789812,10.163876,2.4894981,95.67125,133.50159,0.062460102,0.08677604,10452.462,0.99973667,924.28107,20.82,46.75085953125956,-121.80465696757355, 
2025-07-09 16:17:35,1.078861,10.165252,2.4892213,95.63395,133.44464,0.06243294,0.08673902,10456.538,0.99973655,924.2632,20.811243,46.75085953125957,-121.80465696757351, 
2025-07-09 16:17:36,1.0788596,10.16538,2.489218,95.632774,133.44257,0.062431958,0.08673766,10456.666,0.99973655,924.2612,20.810719,46.75085953125957,-121.80465696757351, 
2025-07-09 16:17:37,1.0785991,10.166832,2.4886174,95.64281,133.45139,0.06243637,0.0867434,10455.569,0.9997364,924.27734,20.810398,46.75085953125957,-121.80465696757351, 
2025-07-09 16:17:38,1.0785798,10.166955,2.4885728,95.64253,133.45056,0.06243599,0.08674286,10455.6,0.9997364,924.27795,20.810173,46.75085953125957,-121.80465696757351, 
2025-07-09 16:17:39,1.0785606,10.167077,2.4885285,95.64226,133.44974,0.06243561,0.086742334,10455.63,0.9997364,924.2785,20.809948,46.75085953125957,-121.80465696757351, 
2025-07-09 16:17:40,1.0789406,10.167885,2.4894056,95.60401,133.39351,0.062408715,0.08670578,10459.8125,0.9997363,924.322,20.81,46.75085953125957,-121.80465696757351, 
2025-07-09 16:17:41,1.0789574,10.16797,2.4894445,95.601944,133.39032,0.062407196,0.08670371,10460.039,0.9997363,924.3251,20.81,46.7508595312595,-121.80465696757366, 
2025-07-09 16:17:42,1.0789741,10.168055,2.489483,95.59988,133.38713,0.062405676,0.08670164,10460.266,0.9997363,924.3282,20.81,46.75085953125952,-121.80465696757379, 
2025-07-09 16:17:43,1.0788567,10.16926,2.4892123,95.65234,133.45604,0.062438905,0.08674643,10454.526,0.9997362,924.2935,20.81,46.750859531259515,-121.8046569675738, 
2025-07-09 16:17:44,1.0788592,10.1693535,2.489218,95.65452,133.45874,0.06244021,0.08674818,10454.289,0.9997362,924.29254,20.81,46.75085953125942,-121.80465696757396, 
2025-07-09 16:17:45,1.0788617,10.169447,2.4892237,95.656685,133.46144,0.062441517,0.08674993,10454.052,0.9997362,924.29156,20.81,46.75085953125957,-121.80465696757351, 
2025-07-09 16:17:46,1.0783236,10.170564,2.4879825,95.59871,133.37659,0.06240093,0.086694784,10460.393,0.9997361,924.2638,20.81,46.75085953125957,-121.80465696757351, 
2025-07-09 16:17:47,1.0782895,10.170661,2.4879038,95.596634,133.37335,0.062399384,0.086692676,10460.619,0.9997361,924.2613,20.81,46.75085953125957,-121.80465696757351, 
2025-07-09 16:17:48,1.078523,10.171797,2.4884431,95.608826,133.38632,0.062405746,0.08670111,10459.285,0.99973595,924.2693,20.81,46.75085953125957,-121.80465696757351, 
2025-07-09 16:17:49,1.0785251,10.171893,2.4884477,95.60822,133.38513,0.062405184,0.086700335,10459.352,0.99973595,924.26917,20.81,46.75085953125957,-121.80465696757351, 
2025-07-09 16:17:50,1.078527,10.171989,2.4884522,95.60761,133.38394,0.062404625,0.08669956,10459.418,0.99973595,924.269,20.81,46.75085953125957,-121.80465696757351, 
2025-07-09 16:17:51,1.0785371,10.173193,2.488476,95.57425,133.33313,0.062380377,0.08666653,10463.07,0.9997358,924.2782,20.81,46.75085953125957,-121.80465696757351, 
2025-07-09 16:17:52,1.0785437,10.173294,2.488491,95.57256,133.33041,0.06237909,0.086664766,10463.255,0.9997358,924.27893,20.81,46.750859531259096,-121.80465696757508, 
2025-07-09 16:17:53,1.0785501,10.173395,2.4885063,95.57088,133.3277,0.0623778,0.086663,10463.439,0.9997358,924.27966,20.81,46.75085953125913,-121.8046569675755, 
2025-07-09 16:17:54,1.0789454,10.174286,2.4894183,95.5715,133.32541,0.062376812,0.08666152,10463.37,0.9997357,924.3151,20.801096,46.750859531259074,-121.80465696757572, 
2025-07-09 16:17:55,1.078969,10.17437,2.4894726,95.57069,133.32397,0.06237613,0.08666058,10463.46,0.9997357,924.31744,20.800571,46.75085953125913,-121.80465696757595, 
2025-07-09 16:17:56,1.0787448,10.1755705,2.4889553,95.59644,133.35564,0.06239147,0.08668117,10460.641,0.99973565,924.27563,20.808887,46.750859531259074,-121.80465696757628, 
2025-07-09 16:17:57,1.0787405,10.175666,2.4889452,95.598045,133.35753,0.06239239,0.086682394,10460.466,0.99973565,924.27386,20.809187,46.750859531259174,-121.80465696757618, 
2025-07-09 16:17:58,1.0787362,10.175761,2.4889355,95.59964,133.3594,0.062393308,0.08668362,10460.291,0.99973565,924.27216,20.809486,46.75085953125932,-121.80465696757608, 
2025-07-09 16:17:59,1.0787272,10.177213,2.4889154,95.612144,133.37169,0.06239938,0.0866916,10458.923,0.9997355,924.28845,20.801014,46.750859531259344,-121.80465696757618, 
2025-07-09 16:18:00,1.078721,10.17733,2.4889011,95.61354,133.37323,0.06240013,0.086692594,10458.77,0.9997355,924.2884,20.800714,46.75085953125923,-121.80465696757648, 
2025-07-09 16:18:01,1.0787148,10.177448,2.488887,95.614944,133.37477,0.06240088,0.08669359,10458.616,0.9997355,924.2883,20.800415,46.750859531259316,-121.80465696757638, 
2025-07-09 16:18:02,1.078306,10.178325,2.4879436,95.61247,133.36821,0.06239783,0.086689346,10458.887,0.9997354,924.3071,20.800186,46.750859531259316,-121.80465696757622, 
2025-07-09 16:18:03,1.0782816,10.178415,2.4878874,95.61267,133.36816,0.06239782,0.086689316,10458.865,0.9997354,924.3086,20.799961,46.7508595312594,-121.80465696757648, 
2025-07-09 16:18:04,1.0789008,10.1792965,2.4893165,95.55596,133.28593,0.062358458,0.086635865,10465.072,0.99973524,924.292,20.808514,46.750859531259245,-121.80465696757682, 
2025-07-09 16:18:05,1.0789287,10.179372,2.4893808,95.55246,133.28079,0.062356,0.08663252,10465.455,0.99973524,924.29144,20.809032,46.75085953125927,-121.80465696757689, 
2025-07-09 16:18:06,1.0789566,10.179446,2.4894452,95.548965,133.27565,0.062353536,0.086629175,10465.838,0.99973524,924.29083,20.809551,46.7508595312592,-121.80465696757699, 
2025-07-09 16:18:07,1.0787346,10.18002,2.488933,95.63067,133.38756,0.062407322,0.086701915,10456.897,0.99973524,924.28156,20.809729,46.75085953125928,-121.80465696757717, 
2025-07-09 16:18:08,1.0787365,10.180078,2.4889374,95.63422,133.3923,0.06240961,0.086705,10456.51,0.99973524,924.2806,20.80995,46.750859531259124,-121.8046569675773, 
2025-07-09 16:18:09,1.0787385,10.180135,2.488942,95.637764,133.39705,0.062411893,0.086708084,10456.121,0.99973524,924.2796,20.810173,46.75085953125901,-121.80465696757753, 
2025-07-09 16:18:10,1.0791049,10.18119,2.4897876,95.64408,133.40211,0.06241445,0.08671138,10455.431,0.9997352,924.3154,20.81,46.75085953125915,-121.80465696757788, 
2025-07-09 16:18:11,1.079121,10.181268,2.4898248,95.64652,133.40524,0.062415965,0.08671342,10455.163,0.9997352,924.3173,20.81,46.75085953125898,-121.80465696757837, 
2025-07-09 16:18:12,1.0786179,10.181294,2.488664,95.6432,133.40051,0.062413696,0.086710334,10455.526,0.9997352,924.3098,20.801456,46.75085953125893,-121.80465696757882, 
2025-07-09 16:18:13,1.0785959,10.181321,2.4886131,95.64314,133.40033,0.06241361,0.08671022,10455.532,0.9997352,924.3102,20.80093,46.7508595312589,-121.80465696757915, 
2025-07-09 16:18:14,1.0785738,10.181349,2.488562,95.64308,133.40016,0.06241353,0.0867101,10455.539,0.9997352,924.31055,20.800406,46.75085953125903,-121.80465696757923, 
2025-07-09 16:18:15,1.0787134,10.182213,2.488885,95.59171,133.32544,0.06237778,0.08666153,10461.158,0.999735,924.2664,20.808977,46.750859531258925,-121.80465696757949, 
2025-07-09 16:18:16,1.0787091,10.182265,2.4888747,95.588554,133.32085,0.06237558,0.086658545,10461.504,0.999735,924.26355,20.809277,46.75085953125901,-121.80465696757989, 
2025-07-09 16:18:17,1.0787047,10.182319,2.4888647,95.58539,133.31625,0.062373377,0.08665556,10461.85,0.999735,924.2607,20.809576,46.75085953125909,-121.80465696757999, 
2025-07-09 16:18:18,1.0787168,10.182812,2.4888923,95.6095,133.34811,0.062388733,0.08667628,10459.213,0.999735,924.31396,20.80092,46.75085953125896,-121.80465696758036, 
2025-07-09 16:18:19,1.0787207,10.182863,2.4889016,95.609604,133.3481,0.06238873,0.086676255,10459.2,0.999735,924.316,20.800621,46.75085953125881,-121.80465696758058, 
2025-07-09 16:18:20,1.0785702,10.1840515,2.488555,95.58557,133.31035,0.062370747,0.08665173,10461.83,0.9997348,924.2835,20.80034,46.750859531258925,-121.8046569675805, 
2025-07-09 16:18:21,1.0785611,10.184136,2.4885337,95.584656,133.30878,0.062370002,0.0866507,10461.931,0.9997348,924.2828,20.800116,46.75085953125896,-121.80465696758091, 
2025-07-09 16:18:22,1.0785519,10.184221,2.4885125,95.58374,133.30719,0.062369253,0.08664968,10462.031,0.9997348,924.28204,20.79989,46.750859531258904,-121.8046569675813, 
2025-07-09 16:18:23,1.0784165,10.182555,2.4882026,93.48328,130.38353,0.060965873,0.08474929,10697.89,0.99973387,924.2808,20.8,46.75085953125897,-121.80465696758134, 
2025-07-09 16:18:24,1.0784045,10.182485,2.4881752,93.35623,130.20659,0.060880944,0.08463428,10712.153,0.99973375,924.2799,20.8,46.75085953125896,-121.80465696758124, 
2025-07-09 16:18:25,1.0783925,10.182415,2.4881477,93.229195,130.02965,0.060796015,0.08451927,10726.417,0.9997337,924.279,20.8,46.7508595312587,-121.80465696758117, 
2025-07-09 16:18:26,1.0786864,10.180658,2.488811,103.8097,144.79347,0.06788216,0.09411576,9646.004,0.9997395,924.30634,20.8,46.75085953125866,-121.8046569675816, 
2025-07-09 16:18:27,1.0787002,10.180513,2.488842,104.38081,145.59056,0.06826474,0.09463387,9588.2295,0.9997398,924.3079,20.8,46.750859531258605,-121.80465696758182, 
2025-07-09 16:18:28,1.079171,10.182749,2.4899237,108.32817,151.08727,0.070903994,0.09820672,9240.108,0.9997417,924.30865,20.80853,46.75085953125863,-121.80465696758172, 
2025-07-09 16:18:29,1.0792067,10.182846,2.4900055,108.82001,151.77286,0.07123312,0.098652355,9193.265,0.999742,924.3093,20.809053,46.75085953125853,-121.80465696758216, 
2025-07-09 16:18:30,1.0792425,10.182942,2.4900875,109.31184,152.45845,0.07156225,0.099098,9146.422,0.9997422,924.31,20.809578,46.75085953125867,-121.80465696758226, 
2025-07-09 16:18:31,1.0797718,10.184118,2.4913013,115.30803,160.81631,0.0755764,0.1045306,8677.512,0.9997452,924.2923,20.80973,46.750859531258676,-121.80465696758255, 
2025-07-09 16:18:32,1.0798155,10.184246,2.4914017,115.76891,161.45859,0.07588486,0.10494808,8640.479,0.9997454,924.29126,20.809954,46.75085953125853,-121.80465696758255, 
2025-07-09 16:18:33,1.0798594,10.184373,2.491502,116.2298,162.10086,0.07619331,0.10536555,8603.446,0.99974567,924.2902,20.810179,46.750859531258435,-121.80465696758246, 
2025-07-09 16:18:34,1.0793177,10.185402,2.490255,114.51456,159.7043,0.07504233,0.1038078,8733.078,0.9997447,924.28125,20.81,46.750859531258484,-121.80465696758269, 
2025-07-09 16:18:35,1.0792997,10.185493,2.4902134,114.57205,159.7841,0.07508066,0.10385967,8728.215,0.9997447,924.2803,20.81,46.75085953125846,-121.80465696758291, 
2025-07-09 16:18:36,1.078823,10.187081,2.4891148,113.7007,158.5622,0.074494004,0.10306542,8795.25,0.99974406,924.30554,20.801504,46.75085953125833,-121.80465696758326, 
2025-07-09 16:18:37,1.0787812,10.187204,2.4890187,113.60916,158.43402,0.074432455,0.10298211,8802.218,0.999744,924.3069,20.800985,46.750859531258314,-121.80465696758314, 
2025-07-09 16:18:38,1.0787396,10.187326,2.4889228,113.51763,158.30585,0.07437091,0.1028988,8809.187,0.99974394,924.30817,20.800467,46.75085953125829,-121.80465696758336, 
2025-07-09 16:18:39,1.0785832,10.188309,2.4885616,114.08027,159.0863,0.07474591,0.1034061,8765.787,0.9997442,924.2915,20.800285,46.75085953125834,-121.80465696758378, 
2025-07-09 16:18:40,1.078562,10.188408,2.4885125,114.09312,159.1038,0.07475433,0.10341748,8764.79,0.9997442,924.29114,20.800064,46.750859531258286,-121.80465696758384, 
2025-07-09 16:18:41,1.0785408,10.188506,2.4884636,114.10597,159.1213,0.07476275,0.10342885,8763.794,0.9997442,924.2908,20.79984,46.750859531258115,-121.80465696758387, 
2025-07-09 16:18:42,1.0789466,10.190031,2.4894001,114.31293,159.40343,0.074898474,0.10361223,8747.929,0.9997441,924.2813,20.80885,46.75085953125801,-121.80465696758404, 
2025-07-09 16:18:43,1.0789663,10.190147,2.4894454,114.33857,159.4387,0.07491543,0.103635155,8745.956,0.9997441,924.28033,20.809374,46.75085953125802,-121.80465696758435, 
2025-07-09 16:18:44,1.0784659,10.191679,2.4882913,114.40357,159.52283,0.074956074,0.10368985,8740.988,0.999744,924.3396,20.818153,46.75085953125794,-121.80465696758478, 
2025-07-09 16:18:45,1.0784444,10.19181,2.4882414,114.41207,159.53413,0.07496151,0.10369719,8740.338,0.999744,924.343,20.818903,46.750859531257824,-121.80465696758488, 
2025-07-09 16:18:46,1.0784228,10.19194,2.4881916,114.42057,159.54543,0.07496696,0.10370453,8739.6875,0.999744,924.3465,20.819653,46.75085953125767,-121.80465696758522, 
2025-07-09 16:18:47,1.0782897,10.1931505,2.487885,114.49613,159.64565,0.075015254,0.103769675,8733.92,0.99974394,924.3738,20.819721,46.75085953125757,-121.8046569675857, 
2025-07-09 16:18:48,1.0782689,10.193262,2.487837,114.50234,159.65384,0.0750192,0.103775,8733.445,0.99974394,924.37695,20.819946,46.75085953125741,-121.804656967586, 
2025-07-09 16:18:49,1.0782481,10.193375,2.4877892,114.50856,159.66203,0.07502315,0.10378032,8732.972,0.99974394,924.38007,20.820171,46.75085953125729,-121.8046569675863, 
2025-07-09 16:18:50,1.0786694,10.193766,2.4887614,114.37864,159.4792,0.074935414,0.10366148,8742.893,0.9997438,924.3437,20.82,46.750859531257206,-121.80465696758641, 
2025-07-09 16:18:51,1.0786908,10.193821,2.4888105,114.372955,159.47104,0.0749315,0.10365617,8743.326,0.9997438,924.3423,20.82,46.75085953125707,-121.80465696758642, 
2025-07-09 16:18:52,1.0787034,10.195225,2.4888399,114.45865,159.58456,0.074986234,0.10372997,8736.78,0.99974376,924.3156,20.8115,46.75081902630841,-121.80475121857896, 
2025-07-09 16:18:53,1.0787139,10.195322,2.488864,114.4609,159.5873,0.07498756,0.103731744,8736.608,0.99974376,924.3132,20.810976,46.7508190324885,-121.80475120419862, 
2025-07-09 16:18:54,1.0787244,10.195418,2.488888,114.46316,159.59003,0.07498889,0.10373352,8736.437,0.99974376,924.31067,20.810452,46.75081903866659,-121.80475118982257, 
2025-07-09 16:18:55,1.0783166,10.19656,2.4879475,114.39103,159.48462,0.074938424,0.103664994,8741.944,0.9997436,924.28455,20.810284,46.750819044842714,-121.80475117545154, 
2025-07-09 16:18:56,1.0782921,10.196664,2.4878912,114.388855,159.48114,0.07493676,0.10366274,8742.111,0.9997436,924.2823,20.810059,46.75081905101698,-121.80475116108498, 
2025-07-09 16:18:57,1.0782677,10.196769,2.487835,114.38667,159.47766,0.07493511,0.10366047,8742.277,0.9997436,924.2801,20.809834,46.75081905718932,-121.80475114672257, 
2025-07-09 16:18:58,1.0789167,10.197724,2.4893324,114.4096,159.50557,0.07494865,0.103678614,8740.525,0.99974346,924.30676,20.81,46.75081906335972,-121.80475113236467, 
2025-07-09 16:18:59,1.0789446,10.19781,2.4893968,114.409134,159.50456,0.07494818,0.10367796,8740.561,0.99974346,924.3077,20.81,46.750819069528205,-121.80475111801124, 
2025-07-09 16:19:00,1.0789676,10.199102,2.4894502,114.46258,159.57356,0.0749815,0.10372281,8736.48,0.99974334,924.27454,20.81,46.75081907569472,-121.80475110366248, 
2025-07-09 16:19:01,1.078984,10.199206,2.4894881,114.466484,159.57857,0.074983925,0.103726074,8736.182,0.99974334,924.27313,20.81,46.75085731708286,-121.80466211974304, 
2025-07-09 16:19:02,1.0790005,10.199309,2.4895263,114.4704,159.58359,0.074986346,0.10372933,8735.884,0.99974334,924.27167,20.81,46.75085731722175,-121.80466211941952, 
2025-07-09 16:19:03,1.0784724,10.200123,2.4883082,114.4557,159.55966,0.07497497,0.10371378,8737.005,0.9997432,924.3055,20.81,46.75085731736084,-121.80466211909568, 
2025-07-09 16:19:04,1.0784408,10.200205,2.4882352,114.45618,159.55997,0.074975125,0.10371398,8736.969,0.9997432,924.30664,20.81,46.750857317499644,-121.80466211877203, 
2025-07-09 16:19:05,1.0784092,10.200287,2.4881625,114.45665,159.56027,0.07497529,0.10371418,8736.933,0.9997432,924.30786,20.81,46.75085731763866,-121.80466211844858, 
2025-07-09 16:19:06,1.0788082,10.201711,2.489083,114.380775,159.44846,0.07492179,0.103641495,8742.729,0.9997431,924.2736,20.81,46.75085731777749,-121.80466211812556, 
2025-07-09 16:19:07,1.0788184,10.201817,2.4891067,114.37598,159.44131,0.074918374,0.10363686,8743.095,0.9997431,924.27246,20.81,46.750857317916406,-121.80466211780222, 
2025-07-09 16:19:08,1.0788329,10.2029705,2.4891405,114.40841,159.48163,0.0749379,0.10366306,8740.616,0.999743,924.3052,20.81,46.750857318055246,-121.80466211747928, 
2025-07-09 16:19:09,1.0788431,10.203075,2.489164,114.408714,159.4816,0.0749379,0.10366304,8740.594,0.999743,924.30646,20.81,46.75085731819399,-121.804662117156, 
2025-07-09 16:19:10,1.0788532,10.20318,2.4891875,114.40901,159.48157,0.07493791,0.10366302,8740.57,0.999743,924.3077,20.81,46.750857318332756,-121.80466211683321, 
2025-07-09 16:19:11,1.0791065,10.203904,2.4897718,114.315346,159.34795,0.07487383,0.10357616,8747.732,0.99974287,924.3172,20.818626,46.750857318471546,-121.8046621165106, 
2025-07-09 16:19:12,1.0791218,10.203977,2.4898076,114.310585,159.34099,0.074870504,0.103571646,8748.097,0.99974287,924.3186,20.819145,46.75085731861021,-121.80466211618764, 
2025-07-09 16:19:13,1.0791373,10.20405,2.4898431,114.30582,159.33405,0.074867174,0.10356713,8748.461,0.99974287,924.32007,20.819662,46.750857318748785,-121.80466211586487, 
2025-07-09 16:19:14,1.0783533,10.20477,2.4880347,114.26312,159.27147,0.07483722,0.10352646,8751.73,0.99974275,924.31946,20.81977,46.750857318887356,-121.80466211554221, 
2025-07-09 16:19:15,1.0783131,10.204832,2.487942,114.258255,159.26442,0.07483385,0.103521876,8752.104,0.99974275,924.3197,20.819992,46.750857319026025,-121.80466211521976, 
2025-07-09 16:19:16,1.079046,10.206031,2.489633,114.28557,159.29741,0.07484988,0.10354331,8750.011,0.9997427,924.3112,20.82,46.750857319164645,-121.80466211489723, 
2025-07-09 16:19:17,1.0790733,10.206123,2.489696,114.28632,159.29807,0.07485021,0.10354374,8749.953,0.9997427,924.31067,20.82,46.750857319303094,-121.80466211457464, 
2025-07-09 16:19:18,1.0791006,10.206215,2.489759,114.28708,159.29874,0.074850544,0.103544176,8749.8955,0.9997427,924.3101,20.82,46.75085731944154,-121.80466211425262, 
2025-07-09 16:19:19,1.0786005,10.206778,2.4886055,114.23683,159.22632,0.07481583,0.1034971,8753.745,0.99974257,924.28406,20.82,46.75085731957998,-121.80466211393062, 
2025-07-09 16:19:20,1.0785892,10.206842,2.4885795,114.2345,159.2228,0.07481415,0.103494816,8753.924,0.99974257,924.2822,20.82,46.750857319718385,-121.80466211360874, 
2025-07-09 16:19:21,1.078578,10.206906,2.4885533,114.23217,159.21927,0.074812464,0.10349253,8754.102,0.99974257,924.28046,20.82,46.75085731985674,-121.80466211328682, 
2025-07-09 16:19:22,1.0783017,10.208188,2.4879162,114.23111,159.21236,0.07480932,0.10348803,8754.184,0.9997424,924.2892,20.811169,46.75085731999514,-121.80466211296502, 
2025-07-09 16:19:23,1.0782729,10.20828,2.48785,114.22978,159.21011,0.07480826,0.103486575,8754.285,0.9997424,924.28906,20.810644,46.75085732013345,-121.80466211264284, 
2025-07-09 16:19:24,1.0781811,10.20973,2.4876387,114.23764,159.21492,0.07481078,0.1034897,8753.682,0.99974227,924.2639,20.810366,46.75085732027156,-121.80466211232118, 
2025-07-09 16:19:25,1.0781695,10.209851,2.4876118,114.23813,159.21509,0.07481088,0.1034898,8753.645,0.99974227,924.2626,20.81014,46.75085732040983,-121.80466211199959, 
2025-07-09 16:19:26,1.0781578,10.209971,2.4875848,114.23861,159.21526,0.074810974,0.10348991,8753.607,0.99974227,924.2612,20.809916,46.750857320548015,-121.80466211167813, 
2025-07-09 16:19:27,1.0791153,10.210701,2.489794,114.19333,159.14905,0.07477928,0.103446886,8757.079,0.9997422,924.26056,20.80135,46.75085732068625,-121.80466211135673, 
2025-07-09 16:19:28,1.0791711,10.210782,2.4899228,114.19078,159.14516,0.074777424,0.10344436,8757.274,0.9997422,924.2599,20.800825,46.75085732082448,-121.80466211103511, 
2025-07-09 16:19:29,1.0792267,10.210862,2.4900513,114.18823,159.14127,0.07477557,0.10344183,8757.47,0.9997422,924.2592,20.800303,46.7508573209627,-121.8046621107137, 
2025-07-09 16:19:30,1.0792376,10.212062,2.4900765,114.202774,159.15645,0.07478302,0.10345169,8756.355,0.9997421,924.2862,20.809044,46.750857321100725,-121.80466211039231, 
2025-07-09 16:19:31,1.0792624,10.2121525,2.4901338,114.20249,159.15567,0.07478266,0.103451185,8756.377,0.9997421,924.2878,20.809343,46.75085732123882,-121.80466211007102, 
2025-07-09 16:19:32,1.0790355,10.212812,2.4896102,114.20726,159.15953,0.07478461,0.10345369,8756.011,0.99974203,924.28864,20.809631,46.75085732137688,-121.80466210975025, 
2025-07-09 16:19:33,1.0790215,10.212881,2.489578,114.20791,159.16014,0.074784905,0.10345408,8755.961,0.99974203,924.2893,20.809856,46.75085732151491,-121.80466210942919, 
2025-07-09 16:19:34,1.0790075,10.212951,2.4895456,114.20856,159.16074,0.07478521,0.103454486,8755.911,0.99974203,924.29,20.810081,46.75085732165281,-121.80466210910792, 
2025-07-09 16:19:35,1.0783628,10.214074,2.4880586,114.312874,159.30135,0.07485293,0.103545874,8747.923,0.999742,924.2638,20.801353,46.75085732165281,-121.80466210910792, 
