Date Time,Pressure (psi) (790478),Temperature (°C) (790478),Depth (ft) (790478),Actual Conductivity (µS/cm) (790478),Specific Conductivity (µS/cm) (790478),Salinity (PSU) (790478),Total Dissolved Solids (ppt) (790478),Resistivity (Ω⋅cm) (790478),Density (g/cm³) (790478),Barometric Pressure (mbar) (670831),Temperature (°C) (670831),Latitude (°),Longitude (°),Marked
2025-07-09 15:05:24,1.0788715,10.209832,2.489361,15.48203,21.577507,0.008691434,0.014025379,64591.008,0.9996902,925.2163,20.378326,46.74942406901511,-121.80760385503869, 
2025-07-09 15:05:25,1.0785874,10.209502,2.4887056,15.473107,21.56526,0.008685646,0.01401742,64628.26,0.9996902,925.2627,20.380104,46.74936625751454,-121.80761173270204, 
2025-07-09 15:05:26,1.0785754,10.209523,2.488678,15.472727,21.564718,0.00868539,0.014017068,64629.848,0.9996902,925.2647,20.379807,46.74936625751454,-121.80761173270204, 
2025-07-09 15:05:27,1.0785635,10.209544,2.4886503,15.472347,21.564177,0.008685134,0.014016715,64631.434,0.9996902,925.26666,20.379507,46.7493930686182,-121.80765023934669, 
2025-07-09 15:05:28,1.0794654,10.2100525,2.4907317,15.468523,21.558556,0.008682488,0.014013062,64647.414,0.9996901,925.2772,20.38,46.74940354471534,-121.8076628062262, 
2025-07-09 15:05:29,1.0795132,10.210082,2.490842,15.468101,21.557951,0.0086822035,0.014012668,64649.18,0.9996901,925.2788,20.38,46.74940922959733,-121.80767568656104, 
2025-07-09 15:05:30,1.0779146,10.209563,2.487153,15.472805,21.564804,0.008685431,0.014017124,64629.523,0.9996902,925.2371,20.37157,46.7494060388387,-121.8076618359718, 
2025-07-09 15:05:31,1.0778348,10.209543,2.4869692,15.473023,21.56512,0.00868558,0.014017329,64628.61,0.9996902,925.2347,20.371038,46.749408124905266,-121.8076570162245, 
2025-07-09 15:05:32,1.0777551,10.209523,2.4867852,15.473242,21.565437,0.008685729,0.014017534,64627.695,0.9996902,925.23224,20.370506,46.74941166548006,-121.80765747389664, 
2025-07-09 15:05:33,1.0784785,10.209823,2.4884546,15.473926,21.56622,0.008686102,0.014018042,64624.844,0.9996901,925.23126,20.370312,46.749414607487346,-121.80766426645276, 
2025-07-09 15:05:34,1.0784811,10.209826,2.4884605,15.474092,21.566448,0.00868621,0.014018191,64624.15,0.9996901,925.2301,20.370085,46.74941573260042,-121.80766759665264, 
2025-07-09 15:05:35,1.0784837,10.209831,2.4884667,15.474257,21.566677,0.008686318,0.014018339,64623.457,0.9996901,925.22894,20.369856,46.74941573610469,-121.80766760702402, 
2025-07-09 15:05:36,1.0785224,10.209678,2.488556,15.472518,21.564339,0.008685215,0.014016821,64630.72,0.9996902,925.2209,20.37,46.74941622833285,-121.80767356620704, 
2025-07-09 15:05:37,1.0785426,10.209677,2.4886022,15.472433,21.56422,0.0086851595,0.014016745,64631.074,0.9996902,925.2204,20.37,46.74941606346487,-121.80767184462594, 
2025-07-09 15:05:38,1.0785626,10.209675,2.4886484,15.472348,21.564102,0.008685104,0.014016668,64631.43,0.9996902,925.21985,20.37,46.74941766463949,-121.80767789711993, 
2025-07-09 15:05:39,1.0785446,10.209837,2.4886072,15.475255,21.568064,0.008686975,0.014019242,64619.29,0.9996901,925.21094,20.378927,46.74941893832688,-121.80768412823163, 
2025-07-09 15:05:40,1.0785446,10.209843,2.4886072,15.475385,21.56824,0.008687058,0.014019357,64618.75,0.9996901,925.2102,20.379452,46.749419373350854,-121.80768891217619, 
2025-07-09 15:05:41,1.0782962,10.209613,2.4880338,15.472094,21.563786,0.008684949,0.01401646,64632.496,0.9996902,925.21,20.371105,46.74941804247337,-121.80769040538117, 
2025-07-09 15:05:42,1.078281,10.209602,2.4879987,15.471961,21.563606,0.008684864,0.014016344,64633.047,0.9996902,925.20984,20.370808,46.7494183744413,-121.8076905858202, 
2025-07-09 15:05:43,1.0782659,10.209593,2.4879637,15.471829,21.563429,0.0086847795,0.014016228,64633.598,0.9996902,925.2096,20.37051,46.749419251703046,-121.80769050764214, 
2025-07-09 15:05:44,1.0787829,10.20966,2.4891567,15.478068,21.572084,0.008688872,0.014021855,64607.547,0.9996902,925.2272,20.370253,46.74942028174414,-121.80768748729886, 
2025-07-09 15:05:45,1.0788077,10.209658,2.489214,15.47836,21.572493,0.0086890645,0.014022119,64606.33,0.9996902,925.2282,20.37003,46.74941955341167,-121.80768504716272, 
2025-07-09 15:05:46,1.0788325,10.209657,2.4892712,15.478653,21.5729,0.008689257,0.014022385,64605.11,0.9996902,925.2293,20.369804,46.749418669883376,-121.80768182553629, 
2025-07-09 15:05:47,1.0792071,10.21024,2.4901354,15.47092,21.561789,0.008684015,0.014015162,64637.402,0.9996901,925.2026,20.37,46.74941894506019,-121.8076749422428, 
2025-07-09 15:05:48,1.0792421,10.210277,2.4902163,15.470622,21.561354,0.008683811,0.01401488,64638.64,0.9996901,925.2015,20.37,46.7494201265947,-121.80767338558678, 
2025-07-09 15:05:49,1.0662596,10.210134,2.4602609,15.471788,21.56306,0.008684616,0.014015989,64633.77,0.9996901,925.2264,20.37,46.74942221206663,-121.80767809820007, 
2025-07-09 15:05:50,1.0654742,10.210138,2.4584486,15.471677,21.562902,0.008684541,0.014015887,64634.234,0.9996901,925.2273,20.37,46.74942204871809,-121.80768255223803, 
2025-07-09 15:05:51,1.0646887,10.210144,2.4566364,15.471566,21.562744,0.008684467,0.0140157845,64634.7,0.9996901,925.22815,20.37,46.74942382596855,-121.80768153115538, 
2025-07-09 15:05:52,1.064655,10.210134,2.4565582,15.474062,21.56623,0.008686114,0.014018049,64624.273,0.9996901,925.2028,20.37,46.74942657135313,-121.80768545461108, 
2025-07-09 15:05:53,1.0643234,10.21013,2.4557934,15.47424,21.56648,0.008686232,0.014018212,64623.53,0.9996901,925.2019,20.37,46.7494279821433,-121.80769019956612, 
2025-07-09 15:05:54,1.0639919,10.210125,2.4550285,15.474418,21.56673,0.008686351,0.0140183745,64622.79,0.9996901,925.20105,20.37,46.74942950084565,-121.80769233545185, 
2025-07-09 15:05:55,1.0768393,10.210048,2.4846725,15.470382,21.56115,0.00868371,0.014014747,64639.65,0.9996901,925.2448,20.37,46.74941346772525,-121.8076689072319, 
2025-07-09 15:05:56,1.077583,10.210043,2.4863882,15.470205,21.560905,0.008683595,0.014014589,64640.387,0.9996901,925.24677,20.37,46.749413887005886,-121.80766845510946, 
2025-07-09 15:05:57,1.0784318,10.210438,2.4883466,15.482719,21.578121,0.008691733,0.0140257785,64588.145,0.9996901,925.22235,20.37,46.74941248640514,-121.8076637769103, 
2025-07-09 15:05:58,1.0787803,10.210461,2.4891508,15.483391,21.579044,0.00869217,0.014026379,64585.34,0.9996901,925.2219,20.37,46.7494091539387,-121.8076612211428, 
2025-07-09 15:05:59,1.0791289,10.210483,2.489955,15.484063,21.579967,0.008692605,0.014026979,64582.54,0.9996901,925.22144,20.37,46.74940477041641,-121.8076609443915, 
2025-07-09 15:06:00,1.0657151,10.21049,2.4590044,15.473541,21.565298,0.008685677,0.014017444,64626.453,0.99969006,925.2379,20.37,46.74940472055957,-121.8076608359424, 
2025-07-09 15:06:01,1.0649298,10.210501,2.4571927,15.473223,21.564848,0.008685465,0.014017152,64627.78,0.99969006,925.2383,20.37,46.749403101482166,-121.80765971927619, 
2025-07-09 15:06:02,1.0641447,10.210511,2.455381,15.472904,21.5644,0.008685253,0.01401686,64629.11,0.99969006,925.2387,20.37,46.74940105112747,-121.80766307003431, 
2025-07-09 15:06:03,1.077063,10.210577,2.4851887,15.480369,21.574764,0.008690149,0.014023596,64597.945,0.99969006,925.2393,20.37,46.7494033394663,-121.80765945178206, 
2025-07-09 15:06:04,1.0774859,10.210582,2.4861646,15.480549,21.575012,0.008690266,0.0140237585,64597.19,0.99969006,925.23975,20.37,46.74940333188648,-121.80765933654563, 
2025-07-09 15:06:05,1.0778884,10.210973,2.4870932,15.474786,21.566757,0.008686373,0.014018392,64621.25,0.99969,925.2057,20.36149,46.749405561462446,-121.80766385244715, 
2025-07-09 15:06:06,1.0782164,10.210999,2.48785,15.474616,21.566505,0.008686255,0.014018228,64621.957,0.99969,925.2036,20.360973,46.74940320668454,-121.80766411273487, 
2025-07-09 15:06:07,1.0785444,10.211024,2.4886067,15.474446,21.566254,0.008686136,0.014018065,64622.668,0.99969,925.20154,20.360455,46.749405004160614,-121.80766633812998, 
2025-07-09 15:06:08,1.077894,10.211032,2.487106,15.471436,21.562052,0.008684151,0.014015334,64635.246,0.99969,925.20953,20.368984,46.749410915251865,-121.80766275329142, 
2025-07-09 15:06:09,1.0778639,10.211041,2.4870367,15.471109,21.561592,0.008683934,0.014015035,64636.605,0.99969,925.20917,20.369286,46.749405697608154,-121.807658075896, 
2025-07-09 15:06:10,1.0778339,10.211052,2.4869676,15.470784,21.561132,0.008683717,0.014014737,64637.965,0.99969,925.2088,20.369589,46.74940760406873,-121.80765557065956, 
2025-07-09 15:06:11,1.0788778,10.21097,2.4893758,15.467942,21.55722,0.008681868,0.014012193,64649.84,0.99969006,925.2541,20.360899,46.74940760406873,-121.80765557065956, 
2025-07-09 15:06:12,1.0789273,10.210965,2.48949,15.467694,21.556877,0.008681706,0.014011971,64650.875,0.99969006,925.25696,20.360594,46.74940760406873,-121.80765557065956, 
2025-07-09 15:06:13,1.0664144,10.211186,2.460618,15.467388,21.556324,0.008681447,0.014011611,64652.156,0.99969,925.22363,20.36032,46.74940760406873,-121.80765557065956, 
2025-07-09 15:06:14,1.0656594,10.211199,2.4588761,15.4672985,21.556192,0.008681385,0.014011526,64652.53,0.99969,925.22266,20.360092,46.74940244854075,-121.80765160190609, 
2025-07-09 15:06:15,1.0649045,10.21121,2.4571342,15.467208,21.55606,0.008681322,0.01401144,64652.906,0.99969,925.2216,20.359865,46.74940244516823,-121.80765160820964, 
2025-07-09 15:06:16,1.0769805,10.211141,2.4849982,15.468839,21.558372,0.008682414,0.014012942,64646.094,0.99969,925.18567,20.351255,46.74939729568906,-121.80765231965799, 
2025-07-09 15:06:17,1.0773779,10.211142,2.4859152,15.468927,21.558495,0.008682473,0.014013022,64645.723,0.99969,925.1826,20.350733,46.749391389888956,-121.8076518871308, 
2025-07-09 15:06:18,1.0777754,10.2111435,2.4868324,15.469016,21.558619,0.00868253,0.014013101,64645.35,0.99969,925.1796,20.350208,46.74939143490748,-121.80765168622806, 
2025-07-09 15:06:19,1.078269,10.211388,2.4879715,15.472948,21.563955,0.008685055,0.014016571,64628.926,0.99969,925.2337,20.359066,46.749384737345316,-121.80764830721529, 
2025-07-09 15:06:20,1.0785909,10.211401,2.488714,15.473217,21.564325,0.008685229,0.014016811,64627.8,0.99969,925.2359,20.35936,46.74938760849926,-121.80764439137953, 
2025-07-09 15:06:21,1.0789243,10.211878,2.4894836,15.4733925,21.564295,0.008685222,0.014016791,64627.066,0.99968994,925.1949,20.359657,46.74938809754108,-121.80764069830275, 
2025-07-09 15:06:22,1.0789512,10.211913,2.4895458,15.473495,21.564417,0.008685281,0.014016871,64626.64,0.99968994,925.1936,20.35988,46.749388022193905,-121.80764049566267, 
2025-07-09 15:06:23,1.0789783,10.211948,2.4896083,15.473598,21.564539,0.008685339,0.0140169505,64626.21,0.99968994,925.1923,20.360102,46.74938823815238,-121.80764115288464, 
2025-07-09 15:06:24,1.0785903,10.211953,2.488713,15.473013,21.563723,0.008684953,0.01401642,64628.656,0.99968994,925.1648,20.351276,46.74938788843154,-121.80764163307691, 
2025-07-09 15:06:25,1.0785768,10.211966,2.488682,15.472982,21.563671,0.0086849285,0.014016387,64628.78,0.99968994,925.1621,20.350754,46.74938761366974,-121.80763716162097, 
2025-07-09 15:06:26,1.0785633,10.211978,2.4886508,15.472951,21.563622,0.008684905,0.014016354,64628.91,0.99968994,925.1594,20.35023,46.749387091590364,-121.80763308718927, 
2025-07-09 15:06:27,1.0789535,10.212049,2.489551,15.4746,21.56588,0.008685974,0.014017821,64622.027,0.99968994,925.15137,20.350187,46.74938807284135,-121.80763300062205, 
2025-07-09 15:06:28,1.078967,10.212053,2.489582,15.474684,21.565992,0.008686028,0.014017895,64621.68,0.99968994,925.1502,20.349962,46.749388547117,-121.80763503121986, 
2025-07-09 15:06:29,1.078856,10.211739,2.4893258,15.481996,21.576366,0.008690924,0.014024638,64591.16,0.99968994,925.2094,20.35848,46.74939027108982,-121.80764022005307, 
2025-07-09 15:06:30,1.0788587,10.211721,2.489332,15.482477,21.577047,0.008691246,0.01402508,64589.152,0.99968994,925.21277,20.358994,46.74939289136271,-121.80764193417811, 
2025-07-09 15:06:31,1.0788614,10.211704,2.4893382,15.482959,21.577726,0.008691567,0.014025523,64587.14,0.99968994,925.2161,20.359507,46.749393128239575,-121.80764279650369, 
2025-07-09 15:06:32,1.0793617,10.211769,2.4904926,15.471018,21.561049,0.008683686,0.014014681,64636.992,0.99968994,925.20026,20.350964,46.74939171407584,-121.80764252409722, 
2025-07-09 15:06:33,1.0793896,10.211765,2.490557,15.470465,21.56028,0.008683323,0.014014182,64639.3,0.99968994,925.2007,20.350647,46.74939155899266,-121.80764570921386, 
2025-07-09 15:06:34,1.0794175,10.211761,2.4906213,15.469913,21.559511,0.00868296,0.014013682,64641.61,0.99968994,925.2012,20.35033,46.74939426975,-121.80765122155233, 
2025-07-09 15:06:35,1.0786328,10.211944,2.4888113,15.4566145,21.540874,0.0086741615,0.014001568,64697.23,0.99968994,925.18225,20.350172,46.74940137074151,-121.80765616994948, 
2025-07-09 15:06:36,1.0785998,10.211956,2.488735,15.455521,21.539343,0.008673438,0.014000572,64701.805,0.99968994,925.1807,20.349941,46.7494044435915,-121.80766103916217, 
2025-07-09 15:06:37,1.0783271,10.211791,2.4881055,15.462321,21.548914,0.0086779585,0.014006794,64673.344,0.99968994,925.18036,20.35,46.74940574369168,-121.80766489852391, 
2025-07-09 15:06:38,1.0782919,10.211785,2.4880245,15.462423,21.54906,0.008678027,0.014006889,64672.918,0.99968994,925.17993,20.35,46.74940607332749,-121.80766542335422, 
2025-07-09 15:06:39,1.0782568,10.21178,2.4879436,15.462526,21.549208,0.008678096,0.014006984,64672.49,0.99968994,925.17944,20.35,46.74940701471106,-121.80766185573614, 
2025-07-09 15:06:40,1.0656667,10.212187,2.458893,15.468132,21.556786,0.008681682,0.01401191,64649.05,0.99968994,925.1884,20.35,46.74940346480069,-121.80766432420268, 
2025-07-09 15:06:41,1.0649024,10.212207,2.45713,15.468638,21.55748,0.008682011,0.014012362,64646.934,0.99968994,925.1889,20.35,46.74940344157107,-121.80766421421006, 
2025-07-09 15:06:42,1.0641383,10.212227,2.4553666,15.469146,21.558174,0.008682339,0.014012813,64644.812,0.99968994,925.18945,20.35,46.749402593713384,-121.80766324872414, 
2025-07-09 15:06:43,1.0638512,10.211989,2.4547043,15.452552,21.535187,0.0086714765,0.013997871,64714.24,0.99968994,925.1806,20.35,46.749402593713384,-121.80766324872414, 
2025-07-09 15:06:44,1.0635133,10.211986,2.4539244,15.451717,21.534027,0.008670929,0.013997117,64717.73,0.99968994,925.1803,20.35,46.7494025937136,-121.8076632487244, 
2025-07-09 15:06:45,1.0632945,10.211808,2.4534197,15.465417,21.55322,0.008679991,0.014009594,64660.406,0.99968994,925.18005,20.341497,46.74940365442292,-121.80765295883629, 
2025-07-09 15:06:46,1.0632731,10.211792,2.45337,15.465865,21.553854,0.00868029,0.014010006,64658.53,0.99968994,925.1798,20.340979,46.74940175059139,-121.80765782153664, 
2025-07-09 15:06:47,1.0632516,10.211776,2.4533207,15.466312,21.554487,0.008680589,0.014010417,64656.656,0.99968994,925.17957,20.34046,46.74940130676527,-121.80766239339222, 
2025-07-09 15:06:48,1.0765867,10.212187,2.48409,15.472004,21.562181,0.008684229,0.014015418,64632.875,0.99968994,925.1797,20.348993,46.749404428582956,-121.80766675205896, 
2025-07-09 15:06:49,1.0773884,10.212208,2.48594,15.472689,21.563124,0.008684675,0.014016031,64630.008,0.99968994,925.1797,20.3493,46.74940465399397,-121.80766754574755, 
2025-07-09 15:06:50,1.0781901,10.212228,2.4877896,15.473374,21.564068,0.008685121,0.014016644,64627.14,0.99968994,925.1797,20.349606,46.7494046593008,-121.80766757683692, 
2025-07-09 15:06:51,1.0784127,10.212321,2.488303,15.463113,21.549713,0.008678341,0.014007313,64670.035,0.99968994,925.19745,20.349812,46.74940465933388,-121.80766757703073, 
2025-07-09 15:06:52,1.0787684,10.2123375,2.4891238,15.462655,21.549067,0.008678037,0.014006893,64671.945,0.99968994,925.19855,20.350039,46.74940465933381,-121.80766757703088, 
2025-07-09 15:06:53,1.0789484,10.212254,2.4895391,15.45905,21.54409,0.008675686,0.01400366,64687.03,0.99968994,925.1564,20.341469,46.74940465933384,-121.8076675770309, 
2025-07-09 15:06:54,1.0789667,10.212251,2.4895816,15.458592,21.543455,0.008675386,0.014003246,64688.94,0.99968994,925.15424,20.340944,46.74940465933379,-121.80766757703105, 
2025-07-09 15:06:55,1.0789851,10.212247,2.489624,15.458136,21.54282,0.008675086,0.0140028335,64690.855,0.99968994,925.15204,20.34042,46.749404659333734,-121.80766757703124, 
2025-07-09 15:06:56,1.0798769,10.212331,2.4916816,15.4640875,21.551067,0.008678981,0.014008193,64665.957,0.99968994,925.1946,20.348972,46.749404659333784,-121.80766757703121, 
2025-07-09 15:06:57,1.0799367,10.212334,2.4918194,15.464355,21.551437,0.008679156,0.0140084345,64664.836,0.99968994,925.19604,20.349272,46.7494046593338,-121.80766757703134, 
2025-07-09 15:06:58,1.0799965,10.2123375,2.4919572,15.4646225,21.55181,0.008679331,0.014008676,64663.72,0.99968994,925.1976,20.349571,46.74940465933372,-121.80766757703151, 
2025-07-09 15:06:59,1.07869,10.212671,2.4889433,15.461239,21.546902,0.00867702,0.014005486,64677.87,0.9996899,925.2076,20.349804,46.74940465933367,-121.80766757703151, 
2025-07-09 15:07:00,1.0786358,10.212693,2.4888182,15.4611845,21.546814,0.008676978,0.014005429,64678.098,0.9996899,925.2092,20.350029,46.74940465933368,-121.80766757703154, 
2025-07-09 15:07:01,1.0664397,10.211896,2.460677,15.460622,21.546488,0.00867681,0.014005217,64680.45,0.99968994,925.20087,20.35,46.749404659333635,-121.80766757703162, 
2025-07-09 15:07:02,1.0656588,10.211855,2.458875,15.460506,21.54635,0.008676745,0.014005128,64680.934,0.99968994,925.20056,20.35,46.749404659333635,-121.80766757703144, 
2025-07-09 15:07:03,1.0648777,10.211813,2.457073,15.460391,21.546211,0.008676679,0.014005039,64681.418,0.99968994,925.20026,20.35,46.749404659333656,-121.80766757703147, 
2025-07-09 15:07:04,1.0772278,10.212293,2.485569,15.469596,21.558765,0.008682615,0.014013198,64642.93,0.99968994,925.19995,20.35,46.749408822987654,-121.80785446811848, 
2025-07-09 15:07:05,1.0776641,10.212301,2.4865758,15.470138,21.559515,0.008682969,0.014013685,64640.668,0.99968994,925.19977,20.35,46.749408822796006,-121.8078544595157, 
2025-07-09 15:07:06,1.0781004,10.21231,2.4875824,15.470678,21.560265,0.008683324,0.014014172,64638.406,0.99968994,925.1995,20.35,46.749408822604316,-121.80785445091387, 
2025-07-09 15:07:07,1.0656302,10.212485,2.4588091,15.459536,21.544634,0.008675945,0.014004012,64685.004,0.9996899,925.2174,20.35887,46.749454176827314,-121.80789509898922, 
2025-07-09 15:07:08,1.0651978,10.212507,2.4578116,15.459109,21.54403,0.008675659,0.014003619,64686.78,0.9996899,925.21844,20.359394,46.749518282844534,-121.80790903293524, 
2025-07-09 15:07:09,1.064671,10.212594,2.4565961,15.464116,21.550955,0.008678931,0.014008122,64665.836,0.9996899,925.18524,20.351208,46.74942575926635,-121.80770605257761, 
2025-07-09 15:07:10,1.0643378,10.212603,2.4558272,15.464153,21.551003,0.008678953,0.014008151,64665.684,0.9996899,925.18365,20.350925,46.74942242304458,-121.8076872359357, 
2025-07-09 15:07:11,1.0763375,10.212836,2.4835148,15.428738,21.501514,0.0086555835,0.013975984,64814.184,0.9996899,925.18176,20.342308,46.74942630381656,-121.80769098257576, 
2025-07-09 15:07:12,1.0771416,10.212853,2.4853704,15.426522,21.498417,0.00865412,0.013973972,64823.473,0.9996899,925.1809,20.341547,46.749426328007665,-121.80769100593072, 
2025-07-09 15:07:13,1.0779458,10.212871,2.487226,15.424307,21.49532,0.008652658,0.013971958,64832.766,0.9996899,925.18,20.340788,46.749431444769996,-121.80769583378424, 
2025-07-09 15:07:14,1.0643954,10.212526,2.45596,15.465578,21.553032,0.0086799115,0.01400947,64659.74,0.9996899,925.1797,20.349808,46.749436685367066,-121.80769645317969, 
2025-07-09 15:07:15,1.063603,10.212503,2.4541316,15.468025,21.556456,0.008681528,0.014011695,64649.473,0.9996899,925.1797,20.350342,46.74943729603859,-121.80770000097635, 
2025-07-09 15:07:16,1.0644157,10.212206,2.456007,15.4705,21.560076,0.0086832335,0.0140140485,64639.16,0.99968994,925.2134,20.349894,46.74943616503105,-121.80770213637219, 
2025-07-09 15:07:17,1.063937,10.212173,2.4549022,15.47226,21.562548,0.008684401,0.014015655,64631.78,0.99968994,925.21545,20.350222,46.74943618680626,-121.80770215378934, 
2025-07-09 15:07:18,1.0634581,10.212142,2.4537973,15.474022,21.56502,0.008685568,0.0140172625,64624.402,0.99968994,925.2176,20.35055,46.74943254237258,-121.80769714245336, 
2025-07-09 15:07:19,1.0647392,10.212083,2.4567533,15.476944,21.569128,0.008687509,0.014019933,64612.242,0.99968994,925.1926,20.358603,46.74943041027846,-121.80769725507118, 
2025-07-09 15:07:20,1.0647712,10.2120695,2.456827,15.477386,21.569752,0.0086878035,0.014020338,64610.395,0.99968994,925.19196,20.359127,46.74943048013936,-121.80769777523858, 
2025-07-09 15:07:21,1.0648031,10.212057,2.4569006,15.477829,21.570375,0.008688098,0.014020744,64608.543,0.99968994,925.1913,20.359652,46.7494275373925,-121.80769850299954, 
2025-07-09 15:07:22,1.0774807,10.21255,2.4861526,15.4649725,21.552176,0.008679506,0.014008913,64662.258,0.9996899,925.21674,20.359762,46.74942600343882,-121.80769652978205, 
2025-07-09 15:07:23,1.0782499,10.212577,2.4879277,15.464343,21.551281,0.0086790845,0.014008333,64664.89,0.9996899,925.2176,20.359987,46.74942209712007,-121.80769639551691, 
2025-07-09 15:07:24,1.0786027,10.212511,2.4887414,15.47684,21.568735,0.0086873295,0.014019677,64612.68,0.9996899,925.1848,20.351576,46.749416915846474,-121.80768300501826, 
2025-07-09 15:07:25,1.0789212,10.212518,2.4894764,15.477316,21.569395,0.0086876415,0.014020107,64610.69,0.9996899,925.1834,20.351051,46.749416164072564,-121.80767708553788, 
2025-07-09 15:07:26,1.0792397,10.212525,2.4902115,15.477793,21.570055,0.008687953,0.014020535,64608.7,0.9996899,925.18195,20.350527,46.74941608666216,-121.80766602488283, 
2025-07-09 15:07:27,1.0669832,10.212048,2.461931,15.471678,21.561808,0.008684051,0.014015175,64634.23,0.99968994,925.17236,20.350315,46.74941452808759,-121.80766570279522, 
2025-07-09 15:07:28,1.0662385,10.212017,2.4602127,15.471625,21.56175,0.008684024,0.014015139,64634.453,0.99968994,925.1709,20.350092,46.74941282155098,-121.80766104732609, 
2025-07-09 15:07:29,1.0654938,10.211986,2.4584944,15.471572,21.561695,0.008683997,0.014015103,64634.67,0.99968994,925.1695,20.349867,46.74941380187994,-121.80765669288255, 
2025-07-09 15:07:30,1.077086,10.212382,2.485242,15.474854,21.566044,0.008686055,0.014017928,64620.965,0.9996899,925.205,20.35,46.74941443536684,-121.8076576972249, 
2025-07-09 15:07:31,1.0774704,10.212394,2.486129,15.474897,21.566097,0.008686081,0.014017963,64620.785,0.9996899,925.2069,20.35,46.749412498231976,-121.80766152642947, 
2025-07-09 15:07:32,1.0657698,10.212023,2.4591312,15.472752,21.563318,0.008684763,0.014016157,64629.746,0.99968994,925.19135,20.341612,46.74941369653547,-121.80765955622577, 
2025-07-09 15:07:33,1.0653236,10.212009,2.4581015,15.472704,21.56326,0.008684735,0.014016119,64629.95,0.99968994,925.19116,20.341093,46.74941366997054,-121.8076594832896, 
2025-07-09 15:07:34,1.0648773,10.211996,2.457072,15.472655,21.5632,0.008684706,0.01401608,64630.15,0.99968994,925.19104,20.340576,46.749413669970565,-121.80765948328957, 
2025-07-09 15:07:35,1.0776063,10.212377,2.4864426,15.475124,21.566423,0.008686234,0.014018175,64619.836,0.9996899,925.2248,20.348936,46.74941366997061,-121.80765948328951, 
2025-07-09 15:07:36,1.0780964,10.212391,2.4875734,15.475222,21.566551,0.008686296,0.014018258,64619.426,0.9996899,925.22644,20.349243,46.74941770947832,-121.80767425075764, 
2025-07-09 15:07:37,1.0785865,10.212404,2.488704,15.47532,21.566679,0.008686356,0.014018342,64619.02,0.9996899,925.22815,20.349552,46.74941811766323,-121.80767493726472, 
2025-07-09 15:07:38,1.0786686,10.212742,2.4888935,15.468888,21.557522,0.008682036,0.014012389,64645.89,0.9996899,925.22,20.349766,46.749418640721835,-121.80767452453654, 
2025-07-09 15:07:39,1.0790019,10.212772,2.4896626,15.468567,21.557058,0.008681817,0.014012087,64647.23,0.9996899,925.22034,20.349993,46.74941909479741,-121.80767517715076, 
2025-07-09 15:07:40,1.066218,10.212785,2.4601655,15.47383,21.564384,0.008685277,0.01401685,64625.242,0.9996899,925.20325,20.35,46.74942219490246,-121.80767965794905, 
2025-07-09 15:07:41,1.065415,10.212792,2.4583127,15.474006,21.564625,0.0086853895,0.014017006,64624.508,0.9996899,925.20197,20.35,46.74942226756914,-121.80767998171109, 
2025-07-09 15:07:42,1.0646122,10.212801,2.4564602,15.474182,21.564865,0.008685503,0.014017163,64623.77,0.9996899,925.20074,20.35,46.749420141991195,-121.80768283189838, 
2025-07-09 15:07:43,1.0648226,10.213113,2.4569457,15.4643755,21.55102,0.00867897,0.014008163,64664.754,0.9996898,925.25183,20.358578,46.74941739536529,-121.80768235334851, 
2025-07-09 15:07:44,1.0645137,10.213132,2.456233,15.463914,21.550365,0.008678661,0.014007737,64666.684,0.9996898,925.2545,20.3591,46.749421369547065,-121.80768306873537, 
2025-07-09 15:07:45,1.0642048,10.213152,2.4555206,15.463451,21.54971,0.008678352,0.014007311,64668.617,0.9996898,925.2572,20.359625,46.74942235988,-121.80768186144445, 
2025-07-09 15:07:46,1.0767851,10.213237,2.4845479,15.481687,21.575073,0.008690332,0.014023798,64592.457,0.9996898,925.1881,20.350986,46.74942247569697,-121.80768218303446, 
2025-07-09 15:07:47,1.0775418,10.213249,2.4862938,15.482533,21.576246,0.008690886,0.01402456,64588.918,0.9996898,925.18524,20.350685,46.7494244438441,-121.80768174527257, 
2025-07-09 15:07:48,1.0782986,10.213263,2.48804,15.48338,21.57742,0.00869144,0.014025323,64585.383,0.9996898,925.1824,20.350384,46.74942709859782,-121.80768414606668, 
2025-07-09 15:07:49,1.0785676,10.212686,2.4886606,15.480625,21.573912,0.008689774,0.014023042,64596.875,0.9996899,925.1989,20.359072,46.749427064054245,-121.80768414653966, 
2025-07-09 15:07:50,1.0789018,10.212654,2.4894316,15.480926,21.574347,0.008689979,0.014023325,64595.62,0.9996899,925.1981,20.359365,46.74942706405449,-121.80768414653971, 
2025-07-09 15:07:51,1.0663639,10.2128725,2.4605021,15.472559,21.562561,0.008684418,0.014015664,64630.555,0.9996899,925.19904,20.351099,46.749427064054736,-121.80768414653974, 
2025-07-09 15:07:52,1.065607,10.2128725,2.4587555,15.471983,21.561758,0.008684039,0.014015143,64632.957,0.9996899,925.19946,20.350796,46.749421581275044,-121.8076852383279, 
2025-07-09 15:07:53,1.0648501,10.212873,2.457009,15.471408,21.560957,0.00868366,0.014014621,64635.36,0.9996899,925.19995,20.350494,46.74942158817059,-121.80768523056679, 
2025-07-09 15:07:54,1.0773826,10.213284,2.4859264,15.4698925,21.55861,0.008682556,0.014013097,64641.69,0.9996898,925.20844,20.367731,46.74942158817061,-121.80768523056688, 
2025-07-09 15:07:55,1.0778186,10.213314,2.4869325,15.469592,21.558176,0.008682351,0.014012814,64642.945,0.9996898,925.209,20.368555,46.74942158817063,-121.80768523056697, 
2025-07-09 15:07:56,1.0782548,10.213344,2.4879386,15.469292,21.55774,0.008682146,0.01401253,64644.2,0.9996898,925.2095,20.369379,46.749419275496464,-121.80767966585564, 
2025-07-09 15:07:57,1.0656037,10.213096,2.4587483,15.47529,21.56624,0.008686159,0.014018057,64619.145,0.9996898,925.1917,20.342897,46.749419273087454,-121.8076796816536, 
2025-07-09 15:07:58,1.0651666,10.213091,2.4577396,15.475595,21.56667,0.008686361,0.014018335,64617.867,0.9996898,925.19086,20.341772,46.74941927308737,-121.80767968165347, 
2025-07-09 15:07:59,1.064616,10.213083,2.456469,15.469614,21.558338,0.008682426,0.014012921,64642.855,0.9996898,925.18176,20.349552,46.749420591030905,-121.80767816824341, 
2025-07-09 15:08:00,1.0642792,10.213077,2.455692,15.469385,21.558023,0.008682277,0.014012715,64643.812,0.9996898,925.1808,20.349403,46.74941958981939,-121.80768315106897, 
2025-07-09 15:08:01,1.0639424,10.213071,2.454915,15.469155,21.557707,0.008682127,0.01401251,64644.77,0.9996898,925.1798,20.349253,46.749426113697616,-121.80767911202716, 
2025-07-09 15:08:02,1.0645008,10.213154,2.4562032,15.474955,21.565739,0.008685923,0.014017731,64620.547,0.9996898,925.18866,20.358479,46.74942406477275,-121.80767998625005, 
2025-07-09 15:08:03,1.06452,10.213159,2.4562478,15.475152,21.566011,0.008686052,0.014017907,64619.723,0.9996898,925.18896,20.359226,46.749427008849445,-121.8076665625747, 
2025-07-09 15:08:04,1.0645393,10.213163,2.4562922,15.475349,21.566284,0.00868618,0.014018084,64618.9,0.9996898,925.1893,20.359976,46.749424968546165,-121.80765225080275, 
2025-07-09 15:08:05,1.0643064,10.212837,2.4557545,15.4722,21.562082,0.00868419,0.014015354,64632.047,0.9996899,925.1806,20.359818,46.74943226209656,-121.8076774526221, 
2025-07-09 15:08:06,1.0643023,10.21282,2.4557452,15.472159,21.562035,0.008684168,0.0140153235,64632.22,0.9996899,925.1803,20.360043,46.74943355350425,-121.80767625097472, 
2025-07-09 15:08:07,1.076879,10.213124,2.4847646,15.472757,21.562693,0.008684483,0.01401575,64629.723,0.9996898,925.18,20.36,46.74943820668214,-121.80768175732432, 
2025-07-09 15:08:08,1.0776442,10.213136,2.4865303,15.472717,21.56263,0.0086844545,0.01401571,64629.89,0.9996898,925.1798,20.36,46.74943700672344,-121.80768733951564, 
2025-07-09 15:08:09,1.0784094,10.213146,2.488296,15.472677,21.562569,0.008684426,0.014015669,64630.055,0.9996898,925.17957,20.36,46.7494402144181,-121.80769509708284, 
2025-07-09 15:08:10,1.0656623,10.213076,2.4588833,15.475755,21.566898,0.008686469,0.014018484,64617.207,0.9996898,925.1797,20.36,46.74943873987542,-121.80769771056124, 
2025-07-09 15:08:11,1.0652208,10.213079,2.4578648,15.475953,21.567175,0.008686599,0.014018663,64616.375,0.9996898,925.1797,20.36,46.74943993099724,-121.80769928595797, 
2025-07-09 15:08:12,1.0647794,10.213083,2.4568465,15.476152,21.56745,0.008686729,0.014018842,64615.543,0.9996898,925.1797,20.36,46.749439230638046,-121.80770526439409, 
2025-07-09 15:08:13,1.0776383,10.212674,2.4865162,15.475189,21.566341,0.008686201,0.014018122,64619.566,0.9996899,925.1797,20.36,46.74943979537667,-121.80770527707261, 
2025-07-09 15:08:14,1.0780699,10.212648,2.4875124,15.475211,21.566385,0.008686221,0.014018151,64619.473,0.9996899,925.1797,20.36,46.749439120571594,-121.8077084816029, 
2025-07-09 15:08:15,1.0655284,10.212396,2.4585745,15.476862,21.56883,0.008687372,0.014019741,64612.582,0.99968994,925.1883,20.36,46.74943832536744,-121.80770603032576, 
2025-07-09 15:08:16,1.065022,10.21237,2.4574058,15.476945,21.568962,0.008687434,0.014019826,64612.234,0.99968994,925.18884,20.36,46.74943747330942,-121.8077050763938, 
2025-07-09 15:08:17,1.0645156,10.212345,2.4562373,15.477029,21.569094,0.008687496,0.014019911,64611.883,0.99968994,925.1894,20.36,46.74943799097969,-121.80770498688771, 
2025-07-09 15:08:18,1.0770252,10.211942,2.4851017,15.46447,21.551825,0.008679333,0.014008686,64664.363,0.99968994,925.1982,20.368721,46.74944184804262,-121.80770292809733, 
2025-07-09 15:08:19,1.077431,10.211911,2.4860382,15.46376,21.550854,0.008678874,0.0140080545,64667.33,0.99968994,925.199,20.369246,46.74944165293096,-121.80770384613083, 
2025-07-09 15:08:20,1.0778369,10.21188,2.4869745,15.463051,21.549883,0.008678416,0.014007424,64670.293,0.99968994,925.1997,20.36977,46.74944165215029,-121.80770392233221, 
2025-07-09 15:08:21,1.0786705,10.2119665,2.4888978,15.487816,21.584347,0.008694696,0.014029825,64566.9,0.99969,925.1906,20.360916,46.74944165214551,-121.80770392279906, 
2025-07-09 15:08:22,1.0790211,10.211961,2.4897068,15.488958,21.585941,0.00869545,0.014030862,64562.133,0.99969,925.1903,20.360617,46.749437060788104,-121.80770395331717, 
2025-07-09 15:08:23,1.066503,10.212197,2.460823,15.467051,21.555273,0.008680966,0.014010928,64653.586,0.99968994,925.1816,20.360352,46.749437231501666,-121.8077010690032, 
2025-07-09 15:08:24,1.0657583,10.2122135,2.4591048,15.466311,21.554234,0.008680475,0.014010252,64656.67,0.99968994,925.18085,20.360126,46.749439570425956,-121.80770189652098, 
2025-07-09 15:08:25,1.0650135,10.21223,2.4573863,15.465572,21.553194,0.008679984,0.014009576,64659.758,0.99968994,925.18005,20.359903,46.74944036904059,-121.80770207280804, 
2025-07-09 15:08:26,1.0773674,10.2122345,2.485891,15.471205,21.56104,0.008683692,0.014014677,64636.21,0.99968994,925.20605,20.368689,46.749441337133526,-121.80769991798141, 
2025-07-09 15:08:27,1.0778077,10.21224,2.4869068,15.471007,21.560762,0.00868356,0.014014496,64637.035,0.99968994,925.2074,20.369211,46.749441568831315,-121.80769702700842, 
2025-07-09 15:08:28,1.0782478,10.212246,2.4879224,15.47081,21.560484,0.008683429,0.014014315,64637.855,0.99968994,925.2088,20.369736,46.74943925460081,-121.80770043265667, 
2025-07-09 15:08:29,1.0793383,10.21233,2.4904385,15.484378,21.579344,0.008692337,0.014026574,64581.227,0.99969,925.17365,20.360937,46.74943677621998,-121.80770246433903, 
2025-07-09 15:08:30,1.079712,10.212336,2.4913008,15.485322,21.580656,0.008692957,0.014027426,64577.285,0.99969,925.1722,20.360638,46.74943599913792,-121.80770254252508, 
2025-07-09 15:08:31,1.0789549,10.212022,2.4895542,15.46697,21.555262,0.008680958,0.01401092,64653.918,0.99968994,925.1796,20.368813,46.74943602079529,-121.80770249915892, 
2025-07-09 15:08:32,1.0789294,10.212005,2.4894953,15.466167,21.554152,0.008680434,0.014010198,64657.27,0.99968994,925.1792,20.3691,46.74943358659311,-121.80770559291871, 
2025-07-09 15:08:33,1.0789039,10.211988,2.4894364,15.465364,21.553043,0.00867991,0.014009478,64660.625,0.99968994,925.17883,20.369389,46.749433746846854,-121.8077064123791, 
2025-07-09 15:08:34,1.0783675,10.211809,2.4881988,15.463578,21.550655,0.008678779,0.014007927,64668.09,0.99968994,925.20514,20.369678,46.74943336389213,-121.80770520142126, 
2025-07-09 15:08:35,1.0783175,10.211791,2.4880836,15.463019,21.549889,0.008678416,0.014007428,64670.426,0.99968994,925.2069,20.3699,46.749433029534195,-121.80770414413344, 
2025-07-09 15:08:36,1.0782676,10.211773,2.4879682,15.4624605,21.54912,0.008678053,0.014006928,64672.758,0.99968994,925.2087,20.37012,46.74943302744389,-121.8077041375236, 
2025-07-09 15:08:37,1.0790571,10.212192,2.48979,15.466879,21.555037,0.008680853,0.014010774,64654.285,0.99968994,925.20013,20.378828,46.74943302743086,-121.80770413748242, 
2025-07-09 15:08:38,1.0790914,10.212213,2.489869,15.467099,21.55533,0.008680993,0.014010966,64653.367,0.99968994,925.20026,20.379358,46.749433027430776,-121.80770413748216, 
2025-07-09 15:08:39,1.0789852,10.21207,2.4896243,15.465493,21.553175,0.008679972,0.014009564,64660.08,0.99968994,925.2001,20.3712,46.74943353832589,-121.80770051281732, 
2025-07-09 15:08:40,1.0789976,10.212071,2.4896529,15.465494,21.553177,0.008679972,0.014009565,64660.074,0.99968994,925.1998,20.37091,46.74943354151059,-121.8077004902227, 
2025-07-09 15:08:41,1.07901,10.212072,2.4896815,15.465495,21.553177,0.008679973,0.014009565,64660.07,0.99968994,925.19965,20.370619,46.74943354151595,-121.80770049018467, 
2025-07-09 15:08:42,1.0782766,10.211742,2.4879892,15.458114,21.54308,0.008675201,0.014003002,64690.95,0.99968994,925.1997,20.370317,46.74943354153048,-121.80770049008161, 
2025-07-09 15:08:43,1.0782293,10.2117195,2.4878798,15.4576235,21.54241,0.008674884,0.014002566,64693,0.99968994,925.1997,20.370094,46.74943354153057,-121.80770049008098, 
2025-07-09 15:08:44,1.0781819,10.211696,2.4877703,15.457133,21.541742,0.0086745685,0.014002131,64695.05,0.99968994,925.1997,20.369873,46.74943354153053,-121.80770049008144, 
2025-07-09 15:08:45,1.0785171,10.211768,2.488544,15.462371,21.548998,0.008677996,0.014006848,64673.137,0.99968994,925.24365,20.378786,46.7493390604138,-121.8074622829439, 
2025-07-09 15:08:46,1.0785186,10.211763,2.4885476,15.462497,21.549175,0.008678079,0.014006964,64672.613,0.99968994,925.2463,20.37931,46.74933907438379,-121.80746231816498, 
2025-07-09 15:08:47,1.0784007,10.211766,2.4882753,15.452246,21.534887,0.008671331,0.013997678,64715.52,0.99968994,925.22235,20.371155,46.749339088349544,-121.80746235337514, 
2025-07-09 15:08:48,1.0784013,10.211768,2.4882767,15.451728,21.534166,0.008670989,0.013997207,64717.688,0.99968994,925.2219,20.37085,46.74942819532839,-121.80768701115984, 
2025-07-09 15:08:49,1.078402,10.21177,2.4882784,15.45121,21.533443,0.008670649,0.013996738,64719.855,0.99968994,925.22144,20.370544,46.74943077439812,-121.80769351354719, 
2025-07-09 15:08:50,1.0785277,10.2120905,2.4885688,15.457976,21.542688,0.008675022,0.014002748,64691.523,0.99968994,925.2206,20.378893,46.74943079047719,-121.80769355408597, 
2025-07-09 15:08:51,1.0785322,10.21211,2.488579,15.45812,21.54288,0.008675112,0.014002872,64690.92,0.99968994,925.2199,20.379185,46.749432208524844,-121.8076938703335, 
2025-07-09 15:08:52,1.0785366,10.212129,2.4885893,15.458264,21.543068,0.008675202,0.014002995,64690.316,0.99968994,925.21924,20.379477,46.749430264873745,-121.8076942495868, 
2025-07-09 15:08:53,1.0786949,10.211732,2.4889543,15.459712,21.545313,0.008676254,0.014004454,64684.26,0.99968994,925.22845,20.388536,46.749428382128656,-121.8076929172756, 
2025-07-09 15:08:54,1.0787076,10.211716,2.4889834,15.459963,21.545671,0.008676423,0.014004688,64683.21,0.99968994,925.229,20.389282,46.7494256491307,-121.80768793289806, 
2025-07-09 15:08:55,1.0787134,10.211702,2.4889967,15.468335,21.557348,0.008681939,0.014012276,64648.203,0.99968994,925.2462,20.381157,46.749422746875034,-121.80768992399534, 
2025-07-09 15:08:56,1.0787174,10.211692,2.489006,15.468886,21.55812,0.008682304,0.014012779,64645.902,0.99968994,925.2475,20.380852,46.74942451166338,-121.80768842618923, 
2025-07-09 15:08:57,1.0787213,10.211682,2.489015,15.469437,21.558893,0.008682669,0.014013281,64643.598,0.99968994,925.2488,20.380547,46.749428442829654,-121.8076889217911, 
2025-07-09 15:08:58,1.0788319,10.211928,2.4892702,15.455249,21.538979,0.008673268,0.014000337,64702.945,0.99968994,925.25775,20.388916,46.7494271126436,-121.80769110371726, 
2025-07-09 15:08:59,1.0788387,10.211944,2.4892857,15.454599,21.538065,0.008672837,0.013999742,64705.664,0.99968994,925.2587,20.389214,46.74942834484,-121.80769396995701, 
2025-07-09 15:09:00,1.0788455,10.211958,2.4893014,15.453949,21.537151,0.008672405,0.013999148,64708.383,0.99968994,925.2597,20.38951,46.749430120938854,-121.80769483073503, 
2025-07-09 15:09:01,1.0785785,10.211149,2.4886854,15.461351,21.547932,0.008677485,0.014006155,64677.4,0.99969,925.2331,20.380974,46.749434088434775,-121.80769503107135, 
2025-07-09 15:09:02,1.0785654,10.211107,2.4886553,15.461438,21.548077,0.008677553,0.01400625,64677.035,0.99969,925.2317,20.380674,46.749436223089,-121.80769367448542, 
2025-07-09 15:09:03,1.0784276,10.211227,2.4883373,15.462958,21.550127,0.008678522,0.014007582,64670.68,0.99969,925.214,20.380383,46.7494365902139,-121.80769496645125, 
2025-07-09 15:09:04,1.0784127,10.211216,2.488303,15.463235,21.55052,0.008678707,0.0140078375,64669.523,0.99969,925.2123,20.380157,46.74943657226036,-121.80769496614514, 
2025-07-09 15:09:05,1.0783979,10.211205,2.4882686,15.463511,21.55091,0.008678892,0.014008092,64668.367,0.99969,925.2105,20.379932,46.74943657226036,-121.80769496614514, 
2025-07-09 15:09:06,1.0664773,10.211687,2.4607635,15.459509,21.545055,0.008676131,0.014004285,64685.11,0.99968994,925.25336,20.388613,46.749433788769046,-121.80769081760222, 
2025-07-09 15:09:07,1.0657482,10.21172,2.4590812,15.4593,21.544746,0.008675985,0.014004085,64685.98,0.99968994,925.25555,20.389135,46.74943125309864,-121.80769306277931, 
2025-07-09 15:09:08,1.0650191,10.211753,2.4573991,15.459092,21.544437,0.00867584,0.014003884,64686.85,0.99968994,925.25775,20.38966,46.7494314968824,-121.807693352942, 
2025-07-09 15:09:09,1.0646455,10.211529,2.4565368,15.491435,21.58964,0.008697189,0.014033265,64551.84,0.99969006,925.24097,20.389763,46.749434027282035,-121.80768853280148, 
2025-07-09 15:09:10,1.0643206,10.211527,2.455787,15.493261,21.592186,0.008698393,0.01403492,64544.215,0.99969006,925.241,20.389988,46.74943334698016,-121.80768548470029, 
2025-07-09 15:09:11,1.0762397,10.211827,2.4832892,15.469993,21.559586,0.008682997,0.014013731,64641.3,0.99968994,925.25726,20.398376,46.74943334698016,-121.80768548470029, 
2025-07-09 15:09:12,1.0769671,10.21184,2.4849677,15.469322,21.558645,0.008682553,0.014013119,64644.09,0.99968994,925.2578,20.39889,46.74943334698016,-121.80768548470029, 
2025-07-09 15:09:13,1.0785671,10.211687,2.4886594,15.453656,21.5369,0.00867228,0.013998984,64709.625,0.99968994,925.2681,20.390446,46.74943334698016,-121.80768548470029, 
2025-07-09 15:09:14,1.0789276,10.21168,2.489491,15.451832,21.53436,0.008671082,0.013997334,64717.25,0.99968994,925.26935,20.3899,46.74943334698016,-121.80768548470029, 
2025-07-09 15:09:15,1.0792881,10.211674,2.4903228,15.450008,21.531822,0.008669882,0.013995685,64724.875,0.99968994,925.27057,20.389355,46.74943334698016,-121.80768548470029, 
2025-07-09 15:09:16,1.079249,10.211849,2.4902327,15.464843,21.552397,0.008679602,0.014009058,64662.805,0.99968994,925.2957,20.398623,46.74943334698021,-121.80768548470013, 
2025-07-09 15:09:17,1.0792749,10.211853,2.4902923,15.465158,21.552834,0.008679809,0.0140093425,64661.484,0.99968994,925.2976,20.398817,46.749433346980155,-121.80768548470016, 
2025-07-09 15:09:18,1.0793006,10.211857,2.4903517,15.465474,21.553272,0.008680016,0.0140096275,64660.16,0.99968994,925.2995,20.399014,46.74943334698019,-121.80768548470006, 
2025-07-09 15:09:19,1.0787824,10.211952,2.489156,15.485617,21.581287,0.00869325,0.014027836,64576.074,0.99969,925.255,20.390978,46.74943334698014,-121.80768548470003, 
2025-07-09 15:09:20,1.0787569,10.211962,2.489097,15.487085,21.583328,0.008694215,0.014029164,64569.938,0.99969,925.2531,20.390684,46.749433346980176,-121.8076854847001, 
2025-07-09 15:09:21,1.0784653,10.211418,2.4884243,15.459734,21.545523,0.008676349,0.01400459,64684.2,0.99969,925.2348,20.390388,46.74943334698016,-121.80768548470023, 
2025-07-09 15:09:22,1.0784365,10.211388,2.4883578,15.458507,21.54383,0.00867555,0.01400349,64689.324,0.99969,925.23267,20.390167,46.74943334698012,-121.80768548470013, 
2025-07-09 15:09:23,1.0784076,10.211356,2.4882913,15.45728,21.54214,0.00867475,0.01400239,64694.453,0.99969,925.2305,20.389944,46.74943334698009,-121.80768548470016, 
2025-07-09 15:09:24,1.0785344,10.211822,2.4885838,15.486369,21.582413,0.00869378,0.014028569,64572.95,0.99969,925.2217,20.398647,46.74943334698012,-121.80768548470009, 
2025-07-09 15:09:25,1.0785353,10.211837,2.4885857,15.48748,21.583952,0.008694507,0.014029569,64568.31,0.99969,925.2207,20.399178,46.7494333469801,-121.80768548470019, 
2025-07-09 15:09:26,1.0785362,10.211852,2.4885879,15.48859,21.585491,0.008695235,0.01403057,64563.668,0.99969,925.2197,20.399708,46.74943334698009,-121.80768548470013, 
2025-07-09 15:09:27,1.0785408,10.21177,2.4885988,15.456262,21.540483,0.008673972,0.0140013145,64698.734,0.99968994,925.2199,20.399754,46.74943602662067,-121.80769076691134, 
2025-07-09 15:09:28,1.0785444,10.211777,2.488607,15.455147,21.538925,0.008673237,0.014000301,64703.395,0.99968994,925.21967,20.39998,46.74944215828758,-121.807700742783, 
2025-07-09 15:09:29,1.0784161,10.2111635,2.488311,15.461272,21.547813,0.008677429,0.014006078,64677.746,0.99969,925.2365,20.4,46.749441446303116,-121.80769566601843, 
2025-07-09 15:09:30,1.0784081,10.2111225,2.4882922,15.460936,21.547367,0.008677218,0.014005789,64679.145,0.99969,925.2376,20.4,46.74944143913892,-121.80769583204211, 
2025-07-09 15:09:31,1.0784,10.211082,2.4882736,15.460599,21.546923,0.008677007,0.014005499,64680.547,0.99969,925.23865,20.4,46.74944237283293,-121.80769545968423, 
2025-07-09 15:09:32,1.0791456,10.211389,2.4899938,15.455944,21.540258,0.008673863,0.014001168,64700.03,0.99969,925.19604,20.39139,46.749441285204455,-121.80769625033935, 
2025-07-09 15:09:33,1.0791882,10.211392,2.4900923,15.45585,21.540125,0.0086738,0.014001082,64700.42,0.99969,925.19385,20.39086,46.749441285204455,-121.80769625033935, 
2025-07-09 15:09:34,1.0792308,10.211395,2.4901907,15.455756,21.539993,0.008673738,0.014000996,64700.816,0.99969,925.19165,20.39033,46.749441285204455,-121.80769625033935, 
2025-07-09 15:09:35,1.0786132,10.211643,2.488766,15.460453,21.546396,0.008676765,0.014005157,64681.16,0.99968994,925.20844,20.390236,46.74944128520446,-121.80769625033935, 
2025-07-09 15:09:36,1.0785955,10.211665,2.488725,15.460616,21.54661,0.008676865,0.014005297,64680.477,0.99968994,925.2083,20.390009,46.74944128520446,-121.80769625033938, 
2025-07-09 15:09:37,1.0785778,10.211688,2.488684,15.460779,21.546825,0.008676967,0.014005436,64679.797,0.99968994,925.20825,20.389782,46.749438820880066,-121.80769467201556, 
2025-07-09 15:09:38,1.0782088,10.211598,2.4878323,15.4851465,21.580835,0.008693033,0.014027543,64578.03,0.99969006,925.2362,20.398945,46.74943824003315,-121.80769355006635, 
2025-07-09 15:09:39,1.0781723,10.2116,2.487748,15.486697,21.582996,0.008694053,0.014028948,64571.56,0.99969006,925.2382,20.399471,46.74943821396859,-121.8076935644781, 
2025-07-09 15:09:40,1.0792505,10.211745,2.490236,15.466729,21.555084,0.008680871,0.014010805,64654.926,0.99968994,925.2217,20.399662,46.74943821396859,-121.8076935644781, 
2025-07-09 15:09:41,1.0793062,10.211753,2.4903648,15.466117,21.554228,0.008680467,0.014010249,64657.48,0.99968994,925.2213,20.399887,46.74943821396859,-121.8076935644781, 
2025-07-09 15:09:42,1.0793622,10.21176,2.4904938,15.465506,21.553371,0.008680062,0.014009692,64660.03,0.99968994,925.221,20.400112,46.74943821396859,-121.8076935644781, 
2025-07-09 15:09:43,1.0665259,10.211764,2.460876,15.458765,21.543974,0.008675624,0.014003583,64688.227,0.99968994,925.2465,20.4,46.74943821396859,-121.8076935644781, 
2025-07-09 15:09:44,1.0657738,10.211768,2.4591405,15.457883,21.542742,0.008675042,0.014002782,64691.914,0.99968994,925.2477,20.4,46.74943821396859,-121.8076935644781, 
2025-07-09 15:09:45,1.0650219,10.211772,2.457405,15.457,21.54151,0.0086744595,0.014001981,64695.605,0.99968994,925.24884,20.4,46.74943821396858,-121.8076935644781, 
2025-07-09 15:09:46,1.0641574,10.211613,2.4554105,15.45504,21.53887,0.00867321,0.014000266,64703.812,0.99969,925.2313,20.408901,46.74943821396859,-121.80769356447811, 
2025-07-09 15:09:47,1.0637748,10.211604,2.4545276,15.454749,21.538471,0.008673021,0.014000007,64705.027,0.99969,925.23096,20.409426,46.749438213968574,-121.8076935644781, 
2025-07-09 15:09:48,1.0760984,10.211528,2.4829628,15.458616,21.543901,0.008675586,0.014003537,64688.844,0.99969,925.23035,20.409662,46.74943821396858,-121.80769356447811, 
2025-07-09 15:09:49,1.0768293,10.211519,2.4846497,15.4587965,21.544157,0.0086757075,0.014003703,64688.09,0.99969,925.2299,20.409887,46.74943821396858,-121.8076935644781, 
2025-07-09 15:09:50,1.0775603,10.211512,2.4863362,15.458977,21.544415,0.008675829,0.014003869,64687.336,0.99969,925.22943,20.410112,46.74944204405843,-121.8076996521797, 
2025-07-09 15:09:51,1.0781069,10.211432,2.4875975,15.460111,21.54604,0.008676593,0.014004926,64682.594,0.99969,925.2471,20.41,46.7494419885022,-121.80769850817428, 
2025-07-09 15:09:52,1.0784492,10.211426,2.4883873,15.460275,21.546272,0.008676703,0.014005078,64681.902,0.99969,925.2481,20.41,46.74944116533477,-121.80770169455668, 
2025-07-09 15:09:53,1.0787916,10.211419,2.4891772,15.46044,21.546507,0.008676813,0.01400523,64681.215,0.99969,925.24915,20.41,46.74944118595813,-121.8077034199524, 
2025-07-09 15:09:54,1.0786935,10.2116585,2.488951,15.464877,21.552553,0.008679674,0.014009161,64662.656,0.99968994,925.23145,20.41,46.74944118595813,-121.8077034199524, 
2025-07-09 15:09:55,1.0787115,10.21167,2.4889925,15.465172,21.552958,0.008679865,0.014009424,64661.42,0.99968994,925.23083,20.41,46.74944118595813,-121.8077034199524, 
2025-07-09 15:09:56,1.078435,10.211449,2.4883542,15.4714155,21.561787,0.008684031,0.0140151605,64635.33,0.99969,925.2559,20.41,46.74944118595813,-121.8077034199524, 
2025-07-09 15:09:57,1.0784218,10.211441,2.4883242,15.471905,21.562473,0.008684354,0.014015607,64633.285,0.99969,925.257,20.41,46.74944177263403,-121.80770242548319, 
2025-07-09 15:09:58,1.0784088,10.211433,2.4882941,15.472394,21.563158,0.008684678,0.014016053,64631.242,0.99969,925.2581,20.41,46.749440890921605,-121.807701204022, 
2025-07-09 15:09:59,1.0787982,10.21134,2.4891922,15.460455,21.546572,0.008676843,0.014005273,64681.156,0.99969,925.2675,20.41,46.74943912894071,-121.80770112893585, 
2025-07-09 15:10:00,1.0788146,10.2113285,2.4892302,15.459897,21.545803,0.008676479,0.014004772,64683.484,0.99969,925.26874,20.41,46.749438988457285,-121.80770041040799, 
2025-07-09 15:10:01,1.078831,10.211318,2.489268,15.45934,21.545033,0.0086761145,0.0140042715,64685.816,0.99969,925.2699,20.41,46.749437214735416,-121.80770191313835, 
2025-07-09 15:10:02,1.0783129,10.211078,2.4880726,15.478804,21.572296,0.00868899,0.014021993,64604.49,0.99969,925.2429,20.41,46.74943786279891,-121.8077036300162, 
2025-07-09 15:10:03,1.0782918,10.2110615,2.488024,15.479662,21.573502,0.008689559,0.014022776,64600.902,0.99969,925.2415,20.41,46.74943784471227,-121.80770349259134, 
2025-07-09 15:10:04,1.0780175,10.210744,2.4873908,15.482819,21.578083,0.008691721,0.014025754,64587.73,0.99969006,925.25775,20.401525,46.74943718891117,-121.80770797512824, 
2025-07-09 15:10:05,1.0779884,10.210719,2.4873235,15.483476,21.579014,0.008692159,0.014026359,64584.99,0.99969006,925.2581,20.401007,46.74943720290459,-121.80770793917112, 
2025-07-09 15:10:06,1.0779592,10.210693,2.487256,15.484132,21.579943,0.008692598,0.014026964,64582.242,0.99969006,925.2585,20.400488,46.74943720290459,-121.80770793917112, 
2025-07-09 15:10:07,1.0788641,10.211085,2.4893446,15.481239,21.575686,0.008690593,0.014024195,64594.31,0.99969,925.3024,20.417624,46.74943720290459,-121.80770793917112, 
2025-07-09 15:10:08,1.0789121,10.211102,2.4894555,15.48114,21.575539,0.008690523,0.014024099,64594.723,0.99969,925.3055,20.41845,46.74943720290459,-121.80770793917112, 
2025-07-09 15:10:09,1.0789602,10.211117,2.489566,15.481041,21.575392,0.008690454,0.014024004,64595.137,0.99969,925.30853,20.419275,46.74944233782653,-121.80771317443853, 
2025-07-09 15:10:10,1.0660243,10.210803,2.459718,15.476389,21.569088,0.008687472,0.014019907,64614.555,0.99969006,925.2294,20.410759,46.74944518990085,-121.80771071429422, 
2025-07-09 15:10:11,1.0771284,10.211151,2.4853394,15.4950485,21.594893,0.008699665,0.014036681,64536.766,0.99969006,925.25696,20.426586,46.74944521932625,-121.80771086718852, 
2025-07-09 15:10:12,1.0776048,10.211167,2.4864388,15.49621,21.596502,0.008700425,0.014037726,64531.926,0.99969006,925.25714,20.427437,46.74944521932625,-121.80771086718852, 
2025-07-09 15:10:13,1.0780813,10.211184,2.4875379,15.497371,21.59811,0.008701186,0.014038772,64527.082,0.99969006,925.25726,20.428288,46.74944521932625,-121.80771086718852, 
2025-07-09 15:10:14,1.0784171,10.210542,2.4883127,15.473331,21.564978,0.008685526,0.0140172355,64627.332,0.99969006,925.23065,20.41086,46.74944521932625,-121.80771086718852, 
2025-07-09 15:10:15,1.0787303,10.210498,2.4890356,15.471812,21.562885,0.008684537,0.014015876,64633.668,0.99969006,925.2293,20.409815,46.74944521932625,-121.80771086718852, 
2025-07-09 15:10:16,1.0790436,10.210454,2.4897585,15.470293,21.560793,0.008683549,0.014014515,64640.008,0.99969006,925.22797,20.40877,46.74944521932625,-121.80771086718852, 
2025-07-09 15:10:17,1.0785787,10.210329,2.4886858,15.475793,21.56853,0.008687202,0.014019545,64617.043,0.9996901,925.1856,20.409836,46.74944521932625,-121.80771086718852, 
2025-07-09 15:10:18,1.0785493,10.210297,2.488618,15.475147,21.567648,0.008686786,0.0140189715,64619.74,0.9996901,925.18195,20.409191,46.74944521932625,-121.80771086718852, 
2025-07-09 15:10:19,1.0787039,10.210627,2.4889746,15.47904,21.572886,0.008689262,0.014022376,64603.492,0.99969006,925.2488,20.418388,46.749451880737105,-121.80770976343982, 
2025-07-09 15:10:20,1.0787061,10.210642,2.4889798,15.479307,21.57325,0.008689434,0.014022612,64602.38,0.99969006,925.25183,20.418911,46.74944998009485,-121.80770889056768, 
2025-07-09 15:10:21,1.0787084,10.210656,2.488985,15.479574,21.573612,0.008689606,0.014022849,64601.26,0.99969006,925.2549,20.419432,46.74944852958308,-121.80770605706978, 
2025-07-09 15:10:22,1.0785635,10.210437,2.4886506,15.479849,21.57412,0.008689845,0.014023178,64600.113,0.99969006,925.26575,20.419676,46.74944888810993,-121.80770429797921, 
2025-07-09 15:10:23,1.078558,10.21043,2.4886382,15.479933,21.574242,0.008689902,0.0140232565,64599.76,0.99969006,925.26807,20.419899,46.74944888810993,-121.80770429797921, 
2025-07-09 15:10:24,1.0785526,10.210424,2.4886258,15.480017,21.574362,0.008689959,0.014023336,64599.41,0.99969006,925.2704,20.420122,46.74944888810993,-121.80770429797921, 
2025-07-09 15:10:25,1.0789416,10.21065,2.4895232,15.481897,21.576853,0.008691138,0.014024954,64591.566,0.99969006,925.26074,20.42,46.74944888810993,-121.80770429797921, 
2025-07-09 15:10:26,1.078961,10.210658,2.4895678,15.482017,21.577015,0.008691215,0.0140250595,64591.066,0.99969006,925.26044,20.42,46.74944888810993,-121.80770429797921, 
2025-07-09 15:10:27,1.0787458,10.210821,2.4890714,15.47802,21.571352,0.008688541,0.014021379,64607.746,0.99969006,925.277,20.42,46.749448888109924,-121.80770429797921, 
2025-07-09 15:10:28,1.0787414,10.210836,2.489061,15.477814,21.571056,0.008688402,0.014021186,64608.605,0.99969006,925.2778,20.42,46.74944888810993,-121.80770429797921, 
2025-07-09 15:10:29,1.078737,10.210852,2.489051,15.477609,21.57076,0.008688263,0.014020994,64609.465,0.99969006,925.2786,20.42,46.74944888810993,-121.80770429797923, 
2025-07-09 15:10:30,1.0789652,10.20999,2.4895773,15.478351,21.57229,0.008688971,0.014021989,64606.367,0.9996901,925.2791,20.42,46.749448888109924,-121.80770429797921, 
2025-07-09 15:10:31,1.0789735,10.20994,2.4895966,15.478294,21.57224,0.008688947,0.014021957,64606.6,0.9996901,925.2796,20.42,46.74944888810993,-121.80770429797921, 
2025-07-09 15:10:32,1.078982,10.20989,2.489616,15.478239,21.572191,0.008688923,0.014021925,64606.832,0.9996901,925.28,20.42,46.74944888810995,-121.80770429797919, 
2025-07-09 15:10:33,1.078988,10.210205,2.48963,15.47991,21.574339,0.008689943,0.014023321,64599.86,0.9996901,925.271,20.42,46.7494488881099,-121.80770429797921, 
2025-07-09 15:10:34,1.0789943,10.210201,2.4896443,15.480027,21.574507,0.008690021,0.014023429,64599.367,0.9996901,925.2705,20.42,46.749448888109924,-121.80770429797921, 
2025-07-09 15:10:35,1.0788727,10.209898,2.4893641,15.475888,21.56891,0.008687375,0.014019792,64616.65,0.9996901,925.27014,20.42842,46.74944888810994,-121.80770429797923, 
2025-07-09 15:10:36,1.078865,10.209887,2.4893463,15.475664,21.568605,0.008687231,0.014019594,64617.582,0.9996901,925.2699,20.42895,46.74944888810994,-121.80770429797921, 
2025-07-09 15:10:37,1.0788573,10.209875,2.4893286,15.47544,21.568298,0.008687086,0.014019394,64618.52,0.9996901,925.26965,20.429478,46.74944888810993,-121.80770429797921, 
2025-07-09 15:10:38,1.0785927,10.2097025,2.4887178,15.480028,21.574791,0.0086901495,0.014023614,64599.367,0.9996902,925.2697,20.429684,46.74944508564681,-121.8076990612275, 
2025-07-09 15:10:39,1.0785733,10.209684,2.4886734,15.480202,21.575043,0.008690269,0.014023778,64598.64,0.9996902,925.2697,20.42991,46.749440917253374,-121.80769962997752, 
2025-07-09 15:10:40,1.0785542,10.209665,2.4886289,15.480375,21.575296,0.008690387,0.014023942,64597.914,0.9996902,925.2697,20.430138,46.74943922976792,-121.8076990078096, 
2025-07-09 15:10:41,1.0782164,10.209425,2.4878497,15.480619,21.575775,0.0086906105,0.014024254,64596.9,0.9996902,925.2524,20.43,46.74943934180428,-121.80769893115529, 
2025-07-09 15:10:42,1.0781898,10.209406,2.4877884,15.480749,21.575968,0.008690701,0.014024379,64596.355,0.9996902,925.2514,20.43,46.74943934180428,-121.80769893115529, 
2025-07-09 15:10:43,1.0781633,10.209387,2.487727,15.48088,21.576159,0.008690791,0.0140245035,64595.812,0.9996902,925.25037,20.43,46.74943934180428,-121.80769893115529, 
2025-07-09 15:10:44,1.0789179,10.2093115,2.4894679,15.486711,21.58433,0.00869465,0.014029815,64571.492,0.99969023,925.2681,20.43,46.74943934180428,-121.80769893115529, 
2025-07-09 15:10:45,1.078955,10.209301,2.4895537,15.487071,21.584839,0.00869489,0.0140301455,64569.984,0.99969023,925.26874,20.43,46.749439341804276,-121.80769893115526, 
2025-07-09 15:10:46,1.0787339,10.209149,2.4890435,15.488909,21.587486,0.008696139,0.014031867,64562.33,0.99969023,925.24335,20.43,46.74943697148178,-121.80770012066797, 
2025-07-09 15:10:47,1.078739,10.209138,2.4890552,15.489167,21.587854,0.008696313,0.014032106,64561.25,0.99969023,925.24225,20.43,46.74943665066917,-121.80770004441156, 
2025-07-09 15:10:48,1.0787442,10.209127,2.489067,15.489427,21.588223,0.008696486,0.014032345,64560.168,0.99969023,925.24115,20.43,46.74943664866935,-121.80770004393618, 
2025-07-09 15:10:49,1.0789672,10.2092,2.4895816,15.477049,21.570929,0.008688318,0.014021104,64611.81,0.9996902,925.2929,20.43,46.74943664866598,-121.80770004393538, 
2025-07-09 15:10:50,1.0789754,10.2092,2.4896007,15.4763565,21.569963,0.008687862,0.014020477,64614.695,0.9996902,925.29535,20.43,46.74943664866351,-121.8077000439348, 
2025-07-09 15:10:51,1.0789837,10.209201,2.4896195,15.475664,21.569,0.008687407,0.01401985,64617.582,0.9996902,925.29785,20.43,46.74943664866349,-121.8077000439348, 
2025-07-09 15:10:52,1.0785899,10.208954,2.4887114,15.475486,21.568892,0.008687353,0.01401978,64618.324,0.99969023,925.2809,20.43,46.74943664866349,-121.8077000439348, 
2025-07-09 15:10:53,1.0785728,10.2089405,2.4886715,15.475163,21.568449,0.008687144,0.014019492,64619.67,0.99969023,925.2812,20.43,46.74943664866349,-121.8077000439348, 
2025-07-09 15:10:54,1.0784296,10.209018,2.4883413,15.47074,21.562243,0.008684214,0.014015457,64638.15,0.9996902,925.28894,20.43,46.74943664866349,-121.8077000439348, 
2025-07-09 15:10:55,1.0784116,10.209017,2.4882998,15.470464,21.561855,0.008684032,0.014015206,64639.305,0.9996902,925.289,20.43,46.74943664866349,-121.8077000439348, 
2025-07-09 15:10:56,1.0783936,10.209016,2.4882584,15.470186,21.56147,0.00868385,0.014014956,64640.465,0.9996902,925.28906,20.43,46.74943664866349,-121.8077000439348, 
2025-07-09 15:10:57,1.078396,10.208453,2.4882638,15.474412,21.567682,0.008686774,0.014018994,64622.812,0.99969023,925.2457,20.43,46.74943664866349,-121.8077000439348, 
2025-07-09 15:10:58,1.0783925,10.208421,2.488256,15.474553,21.567898,0.008686876,0.014019134,64622.223,0.99969023,925.2433,20.43,46.74943664866349,-121.8077000439348, 
2025-07-09 15:10:59,1.078389,10.208388,2.488248,15.474695,21.568115,0.008686977,0.014019274,64621.63,0.99969023,925.24084,20.43,46.74943664865966,-121.80770004393389, 
2025-07-09 15:11:00,1.0655907,10.208385,2.458717,15.48185,21.578089,0.008691688,0.014025757,64591.766,0.99969023,925.285,20.438883,46.749436648656825,-121.8077000439332, 
2025-07-09 15:11:01,1.0648406,10.208371,2.4569862,15.482374,21.578827,0.008692037,0.014026238,64589.58,0.99969023,925.28644,20.439404,46.74943664865682,-121.80770004393322, 
2025-07-09 15:11:02,1.0769577,10.208544,2.484945,15.49414,21.595125,0.008699739,0.014036831,64540.54,0.9996903,925.2108,20.431086,46.74943664865681,-121.8077000439332, 
2025-07-09 15:11:03,1.0774084,10.208554,2.485985,15.495032,21.596363,0.008700324,0.014037636,64536.816,0.9996903,925.20715,20.430779,46.74943664865681,-121.8077000439332, 
2025-07-09 15:11:04,1.077859,10.208565,2.4870248,15.495925,21.5976,0.008700909,0.014038442,64533.094,0.9996903,925.2035,20.430471,46.74943664865681,-121.8077000439332, 
2025-07-09 15:11:05,1.0783242,10.208162,2.4880977,15.485785,21.5837,0.008694336,0.014029405,64575.36,0.99969035,925.1933,20.438953,46.74943664865682,-121.8077000439332, 
2025-07-09 15:11:06,1.0786642,10.208143,2.4888823,15.485483,21.583292,0.008694143,0.014029141,64576.613,0.99969035,925.19073,20.439243,46.74943664865681,-121.8077000439332, 
2025-07-09 15:11:07,1.0790042,10.208123,2.489667,15.485183,21.582884,0.00869395,0.014028875,64577.863,0.99969035,925.1882,20.439535,46.74943664865681,-121.8077000439332, 
2025-07-09 15:11:08,1.0787168,10.207707,2.4890034,15.494711,21.596403,0.008700332,0.014037662,64538.152,0.99969035,925.1631,20.439808,46.74943664865681,-121.8077000439332, 
2025-07-09 15:11:09,1.0787206,10.207672,2.4890125,15.495038,21.59688,0.008700556,0.014037971,64536.79,0.99969035,925.16125,20.44003,46.74943664865681,-121.8077000439332, 
2025-07-09 15:11:10,1.0793272,10.2076645,2.4904125,15.482201,21.57899,0.008692104,0.014026344,64590.31,0.9996903,925.18634,20.44,46.74943664865681,-121.8077000439332, 
2025-07-09 15:11:11,1.0793644,10.207654,2.4904983,15.481648,21.578228,0.008691744,0.014025848,64592.61,0.9996903,925.18726,20.44,46.74943664865681,-121.8077000439332, 
2025-07-09 15:11:12,1.0794016,10.2076435,2.4905841,15.481096,21.577465,0.0086913835,0.014025352,64594.91,0.9996903,925.1881,20.44,46.74943664865681,-121.8077000439332, 
2025-07-09 15:11:13,1.0790328,10.208127,2.4897327,15.487752,21.58646,0.008695642,0.0140312,64567.152,0.99969035,925.21497,20.44,46.74943664865681,-121.80770004393322, 
2025-07-09 15:11:14,1.0790261,10.208156,2.4897175,15.487824,21.586546,0.0086956825,0.014031255,64566.848,0.99969035,925.21716,20.44,46.74943664865682,-121.8077000439332, 
2025-07-09 15:11:15,1.0790195,10.208183,2.4897022,15.487897,21.58663,0.0086957235,0.01403131,64566.543,0.99969035,925.2194,20.44,46.74943664865681,-121.8077000439332, 
2025-07-09 15:11:16,1.0784653,10.208262,2.4884238,15.482643,21.579264,0.008692242,0.014026522,64588.457,0.9996903,925.2013,20.431078,46.74945386714657,-121.80770431128892, 
2025-07-09 15:11:17,1.0784237,10.20828,2.4883277,15.48249,21.57904,0.008692137,0.014026376,64589.098,0.9996903,925.20087,20.430546,46.7494533220762,-121.80770294038504, 
2025-07-09 15:11:18,1.0788032,10.2079735,2.4892032,15.487677,21.586445,0.008695631,0.01403119,64567.47,0.99969035,925.2174,20.438879,46.74945093300565,-121.80770353938608, 
2025-07-09 15:11:19,1.0788136,10.207956,2.4892268,15.487862,21.586714,0.008695758,0.014031365,64566.695,0.99969035,925.218,20.439177,46.74944777410584,-121.80770593100725, 
2025-07-09 15:11:20,1.0788238,10.207939,2.4892507,15.488048,21.586983,0.008695885,0.014031539,64565.92,0.99969035,925.2186,20.439474,46.74944533135859,-121.80770583092087, 
2025-07-09 15:11:21,1.0791972,10.208173,2.490112,15.482063,21.578506,0.008691884,0.014026029,64590.875,0.9996903,925.21045,20.431017,46.74944533135859,-121.80770583092087, 
2025-07-09 15:11:22,1.079229,10.208179,2.4901857,15.481834,21.578184,0.008691731,0.0140258195,64591.83,0.9996903,925.2104,20.430717,46.74944636662156,-121.80770949479162, 
2025-07-09 15:11:23,1.079261,10.208185,2.4902592,15.481606,21.577862,0.008691579,0.01402561,64592.785,0.9996903,925.2103,20.43042,46.74944636662156,-121.80770949479162, 
2025-07-09 15:11:24,1.0784804,10.207617,2.4884582,15.483363,21.580639,0.008692885,0.014027415,64585.453,0.9996904,925.201,20.43019,46.74944636662156,-121.80770949479162, 
2025-07-09 15:11:25,1.078444,10.207589,2.4883742,15.483317,21.580591,0.008692862,0.014027384,64585.645,0.9996904,925.20026,20.429964,46.74944636662156,-121.80770949479162, 
2025-07-09 15:11:26,1.079065,10.2078905,2.4898071,15.500715,21.604666,0.008704237,0.014043033,64513.168,0.99969035,925.2426,20.438513,46.74944636662156,-121.80770949479162, 
2025-07-09 15:11:27,1.0790845,10.207895,2.4898524,15.501819,21.606201,0.008704962,0.0140440315,64508.57,0.99969035,925.245,20.439032,46.74944636662156,-121.80770949479162, 
2025-07-09 15:11:28,1.0791042,10.2079,2.4898975,15.502922,21.607737,0.008705688,0.014045029,64503.973,0.99969035,925.2473,20.43955,46.74944636662156,-121.80770949479162, 
2025-07-09 15:11:29,1.0787536,10.207913,2.4890885,15.499302,21.602682,0.0087033,0.014041743,64519.035,0.99969035,925.23956,20.439728,46.74944636662156,-121.80770949479165, 
2025-07-09 15:11:30,1.0787476,10.207922,2.489075,15.499514,21.602972,0.008703438,0.014041932,64518.152,0.99969035,925.2402,20.43995,46.74944636662156,-121.80770949479162, 
2025-07-09 15:11:31,1.0787418,10.207931,2.4890614,15.499726,21.603264,0.008703575,0.01404212,64517.27,0.99969035,925.2407,20.440172,46.74944636662156,-121.80770949479165, 
2025-07-09 15:11:32,1.0787281,10.208005,2.48903,15.503032,21.607826,0.008705732,0.014045088,64503.516,0.99969035,925.2133,20.44,46.74944636662156,-121.80770949479162, 
2025-07-09 15:11:33,1.0787184,10.20801,2.4890075,15.503143,21.60798,0.008705805,0.014045187,64503.05,0.99969035,925.21155,20.44,46.74944636662156,-121.80770949479165, 
2025-07-09 15:11:34,1.0665946,10.207777,2.461033,15.49189,21.59243,0.008698456,0.014035079,64549.906,0.99969035,925.2364,20.44,46.749446366621555,-121.80770949479162, 
2025-07-09 15:11:35,1.0658429,10.207765,2.4592986,15.491277,21.591581,0.0086980555,0.014034527,64552.465,0.99969035,925.2373,20.44,46.749446366621555,-121.80770949479165, 
2025-07-09 15:11:36,1.0650913,10.207752,2.4575644,15.490663,21.590733,0.008697654,0.014033976,64555.02,0.99969035,925.2383,20.44,46.749446366621555,-121.80770949479162, 
2025-07-09 15:11:37,1.0646948,10.207423,2.4566495,15.505791,21.612007,0.0087077,0.014047804,64492.043,0.9996904,925.2389,20.44,46.749430575740156,-121.80770519180561, 
2025-07-09 15:11:38,1.0643587,10.207398,2.4558742,15.506403,21.612877,0.00870811,0.01404837,64489.492,0.9996904,925.23956,20.44,46.7494304773064,-121.8077051649826, 
2025-07-09 15:11:39,1.0640228,10.207373,2.4550989,15.507016,21.613745,0.00870852,0.014048934,64486.94,0.9996904,925.24023,20.44,46.74943047714069,-121.80770516493745, 
2025-07-09 15:11:40,1.0774732,10.206887,2.4861338,15.49325,21.594835,0.008699581,0.014036643,64544.246,0.9996905,925.2219,20.44,46.749430476691494,-121.807705164815, 
2025-07-09 15:11:41,1.0782465,10.20685,2.4879181,15.4928055,21.594236,0.008699298,0.014036254,64546.094,0.9996905,925.2209,20.44,46.749430476688964,-121.80770516481432, 
2025-07-09 15:11:42,1.0658568,10.207154,2.4593308,15.500181,21.604345,0.0087040765,0.014042824,64515.38,0.9996904,925.24585,20.431515,46.74943047668895,-121.80770516481432, 
2025-07-09 15:11:43,1.065411,10.207162,2.458302,15.500299,21.604506,0.008704153,0.014042928,64514.887,0.9996904,925.24695,20.430996,46.74943047668896,-121.80770516481432, 
2025-07-09 15:11:44,1.0649651,10.207169,2.4572735,15.500417,21.604666,0.008704228,0.014043032,64514.395,0.9996904,925.24805,20.430477,46.749430476688964,-121.80770516481432, 
2025-07-09 15:11:45,1.0773749,10.207407,2.4859073,15.491429,21.592003,0.008698248,0.014034802,64551.824,0.9996904,925.2227,20.430283,46.749430476688964,-121.80770516481432, 
2025-07-09 15:11:46,1.0778223,10.207429,2.4869394,15.491067,21.591484,0.008698004,0.014034465,64553.336,0.9996904,925.22174,20.430061,46.74943047668896,-121.80770516481435, 
2025-07-09 15:11:47,1.0782697,10.207451,2.4879718,15.490704,21.590965,0.008697759,0.014034128,64554.848,0.9996904,925.2208,20.429838,46.74943047668896,-121.80770516481435, 
2025-07-09 15:11:48,1.0786952,10.206797,2.4889536,15.494734,21.596958,0.008700582,0.014038024,64538.055,0.9996905,925.25574,20.438864,46.74943047668895,-121.80770516481432, 
2025-07-09 15:11:49,1.0790378,10.206764,2.489744,15.4947405,21.596987,0.008700595,0.014038042,64538.027,0.9996905,925.25714,20.439388,46.74943047668895,-121.80770516481432, 
2025-07-09 15:11:50,1.0788662,10.207368,2.4893482,15.495566,21.59779,0.008700982,0.014038564,64534.59,0.9996904,925.26685,20.43965,46.74943047668895,-121.80770516481432, 
2025-07-09 15:11:51,1.0788618,10.20739,2.4893382,15.495714,21.597984,0.008701073,0.014038689,64533.973,0.9996904,925.26825,20.439875,46.74943047668895,-121.80770516481432, 
2025-07-09 15:11:52,1.0788575,10.207412,2.4893281,15.495862,21.598177,0.008701165,0.014038815,64533.36,0.9996904,925.26965,20.440098,46.74943047668894,-121.80770516481432, 
2025-07-09 15:11:53,1.0661517,10.207118,2.4600112,15.492781,21.59405,0.008699213,0.014036133,64546.19,0.9996904,925.2432,20.44,46.74943047668896,-121.80770516481432, 
2025-07-09 15:11:54,1.0653763,10.207116,2.4582222,15.492614,21.593819,0.008699103,0.014035982,64546.89,0.9996904,925.2419,20.44,46.74943047668895,-121.80770516481432, 
2025-07-09 15:11:55,1.0646008,10.207113,2.4564328,15.492446,21.593586,0.008698993,0.01403583,64547.59,0.9996904,925.24054,20.44,46.74943047668894,-121.80770516481432, 
2025-07-09 15:11:56,1.0776124,10.20693,2.4864552,15.492242,21.593409,0.008698907,0.014035715,64548.44,0.9996905,925.24915,20.44,46.74943047668895,-121.80770516481432, 
2025-07-09 15:11:57,1.0780526,10.206912,2.4874709,15.492151,21.593294,0.008698852,0.01403564,64548.816,0.9996905,925.24896,20.44,46.74943047668894,-121.80770516481432, 
2025-07-09 15:11:58,1.0783609,10.206447,2.4881823,15.493146,21.594946,0.008699626,0.014036716,64544.67,0.9996905,925.2579,20.448526,46.74943047668895,-121.80770516481432, 
2025-07-09 15:11:59,1.0786839,10.206413,2.4889274,15.493202,21.595043,0.00869967,0.014036779,64544.438,0.9996905,925.2586,20.44905,46.74943047668894,-121.80770516481432, 
2025-07-09 15:12:00,1.0790067,10.206381,2.4896722,15.493258,21.59514,0.008699716,0.014036843,64544.203,0.9996905,925.2594,20.449575,46.74943047668895,-121.80770516481435, 
2025-07-09 15:12:01,1.0783404,10.206842,2.4881349,15.493139,21.59471,0.0086995205,0.014036562,64544.7,0.9996905,925.22485,20.441086,46.74943047668895,-121.80770516481432, 
2025-07-09 15:12:02,1.0783066,10.206859,2.488057,15.493157,21.594727,0.008699528,0.014036573,64544.625,0.9996905,925.223,20.440798,46.74943047668894,-121.80770516481432, 
2025-07-09 15:12:03,1.0782728,10.206874,2.487979,15.4931755,21.594742,0.008699536,0.014036583,64544.55,0.9996905,925.2212,20.44051,46.74943047668895,-121.80770516481432, 
2025-07-09 15:12:04,1.079063,10.206638,2.4898024,15.498726,21.602613,0.0087032495,0.014041699,64521.43,0.9996905,925.2473,20.440216,46.74943047668894,-121.80770516481432, 
2025-07-09 15:12:05,1.0790979,10.206635,2.4898825,15.499058,21.603077,0.008703468,0.014042,64520.05,0.9996905,925.24805,20.439997,46.74943047668895,-121.80770516481432, 
2025-07-09 15:12:06,1.0665754,10.206557,2.4609888,15.491808,21.593018,0.008698717,0.014035461,64550.246,0.9996905,925.2316,20.44,46.74943047668896,-121.80770516481435, 
2025-07-09 15:12:07,1.0658242,10.206547,2.4592552,15.491497,21.59259,0.008698516,0.014035183,64551.54,0.9996905,925.23126,20.44,46.74943047668895,-121.80770516481432, 
2025-07-09 15:12:08,1.0650728,10.206535,2.4575217,15.491187,21.592163,0.0086983135,0.0140349055,64552.832,0.9996905,925.2309,20.44,46.74943047668888,-121.80770516481468, 
2025-07-09 15:12:09,1.0772139,10.206458,2.4855356,15.490253,21.590906,0.008697717,0.014034089,64556.727,0.9996905,925.2302,20.44,46.749430476688765,-121.80770516481452, 
2025-07-09 15:12:10,1.0776242,10.206451,2.4864824,15.490015,21.590578,0.008697562,0.014033875,64557.72,0.9996905,925.2298,20.44,46.74943047668864,-121.80770516481468, 
2025-07-09 15:12:11,1.0778196,10.206448,2.4869332,15.485225,21.583902,0.008694411,0.014029537,64577.688,0.9996905,925.2547,20.44,46.74943047668873,-121.80770516481455, 
2025-07-09 15:12:12,1.0781199,10.206446,2.4876263,15.48491,21.583466,0.0086942045,0.014029252,64579.004,0.9996905,925.2562,20.44,46.749430476688744,-121.80770516481496, 
2025-07-09 15:12:13,1.0656998,10.206602,2.4589682,15.485081,21.583614,0.008694276,0.014029349,64578.29,0.9996905,925.2855,20.44,46.74943047668894,-121.80770516481435, 
2025-07-09 15:12:14,1.0646307,10.206615,2.4565015,15.485004,21.583502,0.008694223,0.014029276,64578.61,0.9996905,925.28845,20.44,46.74943047668895,-121.80770516481432, 
2025-07-09 15:12:15,1.0635617,10.206628,2.4540348,15.484928,21.583387,0.008694169,0.014029202,64578.926,0.9996905,925.2914,20.44,46.74943047668895,-121.80770516481432, 
2025-07-09 15:12:16,1.0771078,10.206317,2.4852908,15.488342,21.588324,0.008696497,0.01403241,64564.69,0.99969053,925.2466,20.44,46.74943047668895,-121.80770516481432, 
2025-07-09 15:12:17,1.077441,10.206304,2.4860597,15.488575,21.588655,0.008696654,0.014032626,64563.72,0.99969053,925.2449,20.44,46.74943047668895,-121.80770516481432, 
2025-07-09 15:12:18,1.0777743,10.206291,2.4868283,15.488808,21.588987,0.008696811,0.014032842,64562.75,0.99969053,925.2432,20.44,46.74943047668895,-121.80770516481432, 
2025-07-09 15:12:19,1.0784205,10.205875,2.4883196,15.487366,21.587217,0.008695969,0.0140316915,64568.76,0.99969053,925.24963,20.44,46.74943047668895,-121.80770516481432, 
2025-07-09 15:12:20,1.078736,10.205844,2.4890475,15.48737,21.587242,0.0086959805,0.014031707,64568.746,0.99969053,925.249,20.44,46.74943047668895,-121.80770516481432, 
2025-07-09 15:12:21,1.0782623,10.206509,2.4879546,15.491977,21.59328,0.008698841,0.014035633,64549.543,0.9996905,925.22406,20.44841,46.74943676009323,-121.8077039304754, 
2025-07-09 15:12:22,1.0782231,10.206541,2.4878643,15.49223,21.593616,0.008698999,0.014035851,64548.484,0.9996905,925.2227,20.448935,46.749437403471404,-121.80770180222117, 
2025-07-09 15:12:23,1.0781839,10.206573,2.487774,15.492484,21.59395,0.008699157,0.014036069,64547.43,0.9996905,925.2214,20.449457,46.749437462413326,-121.80770179720218, 
2025-07-09 15:12:24,1.0783767,10.206443,2.4882185,15.487401,21.58694,0.008695844,0.014031512,64568.617,0.9996905,925.2464,20.441097,46.74943774734075,-121.80769752835263, 
2025-07-09 15:12:25,1.0783764,10.206451,2.488218,15.487206,21.586664,0.008695713,0.014031333,64569.426,0.9996905,925.2473,20.440798,46.74944069948577,-121.80769799323258, 
2025-07-09 15:12:26,1.078376,10.206461,2.4882174,15.487013,21.58639,0.008695583,0.014031153,64570.234,0.9996905,925.2482,20.440498,46.74944069948577,-121.80769799323258, 
2025-07-09 15:12:27,1.0791476,10.206375,2.4899974,15.489039,21.589264,0.008696942,0.014033021,64561.78,0.9996905,925.24896,20.449003,46.74944571857865,-121.80770224894945, 
2025-07-09 15:12:28,1.0791986,10.206367,2.490115,15.489033,21.58926,0.00869694,0.014033019,64561.81,0.9996905,925.24963,20.449303,46.74944756332672,-121.80770390653008, 
2025-07-09 15:12:29,1.0790027,10.206364,2.4896631,15.482703,21.580439,0.008692773,0.014027285,64588.203,0.9996904,925.2413,20.449602,46.74944756332672,-121.80770390653008, 
2025-07-09 15:12:30,1.0790083,10.206362,2.489676,15.482361,21.579962,0.008692548,0.014026975,64589.637,0.9996904,925.2408,20.449827,46.749447563273364,-121.80770390648216, 
2025-07-09 15:12:31,1.0790138,10.20636,2.4896889,15.4820175,21.579485,0.008692322,0.014026664,64591.066,0.9996904,925.24023,20.450052,46.74944756328769,-121.80770390649504, 
2025-07-09 15:12:32,1.0784866,10.206582,2.4884722,15.487639,21.587193,0.008695966,0.014031675,64567.617,0.9996905,925.2572,20.45,46.74944756332648,-121.80770390652984, 
2025-07-09 15:12:33,1.078449,10.206596,2.4883854,15.4878235,21.587442,0.008696083,0.014031837,64566.85,0.9996905,925.258,20.45,46.74944756332655,-121.8077039065299, 
2025-07-09 15:12:34,1.0784113,10.20661,2.4882987,15.488008,21.58769,0.0086962,0.014031999,64566.082,0.9996905,925.25885,20.45,46.74944756332671,-121.80770390653008, 
2025-07-09 15:12:35,1.0788052,10.206307,2.4892073,15.49206,21.593512,0.008698946,0.014035782,64549.195,0.99969053,925.2505,20.45868,46.74944756332672,-121.80770390653008, 
2025-07-09 15:12:36,1.0788152,10.206296,2.4892302,15.492441,21.59405,0.0086992,0.014036132,64547.605,0.99969053,925.2504,20.45919,46.74944756332673,-121.80770390653008, 
2025-07-09 15:12:37,1.0788251,10.206284,2.489253,15.492823,21.59459,0.008699454,0.014036482,64546.016,0.99969053,925.25037,20.459703,46.74944756332672,-121.80770390653005, 
2025-07-09 15:12:38,1.0784323,10.206357,2.488347,15.483746,21.581894,0.00869346,0.014028232,64583.86,0.9996905,925.21423,20.45088,46.74944756332673,-121.80770390653008, 
2025-07-09 15:12:39,1.0784181,10.206354,2.4883144,15.483311,21.58129,0.008693175,0.014027839,64585.676,0.9996905,925.2119,20.450571,46.74944756332673,-121.80770390653008, 
2025-07-09 15:12:40,1.0787978,10.205647,2.48919,15.490799,21.592134,0.008698287,0.014034887,64554.453,0.9996906,925.1769,20.450335,46.74944756332673,-121.80770390653008, 
2025-07-09 15:12:41,1.0788112,10.205606,2.489221,15.491041,21.592495,0.008698457,0.0140351225,64553.44,0.9996906,925.1739,20.45011,46.74944756332673,-121.80770390653005, 
2025-07-09 15:12:42,1.0788246,10.205565,2.489252,15.491284,21.592857,0.008698627,0.014035357,64552.43,0.9996906,925.1709,20.449883,46.74944756332673,-121.80770390653005, 
2025-07-09 15:12:43,1.0783206,10.206194,2.4880893,15.476288,21.571594,0.008688591,0.014021535,64614.99,0.9996905,925.1882,20.45,46.74944756332673,-121.80770390653002, 
2025-07-09 15:12:44,1.0783,10.206213,2.4880419,15.475578,21.570593,0.008688119,0.014020885,64617.95,0.9996905,925.1883,20.45,46.74944756332672,-121.80770390653005, 
2025-07-09 15:12:45,1.0782794,10.206233,2.4879942,15.474869,21.569593,0.008687647,0.014020235,64620.906,0.9996905,925.1885,20.45,46.74944756332672,-121.80770390653008, 
2025-07-09 15:12:46,1.0656136,10.205353,2.4587693,15.4728775,21.567324,0.008686565,0.01401876,64629.22,0.99969053,925.19824,20.45,46.74944756332673,-121.80770390653008, 
2025-07-09 15:12:47,1.0648416,10.205316,2.456988,15.472386,21.56666,0.008686251,0.014018329,64631.27,0.99969053,925.1992,20.45,46.74944756332671,-121.80770390653008, 
2025-07-09 15:12:48,1.077519,10.205443,2.4862397,15.471337,21.565125,0.008685528,0.014017331,64635.652,0.99969053,925.20795,20.45,46.74944756332672,-121.80770390653005, 
2025-07-09 15:12:49,1.0779886,10.20543,2.487323,15.47123,21.564981,0.00868546,0.014017238,64636.1,0.99969053,925.2087,20.45,46.74944756332672,-121.80770390653005, 
2025-07-09 15:12:50,1.0784581,10.205416,2.4884064,15.471122,21.564838,0.008685392,0.014017145,64636.555,0.99969053,925.2095,20.45,46.74944756332671,-121.80770390653005, 
2025-07-09 15:12:51,1.0780998,10.205279,2.4875798,15.473192,21.567804,0.00868679,0.014019073,64627.902,0.99969053,925.18335,20.45,46.74944756332672,-121.80770390653005, 
2025-07-09 15:12:52,1.0783954,10.205275,2.4882617,15.473288,21.56794,0.0086868545,0.014019161,64627.508,0.99969053,925.182,20.45,46.74944756332672,-121.80770390653005, 
2025-07-09 15:12:53,1.0786909,10.205269,2.4889436,15.473383,21.568075,0.008686919,0.014019249,64627.11,0.99969053,925.1807,20.45,46.74944756332672,-121.80770390653008, 
2025-07-09 15:12:54,1.0785452,10.204931,2.4886074,15.471862,21.566149,0.008686003,0.014017997,64633.46,0.9996906,925.20703,20.45,46.74944756332672,-121.80770390653008, 
2025-07-09 15:12:55,1.078534,10.204907,2.4885814,15.471822,21.566107,0.008685983,0.014017969,64633.63,0.9996906,925.208,20.45,46.74944756332673,-121.80770390653008, 
2025-07-09 15:12:56,1.0782919,10.205219,2.4880226,15.470666,21.564318,0.008685143,0.014016806,64638.46,0.99969053,925.25146,20.467089,46.74944756332672,-121.80770390653008, 
2025-07-09 15:12:57,1.0782801,10.205231,2.4879956,15.470558,21.564161,0.008685069,0.014016705,64638.91,0.99969053,925.25476,20.468138,46.74944756332673,-121.80770390653008, 
2025-07-09 15:12:58,1.0782684,10.205241,2.4879684,15.47045,21.564005,0.008684995,0.014016602,64639.363,0.99969053,925.25806,20.469187,46.74944756332674,-121.80770390653008, 
2025-07-09 15:12:59,1.0791401,10.205078,2.48998,15.476638,21.572723,0.00868911,0.01402227,64613.52,0.99969053,925.24963,20.469471,46.74944756332674,-121.80770390653005, 
2025-07-09 15:13:00,1.0791863,10.205076,2.4900868,15.47698,21.573202,0.0086893365,0.014022581,64612.09,0.99969053,925.25024,20.469921,46.74944756332675,-121.80770390653005, 
2025-07-09 15:13:01,1.0792327,10.205074,2.4901936,15.477323,21.57368,0.008689562,0.014022892,64610.66,0.99969053,925.25085,20.470371,46.74944756332674,-121.80770390653005, 
2025-07-09 15:13:02,1.0782626,10.204992,2.487955,15.468901,21.561989,0.008684037,0.014015292,64645.836,0.99969053,925.241,20.452293,46.74943931641121,-121.80770570395292, 
2025-07-09 15:13:03,1.0782278,10.204984,2.4878747,15.468564,21.561523,0.008683818,0.01401499,64647.242,0.99969053,925.2403,20.451258,46.74943931442676,-121.80770568594383, 
2025-07-09 15:13:04,1.0796458,10.204982,2.4911466,15.469898,21.563383,0.008684697,0.014016199,64641.668,0.99969053,925.2146,20.450726,46.74943931442676,-121.80770568594383, 
2025-07-09 15:13:05,1.0797096,10.20498,2.491294,15.469783,21.563225,0.008684622,0.014016096,64642.15,0.99969053,925.2128,20.450281,46.74943931442676,-121.80770568594383, 
2025-07-09 15:13:06,1.0797735,10.204978,2.4914415,15.469668,21.563065,0.008684547,0.014015992,64642.625,0.99969053,925.21106,20.449837,46.74943931442676,-121.80770568594383, 
2025-07-09 15:13:07,1.0788153,10.204899,2.4892304,15.467603,21.560232,0.008683208,0.014014151,64651.258,0.9996906,925.24554,20.45,46.74943931442676,-121.80770568594383, 
2025-07-09 15:13:08,1.0787917,10.204894,2.4891758,15.467511,21.560106,0.008683149,0.01401407,64651.645,0.9996906,925.247,20.45,46.74943931442676,-121.80770568594383, 
2025-07-09 15:13:09,1.0787681,10.204889,2.4891214,15.467419,21.55998,0.00868309,0.014013988,64652.027,0.9996906,925.24854,20.45,46.74943931442675,-121.80770568594383, 
2025-07-09 15:13:10,1.0787396,10.2046385,2.4890559,15.463144,21.554167,0.008680339,0.014010209,64669.9,0.9996906,925.2046,20.458885,46.74943931442675,-121.80770568594383, 
2025-07-09 15:13:11,1.0782678,10.205287,2.4879673,15.487178,21.587294,0.0086959945,0.014031741,64569.58,0.9996906,925.2506,20.459433,46.74943623883348,-121.80770157238045, 
2025-07-09 15:13:12,1.0782382,10.205324,2.4878988,15.488665,21.589344,0.008696963,0.014033074,64563.375,0.9996906,925.2526,20.459658,46.7494377625855,-121.8077017637626, 
2025-07-09 15:13:13,1.0782086,10.205362,2.4878306,15.49015,21.591396,0.008697933,0.014034406,64557.17,0.9996906,925.25464,20.45988,46.7494377625855,-121.8077017637626, 
2025-07-09 15:13:14,1.0785371,10.204711,2.4885888,15.479968,21.577574,0.008691396,0.014025423,64599.62,0.9996906,925.22974,20.469366,46.7494377625855,-121.8077017637626, 
2025-07-09 15:13:15,1.0785543,10.204673,2.4886281,15.479667,21.577175,0.008691207,0.014025164,64600.875,0.9996906,925.2288,20.47013,46.7494377625855,-121.8077017637626, 
2025-07-09 15:13:16,1.0785713,10.204634,2.4886675,15.479365,21.576777,0.008691018,0.014024906,64602.13,0.9996906,925.22784,20.470896,46.749438590992185,-121.8076997813265, 
2025-07-09 15:13:17,1.0791773,10.204607,2.4900658,15.47084,21.564913,0.008685413,0.014017194,64637.734,0.9996906,925.17676,20.45259,46.749438590992185,-121.8076997813265, 
2025-07-09 15:13:18,1.0792272,10.204578,2.490181,15.46988,21.563591,0.008684788,0.014016334,64641.74,0.9996906,925.17267,20.451883,46.749438590992185,-121.8076997813265, 
2025-07-09 15:13:19,1.0783819,10.204292,2.4882302,15.465097,21.557089,0.008681715,0.014012108,64661.734,0.99969065,925.2059,20.450775,46.749438590992185,-121.8076997813265, 
2025-07-09 15:13:20,1.0783443,10.20427,2.4881437,15.464553,21.556341,0.0086813625,0.014011622,64664.01,0.99969065,925.20667,20.45033,46.74943651280068,-121.80769887393056, 
2025-07-09 15:13:21,1.0783069,10.204248,2.4880571,15.464008,21.555595,0.0086810095,0.014011138,64666.285,0.99969065,925.20746,20.449886,46.74943664105589,-121.80769893286785, 
2025-07-09 15:13:22,1.0666668,10.2047205,2.461199,15.465788,21.557804,0.008682059,0.014012573,64658.844,0.9996906,925.2085,20.45,46.749435527675104,-121.80769485775144, 
2025-07-09 15:13:23,1.0659422,10.2047415,2.459527,15.465764,21.557758,0.008682038,0.0140125435,64658.945,0.9996906,925.2094,20.45,46.74943878138962,-121.80769485003619, 
2025-07-09 15:13:24,1.0652175,10.2047615,2.457855,15.465739,21.557713,0.008682016,0.014012514,64659.047,0.9996906,925.2103,20.45,46.74943878138962,-121.80769485003619, 
2025-07-09 15:13:25,1.0778155,10.204775,2.4869235,15.461419,21.551683,0.008679168,0.014008595,64677.113,0.9996906,925.21844,20.467548,46.74943878138962,-121.80769485003619, 
2025-07-09 15:13:26,1.0782771,10.204787,2.4879885,15.461202,21.551373,0.008679021,0.014008393,64678.023,0.9996906,925.219,20.468597,46.74943889705751,-121.80769098562787, 
2025-07-09 15:13:27,1.0786079,10.204788,2.488752,15.470539,21.564388,0.008685169,0.014016852,64638.996,0.9996906,925.2193,20.460777,46.74943889705751,-121.80769098562787, 
2025-07-09 15:13:28,1.0789285,10.204788,2.4894917,15.471021,21.56506,0.008685486,0.014017289,64636.98,0.9996906,925.2195,20.460695,46.74943889705751,-121.80769098562787, 
2025-07-09 15:13:29,1.0792491,10.204788,2.4902315,15.471502,21.565731,0.008685804,0.014017724,64634.97,0.9996906,925.2197,20.460615,46.74943889705751,-121.80769098562787, 
2025-07-09 15:13:30,1.0790193,10.204874,2.489701,15.457132,21.54565,0.008676321,0.014004673,64695.06,0.9996906,925.2369,20.4603,46.74943889705751,-121.80769098562787, 
2025-07-09 15:13:31,1.0790088,10.204879,2.4896767,15.456498,21.544764,0.008675902,0.014004096,64697.71,0.9996906,925.238,20.460073,46.74943889705751,-121.80769098562787, 
2025-07-09 15:13:32,1.0789982,10.204884,2.4896522,15.455864,21.543877,0.008675483,0.01400352,64700.363,0.9996906,925.239,20.459846,46.74943889705751,-121.80769098562787, 
2025-07-09 15:13:33,1.0788711,10.204235,2.4893591,15.469683,21.563513,0.008684748,0.014016284,64642.57,0.99969065,925.2129,20.468777,46.74943889705751,-121.80769098562787, 
2025-07-09 15:13:34,1.0788602,10.204199,2.4893336,15.470146,21.564178,0.008685062,0.014016717,64640.637,0.99969065,925.2118,20.4693,46.74943889705751,-121.80769098562784, 
2025-07-09 15:13:35,1.0786,10.204247,2.4887335,15.4638,21.555307,0.0086808745,0.014010951,64667.156,0.99969065,925.21924,20.469599,46.749438897057516,-121.80769098562787, 
2025-07-09 15:13:36,1.0785811,10.204235,2.48869,15.463744,21.555237,0.008680841,0.014010904,64667.39,0.99969065,925.2191,20.469822,46.749438897057516,-121.80769098562787, 
2025-07-09 15:13:37,1.0785621,10.204223,2.4886463,15.463688,21.555164,0.008680807,0.014010858,64667.625,0.99969065,925.21893,20.470047,46.7494388970575,-121.80769098562787, 
2025-07-09 15:13:38,1.0783039,10.203681,2.48805,15.454913,21.543242,0.008675167,0.014003107,64704.348,0.9996907,925.21936,20.47,46.74943889705751,-121.80769098562787, 
2025-07-09 15:13:39,1.0782816,10.203649,2.4879985,15.454207,21.542276,0.008674711,0.014002481,64707.3,0.9996907,925.21954,20.47,46.74943889705751,-121.80769098562784, 
2025-07-09 15:13:40,1.0782593,10.203617,2.4879472,15.453503,21.541311,0.008674255,0.014001853,64710.25,0.9996907,925.2198,20.47,46.74943889705751,-121.80769098562787, 
2025-07-09 15:13:41,1.0786697,10.203612,2.488894,15.454521,21.542734,0.008674926,0.014002777,64705.99,0.9996907,925.19336,20.47,46.7494388970575,-121.80769098562784, 
2025-07-09 15:13:42,1.0786873,10.203597,2.4889348,15.454354,21.54251,0.008674821,0.014002631,64706.684,0.9996907,925.1918,20.47,46.7494388970575,-121.80769098562787, 
2025-07-09 15:13:43,1.0790621,10.203669,2.4897997,15.45027,21.536777,0.008672112,0.013998905,64723.79,0.99969065,925.22455,20.47,46.749438897057516,-121.80769098562787, 
2025-07-09 15:13:44,1.079095,10.203673,2.4898756,15.450038,21.536451,0.008671958,0.013998694,64724.758,0.99969065,925.22595,20.47,46.749438897057516,-121.80769098562787, 
2025-07-09 15:13:45,1.0791278,10.203677,2.4899514,15.449806,21.536127,0.008671804,0.013998482,64725.73,0.99969065,925.2274,20.47,46.74943889705751,-121.80769098562787, 
2025-07-09 15:13:46,1.0795146,10.204152,2.490844,15.452978,21.540276,0.008673772,0.0140011795,64712.445,0.99969065,925.2284,20.47,46.7494388970575,-121.80769098562784, 
2025-07-09 15:13:47,1.0795475,10.204183,2.4909198,15.453068,21.540382,0.008673823,0.014001249,64712.07,0.99969065,925.2293,20.47,46.74943889705751,-121.80769098562787, 
2025-07-09 15:13:48,1.0795803,10.204213,2.4909956,15.453157,21.540491,0.008673875,0.01400132,64711.69,0.99969065,925.2302,20.47,46.74943889705751,-121.80769098562787, 
2025-07-09 15:13:49,1.0784076,10.204466,2.4882898,15.455637,21.5438,0.00867544,0.014003471,64701.312,0.9996906,925.177,20.45245,46.74943889705751,-121.80769098562787, 
2025-07-09 15:13:50,1.0783477,10.204493,2.4881513,15.455864,21.544102,0.008675583,0.014003666,64700.36,0.9996906,925.1739,20.451403,46.7494388970575,-121.80769098562787, 
2025-07-09 15:13:51,1.0784234,10.204578,2.488326,15.453711,21.541052,0.008674143,0.014001683,64709.383,0.9996906,925.2139,20.459167,46.74943889705751,-121.80769098562784, 
2025-07-09 15:13:52,1.0784004,10.20459,2.4882731,15.453633,21.540937,0.00867409,0.01400161,64709.703,0.9996906,925.2151,20.459232,46.749438897057495,-121.80769098562784, 
2025-07-09 15:13:53,1.0783775,10.2046,2.4882202,15.453557,21.540825,0.008674037,0.014001536,64710.023,0.9996906,925.2163,20.459295,46.749438897057516,-121.80769098562787, 
2025-07-09 15:13:54,1.0783874,10.204523,2.488243,15.450191,21.536177,0.008671841,0.013998515,64724.12,0.9996906,925.21796,20.46826,46.74943889705751,-121.80769098562787, 
2025-07-09 15:13:55,1.0783904,10.20452,2.48825,15.449929,21.535814,0.008671669,0.013998279,64725.215,0.9996906,925.21906,20.469011,46.7494388970575,-121.80769098562784, 
2025-07-09 15:13:56,1.0783935,10.204517,2.4882572,15.449669,21.535452,0.008671498,0.013998044,64726.31,0.9996906,925.22015,20.46976,46.749438897057516,-121.80769098562787, 
2025-07-09 15:13:57,1.0791534,10.204268,2.4900105,15.466968,21.55971,0.008682951,0.014013811,64653.926,0.99969065,925.21094,20.452251,46.74943889705751,-121.80769098562787, 
2025-07-09 15:13:58,1.0791991,10.204251,2.4901156,15.467917,21.561043,0.008683581,0.014014678,64649.95,0.99969065,925.21045,20.45143,46.74943889705751,-121.80769098562787, 
2025-07-09 15:13:59,1.0792447,10.204235,2.490221,15.468867,21.562378,0.0086842105,0.014015546,64645.973,0.99969065,925.2099,20.45061,46.74943889705751,-121.80769098562787, 
2025-07-09 15:14:00,1.0787631,10.203998,2.4891095,15.450667,21.53714,0.008672291,0.013999142,64722.133,0.99969065,925.2456,20.477127,46.749438897057516,-121.80769098562787, 
2025-07-09 15:14:01,1.0787543,10.203978,2.4890893,15.450035,21.536272,0.008671881,0.013998577,64724.777,0.99969065,925.24744,20.47825,46.7494388970575,-121.80769098562784, 
2025-07-09 15:14:02,1.0788488,10.203895,2.4893076,15.458906,21.548685,0.00867774,0.014006645,64687.633,0.99969065,925.2569,20.47046,46.749435332635336,-121.8077002970817, 
2025-07-09 15:14:03,1.0788434,10.203884,2.489295,15.459016,21.548845,0.008677815,0.01400675,64687.17,0.99969065,925.25836,20.470617,46.749435267040624,-121.80770019669112, 
2025-07-09 15:14:04,1.078838,10.203874,2.4892826,15.459126,21.549006,0.0086778905,0.014006853,64686.707,0.99969065,925.25977,20.470772,46.74943484769055,-121.80770069279572, 
2025-07-09 15:14:05,1.0782446,10.204034,2.4879134,15.455701,21.544138,0.008675594,0.0140036885,64701.047,0.99969065,925.22473,20.470278,46.74943484769055,-121.80770069279572, 
2025-07-09 15:14:06,1.0782119,10.2040415,2.4878378,15.455719,21.544159,0.008675605,0.014003702,64700.97,0.99969065,925.2229,20.470057,46.74943484769055,-121.80770069279572, 
2025-07-09 15:14:07,1.0781791,10.204048,2.4877625,15.455738,21.544182,0.008675615,0.014003717,64700.89,0.99969065,925.22107,20.469833,46.74943484769055,-121.80770069279572, 
2025-07-09 15:14:08,1.0789151,10.204052,2.4894607,15.456452,21.545176,0.008676086,0.014004365,64697.9,0.99969065,925.2117,20.47,46.74943484769055,-121.80770069279572, 
2025-07-09 15:14:09,1.0789438,10.204056,2.489527,15.456411,21.545116,0.008676057,0.0140043255,64698.074,0.99969065,925.21027,20.47,46.74943484769055,-121.80770069279572, 
2025-07-09 15:14:10,1.0789667,10.203898,2.4895797,15.467014,21.559986,0.008683079,0.014013991,64653.723,0.99969065,925.2444,20.47859,46.74943484769055,-121.80770069279572, 
2025-07-09 15:14:11,1.0789856,10.203889,2.4896233,15.467698,21.560944,0.0086835325,0.014014614,64650.863,0.99969065,925.24634,20.479128,46.749434847690566,-121.80770069279572, 
2025-07-09 15:14:12,1.0790045,10.203878,2.4896667,15.468383,21.561903,0.008683985,0.014015238,64648,0.99969065,925.2482,20.479664,46.749434847690566,-121.80770069279572, 
2025-07-09 15:14:13,1.0786018,10.203711,2.4887378,15.447788,21.533293,0.008670468,0.013996641,64734.2,0.99969065,925.2487,20.479757,46.749434847690566,-121.80770069279572, 
2025-07-09 15:14:14,1.0785782,10.203696,2.4886835,15.446828,21.531963,0.008669839,0.013995776,64738.223,0.99969065,925.24963,20.479988,46.74943484769055,-121.80770069279569, 
2025-07-09 15:14:15,1.0785546,10.203682,2.4886289,15.445868,21.530632,0.008669211,0.013994911,64742.242,0.99969065,925.25055,20.480217,46.749434847690544,-121.80770069279569, 
2025-07-09 15:14:16,1.0661507,10.203855,2.460008,15.460696,21.551203,0.008678929,0.014008282,64680.15,0.99969065,925.23193,20.48,46.749434847690566,-121.80770069279572, 
2025-07-09 15:14:17,1.065415,10.20386,2.4583108,15.461051,21.551695,0.008679161,0.014008601,64678.664,0.99969065,925.2309,20.48,46.749434847690566,-121.80770069279572, 
2025-07-09 15:14:18,1.0775385,10.204102,2.4862843,15.451242,21.537884,0.008672642,0.013999624,64719.72,0.99969065,925.1961,20.47143,46.74943484769055,-121.80770069279569, 
2025-07-09 15:14:19,1.078002,10.204121,2.4873536,15.450981,21.537508,0.008672466,0.01399938,64720.81,0.99969065,925.19354,20.4709,46.749434847690566,-121.80770069279572, 
2025-07-09 15:14:20,1.0784655,10.204139,2.488423,15.450721,21.537134,0.008672289,0.013999137,64721.902,0.99969065,925.191,20.47037,46.74943484769055,-121.80770069279572, 
2025-07-09 15:14:21,1.0786451,10.204213,2.4888375,15.457603,21.546688,0.0086768,0.014005347,64693.082,0.99969065,925.1645,20.470253,46.74943484769055,-121.80770069279569, 
2025-07-09 15:14:22,1.078969,10.204225,2.489585,15.457762,21.546902,0.008676901,0.014005486,64692.42,0.99969065,925.16205,20.470024,46.74943484769055,-121.80770069279569, 
2025-07-09 15:14:23,1.0792929,10.204235,2.4903321,15.457919,21.547115,0.008677002,0.014005626,64691.76,0.99969065,925.15955,20.469797,46.749434847690544,-121.80770069279569, 
2025-07-09 15:14:24,1.0793844,10.204229,2.4905434,15.445442,21.529726,0.008668791,0.013994322,64744.023,0.99969065,925.19586,20.478893,46.74943484769055,-121.80770069279572, 
2025-07-09 15:14:25,1.0794038,10.204231,2.4905882,15.444876,21.528934,0.008668418,0.013993808,64746.4,0.99969065,925.19727,20.479418,46.749434847690566,-121.80770069279569, 
2025-07-09 15:14:26,1.0792718,10.204387,2.4902835,15.4625635,21.5535,0.008680022,0.014009776,64672.344,0.9996906,925.21533,20.479654,46.749434847690544,-121.80770069279569, 
2025-07-09 15:14:27,1.0792729,10.204396,2.490286,15.463342,21.554579,0.008680532,0.014010477,64669.086,0.9996906,925.2172,20.47988,46.74943484769055,-121.80770069279572, 
2025-07-09 15:14:28,1.0792738,10.204406,2.4902885,15.46412,21.555658,0.008681042,0.014011178,64665.83,0.9996906,925.2192,20.480104,46.749434847690566,-121.80770069279572, 
2025-07-09 15:14:29,1.0783865,10.204249,2.488241,15.461646,21.552301,0.008679453,0.014008996,64676.17,0.99969065,925.1842,20.471264,46.74943834638082,-121.80769398750218, 
2025-07-09 15:14:30,1.0783294,10.204244,2.488109,15.461935,21.552708,0.008679645,0.01400926,64674.957,0.99969065,925.1825,20.470734,46.74944164913289,-121.80769405175872, 
2025-07-09 15:14:31,1.0782723,10.204238,2.4879775,15.462225,21.553114,0.008679837,0.014009524,64673.746,0.99969065,925.18085,20.470203,46.74944188093283,-121.80769455328151, 
2025-07-09 15:14:32,1.0785307,10.204567,2.4885738,15.458034,21.547083,0.008676994,0.014005605,64691.28,0.9996906,925.2427,20.47907,46.74944188093283,-121.80769455328151, 
2025-07-09 15:14:33,1.078523,10.204582,2.4885561,15.45773,21.546652,0.008676791,0.014005324,64692.547,0.9996906,925.2454,20.479368,46.74944188093283,-121.80769455328151, 
2025-07-09 15:14:34,1.0789175,10.204352,2.489466,15.455323,21.543428,0.008675264,0.014003228,64702.63,0.9996906,925.2558,20.479652,46.74944188093283,-121.80769455328151, 
2025-07-09 15:14:35,1.0789473,10.204346,2.4895349,15.455085,21.5431,0.00867511,0.014003015,64703.625,0.9996906,925.2579,20.479877,46.74944188093283,-121.80769455328151, 
2025-07-09 15:14:36,1.0789772,10.20434,2.4896038,15.454847,21.542772,0.008674954,0.014002802,64704.62,0.9996906,925.25995,20.480103,46.74944188093283,-121.80769455328151, 
2025-07-09 15:14:37,1.0787426,10.20465,2.4890625,15.448608,21.533897,0.008670766,0.013997033,64730.754,0.9996906,925.20703,20.48,46.74944188093283,-121.80769455328151, 
2025-07-09 15:14:38,1.0787381,10.204663,2.489052,15.448169,21.533278,0.008670473,0.01399663,64732.594,0.9996906,925.2041,20.48,46.74944188093283,-121.80769455328151, 
2025-07-09 15:14:39,1.0787334,10.204677,2.4890416,15.44773,21.532658,0.00867018,0.013996228,64734.434,0.9996906,925.2011,20.48,46.749441880932835,-121.80769455328151, 
2025-07-09 15:14:40,1.0792063,10.204526,2.4901328,15.456223,21.544582,0.00867581,0.014003979,64698.863,0.9996906,925.2363,20.48,46.74944188093283,-121.80769455328148, 
2025-07-09 15:14:41,1.0792285,10.204526,2.4901838,15.45656,21.545053,0.008676032,0.014004285,64697.45,0.9996906,925.23706,20.48,46.74944188093283,-121.80769455328148, 
2025-07-09 15:14:42,1.0792428,10.204669,2.490217,15.454223,21.541712,0.008674458,0.014002114,64707.234,0.9996906,925.22125,20.48,46.74944188093283,-121.80769455328148, 
2025-07-09 15:14:43,1.0792551,10.204674,2.490245,15.454278,21.541786,0.008674492,0.014002161,64707.004,0.9996906,925.2211,20.48,46.74944188093283,-121.80769455328148, 
2025-07-09 15:14:44,1.0792673,10.2046795,2.4902732,15.454333,21.54186,0.0086745275,0.0140022095,64706.77,0.9996906,925.221,20.48,46.74944188093283,-121.80769455328151, 
2025-07-09 15:14:45,1.0787892,10.204857,2.48917,15.441288,21.523575,0.008665894,0.013990324,64761.45,0.9996906,925.22894,20.48,46.74944188093283,-121.80769455328151, 
2025-07-09 15:14:46,1.0787605,10.204872,2.4891038,15.440436,21.522379,0.00866533,0.013989547,64765.016,0.9996906,925.22906,20.48,46.74944188093283,-121.80769455328151, 
2025-07-09 15:14:47,1.0787318,10.204886,2.4890375,15.439586,21.521185,0.008664766,0.013988771,64768.582,0.9996906,925.2291,20.48,46.74944188093283,-121.80769455328151, 
2025-07-09 15:14:48,1.0788453,10.204465,2.4892995,15.44358,21.526993,0.008667503,0.013992545,64751.83,0.9996906,925.23834,20.48,46.74942476911976,-121.80768201878436, 
2025-07-09 15:14:49,1.0788397,10.204445,2.4892867,15.443477,21.526861,0.00866744,0.01399246,64752.258,0.9996906,925.2391,20.48,46.74942430192343,-121.80768474217105, 
2025-07-09 15:14:50,1.0788451,10.204594,2.4892993,15.446033,21.53034,0.008669084,0.013994721,64741.547,0.9996906,925.2223,20.488514,46.74942536006725,-121.80768456908032, 
2025-07-09 15:14:51,1.078848,10.204594,2.489306,15.446279,21.530684,0.008669246,0.013994945,64740.51,0.9996906,925.22144,20.489038,46.749423941531724,-121.80767825709117, 
2025-07-09 15:14:52,1.0788509,10.204593,2.4893126,15.446525,21.531029,0.008669408,0.013995169,64739.48,0.9996906,925.22064,20.489563,46.74942391888734,-121.8076782006958, 
2025-07-09 15:14:53,1.0785837,10.20452,2.488696,15.449913,21.53579,0.008671657,0.0139982635,64725.285,0.9996906,925.22894,20.481009,46.749423490758446,-121.80767436099572, 
2025-07-09 15:14:54,1.0785675,10.204519,2.4886587,15.450181,21.536165,0.008671834,0.0139985075,64724.16,0.9996906,925.229,20.480703,46.749422020697935,-121.80767812487386, 
2025-07-09 15:14:55,1.0785513,10.204519,2.4886215,15.450449,21.53654,0.008672011,0.013998751,64723.04,0.9996906,925.2291,20.480398,46.74942319136998,-121.80767533886863, 
2025-07-09 15:14:56,1.0784149,10.204028,2.4883065,15.449646,21.535702,0.00867161,0.013998206,64726.402,0.99969065,925.24725,20.480188,46.74942319132485,-121.80767533897598, 
2025-07-09 15:14:57,1.0784,10.203997,2.488272,15.449689,21.535778,0.008671645,0.013998256,64726.223,0.99969065,925.24854,20.47996,46.749430483195496,-121.80767696625117, 
2025-07-09 15:14:58,1.079041,10.204452,2.4897513,15.449536,21.535305,0.008671429,0.013997949,64726.863,0.9996906,925.2234,20.48,46.749433689286555,-121.80767945846483, 
2025-07-09 15:14:59,1.0790772,10.204468,2.4898348,15.44951,21.53526,0.008671408,0.013997919,64726.977,0.9996906,925.2223,20.48,46.74943017782352,-121.80768468891914, 
2025-07-09 15:15:00,1.0791134,10.204484,2.4899182,15.449483,21.535213,0.008671386,0.013997889,64727.086,0.9996906,925.2211,20.48,46.749431399130735,-121.80768787069017, 
2025-07-09 15:15:01,1.0788684,10.204333,2.4893532,15.447896,21.533087,0.00867038,0.013996506,64733.734,0.9996906,925.2032,20.48,46.749431399130735,-121.80768787069017, 
2025-07-09 15:15:02,1.0788699,10.204335,2.4893565,15.447798,21.532948,0.008670314,0.013996416,64734.15,0.9996906,925.2015,20.48,46.74943383137314,-121.80769188881459, 
2025-07-09 15:15:03,1.0788715,10.204338,2.48936,15.447699,21.532808,0.008670249,0.013996325,64734.56,0.9996906,925.19977,20.48,46.74943647575653,-121.80769656025596, 
2025-07-09 15:15:04,1.0780554,10.204171,2.487477,15.457896,21.54712,0.008677005,0.0140056275,64691.86,0.99969065,925.20013,20.48,46.74943714272327,-121.80769395759397, 
2025-07-09 15:15:05,1.078001,10.204157,2.4873517,15.458465,21.547918,0.008677382,0.014006147,64689.48,0.99969065,925.19965,20.48,46.74944096904997,-121.80768950910256, 
2025-07-09 15:15:06,1.0783563,10.20438,2.4881713,15.449074,21.5347,0.008671142,0.013997555,64728.805,0.9996906,925.1997,20.48848,46.74944090291265,-121.80768957876964, 
2025-07-09 15:15:07,1.0783587,10.20439,2.4881768,15.448746,21.534237,0.008670924,0.013997254,64730.176,0.9996906,925.1997,20.488997,46.74944090291265,-121.80768957876964, 
2025-07-09 15:15:08,1.078361,10.204399,2.4881823,15.448418,21.533775,0.008670705,0.013996953,64731.55,0.9996906,925.1997,20.489513,46.74944090291265,-121.80768957876964, 
2025-07-09 15:15:09,1.0795494,10.2044935,2.4909244,15.4597645,21.549538,0.008678152,0.0140072,64684.043,0.9996906,925.1997,20.481,46.74944090291265,-121.80768957876964, 
2025-07-09 15:15:10,1.0796306,10.204504,2.4911115,15.460225,21.550175,0.008678452,0.014007613,64682.113,0.9996906,925.1997,20.480692,46.74944493363277,-121.80768493119977, 
2025-07-09 15:15:11,1.0783616,10.204822,2.4881835,15.4488325,21.534113,0.00867087,0.013997174,64729.816,0.9996906,925.19135,20.480417,46.74944497580452,-121.80768491237419, 
2025-07-09 15:15:12,1.0783094,10.204843,2.488063,15.448399,21.533495,0.008670579,0.013996772,64731.637,0.9996906,925.19086,20.48019,46.74944190315067,-121.8076924174489, 
2025-07-09 15:15:13,1.0785692,10.204873,2.4886625,15.447103,21.531672,0.008669717,0.013995586,64737.062,0.9996906,925.172,20.48,46.74944159898839,-121.80768951397309, 
2025-07-09 15:15:14,1.078563,10.204881,2.4886482,15.446743,21.531166,0.008669479,0.013995257,64738.566,0.9996906,925.1703,20.48,46.74944159898839,-121.80768951397309, 
2025-07-09 15:15:15,1.0785568,10.204889,2.4886339,15.446383,21.53066,0.0086692395,0.013994929,64740.07,0.9996906,925.1686,20.48,46.749441889540726,-121.80768852824094, 
2025-07-09 15:15:16,1.0784125,10.204717,2.488301,15.436191,21.51655,0.008662575,0.013985757,64782.83,0.9996906,925.18695,20.48,46.749441889540726,-121.80768852824094, 
2025-07-09 15:15:17,1.078417,10.204706,2.4883115,15.435538,21.515646,0.008662149,0.01398517,64785.56,0.9996906,925.1874,20.48,46.749441889540726,-121.80768852824094, 
2025-07-09 15:15:18,1.0784215,10.204696,2.4883218,15.434887,21.514744,0.008661723,0.013984583,64788.293,0.9996906,925.1878,20.48,46.74944188954072,-121.80768852824097, 
2025-07-09 15:15:19,1.0783956,10.204781,2.488262,15.443721,21.52701,0.008667516,0.013992557,64751.234,0.9996906,925.2068,20.488775,46.74944188954072,-121.80768852824094, 
2025-07-09 15:15:20,1.078392,10.204782,2.488254,15.443982,21.527372,0.008667687,0.013992793,64750.14,0.9996906,925.2083,20.4893,46.749441889540726,-121.80768852824094, 
2025-07-09 15:15:21,1.0788997,10.2047,2.4894252,15.453212,21.540285,0.008673784,0.014001185,64711.473,0.9996906,925.17523,20.48961,46.74944188954072,-121.80768852824092, 
2025-07-09 15:15:22,1.0789313,10.204698,2.489498,15.453995,21.541378,0.008674301,0.014001896,64708.19,0.9996906,925.1736,20.489834,46.74944188954072,-121.80768852824094, 
2025-07-09 15:15:23,1.0789629,10.204695,2.4895709,15.454778,21.54247,0.008674817,0.014002606,64704.906,0.9996906,925.17194,20.490059,46.74944188954072,-121.80768852824097, 
2025-07-09 15:15:24,1.0784593,10.205489,2.488409,15.4489155,21.533844,0.008670754,0.013996999,64729.465,0.99969053,925.1881,20.481438,46.749441889540726,-121.80768852824094, 
2025-07-09 15:15:25,1.0784416,10.205535,2.4883683,15.448789,21.533642,0.008670659,0.013996867,64729.996,0.99969053,925.18823,20.48092,46.749441889540726,-121.80768852824094, 
2025-07-09 15:15:26,1.0784239,10.205581,2.4883275,15.448663,21.53344,0.008670564,0.013996736,64730.523,0.99969053,925.1884,20.480402,46.74944188954072,-121.80768852824094, 
2025-07-09 15:15:27,1.0785409,10.205436,2.4885976,15.446135,21.529999,0.008668936,0.013994499,64741.12,0.99969053,925.1979,20.480263,46.74944133753286,-121.80769870764793, 
2025-07-09 15:15:28,1.0785356,10.205447,2.488585,15.445842,21.529583,0.00866874,0.01399423,64742.348,0.99969053,925.19885,20.480042,46.749440976023905,-121.80769807429961, 
2025-07-09 15:15:29,1.0784096,10.205444,2.4882946,15.445581,21.529224,0.00866857,0.013993995,64743.438,0.99969053,925.2162,20.4969,46.74944058364848,-121.807694783915, 
2025-07-09 15:15:30,1.0784048,10.20544,2.4882834,15.445515,21.529133,0.008668526,0.013993937,64743.72,0.99969053,925.21747,20.497974,46.74943963774631,-121.80769375635192, 
2025-07-09 15:15:31,1.0784,10.205436,2.4882724,15.445447,21.529041,0.008668483,0.013993877,64744,0.99969053,925.21875,20.499046,46.74943950993128,-121.80769145350378, 
2025-07-09 15:15:32,1.077905,10.2053585,2.4871304,15.448732,21.533663,0.008670665,0.013996881,64730.23,0.99969053,925.1847,20.482212,46.74943984118613,-121.80769212941529, 
2025-07-09 15:15:33,1.0778716,10.205353,2.4870532,15.448928,21.53394,0.008670796,0.013997061,64729.41,0.99969053,925.1831,20.481625,46.749439777599555,-121.80769215706512, 
2025-07-09 15:15:34,1.0778381,10.205348,2.4869757,15.449124,21.534216,0.008670926,0.013997241,64728.586,0.99969053,925.18146,20.481035,46.74943977760188,-121.80769215706393, 
2025-07-09 15:15:35,1.0787364,10.20518,2.4890485,15.454687,21.542067,0.008674634,0.014002344,64705.29,0.99969053,925.18945,20.489252,46.74943977759957,-121.80769215706512, 
2025-07-09 15:15:36,1.0787776,10.205168,2.4891434,15.455103,21.542654,0.008674911,0.014002725,64703.55,0.99969053,925.1891,20.489326,46.749439777599555,-121.80769215706509, 
2025-07-09 15:15:37,1.0790578,10.205162,2.48979,15.449461,21.534794,0.008671196,0.013997616,64727.176,0.99969053,925.1809,20.481218,46.749439777599555,-121.80769215706512, 
2025-07-09 15:15:38,1.0790963,10.205158,2.489879,15.449241,21.53449,0.008671052,0.013997418,64728.098,0.99969053,925.1806,20.480925,46.749439777599555,-121.80769215706512, 
2025-07-09 15:15:39,1.079135,10.205153,2.489968,15.449021,21.534185,0.008670908,0.01399722,64729.02,0.99969053,925.1803,20.48063,46.749439777599555,-121.80769215706512, 
2025-07-09 15:15:40,1.0790063,10.205318,2.4896712,15.44885,21.53385,0.008670753,0.0139970025,64729.74,0.99969053,925.18,20.488932,46.749439777599555,-121.80769215706512, 
2025-07-09 15:15:41,1.0790048,10.205329,2.4896677,15.448697,21.533632,0.0086706495,0.01399686,64730.38,0.99969053,925.1798,20.48924,46.74943977759955,-121.80769215706509, 
2025-07-09 15:15:42,1.0790033,10.2053385,2.4896643,15.4485445,21.533413,0.008670547,0.013996718,64731.016,0.99969053,925.17957,20.489548,46.749439777599555,-121.80769215706515, 
2025-07-09 15:15:43,1.0667299,10.205578,2.461345,15.448382,21.53305,0.008670379,0.013996484,64731.695,0.99969053,925.18835,20.481087,46.749439777599555,-121.80769215706512, 
2025-07-09 15:15:44,1.0660074,10.205596,2.459678,15.448369,21.533022,0.008670366,0.013996465,64731.75,0.99969053,925.18884,20.480806,46.749439777599555,-121.80769215706512, 
2025-07-09 15:15:45,1.065285,10.205614,2.458011,15.448357,21.532993,0.008670353,0.0139964465,64731.805,0.99969053,925.1894,20.480526,46.749439777599555,-121.80769215706512, 
2025-07-09 15:15:46,1.0772324,10.206016,2.4855783,15.443749,21.526342,0.008667217,0.013992123,64751.113,0.9996905,925.1895,20.489136,46.749439777599555,-121.80769215706512, 
2025-07-09 15:15:47,1.0776446,10.206045,2.4865294,15.44347,21.525936,0.008667025,0.013991859,64752.29,0.9996905,925.1897,20.489449,46.74943977759957,-121.80769215706512, 
2025-07-09 15:15:48,1.0780779,10.205363,2.487529,15.455763,21.543463,0.008675293,0.014003251,64700.793,0.99969053,925.1726,20.481121,46.749439777599555,-121.80769215706512, 
2025-07-09 15:15:49,1.0783947,10.205332,2.48826,15.456407,21.544378,0.008675725,0.014003846,64698.098,0.99969053,925.1715,20.480824,46.74943977759957,-121.80769215706512, 
2025-07-09 15:15:50,1.0787114,10.205299,2.4889908,15.45705,21.545294,0.008676156,0.014004441,64695.402,0.99969053,925.1705,20.480528,46.7494397775996,-121.80769215706503, 
2025-07-09 15:15:51,1.0790663,10.205282,2.4898098,15.44942,21.534668,0.008671138,0.013997534,64727.35,0.99969053,925.2138,20.48026,46.7494397775997,-121.80769215706489, 
2025-07-09 15:15:52,1.0791013,10.205264,2.4898906,15.449271,21.534472,0.008671045,0.013997407,64727.973,0.99969053,925.21594,20.480036,46.74943977759978,-121.80769215706476, 
2025-07-09 15:15:53,1.0791364,10.205246,2.4899714,15.449122,21.534275,0.008670952,0.013997279,64728.594,0.99969053,925.21814,20.47981,46.749439777599875,-121.80769215706489, 
2025-07-09 15:15:54,1.0786017,10.205579,2.4887376,15.448169,21.532753,0.008670237,0.01399629,64732.59,0.99969053,925.201,20.48,46.74943977759986,-121.80769215706484, 
2025-07-09 15:15:55,1.078584,10.205598,2.4886968,15.447927,21.532406,0.008670073,0.013996065,64733.6,0.99969053,925.2011,20.48,46.74943977759983,-121.80769215706484, 
2025-07-09 15:15:56,1.0784357,10.205301,2.4883547,15.4424305,21.524914,0.008666532,0.013991195,64756.65,0.99969053,925.2089,20.48,46.74943977759981,-121.80769215706484, 
2025-07-09 15:15:57,1.0784143,10.205291,2.4883053,15.442076,21.524426,0.008666302,0.013990877,64758.137,0.99969053,925.20905,20.48,46.74943977759984,-121.80769215706486, 
2025-07-09 15:15:58,1.0783929,10.205279,2.488256,15.441721,21.523937,0.008666071,0.01399056,64759.625,0.99969053,925.2091,20.48,46.749439777599854,-121.80769215706484, 
2025-07-09 15:15:59,1.0785289,10.205975,2.48857,15.4514,21.53703,0.0086722635,0.013999069,64719.06,0.9996905,925.2181,20.4887,46.749439777599825,-121.80769215706492, 
2025-07-09 15:16:00,1.0785335,10.206009,2.4885805,15.451843,21.537628,0.008672547,0.013999458,64717.2,0.9996905,925.2189,20.489225,46.749439777599854,-121.80769215706493, 
2025-07-09 15:16:01,1.0785381,10.206043,2.488591,15.452287,21.538227,0.00867283,0.013999847,64715.34,0.9996905,925.2196,20.489748,46.74943977759981,-121.80769215706496, 
2025-07-09 15:16:02,1.079178,10.205573,2.4900675,15.448769,21.533592,0.0086706355,0.013996834,64730.08,0.99969053,925.22833,20.480928,46.74943977759957,-121.80769215706509, 
2025-07-09 15:16:03,1.079219,10.205564,2.4901621,15.448802,21.533644,0.00867066,0.013996868,64729.938,0.99969053,925.2291,20.480629,46.74943977759955,-121.80769215706509, 
2025-07-09 15:16:04,1.0792364,10.2051525,2.4902022,15.446195,21.530245,0.008669049,0.013994659,64740.867,0.99969053,925.2124,20.488844,46.749439777599555,-121.80769215706512, 
2025-07-09 15:16:05,1.0792525,10.205116,2.4902394,15.44595,21.529924,0.008668898,0.013994452,64741.89,0.99969053,925.21155,20.48914,46.74943977759957,-121.80769215706512, 
2025-07-09 15:16:06,1.0792686,10.20508,2.4902766,15.445705,21.529606,0.008668746,0.013994244,64742.918,0.99969053,925.21075,20.489433,46.74943977759957,-121.80769215706512, 
2025-07-09 15:16:07,1.0786383,10.205249,2.4888222,15.445034,21.528574,0.008668259,0.013993572,64745.73,0.99969053,925.2537,20.498407,46.74943977759958,-121.80769215706512, 
2025-07-09 15:16:08,1.0786005,10.205249,2.4887352,15.444929,21.528427,0.00866819,0.013993477,64746.168,0.99969053,925.2559,20.499157,46.74943977759957,-121.80769215706512, 
2025-07-09 15:16:09,1.0785629,10.205249,2.488648,15.444824,21.528282,0.008668121,0.013993383,64746.605,0.99969053,925.2581,20.499905,46.74943977759955,-121.80769215706512, 
2025-07-09 15:16:10,1.0787145,10.205081,2.488998,15.453558,21.54055,0.008673915,0.014001358,64710.02,0.99969053,925.2143,20.490921,46.74943977759955,-121.80769215706512, 
2025-07-09 15:16:11,1.0789288,10.205591,2.4894927,15.431539,21.509565,0.008659286,0.0139812175,64802.383,0.9996905,925.2285,20.482609,46.749439777599555,-121.80769215706512, 
2025-07-09 15:16:12,1.0789471,10.20562,2.4895346,15.430293,21.507812,0.008658459,0.0139800785,64807.61,0.9996905,925.2284,20.481865,46.74943977759957,-121.80769215706512, 
2025-07-09 15:16:13,1.0789652,10.205649,2.4895766,15.429048,21.50606,0.008657631,0.0139789395,64812.832,0.9996905,925.22833,20.48112,46.749439777599555,-121.80769215706512, 
2025-07-09 15:16:14,1.0792364,10.204653,2.4902022,15.443333,21.526543,0.008667294,0.013992254,64752.863,0.9996906,925.22906,20.489698,46.749439777599555,-121.80769215706512, 
2025-07-09 15:16:15,1.0792633,10.204581,2.4902642,15.444036,21.527563,0.008667775,0.013992917,64749.914,0.9996906,925.2295,20.490252,46.749439777599555,-121.80769215706512, 
2025-07-09 15:16:16,1.0792902,10.20451,2.490326,15.444738,21.528584,0.008668256,0.013993579,64746.965,0.9996906,925.2299,20.490807,46.74943977759957,-121.80769215706512, 
2025-07-09 15:16:17,1.0789036,10.204752,2.489434,15.445468,21.529463,0.008668674,0.013994151,64743.91,0.9996906,925.23846,20.498909,46.749439777599555,-121.80769215706512, 
2025-07-09 15:16:18,1.0788908,10.204724,2.4894047,15.446143,21.53042,0.008669126,0.013994773,64741.08,0.9996906,925.239,20.499765,46.749439966682495,-121.80768898356692, 
2025-07-09 15:16:19,1.0786086,10.204782,2.4887536,15.441963,21.524559,0.008666357,0.013990964,64758.605,0.9996906,925.21405,20.491184,46.74944023091494,-121.80769112652031, 
2025-07-09 15:16:20,1.0785834,10.204785,2.4886954,15.441793,21.52432,0.008666244,0.013990808,64759.32,0.9996906,925.2127,20.490885,46.74944167026645,-121.80769065725018, 
2025-07-09 15:16:21,1.0785581,10.204789,2.488637,15.441624,21.52408,0.008666132,0.013990653,64760.03,0.9996906,925.21136,20.490585,46.74944527766568,-121.80768786461282, 
2025-07-09 15:16:22,1.0787051,10.204158,2.4889758,15.45419,21.54196,0.008674568,0.014002275,64707.38,0.99969065,925.1848,20.490314,46.74944527766568,-121.80768786461282, 
2025-07-09 15:16:23,1.0787075,10.20412,2.4889812,15.45487,21.54293,0.008675026,0.014002905,64704.527,0.99969065,925.18256,20.49009,46.74944527766568,-121.80768786461282, 
2025-07-09 15:16:24,1.0787098,10.204082,2.4889867,15.45555,21.543901,0.008675483,0.014003536,64701.68,0.99969065,925.18036,20.489864,46.74944527766568,-121.80768786461282, 
2025-07-09 15:16:25,1.0789559,10.204388,2.4895546,15.444647,21.528526,0.008668228,0.013993542,64747.355,0.9996906,925.18915,20.49,46.74944527766568,-121.80768786461282, 
2025-07-09 15:16:26,1.078974,10.20439,2.4895966,15.444318,21.528067,0.008668012,0.013993244,64748.734,0.9996906,925.189,20.49,46.74944527766568,-121.80768786461282, 
2025-07-09 15:16:27,1.0791113,10.204022,2.4899132,15.446427,21.531218,0.008669493,0.013995291,64739.89,0.99969065,925.1893,20.481623,46.74944527766568,-121.80768786461282, 
2025-07-09 15:16:28,1.0791253,10.204007,2.4899457,15.4463,21.531048,0.008669413,0.013995181,64740.426,0.99969065,925.1895,20.481104,46.74944527766568,-121.80768786461282, 
2025-07-09 15:16:29,1.0791394,10.203992,2.489978,15.446172,21.530878,0.008669332,0.01399507,64740.965,0.99969065,925.18976,20.480587,46.74944527766568,-121.80768786461282, 
2025-07-09 15:16:30,1.0788856,10.204209,2.4893923,15.4531765,21.54052,0.008673886,0.014001338,64711.617,0.99969065,925.207,20.480324,46.74944527766568,-121.80768786461282, 
2025-07-09 15:16:31,1.0788729,10.204214,2.4893632,15.4536705,21.541204,0.00867421,0.014001784,64709.547,0.99969065,925.20807,20.4801,46.74944527766568,-121.80768786461282, 
2025-07-09 15:16:32,1.0788604,10.204218,2.4893343,15.4541645,21.541891,0.008674534,0.014002229,64707.48,0.99969065,925.2091,20.47988,46.74944527766568,-121.80768786461282, 
2025-07-09 15:16:33,1.0787433,10.204152,2.489064,15.445966,21.5305,0.008669155,0.013994825,64741.83,0.99969065,925.18304,20.488735,46.74944527766568,-121.80768786461282, 
2025-07-09 15:16:34,1.0787299,10.204154,2.4890327,15.445662,21.530075,0.0086689545,0.0139945485,64743.1,0.99969065,925.18195,20.489252,46.74944527766564,-121.80768786461284, 
2025-07-09 15:16:35,1.0788347,10.203997,2.4892747,15.45884,21.548534,0.008677672,0.014006548,64687.914,0.99969065,925.1809,20.489601,46.74944527766566,-121.80768786461284, 
2025-07-09 15:16:36,1.0788387,10.203984,2.489284,15.45948,21.549433,0.008678095,0.014007132,64685.234,0.99969065,925.18024,20.489822,46.74944527766565,-121.80768786461284, 
2025-07-09 15:16:37,1.0788426,10.203973,2.4892933,15.46012,21.550333,0.00867852,0.014007716,64682.555,0.99969065,925.17957,20.490046,46.749445277665636,-121.8076878646129, 
2025-07-09 15:16:38,1.0791014,10.203655,2.4898903,15.453968,21.541939,0.008674551,0.01400226,64708.3,0.9996907,925.21405,20.49,46.749445277665636,-121.8076878646129, 
2025-07-09 15:16:39,1.0791199,10.203632,2.489933,15.453935,21.541904,0.008674535,0.014002238,64708.44,0.9996907,925.2161,20.49,46.74944527766563,-121.8076878646129, 
2025-07-09 15:16:40,1.0791385,10.2036085,2.489976,15.453901,21.541872,0.008674519,0.014002217,64708.58,0.9996907,925.2182,20.49,46.749445277665615,-121.80768786461292, 
2025-07-09 15:16:41,1.0788794,10.204008,2.489378,15.457702,21.546942,0.008676917,0.014005513,64692.67,0.99969065,925.16614,20.481236,46.749445277665615,-121.80768786461292, 
2025-07-09 15:16:42,1.0788704,10.204024,2.4893572,15.457778,21.547039,0.008676964,0.014005575,64692.355,0.99969065,925.1639,20.480711,46.7494452776656,-121.80768786461292, 
2025-07-09 15:16:43,1.0791111,10.204038,2.4899127,15.452498,21.539673,0.008673485,0.0140007865,64714.457,0.99969065,925.1705,20.480402,46.749445277665664,-121.80768786461287, 
2025-07-09 15:16:44,1.0791198,10.204048,2.489933,15.452269,21.539347,0.008673332,0.014000575,64715.414,0.99969065,925.1696,20.480177,46.74944527766568,-121.80768786461282, 
2025-07-09 15:16:45,1.0791286,10.204058,2.489953,15.45204,21.539022,0.008673178,0.014000364,64716.37,0.99969065,925.1688,20.479952,46.74944527766568,-121.80768786461284, 
2025-07-09 15:16:46,1.0782852,10.204056,2.488007,15.453866,21.541567,0.00867438,0.014002019,64708.727,0.99969065,925.16077,20.488594,46.7494534535071,-121.80771220183293, 
2025-07-09 15:16:47,1.0782393,10.204056,2.4879012,15.453846,21.54154,0.008674367,0.014002001,64708.81,0.99969065,925.16046,20.489122,46.749451424019334,-121.80771456083937, 
2025-07-09 15:16:48,1.0781935,10.204056,2.4877956,15.453826,21.541513,0.008674354,0.014001983,64708.89,0.99969065,925.16016,20.48965,46.74945141136837,-121.80771457554445, 
2025-07-09 15:16:49,1.0783864,10.203896,2.4882407,15.453887,21.541689,0.008674435,0.014002098,64708.637,0.99969065,925.1599,20.489752,46.7494514112895,-121.80771457563613, 
2025-07-09 15:16:50,1.0783763,10.203886,2.4882174,15.453938,21.541765,0.008674472,0.014002147,64708.426,0.99969065,925.15967,20.489979,46.749451411289,-121.80771457563668, 
2025-07-09 15:16:51,1.0782669,10.203719,2.4879649,15.45771,21.547121,0.008677,0.014005628,64692.633,0.99969065,925.1681,20.481577,46.74945141128901,-121.80771457563671, 
2025-07-09 15:16:52,1.0782648,10.203705,2.48796,15.457947,21.547459,0.008677159,0.014005847,64691.64,0.99969065,925.16864,20.481047,46.749451411289,-121.80771457563668, 
2025-07-09 15:16:53,1.0782628,10.2036915,2.4879556,15.458183,21.547796,0.008677319,0.014006067,64690.652,0.99969065,925.1692,20.480516,46.749451411289,-121.80771457563668, 
2025-07-09 15:16:54,1.0787697,10.203295,2.4891248,15.46122,21.552256,0.008679418,0.014008965,64677.95,0.9996907,925.1522,20.480314,46.74945141128901,-121.80771457563668, 
2025-07-09 15:16:55,1.0787978,10.203267,2.4891896,15.461502,21.552664,0.008679611,0.014009232,64676.77,0.9996907,925.1514,20.480087,46.74945141128901,-121.80771457563668, 
2025-07-09 15:16:56,1.0788258,10.2032385,2.4892542,15.461783,21.553072,0.0086798025,0.014009497,64675.59,0.9996907,925.1506,20.47986,46.74945141128901,-121.80771457563671, 
2025-07-09 15:16:57,1.0784354,10.202916,2.4883535,15.457723,21.547598,0.0086772125,0.014005939,64692.586,0.9996908,925.1676,20.48,46.749451411289,-121.80771457563668, 
2025-07-09 15:16:58,1.078425,10.202888,2.4883296,15.45756,21.547386,0.008677113,0.014005802,64693.266,0.9996908,925.1682,20.48,46.74945141128901,-121.80771457563668, 
2025-07-09 15:16:59,1.0784147,10.202858,2.4883058,15.4573965,21.547176,0.008677013,0.014005665,64693.95,0.9996908,925.1688,20.48,46.749451411289,-121.80771457563665, 
2025-07-09 15:17:00,1.0782778,10.202865,2.48799,15.458355,21.54851,0.008677642,0.014006532,64689.934,0.9996908,925.1782,20.488934,46.749451411289,-121.80771457563671, 
2025-07-09 15:17:01,1.0782604,10.202857,2.4879496,15.458315,21.548458,0.008677618,0.014006497,64690.105,0.9996908,925.1792,20.489462,46.749451411289,-121.80771457563668, 
2025-07-09 15:17:02,1.0786572,10.20278,2.488865,15.462352,21.554127,0.008680296,0.014010183,64673.215,0.9996908,925.1794,20.481123,46.749451411289,-121.80771457563665, 
2025-07-09 15:17:03,1.0786783,10.202775,2.4889135,15.462622,21.554506,0.008680475,0.014010429,64672.086,0.9996908,925.17957,20.480827,46.74945141128901,-121.80771457563665, 
2025-07-09 15:17:04,1.0786994,10.20277,2.4889624,15.462893,21.554884,0.008680655,0.014010675,64670.953,0.9996908,925.1798,20.480534,46.74945141128901,-121.80771457563665, 
2025-07-09 15:17:05,1.0785546,10.202769,2.4886286,15.458967,21.549416,0.008678069,0.01400712,64687.375,0.9996908,925.1448,20.488995,46.74945141128901,-121.80771457563665, 
2025-07-09 15:17:06,1.0785558,10.202766,2.4886315,15.458833,21.549229,0.008677982,0.014006999,64687.938,0.9996908,925.1427,20.489296,46.749442279950614,-121.80769749613883, 
2025-07-09 15:17:07,1.078557,10.2027645,2.488634,15.458698,21.549042,0.008677893,0.014006878,64688.5,0.9996908,925.14056,20.489595,46.749442279950124,-121.80769749613792, 
2025-07-09 15:17:08,1.0782013,10.202766,2.4878132,15.461141,21.552446,0.008679502,0.014009089,64678.28,0.9996908,925.19385,20.48091,46.74944227994963,-121.807697496137, 
2025-07-09 15:17:09,1.078177,10.202766,2.4877572,15.461188,21.552511,0.008679533,0.014009132,64678.082,0.9996908,925.1961,20.48061,46.74944222167943,-121.80769738714687, 
2025-07-09 15:17:10,1.0788864,10.202369,2.489394,15.472636,21.568699,0.008687172,0.014019654,64630.234,0.9996908,925.14636,20.47178,46.74944216825821,-121.80769728722642, 
2025-07-09 15:17:11,1.0789216,10.202344,2.4894753,15.473396,21.569775,0.008687679,0.014020353,64627.06,0.9996908,925.1446,20.471031,46.749442167924194,-121.80769728660168, 
2025-07-09 15:17:12,1.0789568,10.202319,2.4895566,15.474157,21.570848,0.008688185,0.014021051,64623.88,0.9996908,925.1428,20.470282,46.74944216792213,-121.8076972865978, 
2025-07-09 15:17:13,1.0782429,10.202241,2.487909,15.458585,21.549187,0.008677953,0.014006971,64688.984,0.99969083,925.1935,20.478958,46.74944216792212,-121.80769728659779, 
2025-07-09 15:17:14,1.0782182,10.202226,2.487852,15.457946,21.548304,0.008677537,0.014006398,64691.656,0.99969083,925.19525,20.479252,46.74944216792211,-121.80769728659776, 
2025-07-09 15:17:15,1.0781935,10.20221,2.487795,15.457307,21.547422,0.008677119,0.014005825,64694.33,0.99969083,925.19696,20.479546,46.749442167922105,-121.80769728659776, 
2025-07-09 15:17:16,1.0786755,10.20196,2.4889073,15.46518,21.558542,0.008682367,0.014013054,64661.387,0.99969083,925.18964,20.479805,46.74944216792211,-121.80769728659776, 
2025-07-09 15:17:17,1.0786868,10.201942,2.4889333,15.465269,21.558676,0.00868243,0.01401314,64661.016,0.99969083,925.1904,20.480026,46.74944216792211,-121.80769728659776, 
2025-07-09 15:17:18,1.0793082,10.201787,2.490367,15.4501705,21.537716,0.008672531,0.013999516,64724.215,0.99969083,925.20715,20.48,46.74944216792212,-121.80769728659776, 
2025-07-09 15:17:19,1.0793582,10.201771,2.4904823,15.449439,21.536707,0.008672053,0.01399886,64727.277,0.99969083,925.20795,20.48,46.74944216792213,-121.80769728659776, 
2025-07-09 15:17:20,1.0794082,10.201756,2.490598,15.448708,21.535696,0.008671576,0.013998202,64730.34,0.99969083,925.2088,20.48,46.74944216792213,-121.80769728659776, 
2025-07-09 15:17:21,1.0791649,10.201596,2.4900362,15.454629,21.544043,0.008675517,0.014003627,64705.535,0.9996909,925.17426,20.471277,46.74944216792213,-121.80769728659773, 
2025-07-09 15:17:22,1.0791659,10.201583,2.4900389,15.454604,21.544014,0.008675504,0.014003609,64705.64,0.9996909,925.1726,20.470753,46.74944216792213,-121.80769728659773, 
2025-07-09 15:17:23,1.0791671,10.20157,2.4900415,15.454578,21.543985,0.00867549,0.014003592,64705.746,0.9996909,925.17096,20.47023,46.74944216792214,-121.80769728659773, 
2025-07-09 15:17:24,1.0791527,10.201891,2.490008,15.466297,21.560139,0.008683122,0.014014091,64656.723,0.99969083,925.19714,20.479082,46.74944216792214,-121.80769728659776, 
2025-07-09 15:17:25,1.0791463,10.201905,2.4899936,15.467129,21.56129,0.008683665,0.014014838,64653.242,0.99969083,925.1978,20.479382,46.74944216792214,-121.80769728659776, 
2025-07-09 15:17:26,1.0788931,10.202078,2.4894092,15.4619465,21.553965,0.0086802095,0.014010077,64674.91,0.99969083,925.1645,20.479662,46.74944216792214,-121.80769728659776, 
2025-07-09 15:17:27,1.0788774,10.202096,2.4893732,15.461898,21.553886,0.008680173,0.014010026,64675.113,0.99969083,925.163,20.479887,46.74944216792214,-121.80769728659776, 
2025-07-09 15:17:28,1.0788618,10.202114,2.489337,15.461849,21.553808,0.008680136,0.014009975,64675.316,0.99969083,925.1616,20.48011,46.74944216792213,-121.80769728659776, 
2025-07-09 15:17:29,1.0785929,10.201477,2.4887166,15.473423,21.570309,0.00868792,0.014020701,64626.945,0.9996909,925.1781,20.48,46.74944216792214,-121.80769728659776, 
2025-07-09 15:17:30,1.0785704,10.201444,2.4886646,15.473984,21.57111,0.008688298,0.014021222,64624.6,0.9996909,925.1783,20.48,46.74944216792215,-121.80769728659776, 
2025-07-09 15:17:31,1.0785478,10.201409,2.4886127,15.474545,21.57191,0.008688676,0.014021742,64622.258,0.9996909,925.1784,20.48,46.74944216792213,-121.80769728659776, 
2025-07-09 15:17:32,1.078551,10.201401,2.4886203,15.469058,21.564266,0.008685066,0.014016774,64645.176,0.9996909,925.1704,20.48,46.749442167922105,-121.80769728659776, 
2025-07-09 15:17:33,1.0785444,10.201385,2.4886045,15.469027,21.564232,0.00868505,0.01401675,64645.312,0.9996909,925.17035,20.48,46.74944216792211,-121.80769728659776, 
2025-07-09 15:17:34,1.0790615,10.200443,2.4897974,15.477098,21.576029,0.008690607,0.014024418,64611.594,0.99969095,925.14435,20.471424,46.74944216792211,-121.80769728659776, 
2025-07-09 15:17:35,1.0790938,10.200384,2.489872,15.477473,21.576584,0.0086908685,0.01402478,64610.03,0.99969095,925.1425,20.470886,46.74944216792212,-121.80769728659776, 
2025-07-09 15:17:36,1.0791261,10.200325,2.4899466,15.477848,21.57714,0.008691131,0.0140251415,64608.465,0.99969095,925.1407,20.47035,46.74944216792211,-121.80769728659776, 
2025-07-09 15:17:37,1.0786073,10.201192,2.4887497,15.470076,21.565805,0.00868579,0.014017773,64640.93,0.9996909,925.16656,20.47896,46.74944216792212,-121.80769728659776, 
2025-07-09 15:17:38,1.0785896,10.201219,2.488709,15.46982,21.565434,0.008685615,0.014017532,64641.996,0.9996909,925.1674,20.479254,46.74944216792212,-121.80769728659776, 
2025-07-09 15:17:39,1.0785718,10.201246,2.488668,15.469564,21.565062,0.00868544,0.0140172895,64643.062,0.9996909,925.16833,20.479548,46.74944216792211,-121.80769728659776, 
2025-07-09 15:17:40,1.0785562,10.200712,2.4886315,15.520857,21.636873,0.008719354,0.014063968,64429.52,0.99969107,925.1869,20.479807,46.74944216792211,-121.80769728659773, 
2025-07-09 15:17:41,1.0785427,10.200702,2.4886,15.523694,21.640835,0.008721224,0.014066543,64417.71,0.99969107,925.1886,20.480032,46.74944216792211,-121.80769728659776, 
2025-07-09 15:17:42,1.0785446,10.200598,2.4886045,15.558816,21.689857,0.008744382,0.014098407,64272.36,0.99969107,925.1805,20.48,46.74944216792212,-121.80769728659776, 
2025-07-09 15:17:43,1.0785446,10.200579,2.4886045,15.562188,21.694569,0.008746608,0.01410147,64258.375,0.99969107,925.1804,20.48,46.749442167922105,-121.80769728659776, 
2025-07-09 15:17:44,1.0785446,10.200559,2.4886045,15.565559,21.69928,0.008748833,0.014104532,64244.39,0.99969107,925.1803,20.48,46.749442167922105,-121.80769728659776, 
2025-07-09 15:17:45,1.0784118,10.200564,2.4882977,15.752729,21.960205,0.008872154,0.014274133,63482.523,0.9996912,925.1974,20.48,46.74944216792212,-121.80769728659776, 
2025-07-09 15:17:46,1.0784038,10.200562,2.4882793,15.764887,21.977154,0.0088801645,0.014285151,63432.977,0.9996912,925.1982,20.48,46.74944216792211,-121.80769728659776, 
2025-07-09 15:17:47,1.0783957,10.20056,2.4882607,15.777044,21.994104,0.008888175,0.0142961675,63383.43,0.9996912,925.19904,20.48,46.74944216792211,-121.80769728659776, 
2025-07-09 15:17:48,1.0785306,10.200317,2.4885716,15.8824835,22.141235,0.008957747,0.014391802,62963.242,0.99969125,925.21704,20.48,46.74944216792211,-121.80769728659776, 
2025-07-09 15:17:49,1.0785351,10.200303,2.4885824,15.893518,22.156626,0.008965024,0.0144018065,62918.855,0.99969125,925.21857,20.48,46.749442167922105,-121.80769728659776, 
2025-07-09 15:17:50,1.0784096,10.2002125,2.4882925,16.005312,22.312527,0.009038772,0.014503142,62480.117,0.99969137,925.202,20.48,46.74945778652241,-121.80769984330377, 
2025-07-09 15:17:51,1.0784051,10.200201,2.4882822,16.014658,22.325562,0.009044938,0.014511615,62443.285,0.99969137,925.2014,20.48,46.7494578186323,-121.80769982738025, 
2025-07-09 15:17:52,1.0784006,10.20019,2.4882717,16.024004,22.338596,0.009051103,0.014520087,62406.453,0.99969137,925.2008,20.48,46.74945781863344,-121.80769982738043, 
2025-07-09 15:17:53,1.0787954,10.199778,2.4891825,16.092663,22.434559,0.009096507,0.014582464,62140.508,0.9996914,925.1828,20.48,46.74945781863457,-121.8076998273806, 
2025-07-09 15:17:54,1.0788163,10.199751,2.4892306,16.099627,22.444283,0.009101107,0.014588784,62113.39,0.9996914,925.1813,20.48,46.7494578186357,-121.80769982738079, 
2025-07-09 15:17:55,1.0788373,10.199723,2.4892788,16.10659,22.454006,0.009105707,0.014595104,62086.273,0.9996914,925.1798,20.48,46.74945795678164,-121.80769984980782, 
2025-07-09 15:17:56,1.0797417,10.199649,2.4913654,16.382513,22.838715,0.00928785,0.0148451645,61043.168,0.9996916,925.1978,20.48,46.74945807800986,-121.8076998694884, 
2025-07-09 15:17:57,1.0798054,10.199634,2.491512,16.400684,22.864056,0.009299847,0.014861637,60974.293,0.9996916,925.1984,20.48,46.749458078765315,-121.80769986961104, 
2025-07-09 15:17:58,1.0788537,10.199705,2.4893165,16.584476,23.120234,0.009421227,0.015028153,60300.14,0.99969167,925.19904,20.48,46.74945807876532,-121.80769986961104, 
2025-07-09 15:17:59,1.0788165,10.199708,2.4892306,16.60235,23.14515,0.009433029,0.015044348,60233.832,0.99969167,925.19946,20.48,46.74945807876532,-121.80769986961104, 
2025-07-09 15:18:00,1.0787793,10.19971,2.4891446,16.620226,23.170067,0.009444831,0.015060544,60167.523,0.99969167,925.1999,20.48,46.74944967846028,-121.8076937890334, 
2025-07-09 15:18:01,1.0789901,10.199408,2.4896305,17.023664,23.732689,0.00971164,0.015426247,58748.02,0.9996919,925.20844,20.48,46.74944968417833,-121.80769380355603, 
2025-07-09 15:18:02,1.0789788,10.19939,2.4896042,17.052622,23.773071,0.009730787,0.015452496,58645.434,0.99969196,925.2089,20.48,46.749449667529845,-121.80769379152474, 
2025-07-09 15:18:03,1.0789675,10.199374,2.489578,17.081581,23.813452,0.009749934,0.015478743,58542.848,0.99969196,925.2095,20.48,46.749445972653305,-121.80769068474756, 
2025-07-09 15:18:04,1.0789893,10.198714,2.489628,17.182096,23.954,0.009816629,0.0155701,58201.62,0.9996921,925.174,20.47113,46.749445972653305,-121.80769068474756, 
2025-07-09 15:18:05,1.0789955,10.198668,2.4896424,17.198515,23.976921,0.009827501,0.015584999,58144.543,0.9996921,925.1721,20.470606,46.749445972653305,-121.80769068474756, 
2025-07-09 15:18:06,1.0789948,10.1985,2.48964,17.818874,24.841892,0.010238414,0.01614723,56133.375,0.9996924,925.2052,20.478867,46.749445972653305,-121.80769068474756, 
2025-07-09 15:18:07,1.0789948,10.198474,2.48964,17.859533,24.898592,0.010265348,0.016184086,56001.16,0.9996924,925.20636,20.479168,46.749445972653305,-121.80769068474756, 
2025-07-09 15:18:08,1.0789948,10.198448,2.48964,17.900192,24.955294,0.010292282,0.01622094,55868.95,0.99969244,925.2076,20.479467,46.74944597265331,-121.80769068474753, 
2025-07-09 15:18:09,1.0787561,10.198374,2.4890888,18.19183,25.361927,0.010485681,0.016485251,54976.195,0.99969256,925.1738,20.479725,46.749445972653305,-121.80769068474753, 
2025-07-09 15:18:10,1.0787417,10.198364,2.4890554,18.225126,25.408352,0.010507749,0.016515428,54871.42,0.9996926,925.1726,20.47995,46.74943932468583,-121.80768954258168, 
2025-07-09 15:18:11,1.0785855,10.198125,2.4886947,18.49135,25.77967,0.010684461,0.016756786,54083.17,0.9996928,925.1714,20.48,46.74943862932284,-121.80769082868888, 
2025-07-09 15:18:12,1.0785701,10.198109,2.4886591,18.514402,25.81182,0.010699759,0.016777683,54014.363,0.9996928,925.1705,20.48,46.7494395700625,-121.807690922343, 
2025-07-09 15:18:13,1.0785515,10.198251,2.4886158,18.96049,26.433632,0.010995921,0.01718186,52746.09,0.99969304,925.1968,20.48,46.7494399981038,-121.80768926494281, 
2025-07-09 15:18:14,1.0785476,10.198258,2.4886067,19.002052,26.49157,0.011023514,0.01721952,52627.504,0.99969304,925.19904,20.48,46.7494399981038,-121.80768926494281, 
2025-07-09 15:18:15,1.0785437,10.198266,2.4885974,19.043613,26.549507,0.011051107,0.01725718,52508.918,0.99969304,925.2013,20.48,46.74944050512013,-121.80768973936597, 
2025-07-09 15:18:16,1.0789325,10.198185,2.4894946,19.174751,26.73239,0.01113828,0.017376052,52152.562,0.99969316,925.17377,20.48,46.74944050512013,-121.80768973936597, 
2025-07-09 15:18:17,1.0789565,10.198186,2.4895496,19.199398,26.76675,0.01115465,0.017398385,52083.645,0.99969316,925.17316,20.48,46.74943753854879,-121.80769188837222, 
2025-07-09 15:18:18,1.0789803,10.198188,2.4896047,19.224045,26.80111,0.01117102,0.01742072,52014.727,0.99969316,925.17255,20.48,46.74943753854879,-121.80769188837222, 
2025-07-09 15:18:19,1.0788572,10.198089,2.4893186,20.552113,28.652706,0.0120548615,0.01862426,48689.727,0.99969393,925.2055,20.48,46.74943753854879,-121.80769188837222, 
2025-07-09 15:18:20,1.0788598,10.198081,2.4893246,20.637287,28.771456,0.012111538,0.018701447,48474.953,0.999694,925.2069,20.48,46.74943753854879,-121.80769188837222, 
2025-07-09 15:18:21,1.0788554,10.197378,2.489314,20.986221,29.258474,0.012344287,0.01901801,47667.008,0.9996942,925.2334,20.48,46.74943753854879,-121.80769188837222, 
2025-07-09 15:18:22,1.0788522,10.197332,2.4893064,21.03966,29.33301,0.012379882,0.019066457,47537.09,0.9996942,925.23584,20.48,46.74943753854879,-121.80769188837222, 
2025-07-09 15:18:23,1.078849,10.197287,2.4892988,21.093096,29.407545,0.012415476,0.019114904,47407.176,0.9996943,925.23834,20.48,46.74943753854879,-121.80769188837222, 
2025-07-09 15:18:24,1.0789739,10.197661,2.489587,21.298513,29.693634,0.012552313,0.019300863,46953.32,0.99969435,925.23016,20.471437,46.74943753854879,-121.80769188837222, 
2025-07-09 15:18:25,1.0789814,10.197666,2.4896042,21.319082,29.72231,0.0125660235,0.0193195,46907.137,0.99969435,925.2303,20.470919,46.74943753854879,-121.80769188837222, 
2025-07-09 15:18:26,1.0789889,10.197672,2.4896216,21.339651,29.750982,0.0125797335,0.019338138,46860.957,0.99969435,925.23047,20.4704,46.74943753854879,-121.80769188837222, 
2025-07-09 15:18:27,1.0785971,10.197689,2.4887168,21.62698,30.15155,0.012771373,0.019598508,46240.24,0.9996945,925.21246,20.470257,46.74943753854878,-121.80769188837222, 
2025-07-09 15:18:28,1.0785767,10.197699,2.4886699,21.649632,30.183123,0.012786476,0.019619029,46190.965,0.9996945,925.2112,20.470034,46.74943753854879,-121.80769188837222, 
2025-07-09 15:18:29,1.0788196,10.197475,2.4892304,21.709017,30.266098,0.012826177,0.019672964,46064.38,0.9996946,925.2442,20.478432,46.74943753854879,-121.80769188837222, 
2025-07-09 15:18:30,1.0788257,10.197461,2.4892445,21.719418,30.28061,0.01283312,0.019682396,46042.01,0.9996946,925.2459,20.478962,46.749444329419575,-121.80768956346043, 
2025-07-09 15:18:31,1.0788318,10.197447,2.4892585,21.729818,30.29512,0.012840063,0.019691829,46019.65,0.9996946,925.24756,20.479492,46.749444336936584,-121.80768955790703, 
2025-07-09 15:18:32,1.0787289,10.19752,2.4890208,21.664127,30.203474,0.012796209,0.01963226,46159.312,0.9996946,925.2571,20.479689,46.749444336936584,-121.80768955790703, 
2025-07-09 15:18:33,1.078729,10.197519,2.489021,21.661446,30.199738,0.012794421,0.01962983,46165.01,0.9996946,925.2585,20.479916,46.749444336936584,-121.80768955790703, 
2025-07-09 15:18:34,1.0787292,10.197518,2.4890215,21.658766,30.196001,0.012792633,0.019627402,46170.71,0.9996946,925.25995,20.480145,46.749444336936584,-121.80768955790703, 
2025-07-09 15:18:35,1.0780479,10.197677,2.4874492,22.111986,30.827738,0.013095026,0.020038031,45226.945,0.99969476,925.22437,20.48,46.74944027868288,-121.80768171602936, 
2025-07-09 15:18:36,1.0780046,10.197688,2.4873493,22.137503,30.863302,0.01311205,0.020061148,45173.88,0.99969476,925.2225,20.48,46.74944027868288,-121.80768171602936, 
2025-07-09 15:18:37,1.0783522,10.196846,2.4881513,22.170013,30.909323,0.013134062,0.02009106,45107,0.9996949,925.20447,20.463173,46.74944027868288,-121.80768171602936, 
2025-07-09 15:18:38,1.078358,10.196797,2.4881647,22.182686,30.927032,0.013142538,0.02010257,45080.656,0.9996949,925.2025,20.462126,46.749440278682876,-121.80768171602936, 
2025-07-09 15:18:39,1.078364,10.196749,2.4881783,22.19536,30.944742,0.013151014,0.020114081,45054.316,0.9996949,925.20056,20.461077,46.749440278682876,-121.80768171602936, 
2025-07-09 15:18:40,1.0787709,10.197119,2.4891174,22.215204,30.972101,0.0131641235,0.020131867,45014.23,0.9996948,925.2261,20.477812,46.74943925790468,-121.80768470796983, 
2025-07-09 15:18:41,1.0788049,10.19712,2.4891958,22.216997,30.9746,0.013165319,0.020133492,45010.594,0.9996948,925.2272,20.47841,46.749439505432356,-121.80768580391381, 
2025-07-09 15:18:42,1.0788387,10.197122,2.489274,22.21879,30.977098,0.013166516,0.020135116,45006.953,0.9996948,925.22833,20.47901,46.749440713655495,-121.8076799758995, 
2025-07-09 15:18:43,1.0789647,10.196501,2.4895644,22.197666,30.94816,0.013152645,0.020116305,45049.785,0.9996949,925.20276,20.47077,46.74944286051268,-121.80768377556673, 
2025-07-09 15:18:44,1.0789825,10.196473,2.4896054,22.196991,30.947243,0.013152204,0.020115707,45051.156,0.9996949,925.2019,20.470701,46.74944286051268,-121.80768377556673, 
2025-07-09 15:18:45,1.0787575,10.19668,2.4890864,22.19722,30.947392,0.013152282,0.020115806,45050.69,0.9996949,925.1925,20.470402,46.74944286051268,-121.80768377556673, 
2025-07-09 15:18:46,1.0787462,10.196678,2.4890604,22.196743,30.94673,0.013151965,0.020115376,45051.652,0.9996949,925.1913,20.47018,46.74944286051268,-121.80768377556673, 
2025-07-09 15:18:47,1.0787349,10.196676,2.4890342,22.196268,30.946068,0.013151648,0.020114945,45052.617,0.9996949,925.19006,20.469957,46.74944286051268,-121.80768377556673, 
2025-07-09 15:18:48,1.0791935,10.196756,2.4900923,22.21528,30.972506,0.01316431,0.020132128,45014.07,0.9996949,925.2157,20.478579,46.74944286051268,-121.80768377556673, 
2025-07-09 15:18:49,1.0792156,10.196768,2.4901433,22.216461,30.974144,0.013165095,0.020133194,45011.676,0.9996949,925.21704,20.479103,46.74944286051268,-121.80768377556673, 
2025-07-09 15:18:50,1.0792377,10.196778,2.4901943,22.217642,30.975782,0.013165879,0.020134259,45009.277,0.9996949,925.2184,20.479626,46.74944286051269,-121.80768377556673, 
2025-07-09 15:18:51,1.0783669,10.195981,2.4881852,21.917696,30.558245,0.01296597,0.019862859,45626.41,0.99969476,925.2015,20.470997,46.74944286051269,-121.80768377556673, 
2025-07-09 15:18:52,1.0783262,10.195935,2.4880915,21.900208,30.533901,0.012954314,0.019847035,45662.402,0.99969476,925.20105,20.470697,46.749448309198975,-121.80769517231472, 
2025-07-09 15:18:53,1.0784103,10.196136,2.4882855,21.91712,30.557316,0.012965523,0.019862257,45626.797,0.9996948,925.2257,20.478802,46.74944769494765,-121.80769396239617, 
2025-07-09 15:18:54,1.0783949,10.196131,2.4882498,21.91116,30.549013,0.012961546,0.019856859,45639.01,0.9996948,925.2268,20.479101,46.74944769494765,-121.80769396239617, 
2025-07-09 15:18:55,1.0783794,10.196124,2.4882143,21.9052,30.540709,0.01295757,0.019851461,45651.223,0.9996948,925.2279,20.479403,46.74944769494765,-121.80769396239617, 
2025-07-09 15:18:56,1.0789044,10.195664,2.489426,21.734642,30.303282,0.01284393,0.019697135,46009.95,0.9996947,925.2201,20.479675,46.749445566782,-121.80769478184708, 
2025-07-09 15:18:57,1.0789391,10.1956415,2.489506,21.72481,30.289595,0.012837378,0.019688237,46030.633,0.9996947,925.2203,20.4799,46.74944548665641,-121.80769483999602,Marked
2025-07-09 15:18:58,1.0789738,10.195619,2.4895859,21.71498,30.275906,0.012830826,0.01967934,46051.32,0.9996947,925.2204,20.480125,46.74944548665641,-121.80769483999602, 
2025-07-09 15:18:59,1.0788529,10.195928,2.489307,21.582943,30.091568,0.012742629,0.01955952,46333.36,0.99969465,925.18506,20.48,46.74944548665641,-121.80769483999602, 
2025-07-09 15:19:00,1.078859,10.195934,2.489321,21.570719,30.074518,0.012734471,0.019548437,46359.33,0.99969465,925.1828,20.48,46.74944548665641,-121.80769483999602, 
2025-07-09 15:19:01,1.0788649,10.195941,2.4893348,21.558493,30.05747,0.0127263125,0.019537356,46385.297,0.99969465,925.1805,20.48,46.74945232635101,-121.80769869475715, 
2025-07-09 15:19:02,1.0785809,10.195872,2.4886794,21.339998,29.752892,0.012580611,0.01933938,46861.145,0.9996945,925.1716,20.471094,46.74945091834186,-121.80770404838943, 
2025-07-09 15:19:03,1.0785617,10.195876,2.4886353,21.323664,29.730114,0.012569714,0.019324575,46896.57,0.9996945,925.1701,20.470572,46.74945091834186,-121.80770404838943, 
2025-07-09 15:19:04,1.0790722,10.196423,2.489814,21.101955,29.420574,0.012421701,0.019123374,47390.355,0.99969435,925.21295,20.478916,46.74945091834186,-121.80770404838943, 
2025-07-09 15:19:05,1.0790974,10.196455,2.489872,21.083021,29.39415,0.012409064,0.019106198,47432.26,0.9996943,925.2154,20.479221,46.74945091834186,-121.80770404838943, 
2025-07-09 15:19:06,1.0791225,10.196486,2.4899302,21.064085,29.367725,0.012396427,0.01908902,47474.168,0.9996943,925.2178,20.479527,46.74945091834186,-121.80770404838943, 
2025-07-09 15:19:07,1.0787603,10.195604,2.4890938,21.0656,29.370525,0.01239775,0.019090842,47470.918,0.9996944,925.17487,20.471043,46.74945091834186,-121.80770404838943, 
2025-07-09 15:19:08,1.0787518,10.195566,2.4890745,21.059938,29.362661,0.012393989,0.01908573,47483.535,0.9996944,925.17346,20.47075,46.749451671185405,-121.80769916501656, 
2025-07-09 15:19:09,1.0787433,10.195527,2.489055,21.054276,29.354795,0.012390227,0.019080618,47496.152,0.9996944,925.172,20.47046,46.749451671185405,-121.80769916501656, 
2025-07-09 15:19:10,1.0787282,10.195684,2.4890199,20.978062,29.248413,0.01233937,0.01901147,47668.934,0.99969435,925.17957,20.470188,46.749451671185405,-121.80769916501656, 
2025-07-09 15:19:11,1.0790637,10.196338,2.4897943,20.940502,29.19554,0.012314106,0.0189771,47754.46,0.9996942,925.17914,20.461958,46.749451671185405,-121.80769916501656, 
2025-07-09 15:19:12,1.0790861,10.196385,2.489846,20.936285,29.189625,0.01231128,0.018973256,47764.04,0.9996942,925.1794,20.461433,46.749451671185405,-121.80769916501656, 
2025-07-09 15:19:13,1.0791085,10.196434,2.4898977,20.93207,29.18371,0.012308453,0.018969411,47773.613,0.9996942,925.17957,20.460907,46.749451671185405,-121.80769916501656, 
2025-07-09 15:19:14,1.0787327,10.195624,2.489031,20.705254,28.868101,0.012157587,0.018764265,48297.336,0.99969417,925.20795,20.460289,46.749451671185405,-121.80769916501656, 
2025-07-09 15:19:15,1.0787097,10.195573,2.4889777,20.686178,28.841545,0.012144893,0.018747004,48341.363,0.99969417,925.21027,20.460064,46.749451671185405,-121.80769916501656, 
2025-07-09 15:19:16,1.0786866,10.195521,2.4889245,20.667103,28.81499,0.0121321995,0.018729743,48385.387,0.99969417,925.2125,20.459839,46.749451671185405,-121.80769916501656, 
2025-07-09 15:19:17,1.0783032,10.195414,2.48804,20.512655,28.599733,0.012029356,0.018589826,48750.63,0.99969417,925.19244,20.468826,46.7494516711854,-121.80769916501653, 
2025-07-09 15:19:18,1.0782648,10.195374,2.4879513,20.494534,28.574497,0.012017297,0.018573424,48792.99,0.99969417,925.1924,20.46935,46.749461004674096,-121.80771007103783, 
2025-07-09 15:19:19,1.0664309,10.1953335,2.4606469,20.18113,28.137566,0.011808626,0.018289419,49554.145,0.999694,925.165,20.469631,46.749461004674096,-121.80771007103783, 
2025-07-09 15:19:20,1.0656879,10.195324,2.4589322,20.15696,28.103874,0.011792534,0.018267518,49612.477,0.99969393,925.16296,20.469856,46.749461004674096,-121.80771007103783, 
2025-07-09 15:19:21,1.0649447,10.195315,2.4572177,20.13279,28.070183,0.011776442,0.018245619,49670.81,0.99969393,925.16095,20.470081,46.749461004674096,-121.80771007103783, 
2025-07-09 15:19:22,1.0770272,10.1953945,2.4850965,19.980026,27.85713,0.011674739,0.018107135,50051.3,0.9996939,925.17786,20.47,46.749461004674096,-121.80771007103783, 
2025-07-09 15:19:23,1.0774608,10.195397,2.486097,19.962624,27.832863,0.011663153,0.018091362,50094.11,0.9996939,925.1782,20.47,46.749464774914536,-121.8077120972352, 
2025-07-09 15:19:24,1.0778943,10.1954,2.4870975,19.945219,27.808596,0.011651566,0.018075587,50136.92,0.9996939,925.1786,20.47,46.749464308992586,-121.80771161935314, 
2025-07-09 15:19:25,1.0782223,10.194839,2.4878542,19.789993,27.592585,0.011548467,0.01793518,50531.277,0.9996938,925.21436,20.47,46.7494643701298,-121.80771160269589, 
2025-07-09 15:19:26,1.0785427,10.194808,2.4885936,19.776728,27.574114,0.01153965,0.017923174,50564.758,0.9996938,925.21686,20.47,46.74945950096795,-121.80770189603146, 
2025-07-09 15:19:27,1.0779319,10.19424,2.487184,19.62828,27.36755,0.011441088,0.017788908,50947.8,0.9996938,925.2097,20.47,46.749452811779456,-121.80770268936847, 
2025-07-09 15:19:28,1.077894,10.194191,2.4870963,19.615389,27.349611,0.011432528,0.017777245,50980.906,0.9996938,925.2101,20.47,46.749453849788026,-121.80770608533643, 
2025-07-09 15:19:29,1.077856,10.194143,2.4870088,19.602497,27.33167,0.011423967,0.017765585,51014.01,0.9996938,925.21045,20.47,46.749453849788026,-121.80770608533643, 
2025-07-09 15:19:30,1.0783325,10.194214,2.4881089,19.486275,27.169573,0.011346652,0.017660221,51318.746,0.9996937,925.21,20.47,46.749453849788026,-121.80770608533643, 
2025-07-09 15:19:31,1.0783457,10.194203,2.4881392,19.475637,27.154749,0.011339581,0.017650586,51346.49,0.9996937,925.2098,20.47,46.749453849788026,-121.80770608533643, 
2025-07-09 15:19:32,1.0783587,10.194194,2.4881692,19.465002,27.139925,0.01133251,0.017640952,51374.227,0.9996937,925.2096,20.47,46.749453849788026,-121.80770608533643, 
2025-07-09 15:19:33,1.0785129,10.194521,2.4885252,19.386024,27.029573,0.011279892,0.017569223,51583.79,0.99969363,925.192,20.452314,46.749453849788026,-121.80770608533643, 
2025-07-09 15:19:34,1.0785336,10.194542,2.488573,19.3783,27.018787,0.0112747485,0.017562212,51604.19,0.99969363,925.1909,20.45124,46.749453849788026,-121.80770608533643, 
2025-07-09 15:19:35,1.078539,10.194951,2.488586,19.303087,26.913628,0.011224615,0.017493859,51805.426,0.9996935,925.20734,20.467607,46.749453849788,-121.80770608533633, 
2025-07-09 15:19:36,1.0785426,10.1949835,2.488594,19.29654,26.904476,0.011220252,0.01748791,51822.9,0.99969345,925.2079,20.468193,46.749453849787976,-121.80770608533633, 
2025-07-09 15:19:37,1.078546,10.195017,2.4886022,19.289991,26.895323,0.011215888,0.01748196,51840.375,0.99969345,925.2085,20.468777,46.749453849788026,-121.8077060853364, 
2025-07-09 15:19:38,1.078696,10.194786,2.488948,19.214355,26.790028,0.011165689,0.01741352,52044.63,0.99969345,925.18317,20.452126,46.749453849788026,-121.80770608533643, 
2025-07-09 15:19:39,1.0787053,10.194782,2.4889696,19.207874,26.780994,0.011161381,0.017407646,52062.09,0.99969345,925.18207,20.45152,46.749453849788026,-121.80770608533643, 
2025-07-09 15:19:40,1.0787145,10.194778,2.4889908,19.201391,26.77196,0.011157075,0.017401773,52079.547,0.99969345,925.1809,20.450914,46.749453849788026,-121.80770608533643, 
2025-07-09 15:19:41,1.0788295,10.194368,2.4892564,18.89975,26.351675,0.010956788,0.017128589,52912.844,0.9996933,925.20667,20.467985,46.749453849788026,-121.80770608533643, 
2025-07-09 15:19:42,1.0788403,10.194339,2.4892812,18.87992,26.324047,0.010943621,0.01711063,52967.5,0.9996933,925.2076,20.46857,46.749453849788026,-121.80770608533643, 
2025-07-09 15:19:43,1.0784575,10.194394,2.488398,18.847023,26.278141,0.010921751,0.017080791,53059.523,0.9996933,925.217,20.460762,46.749453849788026,-121.80770608533643, 
2025-07-09 15:19:44,1.078436,10.194388,2.4883487,18.838026,26.265602,0.010915777,0.017072642,53084.445,0.9996933,925.21814,20.460676,46.74944704892379,-121.8077060341746, 
2025-07-09 15:19:45,1.0784147,10.194383,2.4882994,18.829031,26.253063,0.010909802,0.017064491,53109.367,0.9996933,925.21936,20.460588,46.74944578375903,-121.80770680359159, 
2025-07-09 15:19:46,1.0785372,10.194072,2.4885821,18.640402,25.990274,0.010784645,0.016893677,53647.848,0.9996932,925.21936,20.468914,46.74944487085153,-121.80770746584048, 
2025-07-09 15:19:47,1.0785347,10.194054,2.4885767,18.628265,25.973364,0.0107765915,0.016882686,53682.46,0.9996932,925.2196,20.469212,46.74944487085153,-121.80770746584048, 
2025-07-09 15:19:48,1.0785323,10.1940365,2.488571,18.616129,25.956455,0.010768538,0.016871694,53717.074,0.9996932,925.21985,20.469507,46.74944072286683,-121.80770149872988, 
2025-07-09 15:19:49,1.0782862,10.194032,2.4880033,18.50272,25.798334,0.01069326,0.016768917,54046.723,0.99969316,925.21094,20.469767,46.74944064345541,-121.80770192015851, 
2025-07-09 15:19:50,1.0782744,10.194023,2.487976,18.49111,25.78215,0.010685554,0.0167584,54080.22,0.99969316,925.2104,20.469992,46.74943738809211,-121.80769354462838, 
2025-07-09 15:19:51,1.0790114,10.194558,2.4896767,18.411068,25.670185,0.010632269,0.016685622,54315.56,0.99969304,925.21844,20.461653,46.749437582850746,-121.80769378807528, 
2025-07-09 15:19:52,1.0790502,10.194591,2.4897664,18.40358,25.659721,0.010627289,0.01667882,54337.492,0.99969304,925.2187,20.461145,46.749437582850746,-121.80769378807528, 
2025-07-09 15:19:53,1.0790889,10.194623,2.4898558,18.396091,25.649258,0.010622309,0.016672019,54359.426,0.99969304,925.219,20.460638,46.749437582850746,-121.80769378807528, 
2025-07-09 15:19:54,1.079216,10.193858,2.4901488,18.207817,25.387268,0.010497634,0.016501725,54922.598,0.99969304,925.1935,20.451706,46.74943768325282,-121.80770066815647, 
2025-07-09 15:19:55,1.0792415,10.193824,2.4902077,18.194267,25.368399,0.0104886545,0.01648946,54963.035,0.99969304,925.1921,20.450953,46.74943615305959,-121.80770071040027, 
2025-07-09 15:19:56,1.079267,10.1937895,2.4902666,18.180716,25.349527,0.010479675,0.016477194,55003.477,0.99969304,925.1907,20.4502,46.74943485902217,-121.80769628050487, 
2025-07-09 15:19:57,1.079025,10.193201,2.4897082,18.235554,25.426386,0.010516228,0.01652715,54838.082,0.9996931,925.1816,20.46776,46.74943717925069,-121.80769009010655, 
2025-07-09 15:19:58,1.0790137,10.193146,2.489682,18.233913,25.424135,0.010515156,0.016525688,54842.906,0.9996931,925.18036,20.468578,46.74943356566359,-121.80769562661001, 
2025-07-09 15:19:59,1.0791334,10.192665,2.4899583,17.946104,25.023153,0.010324444,0.01626505,55724.938,0.999693,925.1633,20.4692,46.74943609663535,-121.80769610073051, 
2025-07-09 15:20:00,1.0791353,10.192622,2.4899626,17.929605,25.000177,0.010313516,0.016250115,55775.562,0.999693,925.16205,20.46965,46.749438151447045,-121.80769851180024, 
2025-07-09 15:20:01,1.0791372,10.192579,2.489967,17.913109,24.977201,0.010302588,0.016235182,55826.188,0.999693,925.16077,20.470098,46.74943900699064,-121.80769855952813, 
2025-07-09 15:20:02,1.079011,10.192175,2.4896762,17.694187,24.672216,0.010157621,0.016036939,56518.496,0.9996929,925.17755,20.47,46.749438977537274,-121.80769873690649, 
2025-07-09 15:20:03,1.0790063,10.192138,2.4896655,17.673574,24.6435,0.010143969,0.016018275,56582.984,0.9996929,925.17816,20.47,46.749438977537274,-121.80769873690649, 
2025-07-09 15:20:04,1.0790015,10.1921015,2.4896545,17.652964,24.614782,0.010130317,0.01599961,56647.47,0.9996929,925.1788,20.47,46.749438977537274,-121.80769873690649, 
2025-07-09 15:20:05,1.0786061,10.192024,2.4887419,17.634775,24.589472,0.01011829,0.015983157,56706.445,0.9996929,925.1531,20.452566,46.749438977537274,-121.80769873690649, 
2025-07-09 15:20:06,1.0785794,10.192009,2.4886801,17.628038,24.580088,0.010113829,0.015977057,56727.84,0.9996929,925.152,20.451532,46.749438977537274,-121.80769873690649, 
2025-07-09 15:20:07,1.0788195,10.192005,2.4892342,17.594925,24.53392,0.010091895,0.01594705,56834.617,0.9996929,925.19293,20.46762,46.749438977537274,-121.80769873690649, 
2025-07-09 15:20:08,1.0788256,10.192003,2.489248,17.592419,24.530424,0.010090234,0.015944777,56842.703,0.9996929,925.1949,20.468231,46.749438977537274,-121.80769873690649, 
2025-07-09 15:20:09,1.0788317,10.192001,2.489262,17.58991,24.52693,0.010088573,0.015942505,56850.79,0.9996929,925.1969,20.46884,46.749438977537274,-121.80769873690649, 
2025-07-09 15:20:10,1.0787284,10.192474,2.4890244,17.56778,24.495762,0.010073775,0.015922245,56922.42,0.9996928,925.2067,20.469362,46.749438977537274,-121.80769873690649, 
2025-07-09 15:20:11,1.0787284,10.192503,2.4890244,17.565607,24.492714,0.010072329,0.015920265,56929.44,0.9996928,925.2084,20.469814,46.749438977537274,-121.80769873690649, 
2025-07-09 15:20:12,1.0787284,10.192533,2.4890244,17.563437,24.489668,0.010070882,0.015918285,56936.457,0.9996928,925.21,20.470264,46.749438977537274,-121.80769873690649, 
2025-07-09 15:20:13,1.0790974,10.192451,2.489876,17.476532,24.368544,0.010013346,0.015839554,57219.816,0.99969274,925.16565,20.45248,46.749438977537274,-121.80769873690649, 
2025-07-09 15:20:14,1.079117,10.192458,2.4899209,17.470747,24.360476,0.010009513,0.01583431,57238.66,0.99969274,925.16327,20.451431,46.749438977537274,-121.80769873690649, 
2025-07-09 15:20:15,1.0791364,10.192466,2.489966,17.464964,24.352406,0.01000568,0.015829064,57257.504,0.99969274,925.1608,20.450382,46.749438977537274,-121.80769873690649, 
2025-07-09 15:20:16,1.0788751,10.19229,2.489363,17.3455,24.185944,0.009926629,0.015720863,57652.293,0.9996927,925.17834,20.450357,46.749438977537274,-121.80769873690649, 
2025-07-09 15:20:17,1.0788692,10.192279,2.4893496,17.336275,24.173088,0.0099205235,0.015712507,57682.68,0.9996927,925.1783,20.449907,46.749438977537274,-121.80769873690649, 
2025-07-09 15:20:18,1.0789837,10.192047,2.4896135,17.255325,24.060364,0.009867005,0.015639236,57953.58,0.99969274,925.179,20.45,46.749438977537274,-121.80769873690649, 
2025-07-09 15:20:19,1.0789846,10.192029,2.4896157,17.247581,24.049576,0.009861883,0.015632225,57979.375,0.99969274,925.17944,20.45,46.749438977537274,-121.80769873690649, 
2025-07-09 15:20:20,1.0789856,10.192011,2.4896178,17.239836,24.03879,0.009856761,0.015625214,58005.176,0.99969274,925.1799,20.45,46.749438977537274,-121.80769873690649, 
2025-07-09 15:20:21,1.0789909,10.192403,2.4896305,17.251043,24.054165,0.009864065,0.015635205,57967.547,0.9996927,925.1972,20.45,46.74943886417928,-121.80769360426984, 
2025-07-09 15:20:22,1.0789942,10.19242,2.4896379,17.249695,24.052273,0.009863168,0.015633978,57972.047,0.9996927,925.1983,20.45,46.749439989038116,-121.80769506901936, 
2025-07-09 15:20:23,1.0784874,10.191901,2.4884686,17.12217,23.874788,0.0097789215,0.015518612,58404.395,0.9996926,925.1989,20.466837,46.74944101431088,-121.80769787626143, 
2025-07-09 15:20:24,1.0784554,10.191877,2.488395,17.114428,23.864008,0.009773805,0.015511605,58430.65,0.9996926,925.1994,20.467897,46.74943919237293,-121.80769903109862, 
2025-07-09 15:20:25,1.0784234,10.1918545,2.4883213,17.106688,23.85323,0.009768689,0.015504599,58456.902,0.9996926,925.1998,20.468958,46.7494382737429,-121.8077012352943, 
2025-07-09 15:20:26,1.0791568,10.191753,2.4900131,17.052387,23.777576,0.009732792,0.015455425,58643.145,0.9996926,925.1911,20.45222,46.749437774866344,-121.80769918896115, 
2025-07-09 15:20:27,1.0791886,10.191733,2.4900868,17.045818,23.76843,0.009728451,0.015449479,58665.547,0.9996926,925.1906,20.451628,46.74943778900743,-121.8076900597824, 
2025-07-09 15:20:28,1.0792204,10.191714,2.4901602,17.03925,23.759283,0.00972411,0.015443535,58687.945,0.9996926,925.19006,20.451036,46.74943880374864,-121.8076891518531, 
2025-07-09 15:20:29,1.0786123,10.191642,2.4887571,16.99143,23.69265,0.009692497,0.0154002225,58853.316,0.99969256,925.1987,20.459253,46.74943803291305,-121.80768773513826, 
2025-07-09 15:20:30,1.0785942,10.191634,2.4887154,16.987144,23.686678,0.009689664,0.015396342,58868.098,0.99969256,925.19904,20.45933,46.7494348667576,-121.80768454070227, 
2025-07-09 15:20:31,1.0785761,10.1916275,2.4886737,16.982859,23.680706,0.0096868295,0.01539246,58882.875,0.99969256,925.1993,20.459404,46.749434611423105,-121.80768422421384, 
2025-07-09 15:20:32,1.0787138,10.191391,2.488991,16.936476,23.616182,0.00965622,0.015350519,59044.246,0.9996926,925.1995,20.459824,46.74943267855529,-121.80768400415681, 
2025-07-09 15:20:33,1.0787069,10.191375,2.488975,16.932426,23.610546,0.009653546,0.015346855,59058.3,0.9996926,925.19977,20.460049,46.74943257439719,-121.8076836640323, 
2025-07-09 15:20:34,1.0788255,10.191761,2.489249,16.921463,23.595015,0.009646184,0.015336759,59096.574,0.99969256,925.18256,20.46,46.74943257439719,-121.8076836640323, 
2025-07-09 15:20:35,1.0788362,10.191779,2.4892738,16.919657,23.592482,0.009644983,0.015335114,59102.867,0.99969256,925.1815,20.46,46.74943115482581,-121.80768812389373, 
2025-07-09 15:20:36,1.0788469,10.191797,2.4892983,16.917849,23.58995,0.009643783,0.015333468,59109.16,0.99969256,925.1805,20.46,46.74943222832213,-121.8076902618737, 
2025-07-09 15:20:37,1.0788465,10.191406,2.4892974,16.82558,23.461538,0.009582878,0.015249999,59433.586,0.99969256,925.21515,20.442514,46.74943222832213,-121.8076902618737, 
2025-07-09 15:20:38,1.0788494,10.191393,2.489304,16.819752,23.45342,0.009579028,0.015244723,59454.07,0.99969256,925.2168,20.441465,46.74943222832213,-121.8076902618737, 
2025-07-09 15:20:39,1.0788523,10.191379,2.489311,16.813925,23.445303,0.009575178,0.015239447,59474.555,0.99969256,925.21844,20.440416,46.74943222832213,-121.8076902618737, 
2025-07-09 15:20:40,1.0784451,10.1912,2.4883711,16.798677,23.424152,0.009565146,0.015225699,59528.562,0.99969256,925.1924,20.46691,46.74943222832213,-121.8076902618737, 
2025-07-09 15:20:41,1.0784216,10.19118,2.488317,16.795404,23.419601,0.009562988,0.015222741,59540.094,0.99969256,925.1918,20.467997,46.74943222832213,-121.8076902618737, 
2025-07-09 15:20:42,1.0790553,10.190705,2.4897792,16.763386,23.375254,0.009541954,0.015193915,59653.863,0.99969256,925.19934,20.45181,46.74943222832213,-121.8076902618737, 
2025-07-09 15:20:43,1.0790854,10.190672,2.4898486,16.761032,23.371992,0.009540407,0.015191795,59662.223,0.99969256,925.1992,20.451406,46.74943222832213,-121.8076902618737, 
2025-07-09 15:20:44,1.0791154,10.190639,2.489918,16.758678,23.36873,0.009538861,0.015189676,59670.582,0.99969256,925.1991,20.451004,46.74943159729662,-121.80769459787652, 
2025-07-09 15:20:45,1.079229,10.190961,2.4901803,16.658695,23.22911,0.009472682,0.015098923,60029.06,0.99969244,925.19946,20.468004,46.749431475179726,-121.8076943229937, 
2025-07-09 15:20:46,1.0792522,10.1909685,2.4902341,16.651815,23.219513,0.009468133,0.015092684,60053.7,0.99969244,925.1997,20.46861,46.749431475179726,-121.8076943229937, 
2025-07-09 15:20:47,1.0792755,10.190976,2.4902878,16.644936,23.209913,0.009463583,0.015086445,60078.34,0.99969244,925.1999,20.469215,46.749431475179726,-121.8076943229937, 
2025-07-09 15:20:48,1.0783625,10.190736,2.4881806,16.64959,23.216553,0.0094667245,0.015090759,60061.59,0.99969256,925.15515,20.451836,46.749431475179726,-121.8076943229937, 
2025-07-09 15:20:49,1.0783122,10.19073,2.4880648,16.647238,23.213278,0.009465172,0.015088631,60070.01,0.99969256,925.1525,20.45124,46.749431475179726,-121.8076943229937, 
2025-07-09 15:20:50,1.0782882,10.190963,2.4880095,16.591883,23.135944,0.009428527,0.015038364,60270.55,0.99969244,925.16846,20.450666,46.749431475179726,-121.8076943229937, 
2025-07-09 15:20:51,1.0782655,10.190971,2.4879572,16.58855,23.131292,0.009426324,0.015035341,60282.617,0.99969244,925.1684,20.450216,46.749431475179726,-121.8076943229937, 
2025-07-09 15:20:52,1.0782429,10.19098,2.487905,16.585218,23.126642,0.009424119,0.0150323175,60294.688,0.99969244,925.1683,20.449766,46.74942118423301,-121.8076889750021, 
2025-07-09 15:20:53,1.0783746,10.1905,2.488209,16.556374,23.086718,0.009405191,0.015006366,60399.766,0.9996925,925.1954,20.467468,46.74941937624788,-121.80768816964185, 
2025-07-09 15:20:54,1.0783819,10.190477,2.4882257,16.553228,23.082342,0.009403118,0.015003524,60411.2,0.9996925,925.1974,20.468517,46.74942058511475,-121.80768589182365, 
2025-07-09 15:20:55,1.078389,10.1904545,2.4882421,16.550081,23.077969,0.009401045,0.01500068,60422.633,0.9996925,925.19946,20.469566,46.749420639468504,-121.80768594402157, 
2025-07-09 15:20:56,1.0789263,10.190359,2.489482,16.498047,23.00547,0.009366692,0.014953556,60613.332,0.99969244,925.19025,20.442917,46.749420639468504,-121.80768594402157, 
2025-07-09 15:20:57,1.078961,10.190341,2.489562,16.494198,23.000113,0.009364153,0.014950073,60627.42,0.99969244,925.19037,20.441793,46.749420639468504,-121.80768594402157, 
2025-07-09 15:20:58,1.0794814,10.189405,2.4907625,16.42945,22.910397,0.009321639,0.014891759,60866.555,0.99969256,925.19006,20.449545,46.749420639468504,-121.80768594402157, 
2025-07-09 15:20:59,1.0795258,10.189346,2.490865,16.424242,22.903172,0.009318215,0.014887062,60885.75,0.99969256,925.1898,20.449389,46.749420639468504,-121.80768594402157, 
2025-07-09 15:21:00,1.0795703,10.189287,2.4909673,16.419033,22.895947,0.009314791,0.014882365,60904.95,0.99969256,925.1896,20.449232,46.749420639468504,-121.80768594402157, 
2025-07-09 15:21:01,1.0790534,10.189349,2.4897752,16.39873,22.867594,0.009301364,0.014863936,60980.395,0.9996925,925.2072,20.449734,46.749420639468504,-121.80768594402157, 
2025-07-09 15:21:02,1.0790352,10.189329,2.489733,16.395882,22.863632,0.009299488,0.014861361,60990.945,0.9996925,925.20825,20.449955,46.74943354848028,-121.80768806641076, 
2025-07-09 15:21:03,1.0790168,10.18931,2.4896908,16.393032,22.859673,0.009297611,0.014858787,61001.496,0.9996925,925.20935,20.450178,46.749434029824165,-121.8076871260782, 
2025-07-09 15:21:04,1.0790057,10.188349,2.4896648,16.329441,22.771576,0.009255876,0.014801524,61239.227,0.99969256,925.2359,20.467728,46.749434029824165,-121.8076871260782, 
2025-07-09 15:21:05,1.0789921,10.188293,2.4896336,16.325132,22.765602,0.0092530465,0.014797641,61255.312,0.99969256,925.2379,20.468763,46.74943155840049,-121.80768528302556, 
2025-07-09 15:21:06,1.0791255,10.188419,2.4899411,16.326485,22.767412,0.009253906,0.014798817,61250.215,0.99969256,925.16156,20.452179,46.74943112056281,-121.80768558703326, 
2025-07-09 15:21:07,1.0791336,10.188405,2.48996,16.325058,22.765434,0.009252969,0.014797531,61255.535,0.99969256,925.1575,20.451563,46.74943112056281,-121.80768558703326, 
2025-07-09 15:21:08,1.0791416,10.18839,2.4899786,16.323633,22.763456,0.009252031,0.014796246,61260.86,0.99969256,925.1534,20.450945,46.74943112056281,-121.80768558703326, 
2025-07-09 15:21:09,1.078884,10.18849,2.489384,16.277489,22.699045,0.009221532,0.014754379,61434.613,0.9996925,925.1607,20.467949,46.74943112056281,-121.80768558703326, 
2025-07-09 15:21:10,1.0788718,10.188499,2.489356,16.274754,22.695227,0.009219725,0.014751897,61444.906,0.9996925,925.1592,20.468542,46.74943112056281,-121.80768558703326, 
2025-07-09 15:21:11,1.0787536,10.188809,2.4890833,16.263594,22.679476,0.009212272,0.014741659,61487.062,0.99969244,925.1844,20.460804,46.74943112056281,-121.80768558703326, 
2025-07-09 15:21:12,1.0787401,10.188831,2.489052,16.2618,22.676962,0.009211083,0.014740026,61493.82,0.99969244,925.18616,20.46073,46.74943112056281,-121.80768558703326, 
2025-07-09 15:21:13,1.078725,10.188936,2.4890172,16.27163,22.690601,0.009217544,0.014748891,61456.668,0.99969244,925.17944,20.44212,46.74943112056281,-121.80768558703326, 
2025-07-09 15:21:14,1.078722,10.188951,2.4890106,16.272354,22.691607,0.00921802,0.014749544,61453.92,0.99969244,925.1793,20.440365,46.749433285223006,-121.80767468791828, 
2025-07-09 15:21:15,1.0787191,10.188966,2.489004,16.27308,22.692612,0.009218496,0.014750197,61451.176,0.99969244,925.17926,20.43861,46.749433285223006,-121.80767468791828, 
2025-07-09 15:21:16,1.0787201,10.18857,2.4890058,16.246876,22.656305,0.0092013,0.014726598,61550.324,0.9996925,925.1969,20.448578,46.749433285223006,-121.80767468791828, 
2025-07-09 15:21:17,1.0787201,10.18855,2.4890058,16.245758,22.65476,0.009200568,0.014725594,61554.55,0.9996925,925.1976,20.44844,46.749433285223006,-121.80767468791828, 
2025-07-09 15:21:18,1.0787201,10.188529,2.4890058,16.244642,22.653215,0.009199837,0.014724589,61558.777,0.9996925,925.1983,20.448305,46.749431667673335,-121.80767975653558, 
2025-07-09 15:21:19,1.0790956,10.187371,2.4898722,16.162745,22.539703,0.009146086,0.014650808,61870.93,0.99969256,925.18164,20.449759,46.749431667673335,-121.80767975653558, 
2025-07-09 15:21:20,1.079118,10.187293,2.489924,16.157272,22.532122,0.009142496,0.014645879,61891.766,0.99969256,925.181,20.449982,46.749431552632856,-121.80768248771516, 
2025-07-09 15:21:21,1.0790021,10.187181,2.4896567,16.125273,22.48756,0.009121404,0.014616915,62014.617,0.99969256,925.172,20.45,46.749431552632856,-121.80768248771516, 
2025-07-09 15:21:22,1.0790038,10.187148,2.4896603,16.121397,22.482178,0.009118855,0.014613415,62029.44,0.99969256,925.171,20.45,46.749431552632856,-121.80768248771516, 
2025-07-09 15:21:23,1.0790054,10.187114,2.489664,16.117521,22.476793,0.009116307,0.014609916,62044.27,0.99969256,925.17004,20.45,46.749431552632856,-121.80768248771516, 
2025-07-09 15:21:24,1.0791309,10.187365,2.4899538,16.095661,22.446157,0.009101812,0.014590003,62128.582,0.99969256,925.1786,20.45,46.749431552632856,-121.80768248771516, 
2025-07-09 15:21:25,1.0791354,10.187377,2.4899642,16.09356,22.443218,0.009100421,0.0145880915,62136.676,0.99969256,925.1789,20.45,46.749431552632856,-121.80768248771516, 
2025-07-09 15:21:26,1.0791401,10.18739,2.4899747,16.091457,22.440279,0.00909903,0.014586181,62144.773,0.99969256,925.1792,20.45,46.749431552632856,-121.80768248771516, 
2025-07-09 15:21:27,1.0787684,10.187549,2.4891174,16.075283,22.41763,0.009088314,0.014571459,62207.32,0.9996925,925.17944,20.45,46.749431552632856,-121.80768248771516, 
2025-07-09 15:21:28,1.0787494,10.187564,2.4890735,16.073736,22.415462,0.00908729,0.014570051,62213.293,0.9996925,925.1797,20.45,46.749431552632856,-121.80768248771518, 
2025-07-09 15:21:29,1.0787305,10.187579,2.48903,16.07219,22.413296,0.009086265,0.014568643,62219.27,0.9996925,925.17993,20.45,46.749431552632856,-121.80768248771518, 
2025-07-09 15:21:30,1.0784346,10.186838,2.488347,16.064709,22.403307,0.009081527,0.0145621495,62248.25,0.9996926,925.1708,20.45,46.749430867850094,-121.8076815061249, 
2025-07-09 15:21:31,1.078408,10.1868,2.4882858,16.063824,22.402096,0.009080953,0.014561362,62251.68,0.9996926,925.1702,20.45,46.749430849789526,-121.80768150217406, 
2025-07-09 15:21:32,1.0786821,10.186781,2.488918,16.053297,22.387426,0.009074011,0.014551827,62292.508,0.99969256,925.1785,20.45,46.749430849789526,-121.80768150217406, 
2025-07-09 15:21:33,1.0786914,10.186763,2.4889395,16.052473,22.386288,0.009073472,0.014551087,62295.703,0.99969256,925.17883,20.45,46.749430849789526,-121.80768150217406, 
2025-07-09 15:21:34,1.0787008,10.186744,2.4889612,16.05165,22.38515,0.009072933,0.014550348,62298.895,0.99969256,925.1791,20.45,46.749430849789526,-121.80768150217406, 
2025-07-09 15:21:35,1.0787113,10.18684,2.4889855,16.018637,22.339056,0.009051124,0.014520386,62427.33,0.9996925,925.20593,20.467646,46.749430849789526,-121.80768150217406, 
2025-07-09 15:21:36,1.0787184,10.186845,2.489002,16.016352,22.335867,0.009049615,0.014518313,62436.21,0.9996925,925.20776,20.468729,46.749430849789526,-121.80768150217406, 
2025-07-09 15:21:37,1.0787256,10.186851,2.4890184,16.014067,22.332678,0.009048106,0.014516241,62445.098,0.9996925,925.2096,20.469814,46.749430849789526,-121.80768150217406, 
2025-07-09 15:21:38,1.0788355,10.186192,2.4892719,16.000572,22.314249,0.00903938,0.014504262,62497.78,0.9996926,925.18256,20.451904,46.749430849789526,-121.80768150217406, 
2025-07-09 15:21:39,1.0788423,10.186155,2.4892874,15.998897,22.311935,0.009038284,0.014502757,62504.31,0.9996926,925.1817,20.451332,46.74943084978952,-121.80768150217406, 
2025-07-09 15:21:40,1.0791005,10.185665,2.4898832,15.9614725,22.260035,0.009013726,0.014469023,62650.93,0.9996926,925.1721,20.45067,46.749430849789526,-121.80768150217409, 
2025-07-09 15:21:41,1.079119,10.18562,2.4899259,15.958839,22.256388,0.009012001,0.014466653,62661.24,0.9996926,925.1709,20.450226,46.74943084978953,-121.80768150217406, 
2025-07-09 15:21:42,1.0791374,10.185575,2.4899685,15.956206,22.252743,0.009010276,0.014464283,62671.55,0.9996926,925.16974,20.449781,46.749430849789526,-121.80768150217406, 
2025-07-09 15:21:43,1.0792404,10.184919,2.4902065,15.941426,22.23252,0.009000699,0.014451137,62729.668,0.9996926,925.1787,20.45,46.749436730958784,-121.80769039071963, 
2025-07-09 15:21:44,1.0792532,10.184867,2.4902358,15.939579,22.229973,0.008999494,0.014449482,62736.92,0.9996926,925.179,20.45,46.7494368376114,-121.8076904180784, 
2025-07-09 15:21:45,1.078911,10.185004,2.489446,15.926654,22.211864,0.008990931,0.014437713,62787.84,0.9996926,925.2045,20.458406,46.74943683827647,-121.80769041824898, 
2025-07-09 15:21:46,1.0788919,10.184997,2.489402,15.925512,22.210278,0.00899018,0.01443668,62792.336,0.9996926,925.20636,20.458931,46.749436838280374,-121.80769041824998, 
2025-07-09 15:21:47,1.0788729,10.18499,2.4893582,15.924371,22.208689,0.008989429,0.014435648,62796.832,0.9996926,925.2081,20.459455,46.74943683828039,-121.80769041824998, 
2025-07-09 15:21:48,1.0784703,10.184685,2.4884293,15.904084,22.180578,0.008976128,0.014417376,62876.953,0.9996927,925.183,20.451097,46.749436838280396,-121.80769041824999, 
2025-07-09 15:21:49,1.0784371,10.1846695,2.4883525,15.902528,22.178417,0.008975105,0.014415972,62883.098,0.9996927,925.18207,20.450798,46.749436838280396,-121.80769041824999, 
2025-07-09 15:21:50,1.0784038,10.184655,2.4882758,15.900972,22.176256,0.008974083,0.0144145675,62889.24,0.9996927,925.1812,20.450499,46.74943683828039,-121.80769041824999, 
2025-07-09 15:21:51,1.078689,10.183853,2.4889333,15.89932,22.174425,0.0089732045,0.014413376,62895.773,0.99969274,925.17175,20.441578,46.74943683828039,-121.80769041824999, 
2025-07-09 15:21:52,1.0786954,10.183799,2.4889486,15.898701,22.173594,0.0089728115,0.014412836,62898.22,0.99969274,925.1706,20.440842,46.74943237509299,-121.80768690275227, 
2025-07-09 15:21:53,1.078702,10.1837435,2.4889636,15.898082,22.172762,0.008972418,0.014412296,62900.664,0.99969274,925.16943,20.440104,46.74943388400986,-121.80768598916669, 
2025-07-09 15:21:54,1.0787138,10.183406,2.4889905,15.867156,22.129831,0.008952109,0.01438439,63023.297,0.9996928,925.1968,20.449163,46.74943388400986,-121.80768598916669, 
2025-07-09 15:21:55,1.0787209,10.183366,2.4890072,15.865242,22.127186,0.0089508565,0.014382671,63030.887,0.9996928,925.1982,20.44948,46.74943388400986,-121.80768598916669, 
2025-07-09 15:21:56,1.078831,10.183531,2.489261,15.847946,22.102964,0.008939407,0.014366927,63099.688,0.99969274,925.1902,20.44114,46.74943388400986,-121.80768598916669, 
2025-07-09 15:21:57,1.0788376,10.183533,2.4892764,15.84613,22.10043,0.008938208,0.01436528,63106.906,0.99969274,925.19037,20.440851,46.74943388400986,-121.80768598916669, 
2025-07-09 15:21:58,1.0788444,10.183535,2.4892921,15.844314,22.097897,0.00893701,0.014363633,63114.12,0.99969274,925.19055,20.440561,46.74943388400986,-121.80768598916669, 
2025-07-09 15:21:59,1.0784451,10.183442,2.4883711,15.843474,22.09678,0.008936481,0.014362907,63117.473,0.99969274,925.2075,20.440258,46.74943388400986,-121.80768598916669, 
2025-07-09 15:22:00,1.0784237,10.183441,2.4883218,15.842978,22.096088,0.008936154,0.014362458,63119.445,0.99969274,925.2084,20.440037,46.74943388400986,-121.80768598916669, 
2025-07-09 15:22:01,1.0784024,10.183439,2.4882724,15.842482,22.095398,0.008935827,0.014362008,63121.42,0.99969274,925.20917,20.439814,46.74943388400986,-121.80768598916669, 
2025-07-09 15:22:02,1.0788081,10.182952,2.4892082,15.821886,22.06696,0.008922372,0.014343524,63203.6,0.99969274,925.20044,20.44,46.74943388400986,-121.80768598916669, 
2025-07-09 15:22:03,1.0788217,10.182921,2.4892397,15.820628,22.065224,0.008921551,0.014342396,63208.625,0.99969274,925.2004,20.44,46.74943388400986,-121.80768598916667, 
2025-07-09 15:22:04,1.0791878,10.182197,2.4900842,15.7991295,22.035664,0.008907565,0.0143231815,63294.656,0.99969286,925.18286,20.44,46.749433884009875,-121.80768598916669, 
2025-07-09 15:22:05,1.0792197,10.182141,2.4901578,15.797319,22.03317,0.008906386,0.014321562,63301.895,0.99969286,925.1816,20.44,46.74943388400986,-121.80768598916669, 
2025-07-09 15:22:06,1.0792515,10.182086,2.4902313,15.795508,22.030678,0.008905207,0.014319941,63309.133,0.99969286,925.18036,20.44,46.74943388400986,-121.80768598916667, 
2025-07-09 15:22:07,1.0787778,10.181675,2.489138,15.765153,21.98858,0.008885299,0.014292577,63431.086,0.99969286,925.21515,20.44,46.74943388400986,-121.80768598916669, 
2025-07-09 15:22:08,1.0787586,10.181631,2.4890938,15.762784,21.985302,0.008883748,0.014290446,63440.594,0.99969286,925.2168,20.44,46.749433884009854,-121.80768598916667, 
2025-07-09 15:22:09,1.0787395,10.181588,2.4890497,15.760416,21.982023,0.0088821985,0.014288316,63450.098,0.99969286,925.21844,20.44,46.74943388400987,-121.80768598916669, 
2025-07-09 15:22:10,1.0783149,10.181603,2.48807,15.769586,21.994804,0.008888237,0.014296623,63413.215,0.99969286,925.2101,20.448915,46.74943388400986,-121.80768598916669, 
2025-07-09 15:22:11,1.0789901,10.182327,2.4896283,15.7310705,21.940662,0.008862655,0.01426143,63568.555,0.9996928,925.21027,20.441484,46.74943388400987,-121.80768598916669, 
2025-07-09 15:22:12,1.0790246,10.182374,2.4897077,15.728864,21.937557,0.008861188,0.014259412,63577.457,0.9996928,925.2101,20.441206,46.74943388400987,-121.80768598916671, 
2025-07-09 15:22:13,1.0790589,10.18242,2.489787,15.726656,21.93445,0.00885972,0.014257394,63586.363,0.9996928,925.20984,20.44093,46.749433884009875,-121.80768598916669, 
2025-07-09 15:22:14,1.0785514,10.180504,2.4886158,15.719601,21.92573,0.008855571,0.014251725,63614.867,0.999693,925.1909,20.430958,46.74943388400986,-121.80768598916669, 
2025-07-09 15:22:15,1.0785238,10.180359,2.4885519,15.718252,21.923935,0.00885472,0.014250558,63620.31,0.999693,925.1894,20.429966,46.74943670672823,-121.8076933382144, 
2025-07-09 15:22:16,1.0784961,10.180215,2.488488,15.716905,21.922138,0.008853869,0.014249391,63625.754,0.999693,925.1878,20.428972,46.74943670672823,-121.8076933382144, 
2025-07-09 15:22:17,1.0791725,10.180126,2.4900486,15.707348,21.90886,0.008847591,0.014240759,63664.473,0.999693,925.1716,20.42984,46.74943670672823,-121.8076933382144, 
2025-07-09 15:22:18,1.0791913,10.180041,2.490092,15.706588,21.907848,0.008847112,0.014240102,63667.55,0.999693,925.1698,20.429506,46.74943670672823,-121.8076933382144, 
2025-07-09 15:22:19,1.0786291,10.180211,2.488795,15.710372,21.91303,0.008849562,0.0142434705,63652.22,0.999693,925.1873,20.438477,46.74943670672823,-121.8076933382144, 
2025-07-09 15:22:20,1.0786082,10.180208,2.4887466,15.7103405,21.912989,0.008849542,0.014243443,63652.348,0.999693,925.1879,20.439001,46.74943670672823,-121.8076933382144, 
2025-07-09 15:22:21,1.0785873,10.180206,2.4886985,15.710309,21.912945,0.008849522,0.014243415,63652.473,0.999693,925.1885,20.439526,46.74943670672823,-121.8076933382144, 
2025-07-09 15:22:22,1.0785662,10.18006,2.4886496,15.694384,21.890818,0.00883906,0.01422903,63717.07,0.999693,925.14606,20.431086,46.74943670672823,-121.8076933382144, 
2025-07-09 15:22:23,1.07855,10.180053,2.4886124,15.693514,21.889608,0.008838488,0.014228245,63720.598,0.999693,925.1439,20.430792,46.74943670672822,-121.8076933382144, 
2025-07-09 15:22:24,1.0785339,10.180046,2.4885752,15.692644,21.8884,0.008837916,0.014227459,63724.125,0.999693,925.1417,20.430498,46.74943670672823,-121.8076933382144, 
2025-07-09 15:22:25,1.0785446,10.179639,2.4886,15.685942,21.879286,0.008833604,0.014221537,63751.36,0.999693,925.14087,20.430231,46.749436706728225,-121.8076933382144, 
2025-07-09 15:22:26,1.0785446,10.17961,2.4886,15.685142,21.878187,0.008833084,0.014220822,63754.605,0.999693,925.1398,20.43001,46.749436706728225,-121.8076933382144, 
2025-07-09 15:22:27,1.0785446,10.178819,2.4885998,15.6810465,21.872938,0.008830592,0.014217409,63771.258,0.9996931,925.1819,20.43,46.74943701515276,-121.80769726536374, 
2025-07-09 15:22:28,1.0785446,10.17876,2.4885998,15.680643,21.872408,0.008830341,0.014217066,63772.9,0.9996931,925.1845,20.43,46.749435057427306,-121.80770046167095, 
2025-07-09 15:22:29,1.0785446,10.178701,2.4885998,15.68024,21.87188,0.00883009,0.014216722,63774.54,0.9996931,925.18713,20.43,46.74943045308521,-121.80770147480023, 
2025-07-09 15:22:30,1.0790668,10.178764,2.4898045,15.671433,21.85956,0.008824267,0.014208714,63810.38,0.99969304,925.1795,20.43,46.74942638773843,-121.80770216313724, 
2025-07-09 15:22:31,1.0790987,10.178749,2.4898784,15.670794,21.858677,0.00882385,0.01420814,63812.98,0.99969304,925.1801,20.43,46.7494320018034,-121.80769602263285, 
2025-07-09 15:22:32,1.0791308,10.178733,2.489952,15.670154,21.857794,0.008823433,0.014207566,63815.582,0.99969304,925.18066,20.43,46.749430669951735,-121.80769158310922, 
2025-07-09 15:22:33,1.0790002,10.178667,2.489651,15.667667,21.854362,0.0088218115,0.014205336,63825.715,0.9996931,925.19745,20.43,46.749430655825115,-121.80769137703456, 
2025-07-09 15:22:34,1.0790062,10.178664,2.4896646,15.66729,21.853838,0.008821563,0.014204995,63827.25,0.9996931,925.19824,20.43,46.749430655825115,-121.80769137703456, 
2025-07-09 15:22:35,1.0782876,10.178499,2.4880064,15.660436,21.844376,0.008817088,0.014198844,63855.188,0.9996931,925.2329,20.438498,46.749430655825115,-121.80769137703456, 
2025-07-09 15:22:36,1.0782392,10.178487,2.4878948,15.659946,21.8437,0.008816768,0.014198406,63857.18,0.9996931,925.2355,20.439034,46.749430655825115,-121.80769137703456, 
2025-07-09 15:22:37,1.0781909,10.178474,2.4877832,15.659457,21.843025,0.00881645,0.014197967,63859.17,0.9996931,925.2381,20.43957,46.749430655825115,-121.80769137703456, 
2025-07-09 15:22:38,1.0786656,10.177921,2.4888787,15.656628,21.8394,0.008814729,0.014195609,63870.715,0.99969316,925.1783,20.4225,46.74942853844383,-121.80768333973973, 
2025-07-09 15:22:39,1.0786756,10.177883,2.4889019,15.6562805,21.838936,0.00881451,0.014195308,63872.13,0.99969316,925.1756,20.421692,46.74942852757237,-121.80768335524336, 
2025-07-09 15:22:40,1.0786856,10.177846,2.488925,15.655933,21.838474,0.008814291,0.014195008,63873.547,0.99969316,925.17285,20.420883,46.74942852757237,-121.80768335524336, 
2025-07-09 15:22:41,1.078552,10.177996,2.4886167,15.644548,21.822504,0.008806747,0.014184629,63920.035,0.99969316,925.20667,20.429296,46.74942852757237,-121.80768335524336, 
2025-07-09 15:22:42,1.0785552,10.177991,2.488624,15.643788,21.821447,0.008806247,0.014183941,63923.14,0.99969316,925.2072,20.42938,46.74942852757237,-121.80768335524336, 
2025-07-09 15:22:43,1.078551,10.177073,2.4886143,15.639125,21.815477,0.008803411,0.01418006,63942.2,0.9996932,925.22516,20.421173,46.74942852757237,-121.80768335524336, 
2025-07-09 15:22:44,1.0785471,10.177019,2.488605,15.638562,21.814724,0.008803054,0.01417957,63944.5,0.9996932,925.2271,20.420877,46.74942852757237,-121.80768335524336, 
2025-07-09 15:22:45,1.0785431,10.176966,2.4885957,15.638,21.81397,0.008802697,0.01417908,63946.797,0.9996932,925.22906,20.42058,46.74942852757237,-121.80768335524336, 
2025-07-09 15:22:46,1.0786949,10.177101,2.4889462,15.640418,21.817263,0.008804255,0.014181221,63936.91,0.9996932,925.212,20.411745,46.74942852757237,-121.80768335524336, 
2025-07-09 15:22:47,1.078704,10.177087,2.488967,15.640447,21.817312,0.008804278,0.0141812535,63936.793,0.9996932,925.21136,20.411007,46.74942852757236,-121.80768335524336, 
2025-07-09 15:22:48,1.0787129,10.177072,2.4889877,15.640475,21.817362,0.008804302,0.014181285,63936.67,0.9996932,925.2108,20.41027,46.74942852757236,-121.80768335524336, 
2025-07-09 15:22:49,1.0787158,10.177413,2.4889946,15.630148,21.802757,0.008797406,0.014171792,63978.92,0.99969316,925.16595,20.410242,46.74942852757237,-121.80768335524336, 
2025-07-09 15:22:50,1.0787197,10.177437,2.4890034,15.629577,21.801947,0.008797023,0.014171265,63981.26,0.99969316,925.1628,20.410023,46.74942852757236,-121.80768335524336, 
2025-07-09 15:22:51,1.0784432,10.176983,2.4883652,15.6241255,21.794605,0.008793547,0.014166494,64003.586,0.9996932,925.1531,20.41,46.74942852757237,-121.80768335524336, 
2025-07-09 15:22:52,1.078426,10.176962,2.4883258,15.623535,21.793795,0.008793163,0.014165967,64006,0.9996932,925.1514,20.41,46.74942852757236,-121.80768335524336, 
2025-07-09 15:22:53,1.0784088,10.176942,2.4882863,15.622945,21.792982,0.0087927785,0.014165439,64008.418,0.9996932,925.1498,20.41,46.74942852757237,-121.80768335524336, 
2025-07-09 15:22:54,1.0785338,10.176453,2.488574,15.605115,21.768394,0.008781156,0.014149457,64081.566,0.9996933,925.2104,20.418634,46.74942852757237,-121.80768335524333, 
2025-07-09 15:22:55,1.0785345,10.176412,2.4885757,15.603892,21.766712,0.00878036,0.014148364,64086.582,0.9996933,925.21387,20.41916,46.74942852757237,-121.80768335524336, 
2025-07-09 15:22:56,1.0785352,10.176371,2.4885774,15.602669,21.76503,0.008779565,0.01414727,64091.6,0.9996933,925.21735,20.419687,46.74942636938359,-121.80768341935637, 
2025-07-09 15:22:57,1.0786955,10.176857,2.4889476,15.615825,21.7831,0.008788108,0.014159015,64037.61,0.9996932,925.2181,20.419775,46.74942636938359,-121.80768341935637, 
2025-07-09 15:22:58,1.0787082,10.176873,2.4889767,15.616149,21.78354,0.008788317,0.014159302,64036.277,0.9996932,925.21967,20.42,46.74942636938359,-121.80768341935637, 
2025-07-09 15:22:59,1.0789455,10.176658,2.489524,15.604364,21.76723,0.008780606,0.014148699,64084.64,0.9996933,925.1859,20.41155,46.74942636938359,-121.80768341935637, 
2025-07-09 15:23:00,1.0789639,10.176656,2.4895663,15.603944,21.766644,0.0087803295,0.014148318,64086.367,0.9996933,925.1838,20.411026,46.74942636938359,-121.80768341935637, 
2025-07-09 15:23:01,1.0789821,10.176653,2.4896085,15.603522,21.766058,0.008780052,0.014147937,64088.094,0.9996933,925.1817,20.410503,46.74942636938359,-121.80768341935637, 
2025-07-09 15:23:02,1.0785983,10.176085,2.4887228,15.601133,21.763054,0.008778628,0.014145985,64097.91,0.99969333,925.16364,20.410305,46.74942636938359,-121.80768341935637, 
2025-07-09 15:23:03,1.0785809,10.176044,2.4886827,15.600686,21.762453,0.008778344,0.014145596,64099.746,0.99969333,925.1617,20.41008,46.74942636938359,-121.80768341935637, 
2025-07-09 15:23:04,1.0785635,10.176004,2.4886425,15.60024,21.761854,0.00877806,0.014145206,64101.58,0.99969333,925.1597,20.409855,46.74942636938359,-121.80768341935637, 
2025-07-09 15:23:05,1.0784209,10.1760025,2.4883134,15.595717,21.755548,0.008775078,0.014141106,64120.168,0.99969333,925.1865,20.401205,46.74942636938359,-121.80768341935637, 
2025-07-09 15:23:06,1.0784028,10.175987,2.4882715,15.595385,21.755093,0.008774862,0.014140809,64121.535,0.99969333,925.1877,20.40068,46.749422845351894,-121.80768181163967, 
2025-07-09 15:23:07,1.0777739,10.17692,2.486821,15.603257,21.765533,0.008779808,0.014147597,64089.184,0.9996932,925.1717,20.400383,46.749422845351894,-121.80768181163967, 
2025-07-09 15:23:08,1.0777318,10.176978,2.4867237,15.603635,21.766027,0.008780042,0.014147918,64087.633,0.9996932,925.17126,20.400158,46.749423202384584,-121.8076802843211, 
2025-07-09 15:23:09,1.0776898,10.177035,2.4866266,15.604012,21.76652,0.008780275,0.014148238,64086.086,0.9996932,925.1709,20.399935,46.749423202384584,-121.8076802843211, 
2025-07-09 15:23:10,1.0781091,10.176256,2.4875944,15.594985,21.75438,0.008774529,0.014140346,64123.18,0.9996933,925.1531,20.4,46.74942308096628,-121.80767607015979, 
2025-07-09 15:23:11,1.0781192,10.176232,2.4876175,15.594632,21.7539,0.008774303,0.014140035,64124.63,0.9996933,925.1516,20.4,46.74942162255835,-121.80767243806254, 
2025-07-09 15:23:12,1.078129,10.176208,2.4876404,15.59428,21.753422,0.008774077,0.014139725,64126.08,0.9996933,925.1501,20.4,46.749421611540456,-121.80767087928406, 
2025-07-09 15:23:13,1.0794047,10.175789,2.4905834,15.59196,21.750431,0.008772655,0.014137779,64135.62,0.99969333,925.1677,20.4,46.749421611540456,-121.80767087928406, 
2025-07-09 15:23:14,1.0794913,10.175744,2.4907832,15.591593,21.749945,0.008772425,0.014137464,64137.13,0.99969333,925.16833,20.4,46.74942327181387,-121.80766505504504, 
2025-07-09 15:23:15,1.0795778,10.175699,2.490983,15.591226,21.749458,0.008772194,0.014137148,64138.637,0.99969333,925.1689,20.4,46.74942126377713,-121.80766134128254, 
2025-07-09 15:23:16,1.0789038,10.174728,2.4894273,15.581652,21.736662,0.008766138,0.01412883,64178.05,0.9996934,925.1873,20.408962,46.74941142805384,-121.80766322074116, 
2025-07-09 15:23:17,1.0788972,10.17466,2.4894123,15.581024,21.735826,0.008765742,0.014128287,64180.633,0.9996934,925.1888,20.409487,46.74941189661621,-121.80766874849334, 
2025-07-09 15:23:18,1.0788742,10.173935,2.489359,15.573237,21.725386,0.008760795,0.0141215,64212.727,0.99969345,925.172,20.392643,46.749411196745164,-121.80767220070894, 
2025-07-09 15:23:19,1.0788575,10.173867,2.4893205,15.572539,21.72445,0.008760352,0.014120892,64215.605,0.99969345,925.17145,20.391851,46.74941117247823,-121.80767216109875, 
2025-07-09 15:23:20,1.078841,10.1738,2.4892821,15.57184,21.723513,0.008759908,0.014120283,64218.484,0.99969345,925.17084,20.391062,46.74941117247823,-121.80767216109875, 
2025-07-09 15:23:21,1.078581,10.173225,2.4886825,15.563876,21.712736,0.008754811,0.014113279,64251.35,0.9996935,925.1614,20.390532,46.74941117247823,-121.80767216109875, 
2025-07-09 15:23:22,1.0785646,10.173173,2.4886446,15.5632,21.711824,0.00875438,0.014112686,64254.14,0.9996935,925.1604,20.390097,46.74941117247823,-121.80767216109875, 
2025-07-09 15:23:23,1.078556,10.173073,2.4886248,15.57282,21.725302,0.008760746,0.014121446,64214.45,0.9996935,925.1854,20.39,46.74941117247823,-121.80767216109875, 
2025-07-09 15:23:24,1.0785489,10.173053,2.4886086,15.5732355,21.725893,0.008761025,0.01412183,64212.734,0.9996935,925.18677,20.39,46.74941117247823,-121.80767216109875, 
2025-07-09 15:23:25,1.0785419,10.173034,2.4885924,15.573651,21.726484,0.008761304,0.014122215,64211.02,0.9996935,925.1881,20.39,46.749411172478226,-121.80767216109872, 
2025-07-09 15:23:26,1.078932,10.172486,2.489492,15.562003,21.71055,0.008753766,0.014111858,64259.086,0.99969363,925.16296,20.39,46.74941492115794,-121.80768172191334, 
2025-07-09 15:23:27,1.0789557,10.17245,2.4895465,15.561542,21.709929,0.008753472,0.014111454,64260.99,0.99969363,925.16205,20.39,46.74941495955491,-121.80768176493831, 
2025-07-09 15:23:28,1.0789793,10.172415,2.489601,15.56108,21.709305,0.008753177,0.014111049,64262.89,0.99969363,925.16113,20.39,46.74941982091088,-121.80768160568809, 
2025-07-09 15:23:29,1.0785888,10.172255,2.4887004,15.556458,21.70295,0.008750173,0.014106917,64281.984,0.99969363,925.1604,20.39,46.74941705504634,-121.8076855627222, 
2025-07-09 15:23:30,1.0785754,10.172232,2.4886694,15.55589,21.70217,0.008749804,0.014106411,64284.332,0.99969363,925.1597,20.39,46.74942520487191,-121.80768423167454, 
2025-07-09 15:23:31,1.0790701,10.172534,2.4898107,15.554646,21.700256,0.008748905,0.014105166,64289.477,0.99969363,925.1765,20.39,46.74943006934979,-121.80769007118614, 
2025-07-09 15:23:32,1.0790915,10.172549,2.4898603,15.554468,21.7,0.008748784,0.0141050005,64290.207,0.99969363,925.1776,20.39,46.74943025556838,-121.80768730186367, 
2025-07-09 15:23:33,1.079113,10.1725645,2.48991,15.554292,21.699745,0.008748664,0.014104834,64290.938,0.99969363,925.17865,20.39,46.74942134524709,-121.8076842122343, 
2025-07-09 15:23:34,1.0786116,10.171461,2.4887528,15.556948,21.70409,0.008750701,0.0141076585,64279.96,0.9996937,925.16187,20.381432,46.74942134524709,-121.8076842122343, 
2025-07-09 15:23:35,1.078594,10.171403,2.4887118,15.557079,21.704308,0.008750804,0.0141078,64279.414,0.9996937,925.1613,20.380913,46.74942265514528,-121.80767391079353, 
2025-07-09 15:23:36,1.0785762,10.171344,2.488671,15.557211,21.704525,0.008750906,0.014107942,64278.87,0.9996937,925.1607,20.380394,46.749423076938726,-121.8076695522402, 
2025-07-09 15:23:37,1.0787139,10.171656,2.4889886,15.546751,21.689753,0.008743929,0.01409834,64322.125,0.9996937,925.1778,20.380247,46.749423076938726,-121.8076695522402, 
2025-07-09 15:23:38,1.0787098,10.171647,2.488979,15.5461855,21.688969,0.008743557,0.01409783,64324.465,0.9996937,925.1784,20.380026,46.749423076938726,-121.8076695522402, 
2025-07-09 15:23:39,1.0789447,10.171655,2.4895213,15.545087,21.687431,0.0087428335,0.01409683,64329.008,0.9996937,925.1958,20.388422,46.749423076938726,-121.8076695522402, 
2025-07-09 15:23:40,1.078963,10.171663,2.4895637,15.544767,21.686981,0.008742621,0.014096538,64330.33,0.9996937,925.19727,20.388947,46.749423076938726,-121.8076695522402, 
2025-07-09 15:23:41,1.0789815,10.171672,2.489606,15.544448,21.686531,0.008742408,0.014096244,64331.65,0.9996937,925.1988,20.389471,46.74942969951539,-121.80767926225973, 
2025-07-09 15:23:42,1.07835,10.171341,2.488149,15.542317,21.683748,0.008741089,0.014094437,64340.473,0.9996937,925.1991,20.381086,46.749431883763776,-121.80767652505989, 
2025-07-09 15:23:43,1.0783173,10.171321,2.4880736,15.542163,21.683544,0.008740993,0.014094303,64341.11,0.9996937,925.1995,20.380787,46.749431883763776,-121.80767652505989, 
2025-07-09 15:23:44,1.0782846,10.171301,2.4879982,15.542009,21.683342,0.008740896,0.014094171,64341.746,0.9996937,925.19995,20.380487,46.749431883763776,-121.80767652505989, 
2025-07-09 15:23:45,1.0795704,10.170809,2.4909651,15.55448,21.701023,0.008749245,0.0141056655,64290.164,0.99969375,925.2085,20.371473,46.74943238084347,-121.80766612801439, 
2025-07-09 15:23:46,1.0796314,10.170771,2.4911058,15.555169,21.702007,0.0087497085,0.014106305,64287.312,0.99969375,925.209,20.370726,46.749432445382325,-121.80766581673791, 
2025-07-09 15:23:47,1.0788226,10.170753,2.4892392,15.539119,21.679625,0.008739135,0.014091757,64353.727,0.99969375,925.20935,20.378809,46.74943248412343,-121.80766587854669, 
2025-07-09 15:23:48,1.0788027,10.17074,2.4891932,15.538411,21.678644,0.008738672,0.01409112,64356.652,0.99969375,925.20953,20.379108,46.74943248412343,-121.80766587854669, 
2025-07-09 15:23:49,1.0787827,10.170728,2.4891472,15.5377035,21.677666,0.0087382095,0.014090483,64359.582,0.99969375,925.2098,20.379408,46.74943248412343,-121.80766587854669, 
2025-07-09 15:23:50,1.0786017,10.171294,2.48873,15.543086,21.684849,0.00874161,0.014095152,64337.293,0.9996937,925.16675,20.371094,46.74943248412343,-121.80766587854669, 
2025-07-09 15:23:51,1.0785698,10.171329,2.488656,15.543005,21.684715,0.008741546,0.014095065,64337.625,0.9996937,925.1641,20.370794,46.74943248412343,-121.80766587854669, 
2025-07-09 15:23:52,1.0785377,10.171363,2.4885821,15.542924,21.684582,0.008741484,0.014094979,64337.96,0.9996937,925.1615,20.370495,46.74943248412343,-121.80766587854669, 
2025-07-09 15:23:53,1.0788163,10.170087,2.4892247,15.538378,21.678976,0.008738817,0.014091334,64356.78,0.9996938,925.2048,20.379007,46.749432484123446,-121.80766587854671, 
2025-07-09 15:23:54,1.0788283,10.170025,2.4892526,15.5382395,21.67882,0.008738742,0.014091233,64357.355,0.9996938,925.20624,20.379307,46.74943248412343,-121.80766587854669, 
2025-07-09 15:23:55,1.0787287,10.16998,2.4890223,15.545955,21.68961,0.00874384,0.014098247,64325.418,0.9996938,925.1825,20.371195,46.74943248412343,-121.80766587854669, 
2025-07-09 15:23:56,1.0787287,10.169947,2.4890223,15.54632,21.69014,0.008744091,0.014098591,64323.906,0.9996938,925.182,20.370895,46.74943248412344,-121.80766587854671, 
2025-07-09 15:23:57,1.0787288,10.169914,2.4890225,15.546686,21.690668,0.00874434,0.014098935,64322.39,0.9996938,925.1816,20.370594,46.74943248412344,-121.80766587854677, 
2025-07-09 15:23:58,1.0782402,10.169281,2.487895,15.550483,21.696331,0.008747006,0.014102615,64306.688,0.99969393,925.17206,20.370323,46.749432484123375,-121.80766587854667, 
2025-07-09 15:23:59,1.0782077,10.169242,2.4878201,15.55091,21.69695,0.008747297,0.014103018,64304.918,0.99969393,925.1709,20.370098,46.74943248412341,-121.80766587854667, 
2025-07-09 15:24:00,1.0781752,10.169203,2.4877453,15.551338,21.697569,0.00874759,0.01410342,64303.15,0.99969393,925.1697,20.369875,46.74943248412334,-121.80766587854664, 
2025-07-09 15:24:01,1.0785105,10.169119,2.488519,15.528681,21.666006,0.008732677,0.014082904,64396.99,0.99969393,925.18744,20.37,46.74943248412343,-121.80766587854669, 
2025-07-09 15:24:02,1.0785183,10.169098,2.4885368,15.527418,21.664257,0.008731851,0.014081767,64402.22,0.99969393,925.1883,20.37,46.74943286055033,-121.80768761012035, 
2025-07-09 15:24:03,1.0785261,10.169077,2.488555,15.526155,21.662508,0.008731024,0.01408063,64407.45,0.99969393,925.18915,20.37,46.74943284823632,-121.80768758236576, 
2025-07-09 15:24:04,1.0784017,10.168757,2.488268,15.539266,21.680984,0.008739747,0.014092639,64353.113,0.99969393,925.17145,20.35214,46.74943284823632,-121.80768758236576, 
2025-07-09 15:24:05,1.0784025,10.168736,2.4882696,15.539462,21.68127,0.008739882,0.014092825,64352.297,0.99969393,925.1709,20.351091,46.749437721003886,-121.80769258999169, 
2025-07-09 15:24:06,1.0789123,10.168409,2.4894454,15.5391035,21.68096,0.00873973,0.014092624,64353.777,0.999694,925.196,20.359207,46.74943735062961,-121.80769115047231, 
2025-07-09 15:24:07,1.07894,10.168382,2.4895098,15.539388,21.681372,0.008739924,0.0140928915,64352.6,0.999694,925.1971,20.359276,46.749437410315565,-121.80769108046731, 
2025-07-09 15:24:08,1.0789679,10.168354,2.489574,15.539671,21.681784,0.008740119,0.014093159,64351.43,0.999694,925.19824,20.359346,46.749437410315565,-121.80769108046731, 
2025-07-09 15:24:09,1.0793588,10.168279,2.490476,15.540454,21.682917,0.008740654,0.014093896,64348.184,0.999694,925.2251,20.359737,46.749437410315565,-121.80769108046731, 
2025-07-09 15:24:10,1.0793949,10.168266,2.4905596,15.540492,21.682976,0.008740682,0.014093935,64348.027,0.999694,925.22736,20.359959,46.749437410315565,-121.80769108046731, 
2025-07-09 15:24:11,1.0785447,10.16772,2.4885976,15.529392,21.667807,0.008733507,0.014084074,64394.027,0.99969405,925.1783,20.36,46.749437410315565,-121.80769108046731, 
2025-07-09 15:24:12,1.0785006,10.167685,2.4884958,15.528727,21.666897,0.008733078,0.014083483,64396.785,0.99969405,925.17584,20.36,46.74943743067326,-121.80769721619421, 
2025-07-09 15:24:13,1.0787311,10.166806,2.489027,15.53638,21.678087,0.008738352,0.014090756,64365.06,0.9996941,925.2085,20.36,46.7494374306099,-121.80769719709983, 
2025-07-09 15:24:14,1.0787331,10.166722,2.4890318,15.536807,21.67873,0.008738655,0.014091174,64363.29,0.9996941,925.21027,20.36,46.749437430672856,-121.80769721607518, 
2025-07-09 15:24:15,1.0787351,10.166638,2.4890363,15.537233,21.679375,0.008738957,0.014091592,64361.52,0.9996941,925.212,20.36,46.749437430673254,-121.80769721619347, 
2025-07-09 15:24:16,1.0783165,10.166851,2.4880705,15.526862,21.664778,0.008732065,0.014082106,64404.52,0.9996941,925.2185,20.36,46.74943743067326,-121.8076972161942, 
2025-07-09 15:24:17,1.0783023,10.166831,2.4880378,15.526563,21.664373,0.008731873,0.014081842,64405.758,0.9996941,925.2204,20.36,46.74943743067325,-121.80769721619421, 
2025-07-09 15:24:18,1.078288,10.166811,2.488005,15.526264,21.663967,0.008731681,0.014081579,64406.996,0.9996941,925.2222,20.36,46.749437430673254,-121.80769721619421, 
2025-07-09 15:24:19,1.0791537,10.166544,2.4900024,15.530318,21.669779,0.008734424,0.014085356,64390.18,0.99969417,925.2195,20.351164,46.74943360084914,-121.8076995932044, 
2025-07-09 15:24:20,1.0791957,10.166529,2.4900994,15.530339,21.669817,0.008734441,0.014085381,64390.094,0.99969417,925.2197,20.35064,46.749433600886405,-121.80769959318128, 
2025-07-09 15:24:21,1.0788755,10.166213,2.4893606,15.521137,21.65716,0.008728458,0.014077153,64428.27,0.99969417,925.1942,20.350365,46.749433600923716,-121.80769959315809, 
2025-07-09 15:24:22,1.0788766,10.166186,2.489363,15.520678,21.656534,0.008728161,0.014076747,64430.18,0.99969417,925.1927,20.35014,46.749435605222345,-121.80769834917456, 
2025-07-09 15:24:23,1.0788777,10.166159,2.489365,15.520219,21.655909,0.008727866,0.01407634,64432.086,0.99969417,925.1911,20.349915,46.749436228289724,-121.80769796246292, 
2025-07-09 15:24:24,1.0787516,10.165823,2.489074,15.527949,21.66689,0.008733049,0.014083478,64400.008,0.9996942,925.22485,20.341442,46.74943623217932,-121.80769796004878, 
2025-07-09 15:24:25,1.0787357,10.165795,2.4890375,15.528172,21.667215,0.008733203,0.014083689,64399.082,0.9996942,925.2262,20.340935,46.74943623220358,-121.80769796003378, 
2025-07-09 15:24:26,1.0787199,10.165768,2.489001,15.528395,21.667542,0.008733356,0.014083901,64398.16,0.9996942,925.22754,20.340427,46.74943623220373,-121.80769796003368, 
2025-07-09 15:24:27,1.0780377,10.165691,2.4874272,15.526182,21.6645,0.0087319175,0.014081925,64407.336,0.9996942,925.2198,20.34024,46.74943623220373,-121.80769796003368, 
2025-07-09 15:24:28,1.0779932,10.165678,2.4873242,15.52623,21.664574,0.008731952,0.014081973,64407.14,0.9996942,925.22015,20.340023,46.74943623220373,-121.80769796003368, 
2025-07-09 15:24:29,1.0781506,10.16521,2.4876876,15.527171,21.666159,0.008732694,0.014083003,64403.23,0.9996943,925.2285,20.34848,46.74943623220373,-121.80769796003368, 
2025-07-09 15:24:30,1.0781436,10.165178,2.4876711,15.527165,21.666168,0.008732698,0.014083009,64403.254,0.9996943,925.22876,20.349005,46.74943503507401,-121.80768968994292, 
2025-07-09 15:24:31,1.0781364,10.165148,2.4876547,15.52716,21.666178,0.008732703,0.014083016,64403.277,0.9996943,925.22906,20.34953,46.74943451415451,-121.80768905225435, 
2025-07-09 15:24:32,1.0786375,10.1652975,2.488811,15.516492,21.651205,0.008725633,0.014073283,64447.56,0.9996942,925.2035,20.341063,46.74943450710897,-121.80768903802293, 
2025-07-09 15:24:33,1.0786716,10.165295,2.4888897,15.51587,21.650337,0.008725223,0.01407272,64450.145,0.9996942,925.20215,20.340765,46.74943450005963,-121.80768902378378, 
2025-07-09 15:24:34,1.0787058,10.165292,2.4889684,15.515247,21.649471,0.008724814,0.0140721565,64452.727,0.9996942,925.2008,20.340467,46.74943450001555,-121.80768902369472, 
2025-07-09 15:24:35,1.0788223,10.165302,2.489237,15.523498,21.660976,0.0087302495,0.014079634,64418.473,0.9996942,925.1915,20.322556,46.74943450001528,-121.8076890236942, 
2025-07-09 15:24:36,1.0788417,10.165306,2.4892821,15.523718,21.661282,0.008730394,0.0140798325,64417.555,0.9996942,925.1903,20.32128,46.749434500015276,-121.8076890236942, 
2025-07-09 15:24:37,1.0788449,10.164767,2.4892893,15.517387,21.65276,0.0087263575,0.014074295,64443.84,0.9996943,925.2237,20.337582,46.749434500015276,-121.8076890236942, 
2025-07-09 15:24:38,1.0788478,10.164734,2.4892962,15.5171995,21.652517,0.008726243,0.014074137,64444.617,0.9996943,925.2255,20.338158,46.749434500015276,-121.8076890236942, 
2025-07-09 15:24:39,1.0788507,10.164701,2.4893029,15.517012,21.652275,0.008726127,0.014073979,64445.4,0.9996943,925.22736,20.338732,46.749434500015276,-121.80768902369417, 
2025-07-09 15:24:40,1.078738,10.164371,2.4890428,15.523089,21.660946,0.00873022,0.0140796155,64420.168,0.99969435,925.1939,20.330738,46.749434500015276,-121.80768902369417, 
2025-07-09 15:24:41,1.0787312,10.164337,2.489027,15.523302,21.661264,0.00873037,0.014079821,64419.28,0.99969435,925.19275,20.330654,46.74943450001528,-121.8076890236942, 
