Date Time,Pressure (psi) (790478),Temperature (°C) (790478),Depth (ft) (790478),Actual Conductivity (µS/cm) (790478),Specific Conductivity (µS/cm) (790478),Salinity (PSU) (790478),Total Dissolved Solids (ppt) (790478),Resistivity (Ω⋅cm) (790478),Density (g/cm³) (790478),Barometric Pressure (mbar) (670831),Temperature (°C) (670831),Latitude (°),Longitude (°),Marked
2025-07-09 14:40:14,1.0789587,10.140828,2.4895468,15.297741,21.359896,0.008587734,0.0138839325,65369.13,0.9996963,925.24744,19.869226,46.749429769700996,-121.80768502026297, 
2025-07-09 14:40:15,1.0789754,10.140811,2.4895854,15.297527,21.359608,0.008587598,0.013883744,65370.043,0.9996963,925.2481,19.869526,46.74943029611976,-121.8076874103588, 
2025-07-09 14:40:16,1.0791185,10.140992,2.4899158,15.298966,21.361513,0.0085885,0.013884984,65363.895,0.9996963,925.2226,19.860975,46.749430406316606,-121.80768818791778, 
2025-07-09 14:40:17,1.0791366,10.141001,2.4899578,15.298958,21.361496,0.008588492,0.013884973,65363.93,0.9996963,925.2217,19.860676,46.7494315608727,-121.80770090252666, 
2025-07-09 14:40:18,1.0788903,10.14131,2.4893892,15.297827,21.359743,0.008587667,0.013883833,65368.76,0.9996963,925.25464,19.860382,46.74942747155234,-121.80769376344826, 
2025-07-09 14:40:19,1.0788782,10.141333,2.489361,15.2977915,21.35968,0.008587638,0.013883792,65368.91,0.9996963,925.25604,19.860157,46.74942712958137,-121.80769632490707, 
2025-07-09 14:40:20,1.0788659,10.1413555,2.489333,15.297756,21.359617,0.008587609,0.013883752,65369.062,0.9996963,925.25745,19.859932,46.749429176149846,-121.80769556796389, 
2025-07-09 14:40:21,1.078466,10.141361,2.4884105,15.301228,21.36446,0.008589897,0.0138869,65354.234,0.9996963,925.2413,19.868587,46.74942980147151,-121.80769495614155, 
2025-07-09 14:40:22,1.0784357,10.14137,2.4883401,15.301409,21.364708,0.008590015,0.013887061,65353.46,0.9996963,925.24115,19.869106,46.74943412902055,-121.80769070729455, 
2025-07-09 14:40:23,1.0784051,10.141377,2.4882698,15.301589,21.364956,0.008590131,0.013887222,65352.69,0.9996963,925.24097,19.869625,46.749434785038275,-121.80768713382157, 
2025-07-09 14:40:24,1.078403,10.140728,2.4882648,15.300824,21.364258,0.008589791,0.013886767,65355.957,0.9996964,925.19617,19.860952,46.749434305544256,-121.80769213717383, 
2025-07-09 14:40:25,1.0783929,10.140689,2.4882412,15.300864,21.364336,0.008589827,0.013886819,65355.785,0.9996964,925.19305,19.860645,46.749433487291654,-121.80769730137794, 
2025-07-09 14:40:26,1.078392,10.140745,2.4882393,15.311669,21.379393,0.008596936,0.013896606,65309.67,0.9996964,925.2507,19.868816,46.74943750791195,-121.8077013877164, 
2025-07-09 14:40:27,1.078392,10.140734,2.4882393,15.312321,21.38031,0.008597368,0.013897201,65306.89,0.9996964,925.2532,19.869114,46.74944031852675,-121.80770515525222, 
2025-07-09 14:40:28,1.078392,10.140721,2.4882393,15.312971,21.381226,0.0085978005,0.013897796,65304.113,0.9996964,925.25574,19.869411,46.749439484990496,-121.80771219972786, 
2025-07-09 14:40:29,1.0786746,10.141123,2.4888911,15.298106,21.360239,0.008587901,0.013884155,65367.574,0.9996963,925.2403,19.86108,46.74943665699113,-121.80771670459869, 
2025-07-09 14:40:30,1.0786917,10.1411495,2.4889307,15.297474,21.359339,0.008587477,0.01388357,65370.277,0.9996963,925.24084,19.86078,46.749432283076544,-121.8077168922999, 
2025-07-09 14:40:31,1.0787089,10.141175,2.4889705,15.296841,21.35844,0.008587052,0.013882986,65372.98,0.9996963,925.24133,19.860481,46.749429022775104,-121.80771526409809, 
2025-07-09 14:40:32,1.0788257,10.140544,2.4892397,15.299835,21.362982,0.008589188,0.0138859395,65360.18,0.9996964,925.2402,19.868994,46.74943243971839,-121.80771456459395, 
2025-07-09 14:40:33,1.0788398,10.140517,2.4892724,15.299639,21.362724,0.008589065,0.013885771,65361.02,0.9996964,925.23975,19.869287,46.74943191830842,-121.80771008501702, 
2025-07-09 14:40:34,1.0783436,10.140564,2.4881277,15.298831,21.361568,0.008588519,0.013885019,65364.47,0.9996964,925.23126,19.861183,46.749431192422755,-121.80770590641677, 
2025-07-09 14:40:35,1.0783154,10.1405525,2.4880624,15.29886,21.361616,0.008588541,0.01388505,65364.344,0.9996964,925.2307,19.860882,46.749430835005306,-121.80769423893197, 
2025-07-09 14:40:36,1.078287,10.140541,2.487997,15.298889,21.361662,0.008588563,0.01388508,65364.223,0.9996964,925.2302,19.86058,46.74943258084385,-121.80768988253517, 
2025-07-09 14:40:37,1.0782737,10.140945,2.4879663,15.302341,21.366253,0.0085907355,0.013888065,65349.477,0.9996963,925.2472,19.86032,46.749429620518626,-121.8076907164546, 
2025-07-09 14:40:38,1.0782603,10.140972,2.4879355,15.30253,21.366503,0.008590854,0.013888227,65348.668,0.9996963,925.24805,19.860094,46.74942493550894,-121.80768622643025, 
2025-07-09 14:40:39,1.0782468,10.140999,2.4879045,15.30272,21.36675,0.008590972,0.013888389,65347.863,0.9996963,925.24884,19.859869,46.749421616555956,-121.8076807307437, 
2025-07-09 14:40:40,1.0786625,10.140756,2.4888635,15.301808,21.36562,0.008590433,0.013887652,65351.754,0.9996964,925.2667,19.86,46.74942017511968,-121.80768080817461, 
2025-07-09 14:40:41,1.078687,10.140751,2.4889197,15.301842,21.365667,0.008590455,0.013887685,65351.61,0.9996964,925.26825,19.86,46.74942116229288,-121.80768403655468, 
2025-07-09 14:40:42,1.0787114,10.140747,2.4889762,15.301874,21.365717,0.008590478,0.013887716,65351.47,0.9996964,925.2698,19.86,46.749422805704164,-121.80768279204766, 
2025-07-09 14:40:43,1.0782176,10.141137,2.487837,15.300408,21.363445,0.008589413,0.01388624,65357.73,0.9996963,925.2867,19.868727,46.7494204505798,-121.80768057184348, 
2025-07-09 14:40:44,1.0782003,10.141153,2.4877973,15.300306,21.363293,0.008589341,0.013886141,65358.17,0.9996963,925.28815,19.869219,46.749422948582655,-121.80767807937953, 
2025-07-09 14:40:45,1.0781776,10.140937,2.4877446,15.301559,21.365166,0.008590222,0.013887358,65352.816,0.9996963,925.2547,19.86106,46.74942290454546,-121.80767866685963, 
2025-07-09 14:40:46,1.0781657,10.140932,2.4877172,15.301609,21.365236,0.008590256,0.0138874035,65352.605,0.9996963,925.253,19.860735,46.74942400692038,-121.80768705361199, 
2025-07-09 14:40:47,1.0781537,10.140926,2.4876897,15.301658,21.365307,0.008590289,0.01388745,65352.4,0.9996963,925.2513,19.860409,46.74942746433961,-121.80769313667514, 
2025-07-09 14:40:48,1.0785011,10.141009,2.4884913,15.307784,21.373816,0.008594306,0.01389298,65326.246,0.9996963,925.2328,19.860224,46.749426686028734,-121.80769998396593, 
2025-07-09 14:40:49,1.0785227,10.141008,2.4885411,15.308201,21.3744,0.008594582,0.013893359,65324.465,0.9996963,925.2308,19.859995,46.74942957803618,-121.80770629310642, 
2025-07-09 14:40:50,1.0782031,10.141313,2.4878037,15.302193,21.365837,0.008590545,0.013887794,65350.113,0.9996963,925.23883,19.86,46.74943616653232,-121.80770997268019, 
2025-07-09 14:40:51,1.078192,10.141334,2.487778,15.301972,21.365519,0.008590395,0.013887587,65351.05,0.9996963,925.2389,19.86,46.7494360207925,-121.80770971663381, 
2025-07-09 14:40:52,1.0781809,10.141355,2.4877522,15.301753,21.3652,0.008590245,0.01388738,65351.99,0.9996963,925.2389,19.86,46.74943680487027,-121.8077141023728, 
2025-07-09 14:40:53,1.0783712,10.141204,2.4881914,15.298512,21.36076,0.008588147,0.013884494,65365.832,0.9996963,925.28235,19.868597,46.7494372161042,-121.80771825093471, 
2025-07-09 14:40:54,1.0783747,10.141202,2.4881997,15.298165,21.360275,0.008587918,0.013884179,65367.316,0.9996963,925.2852,19.869122,46.74943613538132,-121.80771463749204, 
2025-07-09 14:40:55,1.0783784,10.141201,2.4882083,15.297818,21.359793,0.00858769,0.013883865,65368.8,0.9996963,925.288,19.869646,46.74943630484435,-121.80771611879214, 
2025-07-09 14:40:56,1.0781789,10.141749,2.487748,15.32059,21.391275,0.00860256,0.013904329,65271.652,0.99969625,925.27094,19.869759,46.74943518584136,-121.80772047961818, 
2025-07-09 14:40:57,1.0781718,10.141778,2.4877317,15.32187,21.393045,0.008603395,0.01390548,65266.195,0.99969625,925.27106,19.869984,46.74943428184994,-121.80771937810489, 
2025-07-09 14:40:58,1.0781648,10.141808,2.4877152,15.32315,21.394815,0.008604231,0.01390663,65260.74,0.99969625,925.2711,19.870209,46.749434244080376,-121.80771955050042, 
2025-07-09 14:40:59,1.0781598,10.141811,2.4877038,15.304534,21.368822,0.008591959,0.013889735,65340.13,0.99969625,925.2257,19.861132,46.7494314722538,-121.80771394948994, 
2025-07-09 14:41:00,1.0781544,10.141826,2.4876916,15.304035,21.368118,0.008591627,0.013889276,65342.254,0.99969625,925.22266,19.860619,46.749432717609785,-121.80771680760449, 
2025-07-09 14:41:01,1.0783579,10.14113,2.4881608,15.294983,21.355873,0.008585838,0.013881318,65380.93,0.9996963,925.23,19.860348,46.74943458825682,-121.80771997279824, 
2025-07-09 14:41:02,1.0783702,10.1410885,2.4881892,15.294007,21.354536,0.008585205,0.013880449,65385.094,0.9996963,925.2294,19.860128,46.749435517847225,-121.80771234116244, 
2025-07-09 14:41:03,1.0783826,10.141047,2.4882178,15.293032,21.353199,0.008584574,0.0138795795,65389.258,0.9996963,925.2288,19.859907,46.749435353268815,-121.80770467440279, 
2025-07-09 14:41:04,1.078386,10.141742,2.4882257,15.295606,21.356396,0.008586093,0.013881657,65378.254,0.99969625,925.2557,19.868736,46.74943019899269,-121.8077018914475, 
2025-07-09 14:41:05,1.0783912,10.141766,2.4882379,15.295537,21.356285,0.008586042,0.013881586,65378.547,0.99969625,925.25745,19.86926,46.74942913889338,-121.80770116127226, 
2025-07-09 14:41:06,1.0783966,10.14179,2.4882503,15.295469,21.356176,0.00858599,0.013881515,65378.84,0.99969625,925.2593,19.869785,46.74942913889338,-121.80770116127226, 
2025-07-09 14:41:07,1.0785279,10.1418085,2.488553,15.303066,21.366774,0.0085909935,0.013888403,65346.383,0.99969625,925.24133,19.852007,46.74942938468106,-121.80770147220552, 
2025-07-09 14:41:08,1.0785359,10.141827,2.4885716,15.303567,21.367462,0.0085913185,0.013888851,65344.246,0.99969625,925.24097,19.851183,46.74942923457033,-121.80769511000503, 
2025-07-09 14:41:09,1.0786897,10.141203,2.4889262,15.300997,21.36423,0.008589782,0.013886749,65355.223,0.9996963,925.2575,19.859224,46.74942889195837,-121.80768979551566, 
2025-07-09 14:41:10,1.0787023,10.141165,2.4889553,15.301015,21.364277,0.008589803,0.01388678,65355.145,0.9996963,925.25806,19.859299,46.74942725709448,-121.80768406261643, 
2025-07-09 14:41:11,1.078715,10.141127,2.4889843,15.301032,21.364323,0.008589825,0.013886809,65355.07,0.9996963,925.25867,19.859373,46.74942718572803,-121.80768374118837, 
2025-07-09 14:41:12,1.078563,10.1413555,2.488634,15.30869,21.374884,0.008594816,0.013893675,65322.375,0.9996963,925.25916,19.86842,46.74942601752269,-121.80767955930226, 
2025-07-09 14:41:13,1.0785578,10.141354,2.4886222,15.309082,21.375433,0.0085950745,0.013894032,65320.703,0.9996963,925.25964,19.869162,46.749423825244385,-121.8076738974666, 
2025-07-09 14:41:14,1.0785527,10.141352,2.4886103,15.309474,21.37598,0.008595333,0.0138943875,65319.03,0.9996963,925.2601,19.869904,46.7494237168441,-121.80767353462925, 
2025-07-09 14:41:15,1.0789483,10.141048,2.4895227,15.300364,21.363434,0.008589406,0.013886232,65357.926,0.9996963,925.2686,19.860909,46.74942247153777,-121.80766726621107, 
2025-07-09 14:41:16,1.078968,10.141036,2.4895685,15.300016,21.362957,0.00858918,0.013885921,65359.406,0.9996963,925.2691,19.860605,46.74942151896016,-121.80766449639235, 
2025-07-09 14:41:17,1.0789797,10.141568,2.4895954,15.293631,21.353735,0.0085848365,0.013879929,65386.703,0.99969625,925.24365,19.860334,46.749420586646366,-121.8076625809204, 
2025-07-09 14:41:18,1.0789899,10.141594,2.4896188,15.293018,21.352867,0.008584427,0.013879363,65389.316,0.99969625,925.2423,19.86011,46.7494228658242,-121.80766058299506, 
2025-07-09 14:41:19,1.079,10.14162,2.4896421,15.292406,21.351997,0.008584017,0.013878799,65391.934,0.99969625,925.2409,19.859884,46.749421328994956,-121.8076567148317, 
2025-07-09 14:41:20,1.0786022,10.141392,2.4887247,15.301959,21.365465,0.00859037,0.013887552,65351.113,0.9996963,925.2317,19.86,46.749419503353,-121.80765226920266, 
2025-07-09 14:41:21,1.0785787,10.141392,2.48867,15.302368,21.366037,0.0085906405,0.013887923,65349.363,0.9996963,925.2305,19.86,46.749419503353,-121.80765226920266, 
2025-07-09 14:41:22,1.0785551,10.141392,2.4886158,15.302778,21.36661,0.008590911,0.013888296,65347.613,0.9996963,925.2293,19.86,46.749416712224985,-121.80764811259834, 
2025-07-09 14:41:23,1.0785531,10.141215,2.4886112,15.301191,21.364492,0.00858991,0.01388692,65354.39,0.9996963,925.2121,19.86,46.74941572025043,-121.80764737432585, 
2025-07-09 14:41:24,1.078543,10.141199,2.4885879,15.3013315,21.364698,0.008590007,0.013887053,65353.79,0.9996963,925.2108,19.86,46.749413197483854,-121.80764801482641, 
2025-07-09 14:41:25,1.0786945,10.141737,2.4889376,15.30743,21.372908,0.008593887,0.013892391,65327.754,0.99969625,925.2274,19.86,46.749412983212345,-121.80764787248576, 
2025-07-09 14:41:26,1.0787038,10.141766,2.4889588,15.307765,21.37336,0.0085941,0.013892684,65326.324,0.99969625,925.228,19.86,46.74941281765936,-121.80764776250882, 
2025-07-09 14:41:27,1.0787129,10.141795,2.48898,15.3081,21.37381,0.008594313,0.0138929775,65324.895,0.99969625,925.22864,19.86,46.74940709339237,-121.80765088245171, 
2025-07-09 14:41:28,1.0787152,10.141976,2.4889853,15.298728,21.36062,0.008588091,0.013884403,65364.914,0.99969625,925.2032,19.86,46.7494067733295,-121.80765171766492, 
2025-07-09 14:41:29,1.0787191,10.142001,2.4889944,15.298327,21.360048,0.00858782,0.013884031,65366.625,0.99969625,925.2021,19.86,46.749409025509884,-121.80765251138467, 
2025-07-09 14:41:30,1.0787231,10.142026,2.4890034,15.297928,21.359476,0.00858755,0.013883659,65368.332,0.99969625,925.20105,19.86,46.749409010504785,-121.80765252839709, 
2025-07-09 14:41:31,1.0787201,10.142259,2.4889967,15.291643,21.350567,0.008583348,0.013877869,65395.2,0.9996962,925.2004,19.86,46.749409010507705,-121.80765252838846, 
2025-07-09 14:41:32,1.0787201,10.142278,2.4889967,15.291046,21.349722,0.008582951,0.01387732,65397.75,0.9996962,925.1997,19.86,46.74941349375606,-121.80766141987434, 
2025-07-09 14:41:33,1.0788307,10.141662,2.4892519,15.292426,21.352001,0.008584018,0.013878802,65391.848,0.99969625,925.19116,19.86,46.74941403494535,-121.80766571804261, 
2025-07-09 14:41:34,1.0788375,10.141629,2.4892678,15.292374,21.351946,0.008583991,0.0138787655,65392.074,0.99969625,925.1906,19.86,46.749414061300016,-121.80766545534524, 
2025-07-09 14:41:35,1.0788444,10.141596,2.4892836,15.29232,21.35189,0.008583965,0.013878729,65392.305,0.99969625,925.1901,19.86,46.74941509734605,-121.80767420823567, 
2025-07-09 14:41:36,1.078449,10.142054,2.4883714,15.291208,21.350079,0.0085831145,0.013877551,65397.055,0.99969625,925.19867,19.86,46.74941638612629,-121.80768249171204, 
2025-07-09 14:41:37,1.078428,10.142065,2.4883227,15.291179,21.350029,0.008583092,0.013877519,65397.184,0.99969625,925.199,19.86,46.74941852740439,-121.80768930845574, 
2025-07-09 14:41:38,1.0784069,10.1420765,2.4882743,15.291149,21.349981,0.00858307,0.013877488,65397.31,0.99969625,925.1992,19.86,46.74942373019077,-121.80769120283401, 
2025-07-09 14:41:39,1.0780097,10.141844,2.4873574,15.301998,21.365263,0.008590281,0.013887421,65350.95,0.99969625,925.21716,19.86,46.74942539606719,-121.80769413557303, 
2025-07-09 14:41:40,1.0779762,10.141841,2.4872801,15.302612,21.366123,0.008590687,0.01388798,65348.32,0.99969625,925.21844,19.86,46.749424994864256,-121.80769325183148, 
2025-07-09 14:41:41,1.0784696,10.142234,2.488419,15.2852,21.341587,0.00857911,0.013872031,65422.773,0.9996962,925.21893,19.86,46.74942514323831,-121.80769347609626, 
2025-07-09 14:41:42,1.0784906,10.142252,2.4884672,15.28439,21.340445,0.0085785715,0.01387129,65426.234,0.9996962,925.21936,19.86,46.74943207931002,-121.80769428544353, 
2025-07-09 14:41:43,1.0785115,10.14227,2.4885156,15.283581,21.339304,0.008578033,0.013870548,65429.695,0.9996962,925.21985,19.86,46.7494359822963,-121.80769691980603, 
2025-07-09 14:41:44,1.0786799,10.141718,2.4889038,15.290998,21.349976,0.008583063,0.013877485,65397.957,0.99969625,925.23706,19.86,46.749437546899536,-121.80769921417394, 
2025-07-09 14:41:45,1.0787024,10.141694,2.4889557,15.2910185,21.350016,0.008583082,0.013877511,65397.87,0.99969625,925.23816,19.86,46.74943221106308,-121.80768657942664, 
2025-07-09 14:41:46,1.078725,10.14167,2.4890077,15.291038,21.350058,0.0085831005,0.013877537,65397.79,0.99969625,925.2392,19.86,46.749434659749994,-121.80768670991078, 
2025-07-09 14:41:47,1.0787166,10.141499,2.4889882,15.28604,21.343178,0.00857985,0.013873066,65419.168,0.9996963,925.24817,19.86,46.74943460745901,-121.80768128077493, 
2025-07-09 14:41:48,1.0787206,10.141474,2.4889975,15.285931,21.343037,0.008579784,0.013872975,65419.637,0.9996963,925.24915,19.86,46.74943090869657,-121.80768023513741, 
2025-07-09 14:41:49,1.0790832,10.141944,2.4898345,15.286559,21.343649,0.008580079,0.013873371,65416.94,0.99969625,925.2493,19.86,46.7494292451378,-121.807683380486, 
2025-07-09 14:41:50,1.0791056,10.141969,2.4898863,15.286473,21.343515,0.008580017,0.013873285,65417.31,0.99969625,925.2496,19.86,46.74943084969873,-121.80768751071759, 
2025-07-09 14:41:51,1.079128,10.141994,2.489938,15.286387,21.343382,0.008579954,0.013873197,65417.676,0.99969625,925.24976,19.86,46.74942978107224,-121.8076919053895, 
2025-07-09 14:41:52,1.0786127,10.142005,2.4887488,15.292054,21.351286,0.008583684,0.013878336,65393.44,0.99969625,925.2497,19.86,46.749427684268845,-121.80769606342655, 
2025-07-09 14:41:53,1.0785908,10.142018,2.488698,15.292414,21.351782,0.008583918,0.013878658,65391.902,0.99969625,925.2497,19.86,46.749428750994916,-121.80769657285424, 
2025-07-09 14:41:54,1.0785687,10.142031,2.4886472,15.292773,21.352276,0.008584153,0.013878981,65390.36,0.99969625,925.2497,19.86,46.749430994900834,-121.80769223986668, 
2025-07-09 14:41:55,1.0787125,10.141846,2.4889789,15.283097,21.338873,0.008577823,0.013870267,65431.766,0.99969625,925.2497,19.868843,46.74942799283378,-121.80769086914148, 
2025-07-09 14:41:56,1.0787082,10.141835,2.4889688,15.282667,21.338278,0.008577541,0.01386988,65433.605,0.99969625,925.2497,19.869366,46.74942583487048,-121.8076851878237, 
2025-07-09 14:41:57,1.0782343,10.142154,2.4878757,15.289347,21.347422,0.008581862,0.013875824,65405.02,0.9996962,925.2582,19.861147,46.74942289590651,-121.80767847147365, 
2025-07-09 14:41:58,1.0782086,10.14217,2.4878163,15.289532,21.347672,0.008581979,0.013875986,65404.227,0.9996962,925.2587,19.860847,46.74942289590651,-121.80767847147365, 
2025-07-09 14:41:59,1.0781829,10.142185,2.4877572,15.289717,21.347921,0.0085820975,0.0138761485,65403.434,0.9996962,925.2592,19.860546,46.74942289590651,-121.80767847147365, 
2025-07-09 14:42:00,1.0787731,10.142359,2.489119,15.282373,21.33757,0.0085772155,0.013869421,65434.863,0.9996962,925.24207,19.86895,46.74942327323043,-121.8076791484368, 
2025-07-09 14:42:01,1.0787969,10.142377,2.489174,15.2821,21.337177,0.00857703,0.013869165,65436.03,0.9996962,925.2413,19.86925,46.749421186612075,-121.80768204524318, 
2025-07-09 14:42:02,1.0788206,10.142396,2.4892285,15.281827,21.336784,0.008576845,0.01386891,65437.203,0.9996962,925.2404,19.869549,46.74942118661027,-121.80768204524047, 
2025-07-09 14:42:03,1.078309,10.142627,2.4880486,15.284612,21.34054,0.008578622,0.013871351,65425.28,0.9996962,925.23126,19.869787,46.74942254867294,-121.80768377611008, 
2025-07-09 14:42:04,1.0782934,10.142645,2.4880123,15.284592,21.340504,0.008578605,0.013871327,65425.367,0.9996962,925.2303,19.870012,46.749422548671234,-121.80768377610751, 
2025-07-09 14:42:05,1.0786691,10.142652,2.488879,15.294144,21.353836,0.008584897,0.013879994,65384.508,0.9996962,925.2216,19.861578,46.749422548669514,-121.80768377610491, 
2025-07-09 14:42:06,1.0786796,10.142658,2.4889033,15.294795,21.354742,0.008585325,0.0138805825,65381.72,0.9996962,925.2209,19.861065,46.74942254866781,-121.80768377610234, 
2025-07-09 14:42:07,1.07869,10.142664,2.4889274,15.295447,21.355648,0.008585753,0.013881172,65378.934,0.9996962,925.22015,19.860554,46.7494225486661,-121.80768377609975, 
2025-07-09 14:42:08,1.0784223,10.143222,2.4883096,15.291558,21.349901,0.008583049,0.013877436,65395.56,0.99969614,925.19415,19.86032,46.74942254866439,-121.80768377609715, 
2025-07-09 14:42:09,1.0784153,10.143255,2.4882936,15.291554,21.349876,0.008583038,0.01387742,65395.58,0.99969614,925.1923,19.860098,46.74942254866268,-121.80768377609455, 
2025-07-09 14:42:10,1.0784082,10.14329,2.4882774,15.29155,21.34985,0.008583027,0.013877403,65395.594,0.99969614,925.19055,19.859879,46.749426097869886,-121.80768305493882, 
2025-07-09 14:42:11,1.0788023,10.142967,2.4891868,15.290194,21.34814,0.008582215,0.013876292,65401.4,0.99969614,925.16394,19.86,46.74942609786845,-121.80768305493618, 
2025-07-09 14:42:12,1.0788189,10.1429615,2.489225,15.290016,21.347897,0.008582098,0.013876133,65402.156,0.99969614,925.1617,19.86,46.749426026079846,-121.80768292167997, 
2025-07-09 14:42:13,1.0788321,10.143028,2.4892554,15.289201,21.34672,0.008581545,0.013875368,65405.645,0.99969614,925.2113,19.86,46.74942799325372,-121.80768203520488, 
2025-07-09 14:42:14,1.0788424,10.143024,2.489279,15.289123,21.346615,0.008581495,0.013875299,65405.977,0.99969614,925.21375,19.86,46.749428085003764,-121.80768187281448, 
2025-07-09 14:42:15,1.0788527,10.143021,2.4893029,15.289045,21.346508,0.008581445,0.01387523,65406.31,0.99969614,925.2162,19.86,46.749428155457586,-121.80768176771531, 
2025-07-09 14:42:16,1.0785861,10.142874,2.488688,15.284805,21.340672,0.008578687,0.013871436,65424.453,0.99969614,925.1919,19.86864,46.74943049228154,-121.80767965435143, 
2025-07-09 14:42:17,1.0785699,10.142866,2.4886506,15.284525,21.340284,0.008578504,0.013871185,65425.65,0.99969614,925.19165,19.869171,46.749430691653345,-121.8076747799591, 
2025-07-09 14:42:18,1.0785538,10.142859,2.4886131,15.2842455,21.339897,0.008578322,0.013870933,65426.848,0.99969614,925.1914,19.869701,46.7494306936631,-121.80767478310823, 
2025-07-09 14:42:19,1.0788198,10.14293,2.489227,15.2883835,21.345636,0.008581032,0.013874664,65409.137,0.99969614,925.20795,19.860985,46.74943027474422,-121.80767279425686, 
2025-07-09 14:42:20,1.0788288,10.142931,2.4892478,15.288521,21.345827,0.008581122,0.013874788,65408.55,0.99969614,925.2083,19.860687,46.74942910870623,-121.80767216216871, 
2025-07-09 14:42:21,1.0784516,10.143011,2.4883776,15.279346,21.332972,0.008575054,0.013866432,65447.832,0.99969614,925.25964,19.868826,46.749429090295365,-121.80767215632298, 
2025-07-09 14:42:22,1.0784345,10.143018,2.488338,15.278873,21.332308,0.00857474,0.013866001,65449.85,0.99969614,925.2632,19.869125,46.7494255914787,-121.80766917212871, 
2025-07-09 14:42:23,1.0784173,10.143024,2.4882984,15.278401,21.331646,0.008574427,0.013865571,65451.875,0.99969614,925.2668,19.869425,46.749426249393366,-121.80767088645611, 
2025-07-09 14:42:24,1.0785376,10.142394,2.4885757,15.280597,21.335068,0.0085760355,0.013867794,65442.473,0.9996962,925.1903,19.861078,46.749425141861565,-121.80767220256975, 
2025-07-09 14:42:25,1.0785353,10.142358,2.4885705,15.280498,21.33495,0.008575979,0.013867717,65442.895,0.9996962,925.18695,19.860779,46.749425170238254,-121.80767219435442, 
2025-07-09 14:42:26,1.0785329,10.142322,2.488565,15.280398,21.334831,0.008575923,0.013867641,65443.32,0.9996962,925.1836,19.86048,46.749424605677625,-121.80767523949956, 
2025-07-09 14:42:27,1.0786953,10.143131,2.4889398,15.285999,21.342192,0.008579408,0.013872425,65419.34,0.99969614,925.2257,19.860233,46.74942635493928,-121.80767581191584, 
2025-07-09 14:42:28,1.0787079,10.143164,2.4889688,15.2863865,21.342714,0.008579654,0.013872764,65417.684,0.99969614,925.2263,19.86001,46.74942777754934,-121.80768299785703, 
2025-07-09 14:42:29,1.0791705,10.143339,2.490036,15.280942,21.335012,0.008576021,0.013867758,65440.996,0.99969614,925.1771,19.86,46.749427777551084,-121.8076829978551, 
2025-07-09 14:42:30,1.0792028,10.143369,2.4901106,15.28073,21.3347,0.008575873,0.013867555,65441.902,0.99969614,925.1751,19.86,46.749427777552825,-121.80768299785314, 
2025-07-09 14:42:31,1.0792352,10.143399,2.4901853,15.280519,21.334387,0.008575726,0.013867351,65442.81,0.99969614,925.1731,19.86,46.74942838835291,-121.80769187890964, 
2025-07-09 14:42:32,1.0784986,10.143396,2.4884858,15.2841,21.33939,0.008578087,0.0138706025,65427.473,0.99969614,925.1887,19.86,46.749428389079355,-121.80769171260621, 
2025-07-09 14:42:33,1.0784657,10.1434,2.48841,15.284176,21.339495,0.0085781375,0.013870671,65427.145,0.99969614,925.1884,19.86,46.74942939057758,-121.80769393031758, 
2025-07-09 14:42:34,1.0784328,10.143404,2.488334,15.284253,21.3396,0.008578187,0.013870739,65426.812,0.99969614,925.1881,19.86,46.74943322843313,-121.80769380415038, 
2025-07-09 14:42:35,1.0785477,10.143476,2.4885993,15.287123,21.343565,0.008580061,0.013873317,65414.535,0.99969614,925.18915,19.86,46.7494334019876,-121.80769714862501, 
2025-07-09 14:42:36,1.0785362,10.143479,2.4885728,15.287381,21.343924,0.00858023,0.01387355,65413.43,0.99969614,925.18964,19.86,46.74943358792024,-121.80769729494735, 
2025-07-09 14:42:37,1.090932,10.143017,2.517174,15.285086,21.34098,0.008578836,0.013871639,65423.25,0.99969614,925.1727,19.86,46.749433725942424,-121.80769740356584, 
2025-07-09 14:42:38,1.0917281,10.142989,2.519011,15.284999,21.340876,0.008578787,0.01387157,65423.62,0.99969614,925.17163,19.86,46.749433813118344,-121.80769747217015, 
2025-07-09 14:42:39,1.0925242,10.142961,2.5208478,15.284912,21.34077,0.008578736,0.013871502,65423.992,0.99969614,925.17053,19.86,46.749433878369274,-121.80769752352028, 
2025-07-09 14:42:40,1.0804236,10.143425,2.4929273,15.290509,21.348322,0.008582305,0.013876408,65400.047,0.99969614,925.1875,19.868607,46.749429987083815,-121.80769744065576, 
2025-07-09 14:42:41,1.0800132,10.143441,2.4919806,15.290787,21.3487,0.008582484,0.013876654,65398.86,0.99969614,925.18805,19.869131,46.749428298447704,-121.80770091360496, 
2025-07-09 14:42:42,1.0796028,10.143457,2.4910338,15.291064,21.349077,0.008582663,0.0138769,65397.67,0.99969614,925.18866,19.869656,46.749427182855136,-121.80769980521913, 
2025-07-09 14:42:43,1.0791897,10.142991,2.4900804,15.289326,21.346916,0.0085816365,0.013875496,65405.11,0.99969614,925.1892,19.860985,46.749427182855136,-121.80769980521913, 
2025-07-09 14:42:44,1.0788682,10.142974,2.4893386,15.289362,21.346977,0.008581664,0.013875535,65404.953,0.99969614,925.1897,19.860685,46.749427182855136,-121.80769980521913, 
2025-07-09 14:42:45,1.0778403,10.143351,2.4869668,15.283419,21.338465,0.008577651,0.013870002,65430.39,0.99969614,925.1813,19.86039,46.749427212752714,-121.8076997626135, 
2025-07-09 14:42:46,1.0777775,10.143362,2.4868221,15.283005,21.33788,0.008577375,0.013869622,65432.16,0.99969614,925.1807,19.860165,46.74942416227416,-121.80769571225039, 
2025-07-09 14:42:47,1.0777147,10.143374,2.4866772,15.282591,21.337294,0.008577099,0.013869242,65433.934,0.99969614,925.18024,19.85994,46.749423815280664,-121.80769531032578, 
2025-07-09 14:42:48,1.0784574,10.143388,2.4883907,15.276098,21.328222,0.008572818,0.013863345,65461.746,0.99969614,925.1886,19.86,46.749423815280664,-121.80769531032578, 
2025-07-09 14:42:49,1.0784771,10.143398,2.4884365,15.275554,21.327457,0.008572456,0.013862846,65464.08,0.99969614,925.1889,19.86,46.749423815280664,-121.80769531032578, 
2025-07-09 14:42:50,1.078497,10.143409,2.4884825,15.275009,21.32669,0.008572095,0.013862348,65466.41,0.99969614,925.1892,19.86,46.749423815280664,-121.80769531032578, 
2025-07-09 14:42:51,1.0785232,10.143877,2.488543,15.274126,21.32519,0.008571394,0.013861373,65470.19,0.999696,925.21576,19.868774,46.749423815280664,-121.80769531032578, 
2025-07-09 14:42:52,1.0785433,10.143906,2.4885893,15.273907,21.324867,0.008571242,0.0138611635,65471.133,0.999696,925.2175,19.869299,46.749424078969994,-121.80769561575869, 
2025-07-09 14:42:53,1.0784161,10.143318,2.4882956,15.280795,21.334818,0.008575929,0.0138676325,65441.625,0.99969614,925.2269,19.861189,46.74942407896892,-121.80769561575745, 
2025-07-09 14:42:54,1.0784081,10.143293,2.4882772,15.281203,21.335403,0.008576204,0.013868012,65439.87,0.99969614,925.22815,19.860888,46.749424078967834,-121.80769561575617, 
2025-07-09 14:42:55,1.0784001,10.143268,2.4882586,15.281612,21.335987,0.00857648,0.013868392,65438.12,0.99969614,925.2293,19.860588,46.74941669484267,-121.80769421121185, 
2025-07-09 14:42:56,1.078528,10.143794,2.488554,15.283121,21.337795,0.008577341,0.013869567,65431.66,0.999696,925.1692,19.860317,46.74941571231324,-121.80769402367393, 
2025-07-09 14:42:57,1.0785326,10.14381,2.4885645,15.283387,21.338158,0.008577513,0.0138698025,65430.523,0.999696,925.1657,19.860092,46.74941571230936,-121.80769402367216, 
2025-07-09 14:42:58,1.0785371,10.143827,2.4885752,15.283653,21.338518,0.008577683,0.013870037,65429.383,0.999696,925.1623,19.859867,46.749415514710115,-121.80769393276574, 
2025-07-09 14:42:59,1.0785409,10.143603,2.4885838,15.281907,21.336208,0.008576588,0.013868537,65436.86,0.999696,925.214,19.86,46.749415331986356,-121.80769384870287, 
2025-07-09 14:43:00,1.0785444,10.143603,2.4885917,15.281842,21.336119,0.008576546,0.013868478,65437.137,0.999696,925.2155,19.86,46.74941519320378,-121.80769378485535, 
2025-07-09 14:43:01,1.0786917,10.143129,2.4889317,15.284272,21.339783,0.008578272,0.013870859,65426.734,0.99969614,925.17535,19.86,46.749415093998394,-121.80769373921548, 
2025-07-09 14:43:02,1.0787009,10.143094,2.4889526,15.284384,21.339958,0.008578354,0.013870973,65426.258,0.99969614,925.17413,19.86,46.74941500964942,-121.80769370041034, 
2025-07-09 14:43:03,1.07871,10.143059,2.4889736,15.284495,21.340134,0.008578436,0.013871087,65425.78,0.99969614,925.17285,19.86,46.7494149432961,-121.80769366988422, 
2025-07-09 14:43:04,1.0787143,10.143832,2.4889836,15.28524,21.340734,0.008578728,0.013871477,65422.59,0.999696,925.21423,19.868576,46.7494149432961,-121.80769366988422, 
2025-07-09 14:43:05,1.0787182,10.1438675,2.4889925,15.285347,21.340862,0.008578789,0.013871561,65422.133,0.999696,925.2157,19.8691,46.7494149432961,-121.80769366988422, 
2025-07-09 14:43:06,1.078722,10.143903,2.4890015,15.285453,21.34099,0.00857885,0.013871644,65421.68,0.999696,925.2172,19.869625,46.7494149432961,-121.80769366988422, 
2025-07-09 14:43:07,1.0790954,10.14425,2.4898632,15.287063,21.343039,0.008579825,0.0138729755,65414.79,0.99969596,925.21844,19.869757,46.74941481617341,-121.80769361140085, 
2025-07-09 14:43:08,1.079118,10.14429,2.4899154,15.287179,21.343178,0.008579891,0.013873066,65414.293,0.99969596,925.21954,19.869982,46.7494148033264,-121.80769360549051, 
2025-07-09 14:43:09,1.0788811,10.14454,2.4893687,15.284282,21.338993,0.008577918,0.013870345,65426.69,0.99969596,925.228,19.86162,46.74941480332622,-121.80769360549043, 
2025-07-09 14:43:10,1.0788754,10.144563,2.4893556,15.284142,21.338783,0.008577819,0.013870209,65427.293,0.99969596,925.2286,19.861101,46.74941480332602,-121.80769360549036, 
2025-07-09 14:43:11,1.0788697,10.144586,2.4893422,15.284001,21.338575,0.00857772,0.013870073,65427.895,0.99969596,925.22906,19.860584,46.749414803325834,-121.8076936054903, 
2025-07-09 14:43:12,1.0784657,10.144512,2.4884105,15.283216,21.33752,0.008577222,0.013869389,65431.254,0.99969596,925.238,19.868933,46.74941480332565,-121.80769360549023, 
2025-07-09 14:43:13,1.0784348,10.144513,2.4883392,15.283096,21.33735,0.008577143,0.013869279,65431.77,0.99969596,925.2387,19.86924,46.74941480332545,-121.80769360549016, 
2025-07-09 14:43:14,1.078404,10.144515,2.4882681,15.282975,21.337183,0.008577063,0.013869169,65432.28,0.99969596,925.23944,19.869549,46.74941480332527,-121.80769360549004, 
2025-07-09 14:43:15,1.0785365,10.14451,2.4885738,15.28341,21.337791,0.0085773505,0.013869564,65430.426,0.99969596,925.23944,19.869762,46.74941479439435,-121.8076936013813, 
2025-07-09 14:43:16,1.0785341,10.144508,2.4885683,15.283416,21.337801,0.008577355,0.013869571,65430.4,0.99969596,925.2397,19.86999,46.74941479439421,-121.80769360138126, 
2025-07-09 14:43:17,1.0782949,10.144732,2.4880161,15.283023,21.337126,0.0085770385,0.013869131,65432.082,0.99969596,925.1724,19.861595,46.74941220608027,-121.80767144448532, 
2025-07-09 14:43:18,1.0782831,10.144747,2.4879892,15.283008,21.337097,0.0085770255,0.013869112,65432.15,0.99969596,925.1682,19.86107,46.74941381756251,-121.80767245849059, 
2025-07-09 14:43:19,1.0782713,10.144761,2.487962,15.282992,21.337067,0.0085770115,0.013869094,65432.21,0.99969596,925.16406,19.860546,46.749413830039884,-121.8076724571515, 
2025-07-09 14:43:20,1.078899,10.145016,2.4894102,15.278838,21.331121,0.008574208,0.013865229,65450,0.9996959,925.2309,19.868904,46.74941383003979,-121.80767245715238, 
2025-07-09 14:43:21,1.0789313,10.145037,2.4894848,15.278575,21.330742,0.0085740285,0.013864982,65451.133,0.9996959,925.2333,19.869204,46.74941381137789,-121.80767265425504, 
2025-07-09 14:43:22,1.0789636,10.145058,2.4895592,15.278311,21.33036,0.00857385,0.013864734,65452.26,0.9996959,925.2357,19.869503,46.74941542020824,-121.8076724436133, 
2025-07-09 14:43:23,1.077948,10.145299,2.4872158,15.271097,21.32015,0.008569036,0.013858099,65483.184,0.9996959,925.15894,19.878504,46.74941543675038,-121.80767245705239, 
2025-07-09 14:43:24,1.0779029,10.145319,2.487112,15.270559,21.31939,0.008568676,0.013857603,65485.484,0.9996959,925.156,19.879251,46.74941543675038,-121.80767245705239, 
2025-07-09 14:43:25,1.077858,10.14534,2.487008,15.270022,21.318626,0.008568317,0.013857108,65487.79,0.9996959,925.15314,19.880001,46.74941543675038,-121.80767245705239, 
2025-07-09 14:43:26,1.0781395,10.145091,2.487658,15.284318,21.33873,0.008577801,0.013870174,65426.543,0.9996959,925.1869,19.870932,46.74941543675038,-121.80767245705239, 
2025-07-09 14:43:27,1.0781305,10.145082,2.4876373,15.284964,21.339636,0.008578229,0.013870762,65423.78,0.9996959,925.18695,19.870638,46.74941535133538,-121.80767242865426, 
2025-07-09 14:43:28,1.0786253,10.145075,2.4887788,15.278612,21.330774,0.008574045,0.013865003,65450.97,0.9996959,925.2054,19.870346,46.749415371100355,-121.80767243522556, 
2025-07-09 14:43:29,1.078662,10.145069,2.4888635,15.278556,21.330698,0.008574009,0.013864953,65451.215,0.9996959,925.20734,19.870125,46.7494153857977,-121.80767244011201, 
2025-07-09 14:43:30,1.0786988,10.145062,2.4889483,15.278499,21.330622,0.008573973,0.013864904,65451.457,0.9996959,925.2092,19.869902,46.7494153986676,-121.8076724443909, 
2025-07-09 14:43:31,1.0788186,10.145546,2.489225,15.281914,21.335112,0.0085761,0.0138678225,65436.832,0.99969584,925.1829,19.87,46.749415408062156,-121.80767244751434, 
2025-07-09 14:43:32,1.078838,10.145576,2.4892697,15.281961,21.335161,0.008576124,0.013867855,65436.625,0.99969584,925.18176,19.87,46.74941541566786,-121.807672450043, 
2025-07-09 14:43:33,1.0788574,10.145604,2.4893146,15.282009,21.33521,0.008576148,0.013867888,65436.42,0.99969584,925.1806,19.87,46.749415421396904,-121.80767245194775, 
2025-07-09 14:43:34,1.078732,10.145843,2.489025,15.295753,21.354263,0.008585141,0.013880272,65377.633,0.99969584,925.207,19.87,46.74941682602321,-121.8076752930554, 
2025-07-09 14:43:35,1.0787282,10.145869,2.489016,15.296649,21.355501,0.008585725,0.013881076,65373.797,0.99969584,925.2078,19.87,46.74941713521633,-121.80767590132126, 
2025-07-09 14:43:36,1.0782415,10.146271,2.4878933,15.283915,21.337494,0.008577234,0.013869371,65428.27,0.9996958,925.20013,19.87,46.74941713521633,-121.80767590132126, 
2025-07-09 14:43:37,1.0782089,10.146301,2.4878185,15.283456,21.336838,0.008576924,0.013868944,65430.234,0.9996958,925.2003,19.87,46.74941713521633,-121.80767590132126, 
2025-07-09 14:43:38,1.0781764,10.146332,2.4877434,15.282997,21.33618,0.008576614,0.013868516,65432.195,0.9996958,925.20044,19.87,46.74941713521633,-121.80767590132126, 
2025-07-09 14:43:39,1.0786629,10.146495,2.4888656,15.284248,21.337833,0.008577398,0.013869592,65426.836,0.9996958,925.1912,19.878725,46.74941713521633,-121.80767590132126, 
2025-07-09 14:43:40,1.0786797,10.146515,2.4889045,15.284003,21.33748,0.008577231,0.013869362,65427.887,0.9996958,925.1905,19.87925,46.74941713521633,-121.80767590132126, 
2025-07-09 14:43:41,1.0786966,10.146535,2.4889436,15.283757,21.337126,0.008577065,0.013869132,65428.934,0.9996958,925.18976,19.879774,46.74941438359461,-121.80767459385736, 
2025-07-09 14:43:42,1.078825,10.146608,2.48924,15.277575,21.328451,0.0085729705,0.013863494,65455.418,0.9996958,925.17206,19.879812,46.74941438359461,-121.80767459385736, 
2025-07-09 14:43:43,1.0788444,10.146617,2.4892848,15.277235,21.327972,0.008572744,0.013863182,65456.87,0.9996958,925.1708,19.880037,46.74941438359461,-121.80767459385736, 
2025-07-09 14:43:44,1.0777409,10.146619,2.4867384,15.279432,21.33104,0.0085741915,0.013865176,65447.457,0.9996958,925.1534,19.88,46.749414575352674,-121.80767460619249, 
2025-07-09 14:43:45,1.0776767,10.146621,2.48659,15.279413,21.33101,0.008574178,0.013865158,65447.54,0.9996958,925.1519,19.88,46.749414575352674,-121.80767460619249, 
2025-07-09 14:43:46,1.0776123,10.146623,2.4864416,15.279394,21.330984,0.008574165,0.01386514,65447.62,0.9996958,925.1504,19.88,46.749414575352674,-121.80767460619249, 
2025-07-09 14:43:47,1.0782014,10.146942,2.487801,15.278492,21.329542,0.008573491,0.013864202,65451.484,0.9996957,925.2027,19.88,46.749414534797914,-121.80767460358375, 
2025-07-09 14:43:48,1.0782099,10.146961,2.4878206,15.278492,21.32953,0.008573486,0.013864195,65451.49,0.9996957,925.20544,19.88,46.749414534797914,-121.80767460358375, 
2025-07-09 14:43:49,1.0782182,10.14698,2.48784,15.278491,21.32952,0.008573481,0.0138641875,65451.49,0.9996957,925.2082,19.88,46.749414534797914,-121.80767460358375, 
2025-07-09 14:43:50,1.0785,10.146825,2.48849,15.280667,21.332645,0.008574952,0.01386622,65442.17,0.9996958,925.1641,19.88,46.749414534797914,-121.80767460358375, 
2025-07-09 14:43:51,1.0785311,10.146825,2.488562,15.280771,21.332792,0.008575021,0.013866315,65441.723,0.9996958,925.16284,19.88,46.749414436917746,-121.8076745972874, 
2025-07-09 14:43:52,1.0787956,10.147131,2.489172,15.282074,21.334436,0.008575802,0.013867384,65436.145,0.9996957,925.1699,19.888542,46.749414425379186,-121.80767459654516, 
2025-07-09 14:43:53,1.0788181,10.147146,2.489224,15.282207,21.334612,0.008575885,0.013867498,65435.58,0.9996957,925.1693,19.889069,46.749414415483486,-121.80767459590862, 
2025-07-09 14:43:54,1.0788406,10.1471615,2.489276,15.282338,21.334787,0.0085759675,0.013867612,65435.01,0.9996957,925.1687,19.889593,46.749414415483365,-121.80767459590862, 
2025-07-09 14:43:55,1.0787287,10.147489,2.4890177,15.280854,21.33253,0.008574908,0.013866144,65441.367,0.9996957,925.17816,19.889734,46.749414415483244,-121.8076745959086, 
2025-07-09 14:43:56,1.0787288,10.147515,2.489018,15.280798,21.332436,0.008574864,0.013866084,65441.61,0.9996957,925.1789,19.88996,46.74941441548311,-121.80767459590857, 
2025-07-09 14:43:57,1.0787288,10.147543,2.489018,15.280742,21.332342,0.00857482,0.013866022,65441.85,0.9996957,925.1796,19.890184,46.749414415482974,-121.80767459590854, 
2025-07-09 14:43:58,1.0784322,10.147213,2.488334,15.279624,21.330969,0.008574167,0.01386513,65446.637,0.9996957,925.1441,19.89,46.749414415482974,-121.80767459590854, 
2025-07-09 14:43:59,1.0784123,10.1472025,2.488288,15.279522,21.330833,0.008574103,0.013865042,65447.074,0.9996957,925.1423,19.89,46.749414415482704,-121.80767459590854, 
2025-07-09 14:44:00,1.0785334,10.147814,2.4885676,15.267239,21.313337,0.0085658515,0.013853669,65499.74,0.99969566,925.1157,19.89,46.749414415482576,-121.80767459590851, 
2025-07-09 14:44:01,1.078534,10.147843,2.488569,15.266463,21.312237,0.008565332,0.013852954,65503.062,0.99969566,925.1133,19.89,46.749414415482455,-121.8076745959085, 
2025-07-09 14:44:02,1.0785347,10.147873,2.4885705,15.265687,21.311138,0.008564813,0.013852239,65506.39,0.99969566,925.11084,19.89,46.749414415482335,-121.80767459590847, 
2025-07-09 14:44:03,1.0782,10.148138,2.487798,15.278454,21.328808,0.00857316,0.013863726,65451.656,0.99969566,925.1368,19.89,46.749414415482214,-121.80767459590844, 
2025-07-09 14:44:04,1.0781826,10.1481695,2.4877577,15.278933,21.329458,0.008573467,0.013864148,65449.605,0.99969566,925.1377,19.89,46.749414415482086,-121.80767459590841, 
2025-07-09 14:44:05,1.078165,10.148201,2.4877174,15.27941,21.330109,0.008573774,0.01386457,65447.555,0.99969566,925.1387,19.89,46.74941440857864,-121.80767459546436, 
2025-07-09 14:44:06,1.0789042,10.147939,2.4894228,15.279376,21.33021,0.008573817,0.013864636,65447.695,0.99969566,925.1922,19.898834,46.74941440326121,-121.80767459512234, 
2025-07-09 14:44:07,1.0789386,10.147931,2.4895024,15.279703,21.330671,0.008574035,0.013864936,65446.297,0.99969566,925.196,19.899351,46.749414403261135,-121.80767459512234, 
2025-07-09 14:44:08,1.0916314,10.14863,2.5187893,15.272561,21.320303,0.008569152,0.013858196,65476.906,0.9996956,925.1464,19.899641,46.749414403261056,-121.80767459512234, 
2025-07-09 14:44:09,1.0924323,10.148667,2.5206373,15.272119,21.319662,0.00856885,0.013857781,65478.805,0.9996956,925.1446,19.899862,46.74941440326097,-121.80767459512234, 
2025-07-09 14:44:10,1.0932332,10.1487055,2.5224853,15.271675,21.319023,0.008568549,0.013857365,65480.703,0.9996956,925.14276,19.900084,46.74941440326089,-121.80767459512231, 
2025-07-09 14:44:11,1.080681,10.148952,2.493523,15.268176,21.314,0.008566181,0.013854099,65495.71,0.99969554,925.1761,19.9,46.749414403260815,-121.80767459512228, 
2025-07-09 14:44:12,1.0802475,10.148984,2.4925227,15.267785,21.313437,0.008565916,0.013853733,65497.383,0.99969554,925.1768,19.9,46.749414403260744,-121.80767459512228, 
2025-07-09 14:44:13,1.0798141,10.149017,2.4915228,15.267395,21.312872,0.00856565,0.013853367,65499.06,0.99969554,925.17755,19.9,46.74941440326066,-121.80767459512228, 
2025-07-09 14:44:14,1.0790727,10.149578,2.4898121,15.272763,21.320045,0.008569044,0.01385803,65476.04,0.9996955,925.14343,19.908857,46.74941440326059,-121.80767459512225, 
2025-07-09 14:44:15,1.0787209,10.149618,2.4890003,15.272986,21.320333,0.008569181,0.013858218,65475.08,0.9996955,925.1423,19.90938,46.7494144032605,-121.80767459512224, 
2025-07-09 14:44:16,1.0784571,10.149881,2.4883916,15.273017,21.320229,0.0085691335,0.013858149,65474.95,0.9996955,925.1412,19.901155,46.74941440326042,-121.80767459512224, 
2025-07-09 14:44:17,1.0784304,10.149911,2.4883301,15.273142,21.320387,0.008569208,0.013858251,65474.414,0.9996955,925.14026,19.90086,46.74941440326034,-121.80767459512224, 
2025-07-09 14:44:18,1.0784037,10.1499405,2.4882686,15.273268,21.320545,0.0085692825,0.013858354,65473.875,0.9996955,925.13934,19.900564,46.74941440326026,-121.80767459512224, 
2025-07-09 14:44:19,1.0782818,10.14994,2.487987,15.271612,21.318233,0.008568193,0.013856852,65480.973,0.9996955,925.1745,19.900284,46.749414403260175,-121.80767459512221, 
2025-07-09 14:44:20,1.0782672,10.149946,2.4879534,15.271512,21.318089,0.008568125,0.013856758,65481.402,0.9996955,925.17664,19.90006,46.749414403260104,-121.80767459512221, 
2025-07-09 14:44:21,1.0782526,10.149953,2.4879198,15.271411,21.317945,0.008568057,0.013856664,65481.836,0.9996955,925.1788,19.899837,46.749414403260026,-121.80767459512221, 
2025-07-09 14:44:22,1.0785142,10.150664,2.4885235,15.275113,21.32271,0.008570314,0.013859762,65465.96,0.9996954,925.1435,19.908857,46.74941440325995,-121.80767459512221, 
2025-07-09 14:44:23,1.0785263,10.150707,2.4885514,15.275291,21.322933,0.008570421,0.013859907,65465.2,0.9996954,925.14233,19.909382,46.74941440325987,-121.80767459512221, 
2025-07-09 14:44:24,1.0787928,10.150346,2.4891663,15.276153,21.32434,0.00857108,0.013860823,65461.508,0.9996954,925.1581,19.90964,46.74941440325981,-121.80767459512221, 
2025-07-09 14:44:25,1.0788151,10.150341,2.4892178,15.276293,21.32454,0.008571173,0.013860951,65460.906,0.9996954,925.1582,19.909864,46.749412708671656,-121.80766849304001, 
2025-07-09 14:44:26,1.0788374,10.150336,2.4892695,15.276433,21.324738,0.008571267,0.01386108,65460.31,0.9996954,925.1583,19.910088,46.74941268891195,-121.80766850038081, 
2025-07-09 14:44:27,1.0787282,10.15111,2.4890172,15.271726,21.317728,0.00856797,0.013856523,65480.484,0.99969536,925.13306,19.91,46.74941268891195,-121.80766850038081, 
2025-07-09 14:44:28,1.0787281,10.151148,2.489017,15.27146,21.317333,0.008567786,0.013856268,65481.625,0.99969536,925.1319,19.91,46.74941268891195,-121.80766850038081, 
2025-07-09 14:44:29,1.078728,10.151186,2.489017,15.2711935,21.31694,0.0085676005,0.013856011,65482.766,0.99969536,925.13074,19.91,46.74941268891195,-121.80766850038081, 
2025-07-09 14:44:30,1.0789658,10.151041,2.4895656,15.270153,21.315569,0.00856695,0.013855121,65487.227,0.99969536,925.17456,19.918852,46.74941424162834,-121.80766729970323, 
2025-07-09 14:44:31,1.0789772,10.151052,2.4895918,15.269971,21.31531,0.0085668275,0.013854952,65488.008,0.99969536,925.17645,19.919376,46.74941424162834,-121.80766729970323, 
2025-07-09 14:44:32,1.0783558,10.151901,2.4881585,15.300532,21.357487,0.008586748,0.013882367,65357.25,0.9996953,925.1694,19.919643,46.74941424162834,-121.80766729970323, 
2025-07-09 14:44:33,1.0783231,10.151951,2.4880831,15.302393,21.360056,0.008587961,0.013884037,65349.29,0.9996953,925.17,19.919868,46.74941220566097,-121.80766679098727, 
2025-07-09 14:44:34,1.0782905,10.151999,2.4880078,15.304255,21.362627,0.008589175,0.013885708,65341.324,0.9996953,925.1706,19.920094,46.74941220566097,-121.80766679098727, 
2025-07-09 14:44:35,1.0786768,10.151708,2.488899,15.276008,21.323364,0.008570639,0.013860187,65462.16,0.9996953,925.1356,19.911404,46.74941220566097,-121.80766679098727, 
2025-07-09 14:44:36,1.078684,10.151712,2.4889154,15.2751045,21.3221,0.008570043,0.013859365,65466.023,0.9996953,925.13336,19.910892,46.74941220566097,-121.80766679098727, 
2025-07-09 14:44:37,1.0786911,10.151716,2.488932,15.2742,21.320835,0.008569447,0.013858544,65469.89,0.9996953,925.1311,19.910381,46.749412311015526,-121.8076669092311, 
2025-07-09 14:44:38,1.0787085,10.1522665,2.4889724,15.275568,21.322433,0.008570206,0.013859582,65464.023,0.99969524,925.15704,19.919033,46.74941228706055,-121.80766688234544, 
2025-07-09 14:44:39,1.0787188,10.152292,2.488996,15.274974,21.32159,0.008569809,0.013859034,65466.562,0.99969524,925.1577,19.919334,46.74941226634144,-121.80766685909153, 
2025-07-09 14:44:40,1.0785713,10.152066,2.4886558,15.276506,21.323856,0.008570874,0.013860508,65459.992,0.9996953,925.1331,19.919622,46.749412252080496,-121.80766684308585, 
2025-07-09 14:44:41,1.078562,10.152065,2.4886343,15.276663,21.324076,0.0085709775,0.01386065,65459.32,0.9996953,925.1322,19.919846,46.74941225194961,-121.80766684293893, 
2025-07-09 14:44:42,1.0785526,10.152064,2.488613,15.27682,21.324295,0.008571081,0.013860793,65458.65,0.9996953,925.1313,19.920069,46.74941225194961,-121.80766684293893, 
2025-07-09 14:44:43,1.0785497,10.152055,2.488606,15.291356,21.344591,0.008580663,0.013873985,65396.434,0.9996953,925.12195,19.92,46.74941225194961,-121.80766684293893, 
2025-07-09 14:44:44,1.0785457,10.152048,2.488597,15.292279,21.345884,0.008581273,0.013874825,65392.484,0.9996953,925.1207,19.92,46.74941225194961,-121.80766684293893, 
2025-07-09 14:44:45,1.0785418,10.152041,2.4885876,15.293201,21.347176,0.008581883,0.013875664,65388.53,0.9996953,925.1195,19.92,46.74941222018977,-121.80766680729354, 
2025-07-09 14:44:46,1.0782913,10.152459,2.4880097,15.2832155,21.332998,0.008575195,0.013866449,65431.26,0.99969524,925.12866,19.92874,46.74941222018977,-121.80766680729354, 
2025-07-09 14:44:47,1.0782764,10.152484,2.4879754,15.283001,21.332685,0.008575048,0.013866246,65432.176,0.99969524,925.12897,19.929253,46.74941222018977,-121.80766680729354, 
2025-07-09 14:44:48,1.0783821,10.1525,2.4882193,15.276557,21.32368,0.008570798,0.013860391,65459.78,0.99969524,925.1462,19.929598,46.74941222018977,-121.80766680729354, 
2025-07-09 14:44:49,1.0783828,10.152511,2.4882212,15.275926,21.322792,0.00857038,0.013859815,65462.484,0.99969524,925.14746,19.92982,46.74941221403259,-121.80766680038309, 
2025-07-09 14:44:50,1.0783837,10.152521,2.488223,15.275295,21.321905,0.0085699605,0.0138592385,65465.184,0.99969524,925.1487,19.930038,46.74941221403254,-121.80766680038303, 
2025-07-09 14:44:51,1.0791357,10.153228,2.4899583,15.272388,21.317448,0.008567868,0.013856341,65477.645,0.9996952,925.1061,19.93,46.74941221403252,-121.80766680038302, 
2025-07-09 14:44:52,1.0791844,10.153271,2.4900706,15.272056,21.31696,0.008567638,0.013856024,65479.07,0.9996952,925.1039,19.93,46.749412214032475,-121.80766680038299, 
2025-07-09 14:44:53,1.079233,10.153315,2.4901829,15.271724,21.316471,0.008567408,0.013855706,65480.492,0.9996952,925.1017,19.93,46.749412214032475,-121.80766680038299, 
2025-07-09 14:44:54,1.0783573,10.1526,2.488162,15.273571,21.319454,0.008568806,0.013857646,65472.57,0.99969524,925.136,19.947548,46.749412210537315,-121.80766679646021, 
2025-07-09 14:44:55,1.0783241,10.1525755,2.4880853,15.273604,21.319515,0.008568834,0.013857685,65472.426,0.99969524,925.13696,19.948597,46.74941220923202,-121.80766679499523, 
2025-07-09 14:44:56,1.078686,10.153477,2.4889207,15.26065,21.30092,0.00856007,0.013845597,65528.02,0.9996952,925.1466,19.940798,46.74941220841132,-121.8076667940741, 
2025-07-09 14:44:57,1.0786878,10.153516,2.4889247,15.259885,21.299831,0.008559556,0.01384489,65531.3,0.9996952,925.148,19.940722,46.74941220775732,-121.80766679334006, 
2025-07-09 14:44:58,1.0786896,10.153555,2.488929,15.25912,21.29874,0.008559043,0.013844181,65534.582,0.9996952,925.1494,19.940647,46.74941220730097,-121.8076667928279, 
2025-07-09 14:44:59,1.0784234,10.153983,2.4883149,15.304001,21.361143,0.008588503,0.013884744,65342.473,0.9996951,925.1494,19.948912,46.74941057601185,-121.80767847433111, 
2025-07-09 14:45:00,1.0784167,10.154032,2.4882994,15.306412,21.36448,0.008590079,0.013886913,65332.156,0.9996951,925.14966,19.949211,46.749410579580335,-121.80767848988418, 
2025-07-09 14:45:01,1.07841,10.154081,2.4882839,15.308822,21.367815,0.008591654,0.013889081,65321.844,0.9996951,925.14984,19.94951,46.74940941301692,-121.80767509405261, 
2025-07-09 14:45:02,1.078684,10.153906,2.488916,15.28102,21.329111,0.00857338,0.013863922,65440.688,0.9996951,925.1065,19.94973,46.749409355616194,-121.80767160290463, 
2025-07-09 14:45:03,1.078693,10.153907,2.488937,15.280548,21.328451,0.008573068,0.013863494,65442.703,0.9996951,925.104,19.949955,46.74941115423068,-121.8076638661189, 
2025-07-09 14:45:04,1.0787021,10.153908,2.488958,15.280076,21.327791,0.008572757,0.013863065,65444.715,0.9996951,925.1015,19.95018,46.749406533294376,-121.8076656246625, 
2025-07-09 14:45:05,1.0780228,10.154224,2.4873908,15.279794,21.327217,0.008572492,0.013862692,65445.918,0.9996951,925.14557,19.95,46.7494075653953,-121.80766748367303, 
2025-07-09 14:45:06,1.0779885,10.154241,2.4873116,15.279154,21.326317,0.008572067,0.013862106,65448.65,0.9996951,925.1472,19.95,46.7494075653953,-121.80766748367303, 
2025-07-09 14:45:07,1.0789992,10.1543255,2.4896433,15.271331,21.315348,0.00856689,0.013854977,65482.18,0.9996951,925.1909,19.958559,46.7494075653953,-121.80766748367303, 
2025-07-09 14:45:08,1.0790443,10.154339,2.4897475,15.27088,21.314713,0.008566589,0.013854562,65484.113,0.9996951,925.1947,19.959084,46.7494075653953,-121.80766748367303, 
2025-07-09 14:45:09,1.0790894,10.154352,2.4898517,15.27043,21.314075,0.008566289,0.013854149,65486.043,0.9996951,925.1985,19.959608,46.74940760038215,-121.80766755988499, 
2025-07-09 14:45:10,1.0788567,10.154434,2.4893148,15.266362,21.308352,0.008563589,0.013850429,65503.496,0.99969506,925.16345,19.959742,46.7494075911262,-121.80766753972274, 
2025-07-09 14:45:11,1.078868,10.154442,2.489341,15.26592,21.307732,0.008563297,0.013850026,65505.387,0.99969506,925.1625,19.959967,46.7494075911262,-121.80766753972274, 
2025-07-09 14:45:12,1.0788795,10.154449,2.4893672,15.265478,21.307112,0.0085630035,0.013849623,65507.28,0.99969506,925.1615,19.960192,46.7494075848644,-121.80766752608261, 
2025-07-09 14:45:13,1.0915931,10.154693,2.5187023,15.263741,21.304546,0.0085617965,0.0138479555,65514.74,0.99969506,925.1693,19.96,46.74940758486432,-121.80766752608244, 
2025-07-09 14:45:14,1.0923365,10.154709,2.5204177,15.263528,21.30424,0.008561652,0.013847756,65515.652,0.99969506,925.16895,19.96,46.74940758486423,-121.80766752608226, 
2025-07-09 14:45:15,1.080367,10.154715,2.4927995,15.270483,21.313946,0.0085662315,0.013854065,65485.816,0.99969506,925.1438,19.96,46.74940758486416,-121.80766752608208, 
2025-07-09 14:45:16,1.0799397,10.154721,2.4918137,15.270861,21.314468,0.008566478,0.013854405,65484.195,0.99969506,925.14246,19.96,46.74940758486409,-121.8076675260819, 
2025-07-09 14:45:17,1.0795125,10.154727,2.4908278,15.271237,21.314991,0.008566725,0.013854746,65482.58,0.99969506,925.1411,19.96,46.749407584864,-121.80766752608173, 
2025-07-09 14:45:18,1.079581,10.154804,2.490986,15.277561,21.323772,0.008570874,0.013860452,65455.473,0.99969506,925.16675,19.968744,46.74940758486392,-121.80766752608154, 
2025-07-09 14:45:19,1.0792888,10.154809,2.4903119,15.278117,21.324545,0.008571239,0.013860954,65453.094,0.99969506,925.16766,19.969275,46.74940758486384,-121.80766752608137, 
2025-07-09 14:45:20,1.0789967,10.154814,2.4896376,15.278673,21.325317,0.008571604,0.013861456,65450.71,0.99969506,925.1686,19.969805,46.74940758486375,-121.80766752608119, 
2025-07-09 14:45:21,1.0784792,10.15514,2.4884439,15.275067,21.320099,0.008569144,0.013858065,65466.16,0.999695,925.1691,19.978706,46.74940758484204,-121.8076675260339, 
2025-07-09 14:45:22,1.078446,10.155161,2.4883673,15.2750225,21.320026,0.008569109,0.0138580175,65466.35,0.999695,925.1698,19.979456,46.74940758484196,-121.80766752603371, 
2025-07-09 14:45:23,1.0787008,10.155091,2.488955,15.270294,21.313467,0.008566012,0.013853753,65486.625,0.999695,925.1612,19.979641,46.749407580861195,-121.8076675173624, 
2025-07-09 14:45:24,1.078698,10.155095,2.4889486,15.26993,21.312956,0.00856577,0.0138534205,65488.188,0.999695,925.1607,19.979864,46.74940757753324,-121.80766751011308, 
2025-07-09 14:45:25,1.0786952,10.155098,2.4889421,15.269565,21.312445,0.008565529,0.013853089,65489.75,0.999695,925.1602,19.980087,46.74940757748993,-121.80766751001873, 
2025-07-09 14:45:26,1.0782151,10.155575,2.4878347,15.267986,21.309969,0.008564369,0.013851481,65496.523,0.999695,925.15125,19.97122,46.74940757472966,-121.80766750400603, 
2025-07-09 14:45:27,1.0781916,10.155603,2.4877806,15.267776,21.30966,0.008564223,0.013851279,65497.426,0.999695,925.15045,19.970676,46.74940757234934,-121.80766749882099, 
2025-07-09 14:45:28,1.0781682,10.155631,2.4877264,15.267566,21.30935,0.008564077,0.013851078,65498.33,0.999695,925.1497,19.970135,46.749430040913616,-121.80769740949134, 
2025-07-09 14:45:29,1.0658287,10.156038,2.4592547,15.2653885,21.306082,0.008562539,0.013848952,65507.668,0.99969494,925.1676,19.979053,46.74943189481668,-121.80769953122415, 
2025-07-09 14:45:30,1.0650883,10.156075,2.4575465,15.265216,21.305819,0.008562415,0.0138487825,65508.41,0.99969494,925.16846,19.979345,46.749432228837826,-121.80769698160263, 
2025-07-09 14:45:31,1.0772458,10.15601,2.485598,15.261944,21.301289,0.008560276,0.013845837,65522.457,0.99969494,925.16895,19.988127,46.749427243742865,-121.8077043751836, 
2025-07-09 14:45:32,1.0776887,10.156016,2.48662,15.261691,21.300934,0.008560108,0.013845606,65523.54,0.99969494,925.16943,19.988865,46.74942775742459,-121.80769685141823, 
2025-07-09 14:45:33,1.0781317,10.156022,2.487642,15.261439,21.300577,0.008559939,0.013845375,65524.62,0.99969494,925.16986,19.989601,46.749427675304226,-121.80769694799153, 
2025-07-09 14:45:34,1.0783415,10.155855,2.4881263,15.26365,21.303759,0.00856144,0.013847442,65515.13,0.99969494,925.14343,19.98972,46.749428472866775,-121.80769608420816, 
2025-07-09 14:45:35,1.0786501,10.155844,2.4888384,15.263705,21.30384,0.00856148,0.013847496,65514.895,0.99969494,925.14185,19.989939,46.74943096678081,-121.80768726707382, 
2025-07-09 14:45:36,1.0789589,10.155832,2.4895508,15.26376,21.303925,0.008561519,0.013847551,65514.656,0.99969494,925.14026,19.990158,46.74943123790029,-121.80768553412723, 
2025-07-09 14:45:37,1.0782253,10.156326,2.4878583,15.263995,21.303972,0.008561547,0.013847582,65513.645,0.99969494,925.1314,19.99,46.74943451280189,-121.80768053522023, 
2025-07-09 14:45:38,1.0781897,10.156351,2.4877763,15.264066,21.304056,0.008561586,0.013847637,65513.344,0.99969494,925.1302,19.99,46.74943352777485,-121.80768498754117, 
2025-07-09 14:45:39,1.077999,10.15644,2.487336,15.26315,21.302729,0.008560963,0.013846775,65517.273,0.9996949,925.1814,20.007113,46.74943185834245,-121.80768228944814, 
2025-07-09 14:45:40,1.0779755,10.156457,2.4872818,15.263099,21.302647,0.008560925,0.0138467215,65517.496,0.9996949,925.1843,20.008173,46.74943173652021,-121.80768262963286, 
2025-07-09 14:45:41,1.077952,10.156473,2.4872277,15.263047,21.302565,0.008560886,0.013846668,65517.72,0.9996949,925.1873,20.009233,46.74943173652021,-121.80768262963286, 
2025-07-09 14:45:42,1.0786234,10.156866,2.4887772,15.272868,21.31605,0.008567255,0.013855432,65475.59,0.9996949,925.13605,20.00947,46.749428837014946,-121.80766978569153, 
2025-07-09 14:45:43,1.0786587,10.156892,2.4888585,15.273432,21.316822,0.008567619,0.013855934,65473.17,0.9996949,925.13434,20.009924,46.74942871270191,-121.807669732066, 
2025-07-09 14:45:44,1.078694,10.156918,2.4889398,15.273995,21.317595,0.008567984,0.013856436,65470.754,0.9996949,925.13257,20.01038,46.749430184595255,-121.80767067832507, 
2025-07-09 14:45:45,1.0790851,10.157334,2.4898422,15.275689,21.319721,0.008568996,0.013857819,65463.492,0.9996948,925.13983,20.01,46.74943024319268,-121.80767144472748, 
2025-07-09 14:45:46,1.0791249,10.15737,2.4899342,15.276035,21.320185,0.0085692145,0.01385812,65462.01,0.9996948,925.13904,20.01,46.74943022708907,-121.80767123410646, 
2025-07-09 14:45:47,1.0783815,10.15723,2.488219,15.273585,21.316843,0.008567635,0.013855949,65472.51,0.9996948,925.18134,20.018406,46.749430216068106,-121.807671089962, 
2025-07-09 14:45:48,1.0783465,10.157232,2.4881382,15.2734785,21.316694,0.008567564,0.013855851,65472.97,0.9996948,925.1841,20.018908,46.749430207514216,-121.80767097808459, 
2025-07-09 14:45:49,1.0783114,10.157233,2.4880574,15.273373,21.316544,0.008567493,0.013855754,65473.426,0.9996948,925.1868,20.01941,46.74942808676844,-121.80767525086867, 
2025-07-09 14:45:50,1.0791571,10.157536,2.4900086,15.275244,21.318985,0.00856865,0.013857341,65465.402,0.9996948,925.1447,20.011003,46.7494292277231,-121.80767468930523, 
2025-07-09 14:45:51,1.0791912,10.157551,2.4900875,15.275301,21.319057,0.008568685,0.013857387,65465.16,0.9996948,925.1431,20.010689,46.74942938669285,-121.80767402762866, 
2025-07-09 14:45:52,1.0792254,10.157566,2.4901664,15.275358,21.319128,0.008568718,0.013857434,65464.914,0.9996948,925.1416,20.010374,46.74942936621207,-121.80767405190619, 
2025-07-09 14:45:53,1.0788746,10.157817,2.4893568,15.266389,21.306469,0.008562746,0.013849205,65503.38,0.99969476,925.1764,20.01913,46.74942936603898,-121.80767405211135, 
2025-07-09 14:45:54,1.0788751,10.15784,2.489358,15.265893,21.305765,0.008562414,0.013848748,65505.504,0.99969476,925.1774,20.019445,46.7494293507961,-121.80767407017997, 
2025-07-09 14:45:55,1.0787524,10.15863,2.489075,15.268767,21.309326,0.008564105,0.013851061,65493.176,0.9996947,925.13574,20.028208,46.74942933880172,-121.80767408439787, 
2025-07-09 14:45:56,1.0787361,10.158686,2.4890373,15.268722,21.30923,0.0085640615,0.013851,65493.367,0.9996947,925.1341,20.028965,46.749429330852095,-121.80767409382122, 
2025-07-09 14:45:57,1.0787196,10.15874,2.4889994,15.268677,21.309137,0.008564018,0.013850939,65493.562,0.9996947,925.1324,20.029722,46.74942932542659,-121.80767410025248, 
2025-07-09 14:45:58,1.0789626,10.158425,2.4895597,15.27228,21.314346,0.008566473,0.013854325,65478.11,0.99969476,925.1398,20.02973,46.74942932117687,-121.80767410528999, 
2025-07-09 14:45:59,1.078974,10.158426,2.489586,15.272566,21.314745,0.008566661,0.013854584,65476.88,0.99969476,925.13916,20.029955,46.749428828087844,-121.80767393774941, 
2025-07-09 14:46:00,1.0789855,10.158427,2.4896126,15.272852,21.315144,0.008566849,0.013854844,65475.652,0.99969476,925.13855,20.03018,46.74942880606106,-121.8076739344166, 
2025-07-09 14:46:01,1.0792263,10.1584835,2.4901683,15.269426,21.31033,0.008564577,0.013851713,65490.344,0.9996947,925.1395,20.03,46.749428789650196,-121.80767393193351, 
2025-07-09 14:46:02,1.0792464,10.15848,2.4902148,15.269315,21.310175,0.008564505,0.013851614,65490.824,0.9996947,925.1397,20.03,46.74942877831272,-121.80767393021806, 
2025-07-09 14:46:03,1.0789014,10.158808,2.4894187,15.272722,21.314743,0.008566666,0.013854583,65476.215,0.9996947,925.1226,20.03,46.74942876889453,-121.80767392879302, 
2025-07-09 14:46:04,1.0788858,10.15883,2.4893827,15.272853,21.314913,0.008566747,0.013854693,65475.652,0.9996947,925.1216,20.03,46.749430549227434,-121.80767614803177, 
2025-07-09 14:46:05,1.0788702,10.158852,2.4893467,15.272984,21.315083,0.0085668275,0.0138548035,65475.094,0.9996947,925.12054,20.03,46.74943056132349,-121.80767621365389, 
2025-07-09 14:46:06,1.0785958,10.159095,2.4887137,15.267244,21.306936,0.008562983,0.013849509,65499.703,0.99969465,925.1637,20.047388,46.74943056289898,-121.80767621996826, 
2025-07-09 14:46:07,1.0785705,10.159119,2.4886553,15.266985,21.30656,0.008562806,0.013849265,65500.816,0.99969465,925.1659,20.048437,46.749430563855874,-121.8076762238034, 
2025-07-09 14:46:08,1.0785452,10.159142,2.4885972,15.266726,21.306185,0.008562629,0.013849021,65501.93,0.99969465,925.168,20.049486,46.74943056451605,-121.80767622644926, 
2025-07-09 14:46:09,1.0785507,10.1587305,2.4886098,15.268153,21.308413,0.008563676,0.013850468,65495.81,0.9996947,925.13324,20.040733,46.74943056500263,-121.80767622839943, 
2025-07-09 14:46:10,1.0785439,10.158712,2.488594,15.268093,21.308338,0.008563641,0.01385042,65496.062,0.9996947,925.13226,20.040659,46.74943056542038,-121.80767623007374, 
2025-07-09 14:46:11,1.0788045,10.159486,2.4891953,15.263128,21.300968,0.008560173,0.01384563,65517.37,0.99969465,925.14813,20.048866,46.74943056576565,-121.80767623145756, 
2025-07-09 14:46:12,1.0788205,10.159524,2.4892323,15.262857,21.30057,0.008559985,0.01384537,65518.53,0.99969465,925.1483,20.049166,46.749430565765664,-121.80767623145756, 
2025-07-09 14:46:13,1.0788366,10.159562,2.4892693,15.262587,21.30017,0.008559797,0.013845111,65519.69,0.99969465,925.14844,20.049465,46.74943056576568,-121.80767623145759, 
2025-07-09 14:46:14,1.078841,10.159429,2.4892795,15.269703,21.310177,0.008564519,0.013851615,65489.156,0.99969465,925.1405,20.04971,46.749430565765685,-121.80767623145762, 
2025-07-09 14:46:15,1.0788478,10.159441,2.4892952,15.27,21.310583,0.008564712,0.013851879,65487.883,0.99969465,925.14044,20.049934,46.74943056599463,-121.80767623237527, 
2025-07-09 14:46:16,1.0788547,10.159452,2.489311,15.270297,21.310991,0.008564904,0.013852145,65486.61,0.99969465,925.1404,20.05016,46.74943056618657,-121.8076762331445, 
2025-07-09 14:46:17,1.078048,10.159755,2.4874501,15.265183,21.303684,0.008561458,0.013847395,65508.55,0.9996946,925.13995,20.058905,46.74943056618657,-121.8076762331445, 
2025-07-09 14:46:18,1.0779997,10.15977,2.4873388,15.265047,21.303484,0.008561365,0.013847265,65509.133,0.9996946,925.1397,20.059443,46.74943056618657,-121.8076762331445, 
2025-07-09 14:46:19,1.0781552,10.159544,2.4876974,15.270948,21.31185,0.00856531,0.0138527015,65483.82,0.99969465,925.1142,20.059662,46.74943056618657,-121.80767623314453, 
2025-07-09 14:46:20,1.0781453,10.159538,2.4876745,15.271183,21.31218,0.008565467,0.013852917,65482.812,0.99969465,925.1126,20.059893,46.74943056618657,-121.80767623314456, 
2025-07-09 14:46:21,1.0781354,10.159532,2.4876518,15.271417,21.31251,0.008565622,0.013853131,65481.81,0.99969465,925.1111,20.060122,46.749427221901385,-121.80768736732068, 
2025-07-09 14:46:22,1.0661056,10.159199,2.4598947,15.263198,21.301228,0.008560293,0.0138457995,65517.074,0.99969465,925.1192,20.068684,46.74942727910672,-121.80768886653497, 
2025-07-09 14:46:23,1.0653833,10.159173,2.4582279,15.26285,21.300756,0.00856007,0.013845493,65518.566,0.99969465,925.1191,20.069208,46.74942788561238,-121.80769035172584, 
2025-07-09 14:46:24,1.0646609,10.159147,2.456561,15.262502,21.300285,0.008559847,0.013845187,65520.06,0.99969465,925.1189,20.06973,46.74942791923112,-121.8076906343426, 
2025-07-09 14:46:25,1.0769413,10.159723,2.4848964,15.280301,21.324799,0.0085714245,0.013861119,65443.746,0.9996946,925.1549,20.069796,46.74942792330261,-121.8076907890695, 
2025-07-09 14:46:26,1.0773621,10.159749,2.4858673,15.281148,21.325966,0.008571976,0.013861878,65440.117,0.9996946,925.1572,20.07002,46.74942792657934,-121.80769091359338, 
2025-07-09 14:46:27,1.078616,10.160072,2.4887605,15.267948,21.307364,0.008563199,0.0138497865,65496.695,0.9996946,925.1498,20.07,46.74942792896776,-121.80769100435965, 
2025-07-09 14:46:28,1.0789827,10.160106,2.4896066,15.267556,21.306797,0.008562933,0.013849419,65498.375,0.9996946,925.15015,20.07,46.74942793095217,-121.80769107977211, 
2025-07-09 14:46:29,1.0793494,10.160139,2.4904528,15.267164,21.306232,0.008562665,0.013849051,65500.055,0.9996946,925.1505,20.07,46.74942793248505,-121.80769113802448, 
2025-07-09 14:46:30,1.0662359,10.159915,2.4601953,15.260529,21.297096,0.008558353,0.013843113,65528.54,0.9996946,925.15857,20.07,46.74942793248507,-121.80769113802516, 
2025-07-09 14:46:31,1.0654905,10.15991,2.4584754,15.259798,21.29608,0.008557873,0.013842452,65531.67,0.9996946,925.1588,20.07,46.749427932485105,-121.80769113802587, 
2025-07-09 14:46:32,1.064745,10.159905,2.4567552,15.259068,21.295063,0.008557393,0.013841791,65534.805,0.9996946,925.1591,20.07,46.74942793248512,-121.8076911380266, 
2025-07-09 14:46:33,1.0776007,10.160124,2.486418,15.27133,21.312054,0.008565412,0.013852835,65482.188,0.9996946,925.18585,20.087614,46.74942793248515,-121.80769113802728, 
2025-07-09 14:46:34,1.0780528,10.160132,2.487461,15.271895,21.31284,0.008565783,0.013853345,65479.76,0.9996946,925.1877,20.088663,46.74942793248517,-121.80769113802796, 
2025-07-09 14:46:35,1.0782301,10.160302,2.48787,15.266585,21.30533,0.0085622445,0.013848465,65502.53,0.9996946,925.1715,20.089289,46.7494279324852,-121.80769113802866, 
2025-07-09 14:46:36,1.07855,10.160318,2.4886081,15.266533,21.305246,0.008562205,0.013848411,65502.758,0.9996946,925.1711,20.089739,46.749427932485226,-121.80769113802937, 
2025-07-09 14:46:37,1.0788699,10.160335,2.4893463,15.26648,21.305164,0.008562167,0.013848357,65502.984,0.9996946,925.17065,20.090189,46.74942793248525,-121.80769113803005, 
2025-07-09 14:46:38,1.0664389,10.16042,2.4606633,15.270158,21.310247,0.008564566,0.01385166,65487.21,0.9996946,925.12683,20.09,46.74942793248526,-121.80769113803073, 
2025-07-09 14:46:39,1.0656899,10.16043,2.4589353,15.270236,21.31035,0.008564616,0.013851728,65486.875,0.9996946,925.1238,20.09,46.749427932485276,-121.80769113803143, 
2025-07-09 14:46:40,1.0649409,10.1604395,2.457207,15.270315,21.310455,0.008564665,0.013851796,65486.535,0.9996946,925.12067,20.09,46.74942793340783,-121.80769117309173, 
2025-07-09 14:46:41,1.0777605,10.160592,2.4867866,15.268416,21.30772,0.008563374,0.013850018,65494.676,0.9996945,925.1207,20.098848,46.74942793421043,-121.80769120359301, 
2025-07-09 14:46:42,1.0782075,10.160604,2.4878182,15.268394,21.307682,0.0085633565,0.013849993,65494.773,0.9996945,925.1196,20.099371,46.74941914965915,-121.80770173247737, 
2025-07-09 14:46:43,1.0664854,10.16053,2.460771,15.263384,21.300734,0.008560078,0.013845476,65516.273,0.9996945,925.13666,20.099634,46.74941901000049,-121.80770197541159, 
2025-07-09 14:46:44,1.0660702,10.160529,2.4598129,15.263029,21.300238,0.008559844,0.013845154,65517.797,0.9996945,925.1377,20.09986,46.74941890126349,-121.80770212122066, 
2025-07-09 14:46:45,1.0656549,10.160528,2.4588547,15.262673,21.299742,0.008559611,0.013844832,65519.32,0.9996945,925.13873,20.100084,46.749418823022914,-121.80770222613609, 
2025-07-09 14:46:46,1.0770769,10.160841,2.4852095,15.276672,21.319101,0.008568751,0.013857416,65459.29,0.9996945,925.1391,20.09139,46.7494187667654,-121.80770230157368, 
2025-07-09 14:46:47,1.0774677,10.160857,2.486111,15.277389,21.320091,0.008569218,0.0138580585,65456.22,0.9996945,925.1395,20.090874,46.74941872493614,-121.80770235766396, 
2025-07-09 14:46:48,1.0778583,10.160874,2.4870126,15.278105,21.32108,0.008569685,0.013858702,65453.15,0.9996945,925.13995,20.090357,46.749418724935644,-121.80770235766465, 
2025-07-09 14:46:49,1.0785007,10.161373,2.4884949,15.266616,21.304764,0.00856199,0.013848097,65502.402,0.99969447,925.09546,20.107933,46.74941872493513,-121.80770235766533, 
2025-07-09 14:46:50,1.078821,10.161411,2.4892337,15.266271,21.30426,0.008561754,0.01384777,65503.883,0.99969447,925.0928,20.108776,46.7494187201086,-121.8077057314236, 
2025-07-09 14:46:51,1.0785794,10.161348,2.4886763,15.271074,21.311,0.008564933,0.01385215,65483.28,0.99969447,925.1,20.100788,46.74941872010809,-121.80770573142523, 
2025-07-09 14:46:52,1.0785701,10.161356,2.488655,15.271091,21.31102,0.008564943,0.013852163,65483.203,0.99969447,925.0993,20.100714,46.74941872010757,-121.80770573142684, 
2025-07-09 14:46:53,1.078561,10.161364,2.4886339,15.271109,21.31104,0.008564953,0.013852176,65483.13,0.99969447,925.0987,20.100637,46.749418694194446,-121.80770581330229, 
2025-07-09 14:46:54,1.0787051,10.161191,2.4889665,15.264677,21.302162,0.00856076,0.013846406,65510.723,0.99969447,925.09937,20.108942,46.74941867533668,-121.80770587288556, 
2025-07-09 14:46:55,1.0787073,10.16118,2.4889717,15.264411,21.301798,0.008560588,0.01384617,65511.863,0.99969447,925.0996,20.109238,46.749418659116536,-121.80770592413491, 
2025-07-09 14:46:56,1.0787096,10.161167,2.488977,15.264146,21.301435,0.008560416,0.013845934,65513.004,0.99969447,925.09985,20.109535,46.749418658981895,-121.80770592456031, 
2025-07-09 14:46:57,1.0789591,10.1615715,2.4895525,15.275899,21.317608,0.008568055,0.0138564445,65462.6,0.99969447,925.08203,20.118624,46.74941864396676,-121.80770597200228, 
2025-07-09 14:46:58,1.0789773,10.161592,2.4895947,15.276434,21.318342,0.008568402,0.013856922,65460.31,0.99969447,925.081,20.119373,46.74942119403493,-121.80770505898936, 
2025-07-09 14:46:59,1.0789847,10.161844,2.4896119,15.266971,21.304993,0.008562105,0.013848245,65500.883,0.9996944,925.09735,20.119638,46.749421356968455,-121.80770502164764, 
2025-07-09 14:47:00,1.0789909,10.161869,2.4896262,15.266665,21.304552,0.008561897,0.013847959,65502.19,0.9996944,925.09796,20.119862,46.749422294925544,-121.80770341752313, 
2025-07-09 14:47:01,1.0789971,10.161894,2.4896405,15.26636,21.304111,0.008561689,0.013847672,65503.5,0.9996944,925.0986,20.120087,46.74942229492761,-121.80770341752195, 
2025-07-09 14:47:02,1.0791268,10.1624565,2.4899397,15.267796,21.305796,0.008562492,0.013848768,65497.34,0.99969435,925.12506,20.128654,46.74942229492968,-121.80770341752078, 
2025-07-09 14:47:03,1.0791348,10.162497,2.4899583,15.267641,21.305557,0.0085623795,0.013848613,65498.004,0.99969435,925.12714,20.129179,46.74942240091089,-121.8077033573294, 
2025-07-09 14:47:04,1.0791428,10.162538,2.4899766,15.267487,21.305319,0.008562268,0.0138484575,65498.664,0.99969435,925.12915,20.129702,46.749422402241244,-121.80770335657382, 
2025-07-09 14:47:05,1.0786139,10.16245,2.4887562,15.268693,21.307053,0.008563084,0.013849584,65493.492,0.9996944,925.12024,20.13857,46.74942250174709,-121.80770330006007, 
2025-07-09 14:47:06,1.0785861,10.162459,2.488692,15.268798,21.307194,0.008563151,0.013849676,65493.043,0.9996944,925.12036,20.139313,46.749422575746365,-121.80770325803266, 
2025-07-09 14:47:07,1.0784392,10.16254,2.488353,15.267703,21.30562,0.00856241,0.013848654,65497.734,0.99969435,925.12006,20.139614,46.74942257574731,-121.80770325803212, 
2025-07-09 14:47:08,1.0784179,10.162543,2.488304,15.267659,21.305557,0.00856238,0.013848614,65497.926,0.99969435,925.1199,20.139835,46.74942257574824,-121.8077032580316, 
2025-07-09 14:47:09,1.0783966,10.162546,2.4882548,15.267615,21.305494,0.008562351,0.013848573,65498.113,0.99969435,925.1196,20.140059,46.74942257574919,-121.80770325803105, 
2025-07-09 14:47:10,1.0783967,10.162707,2.488255,15.266543,21.303905,0.008561604,0.013847539,65502.71,0.99969435,925.1197,20.148655,46.74942257575013,-121.80770325803051, 
2025-07-09 14:47:11,1.0783933,10.16272,2.4882472,15.266451,21.303768,0.008561539,0.01384745,65503.11,0.99969435,925.1197,20.149185,46.74942262403437,-121.80770323060776, 
2025-07-09 14:47:12,1.0783899,10.162731,2.4882393,15.266357,21.30363,0.008561475,0.013847361,65503.508,0.99969435,925.1197,20.149715,46.74942266968251,-121.80770320468216, 
2025-07-09 14:47:13,1.078921,10.163053,2.4894645,15.270089,21.308659,0.008563852,0.0138506275,65487.5,0.99969435,925.1285,20.158552,46.74942270240041,-121.80770318610024, 
2025-07-09 14:47:14,1.0789522,10.163075,2.4895368,15.270282,21.308914,0.008563973,0.013850794,65486.676,0.99969435,925.12897,20.159298,46.74942272809403,-121.80770317150768, 
2025-07-09 14:47:15,1.0784625,10.163312,2.4884071,15.266832,21.303967,0.00856164,0.013847578,65501.477,0.9996943,925.1715,20.15961,46.74942274848018,-121.80770315992949, 
2025-07-09 14:47:16,1.0784442,10.163335,2.488365,15.266704,21.303774,0.00856155,0.013847454,65502.027,0.9996943,925.1744,20.159834,46.74942274848044,-121.80770315992935, 
2025-07-09 14:47:17,1.078426,10.163357,2.488323,15.266575,21.303583,0.008561459,0.01384733,65502.58,0.9996943,925.1772,20.160055,46.7494227484807,-121.80770315992919, 
2025-07-09 14:47:18,1.078805,10.163846,2.4891973,15.257071,21.290041,0.008555074,0.013838527,65543.38,0.9996942,925.1092,20.151384,46.74942274848095,-121.80770315992903, 
2025-07-09 14:47:19,1.0788155,10.163882,2.4892213,15.256404,21.289091,0.008554626,0.013837908,65546.25,0.9996942,925.10614,20.15086,46.74942274848121,-121.80770315992888, 
2025-07-09 14:47:20,1.0788258,10.163918,2.4892457,15.255736,21.28814,0.008554177,0.01383729,65549.11,0.9996942,925.1031,20.150335,46.74942274848146,-121.80770315992874, 
2025-07-09 14:47:21,1.0791006,10.1640005,2.4898796,15.266128,21.302593,0.008561002,0.013846685,65504.5,0.9996942,925.11914,20.159021,46.749422748481706,-121.80770315992858, 
2025-07-09 14:47:22,1.0791265,10.164018,2.4899392,15.266505,21.30311,0.008561246,0.013847021,65502.88,0.9996942,925.1184,20.15932,46.74942274848196,-121.80770315992845, 
2025-07-09 14:47:23,1.0787765,10.163783,2.4891317,15.258072,21.291473,0.00855575,0.013839457,65539.08,0.9996943,925.1273,20.159609,46.74942274848222,-121.80770315992832, 
2025-07-09 14:47:24,1.0787611,10.163771,2.489096,15.257797,21.291098,0.0085555725,0.013839213,65540.26,0.9996943,925.1283,20.159834,46.74942274848247,-121.80770315992817, 
2025-07-09 14:47:25,1.0787456,10.163758,2.4890604,15.257524,21.290722,0.008555395,0.013838969,65541.44,0.9996943,925.1293,20.160059,46.74942274848272,-121.80770315992801, 
2025-07-09 14:47:26,1.0787337,10.164317,2.4890327,15.289893,21.335575,0.008576573,0.013868124,65402.723,0.9996942,925.1294,20.168629,46.74942274848298,-121.80770315992787, 
2025-07-09 14:47:27,1.0787241,10.164346,2.4890108,15.29167,21.338037,0.008577735,0.013869725,65395.11,0.9996942,925.1296,20.169159,46.749422748483234,-121.80770315992771, 
2025-07-09 14:47:28,1.0787146,10.164374,2.4889889,15.293447,21.3405,0.008578898,0.013871326,65387.496,0.9996942,925.1298,20.16969,46.74942274848348,-121.80770315992756, 
2025-07-09 14:47:29,1.0782281,10.164615,2.4878669,15.264777,21.300358,0.008559955,0.013845233,65510.324,0.99969417,925.1384,20.16976,46.74942274848373,-121.8077031599274, 
2025-07-09 14:47:30,1.0781991,10.164643,2.4878001,15.263927,21.299156,0.008559389,0.013844452,65513.96,0.99969417,925.1389,20.169987,46.74942274848399,-121.80770315992727, 
2025-07-09 14:47:31,1.0788839,10.164891,2.4893796,15.258626,21.291618,0.008555835,0.013839551,65536.72,0.99969417,925.1477,20.178402,46.74942274848425,-121.80770315992716, 
2025-07-09 14:47:32,1.0789155,10.164912,2.4894526,15.257634,21.290222,0.008555177,0.013838644,65540.97,0.99969417,925.14844,20.178926,46.7494227616356,-121.8077031524579, 
2025-07-09 14:47:33,1.0789471,10.164932,2.4895256,15.256641,21.288826,0.008554518,0.013837737,65545.23,0.99969417,925.1492,20.179451,46.749422772475036,-121.80770314630176, 
2025-07-09 14:47:34,1.0791963,10.165167,2.4901009,15.287766,21.332123,0.008574957,0.01386588,65411.82,0.9996941,925.1408,20.188248,46.749422772475164,-121.80770314630168, 
2025-07-09 14:47:35,1.0792292,10.165188,2.4901767,15.28956,21.334614,0.008576132,0.013867499,65404.137,0.9996941,925.1405,20.188997,46.749422772475306,-121.80770314630158, 
2025-07-09 14:47:36,1.079262,10.165208,2.4902525,15.291353,21.337105,0.008577309,0.013869118,65396.45,0.9996941,925.1402,20.189745,46.749422772475455,-121.8077031463015, 
2025-07-09 14:47:37,1.0787863,10.165286,2.4891546,15.2638,21.298613,0.00855914,0.013844098,65514.516,0.9996941,925.17456,20.189728,46.7494227724756,-121.80770314630142, 
2025-07-09 14:47:38,1.0787648,10.1652975,2.489105,15.262973,21.297451,0.008558593,0.013843344,65518.06,0.9996941,925.17633,20.189953,46.74942277247574,-121.80770314630135, 
2025-07-09 14:47:39,1.0787433,10.165308,2.4890554,15.262145,21.296291,0.008558045,0.013842589,65521.6,0.9996941,925.17816,20.190178,46.749422772475874,-121.80770314630128, 
2025-07-09 14:47:40,1.0787319,10.165304,2.489029,15.258075,21.290613,0.008555365,0.013838898,65539.08,0.9996941,925.17883,20.19,46.74942277247602,-121.8077031463012, 
2025-07-09 14:47:41,1.0787201,10.165306,2.4890018,15.257191,21.28938,0.008554782,0.0138380965,65542.87,0.9996941,925.1797,20.19,46.749422772476166,-121.80770314630112, 
2025-07-09 14:47:42,1.0787201,10.165541,2.4890018,15.255196,21.28646,0.008553409,0.0138362,65551.44,0.9996941,925.17114,20.19854,46.7494227724763,-121.80770314630102, 
2025-07-09 14:47:43,1.0787201,10.165555,2.4890018,15.255001,21.28618,0.008553277,0.013836018,65552.27,0.9996941,925.1706,20.199064,46.74942277247644,-121.80770314630092, 
2025-07-09 14:47:44,1.0787201,10.165569,2.4890018,15.254806,21.2859,0.008553145,0.013835836,65553.12,0.9996941,925.1701,20.199589,46.74942277247659,-121.80770314630084, 
2025-07-09 14:47:45,1.0783148,10.165727,2.4880667,15.258735,21.291296,0.008555694,0.013839342,65536.234,0.9996941,925.1526,20.199734,46.749422772476734,-121.80770314630077, 
2025-07-09 14:47:46,1.0782903,10.165742,2.4880104,15.25892,21.291546,0.008555812,0.013839505,65535.438,0.9996941,925.1513,20.199959,46.74942277247687,-121.80770314630068, 
2025-07-09 14:47:47,1.078266,10.165757,2.4879541,15.259105,21.291796,0.008555931,0.013839667,65534.64,0.9996941,925.15,20.200184,46.74942277247701,-121.80770314630061, 
2025-07-09 14:47:48,1.078921,10.165752,2.4894652,15.257419,21.289442,0.008554819,0.013838138,65541.89,0.9996941,925.15894,20.208881,46.749422772477146,-121.80770314630051, 
2025-07-09 14:47:49,1.0789493,10.165757,2.4895308,15.257416,21.289438,0.008554817,0.013838135,65541.9,0.9996941,925.159,20.209406,46.74942277247729,-121.80770314630044, 
2025-07-09 14:47:50,1.078735,10.165926,2.4890363,15.254978,21.285942,0.008553169,0.013835862,65552.37,0.99969405,925.1423,20.209656,46.74942277247744,-121.80770314630036, 
2025-07-09 14:47:51,1.0787371,10.1659355,2.4890413,15.254787,21.28567,0.008553041,0.013835685,65553.19,0.99969405,925.1415,20.20988,46.74942277247757,-121.80770314630028, 
2025-07-09 14:47:52,1.0787394,10.165946,2.4890463,15.254598,21.285398,0.008552913,0.013835509,65554.01,0.99969405,925.1406,20.210104,46.749422772477715,-121.8077031463002, 
2025-07-09 14:47:53,1.0787276,10.166029,2.4890194,15.257828,21.289858,0.008555017,0.013838408,65540.125,0.99969405,925.1749,20.21,46.74942277247786,-121.80770314630013, 
2025-07-09 14:47:54,1.0787215,10.166038,2.489005,15.257959,21.290037,0.008555102,0.013838524,65539.56,0.99969405,925.1766,20.21,46.749422772478006,-121.80770314630006, 
2025-07-09 14:47:55,1.0787153,10.166047,2.488991,15.258091,21.290216,0.008555187,0.0138386395,65539,0.99969405,925.17816,20.21,46.74942277247814,-121.80770314629997, 
2025-07-09 14:47:56,1.0784283,10.166044,2.4883287,15.258221,21.290398,0.0085552735,0.013838758,65538.44,0.99969405,925.1611,20.218895,46.74942277247828,-121.8077031462999, 
2025-07-09 14:47:57,1.0784109,10.166046,2.4882886,15.2583065,21.290518,0.00855533,0.013838836,65538.07,0.99969405,925.1609,20.219425,46.74942277247842,-121.8077031462998, 
2025-07-09 14:47:58,1.0785333,10.166514,2.4885712,15.286819,21.330036,0.00857399,0.013864524,65415.867,0.999694,925.13477,20.21966,46.74942277247857,-121.8077031462997, 
2025-07-09 14:47:59,1.0785338,10.166543,2.4885726,15.288575,21.33247,0.00857514,0.013866106,65408.344,0.999694,925.13275,20.219887,46.74942277991369,-121.80770314207699, 
2025-07-09 14:48:00,1.0785344,10.166573,2.4885738,15.290331,21.334904,0.008576288,0.013867687,65400.82,0.999694,925.13074,20.220114,46.749422787596146,-121.8077031377138, 
2025-07-09 14:48:01,1.0782044,10.166264,2.4878125,15.262196,21.29582,0.008557836,0.013842284,65521.402,0.99969405,925.1478,20.22863,46.74942279340157,-121.80770313441664, 
2025-07-09 14:48:02,1.078188,10.166257,2.4877744,15.261249,21.294502,0.0085572135,0.013841428,65525.46,0.99969405,925.1482,20.229143,46.7494173067498,-121.80767983516311, 
2025-07-09 14:48:03,1.0781714,10.166251,2.4877362,15.260302,21.293186,0.008556591,0.013840571,65529.52,0.99969405,925.14856,20.229656,46.74941736301397,-121.80767969047628, 
2025-07-09 14:48:04,1.078373,10.166809,2.4882014,15.258173,21.289898,0.008555047,0.013838434,65538.65,0.999694,925.1228,20.220959,46.74941707026787,-121.80767842071936, 
2025-07-09 14:48:05,1.0783767,10.166835,2.48821,15.257373,21.288767,0.008554514,0.013837699,65542.08,0.999694,925.1217,20.220661,46.749416842412465,-121.80767743241931, 
2025-07-09 14:48:06,1.0787728,10.167009,2.4891238,15.269877,21.306114,0.008562705,0.013848974,65488.418,0.999694,925.1123,20.237383,46.749416692366815,-121.80767678161133, 
2025-07-09 14:48:07,1.0788023,10.167034,2.4891918,15.270632,21.307154,0.008563195,0.01384965,65485.18,0.999694,925.11115,20.238222,46.749417080617114,-121.8076717741951, 
2025-07-09 14:48:08,1.0788318,10.167058,2.48926,15.271387,21.308193,0.008563686,0.013850326,65481.94,0.999694,925.1099,20.239061,46.749416871920936,-121.80767039165592, 
2025-07-09 14:48:09,1.0788357,10.167055,2.489269,15.267601,21.302912,0.008561194,0.013846893,65498.17,0.999694,925.1185,20.239388,46.74941571845805,-121.80766839829717, 
2025-07-09 14:48:10,1.0788462,10.167059,2.489293,15.267704,21.303053,0.00856126,0.013846985,65497.734,0.999694,925.11884,20.239841,46.7494181136122,-121.80766841558415, 
2025-07-09 14:48:11,1.0788566,10.167064,2.4893172,15.267807,21.303194,0.008561327,0.013847076,65497.293,0.999694,925.1191,20.240297,46.74941811410679,-121.80766841895765, 
2025-07-09 14:48:12,1.078734,10.167469,2.4890347,15.278075,21.317291,0.008567987,0.01385624,65453.273,0.99969393,925.1106,20.231077,46.74941811410679,-121.80766841895765, 
2025-07-09 14:48:13,1.078727,10.167495,2.4890182,15.278626,21.318047,0.008568344,0.01385673,65450.91,0.99969393,925.1102,20.230528,46.74941811410679,-121.80766841895765, 
2025-07-09 14:48:14,1.0788342,10.167581,2.4892657,15.268078,21.30328,0.008561374,0.013847132,65496.133,0.99969393,925.12695,20.247248,46.74941811410679,-121.80766841895765, 
2025-07-09 14:48:15,1.0788379,10.167596,2.489274,15.267697,21.30274,0.008561119,0.013846781,65497.766,0.99969393,925.12775,20.248049,46.74941813099962,-121.80766864044091, 
2025-07-09 14:48:16,1.0788414,10.167611,2.4892826,15.267317,21.3022,0.008560864,0.01384643,65499.4,0.99969393,925.12854,20.248852,46.749418127226235,-121.80766859096774, 
2025-07-09 14:48:17,1.078846,10.167528,2.4892929,15.268588,21.304024,0.008561725,0.013847616,65493.94,0.99969393,925.1204,20.24073,46.749418127226186,-121.807668590967, 
2025-07-09 14:48:18,1.0788488,10.167525,2.4892995,15.268409,21.303774,0.008561607,0.0138474535,65494.71,0.99969393,925.12036,20.240644,46.749418127226136,-121.80766859096627, 
2025-07-09 14:48:19,1.0788517,10.167522,2.489306,15.2682295,21.303526,0.00856149,0.013847292,65495.477,0.99969393,925.12024,20.240559,46.749418127226086,-121.80766859096553, 
2025-07-09 14:48:20,1.0795008,10.168004,2.490804,15.271918,21.3084,0.008563796,0.01385046,65479.656,0.9996939,925.1463,20.24901,46.74941347262912,-121.8076787339731, 
2025-07-09 14:48:21,1.0795392,10.16803,2.4908924,15.272169,21.308733,0.008563954,0.013850677,65478.586,0.9996939,925.14764,20.249302,46.74941347262832,-121.80767873397397, 
2025-07-09 14:48:22,1.0786803,10.168124,2.4889107,15.26675,21.301119,0.008560362,0.013845727,65501.83,0.9996939,925.1232,20.258043,46.749413472627516,-121.80767873397484, 
2025-07-09 14:48:23,1.0786425,10.16814,2.488824,15.266499,21.300758,0.008560192,0.013845492,65502.906,0.9996939,925.1224,20.258783,46.74941347262672,-121.80767873397572, 
2025-07-09 14:48:24,1.0786048,10.168158,2.4887369,15.266247,21.300396,0.008560021,0.013845257,65503.99,0.9996939,925.12146,20.259523,46.749413472625925,-121.80767873397662, 
2025-07-09 14:48:25,1.078576,10.1684885,2.4886703,15.273949,21.310955,0.00856501,0.013852121,65470.953,0.9996939,925.11194,20.259699,46.749413472625136,-121.80767873397748, 
2025-07-09 14:48:26,1.0785528,10.16851,2.4886167,15.27429,21.311419,0.008565228,0.013852422,65469.492,0.9996939,925.1107,20.259922,46.74941347262435,-121.80767873397836, 
2025-07-09 14:48:27,1.0785296,10.168533,2.4885633,15.274631,21.311882,0.008565447,0.013852723,65468.03,0.9996939,925.10956,20.260143,46.74941347262355,-121.80767873397926, 
2025-07-09 14:48:28,1.078814,10.168931,2.4892192,15.258882,21.289682,0.008554975,0.013838294,65535.613,0.9996938,925.1187,20.268827,46.749415596158734,-121.80767861688584, 
2025-07-09 14:48:29,1.07883,10.168963,2.4892561,15.258146,21.28864,0.008554482,0.013837616,65538.766,0.9996938,925.119,20.269352,46.74941559615828,-121.8076786168867, 
2025-07-09 14:48:30,1.0783376,10.169289,2.48812,15.2683325,21.302666,0.008561107,0.013846733,65495.043,0.99969375,925.1446,20.269619,46.7494155728971,-121.80767866065725, 
2025-07-09 14:48:31,1.078314,10.169317,2.4880655,15.26858,21.302994,0.008561263,0.013846947,65493.977,0.99969375,925.14636,20.269844,46.74941555193547,-121.80767870010075, 
2025-07-09 14:48:32,1.0782903,10.169347,2.488011,15.268828,21.303324,0.008561418,0.01384716,65492.914,0.99969375,925.1481,20.27007,46.74941553524196,-121.80767873151298, 
2025-07-09 14:48:33,1.0792936,10.169513,2.4903262,15.260088,21.291037,0.00855562,0.013839174,65530.426,0.99969375,925.18353,20.27,46.74941552242282,-121.80767875563477, 
2025-07-09 14:48:34,1.0793436,10.169531,2.4904413,15.2598,21.290627,0.008555426,0.013838907,65531.66,0.99969375,925.18634,20.27,46.74941551291758,-121.80767877352075, 
2025-07-09 14:48:35,1.0793935,10.169548,2.4905565,15.259512,21.290215,0.008555233,0.0138386395,65532.895,0.99969375,925.18915,20.27,46.749415506745166,-121.80767878513541, 
2025-07-09 14:48:36,1.0788958,10.1701,2.4894083,15.265383,21.298088,0.008558959,0.013843758,65507.695,0.9996937,925.18005,20.27,46.74941819092849,-121.80768705188947, 
2025-07-09 14:48:37,1.0788927,10.170137,2.489401,15.265497,21.298227,0.008559025,0.013843849,65507.2,0.9996937,925.1805,20.27,46.74941818840973,-121.80768702490667, 
2025-07-09 14:48:38,1.0787616,10.169853,2.4890985,15.274107,21.310404,0.008564767,0.013851762,65470.277,0.99969375,925.1207,20.261513,46.74941818840973,-121.80768702490667, 
2025-07-09 14:48:39,1.0787418,10.169848,2.4890528,15.274784,21.31135,0.0085652135,0.013852377,65467.375,0.99969375,925.11676,20.260983,46.74941818840973,-121.80768702490667, 
2025-07-09 14:48:40,1.0787221,10.169843,2.4890072,15.27546,21.312298,0.008565661,0.013852993,65464.473,0.99969375,925.11285,20.260452,46.74941818840973,-121.80768702490667, 
2025-07-09 14:48:41,1.0784403,10.170222,2.4883575,15.275222,21.311747,0.008565407,0.013852635,65465.5,0.9996937,925.129,20.286213,46.74941818840973,-121.80768702490667, 
2025-07-09 14:48:42,1.0784202,10.170238,2.488311,15.275424,21.312021,0.008565537,0.013852813,65464.63,0.9996937,925.1285,20.28756,46.74941818840973,-121.80768702490667, 
2025-07-09 14:48:43,1.0784,10.170253,2.4882646,15.275627,21.312294,0.008565667,0.013852991,65463.76,0.9996937,925.1279,20.288904,46.7494181682415,-121.807686954769, 
2025-07-09 14:48:44,1.0781919,10.170758,2.4877844,15.271626,21.306425,0.008562902,0.0138491765,65480.914,0.99969363,925.1293,20.289314,46.749418172753145,-121.80768697045885, 
2025-07-09 14:48:45,1.0781723,10.170797,2.487739,15.271391,21.306074,0.008562737,0.013848948,65481.92,0.99969363,925.1297,20.289988,46.749418176293595,-121.80768698277122, 
2025-07-09 14:48:46,1.0788763,10.170894,2.4893634,15.275746,21.312098,0.0085655805,0.013852864,65463.25,0.99969363,925.1128,20.298481,46.74941817900014,-121.80768699218353, 
2025-07-09 14:48:47,1.0789156,10.170911,2.489454,15.27593,21.312344,0.008565697,0.013853025,65462.46,0.99969363,925.1117,20.299011,46.74941818137428,-121.80768700043993, 
2025-07-09 14:48:48,1.0789548,10.170928,2.4895446,15.276114,21.312592,0.008565814,0.013853186,65461.67,0.99969363,925.11066,20.299541,46.74941818302944,-121.80768700619595, 
2025-07-09 14:48:49,1.0789704,10.171401,2.4895809,15.270809,21.304922,0.0085622,0.0138481995,65484.418,0.9996935,925.15344,20.29971,46.74941818442235,-121.80768701103997, 
2025-07-09 14:48:50,1.0789895,10.171432,2.489625,15.2706,21.304613,0.0085620545,0.013847999,65485.312,0.9996935,925.1556,20.299936,46.749418185433896,-121.80768701455777, 
2025-07-09 14:48:51,1.0790086,10.171462,2.489669,15.270391,21.304306,0.008561909,0.013847798,65486.207,0.9996935,925.1578,20.300163,46.74941818613456,-121.80768701699444, 
2025-07-09 14:48:52,1.0788671,10.171634,2.4893425,15.269866,21.303474,0.008561521,0.01384726,65488.457,0.9996935,925.15857,20.3,46.74941818672383,-121.80768701904368, 
2025-07-09 14:48:53,1.0788594,10.171657,2.489325,15.269703,21.303234,0.008561407,0.013847102,65489.16,0.9996935,925.15967,20.3,46.749418187132086,-121.80768702046345, 
2025-07-09 14:48:54,1.0789778,10.171887,2.489598,15.263582,21.294563,0.008557318,0.013841466,65515.42,0.9996935,925.16815,20.3,46.749421603241615,-121.80768671761587, 
2025-07-09 14:48:55,1.0789822,10.1719055,2.489608,15.263194,21.294012,0.008557058,0.013841107,65517.086,0.9996935,925.16864,20.3,46.74942168224211,-121.80768671147595, 
2025-07-09 14:48:56,1.0789865,10.171925,2.489618,15.262806,21.293459,0.008556797,0.013840748,65518.754,0.9996935,925.1692,20.3,46.74942174241532,-121.80768670679929, 
2025-07-09 14:48:57,1.0788653,10.17256,2.4893386,15.268288,21.300747,0.008560244,0.013845487,65495.227,0.9996934,925.15216,20.3,46.74942178684548,-121.80768670334615, 
2025-07-09 14:48:58,1.0788609,10.172605,2.4893286,15.268467,21.300972,0.008560351,0.013845632,65494.46,0.9996934,925.1513,20.3,46.74942181562946,-121.80768670110908, 
2025-07-09 14:48:59,1.0788566,10.172649,2.4893186,15.268646,21.301197,0.008560457,0.013845778,65493.69,0.9996934,925.1505,20.3,46.74942183925597,-121.80768669927282, 
2025-07-09 14:49:00,1.0785843,10.172739,2.4886906,15.268452,21.300875,0.008560307,0.0138455685,65494.527,0.9996934,925.13257,20.308805,46.749421839256364,-121.8076866992728, 
2025-07-09 14:49:01,1.078565,10.172761,2.4886463,15.268577,21.301035,0.008560384,0.013845673,65493.992,0.9996934,925.13104,20.30933,46.74942183925675,-121.80768669927275, 
2025-07-09 14:49:02,1.0785561,10.17268,2.4886255,15.263986,21.294676,0.008557382,0.01384154,65513.69,0.9996934,925.15576,20.301168,46.749421839257124,-121.80768669927272, 
2025-07-09 14:49:03,1.0785493,10.172677,2.4886098,15.263692,21.29427,0.008557189,0.013841275,65514.95,0.9996934,925.1569,20.300869,46.749421839257515,-121.8076866992727, 
2025-07-09 14:49:04,1.0785424,10.172674,2.4885938,15.263398,21.293861,0.008556997,0.01384101,65516.21,0.9996934,925.158,20.30057,46.7494218392579,-121.80768669927267, 
2025-07-09 14:49:05,1.0789329,10.172909,2.4894948,15.271434,21.30494,0.008562228,0.013848211,65481.74,0.9996934,925.14154,20.300303,46.74942183925828,-121.80768669927262, 
2025-07-09 14:49:06,1.0789565,10.17292,2.4895492,15.271807,21.305452,0.008562471,0.013848544,65480.14,0.9996934,925.1412,20.300077,46.74941605829034,-121.80768088603403, 
2025-07-09 14:49:07,1.0789801,10.172933,2.4896035,15.27218,21.305965,0.008562713,0.0138488775,65478.54,0.9996934,925.1408,20.299852,46.74941602388533,-121.80768086456281, 
2025-07-09 14:49:08,1.078984,10.172936,2.4896128,15.2699995,21.302921,0.008561277,0.013846899,65487.887,0.9996934,925.1314,20.308754,46.74941602388533,-121.80768086456281, 
2025-07-09 14:49:09,1.0789942,10.172943,2.489636,15.270073,21.30302,0.008561323,0.013846964,65487.57,0.9996934,925.13043,20.30927,46.74941602388533,-121.80768086456281, 
2025-07-09 14:49:10,1.0782841,10.17326,2.4879978,15.262954,21.292908,0.008556555,0.01384039,65518.125,0.99969333,925.13007,20.318079,46.74941595331492,-121.80767850115403, 
2025-07-09 14:49:11,1.0782394,10.17328,2.4878948,15.262452,21.292196,0.00855622,0.013839928,65520.273,0.99969333,925.1299,20.318832,46.74941595249718,-121.8076784827147, 
2025-07-09 14:49:12,1.0781949,10.1733,2.4877918,15.2619505,21.291485,0.0085558845,0.0138394665,65522.426,0.99969333,925.12964,20.319586,46.74941595249718,-121.8076784827147, 
2025-07-09 14:49:13,1.0789016,10.173463,2.4894228,15.264545,21.295013,0.008557553,0.0138417585,65511.285,0.99969333,925.11255,20.319698,46.74941595249718,-121.8076784827147, 
2025-07-09 14:49:14,1.0789261,10.173481,2.489479,15.26452,21.294968,0.008557532,0.01384173,65511.395,0.99969333,925.1115,20.319925,46.74941595249718,-121.8076784827147, 
2025-07-09 14:49:15,1.0789505,10.173499,2.4895356,15.264495,21.294922,0.008557511,0.0138417,65511.5,0.99969333,925.1105,20.320154,46.74941595249718,-121.8076784827147, 
2025-07-09 14:49:16,1.0789747,10.17431,2.4895914,15.268906,21.300615,0.008560207,0.013845399,65492.58,0.9996933,925.11896,20.311184,46.74941595249718,-121.8076784827147, 
2025-07-09 14:49:17,1.0789933,10.174362,2.4896343,15.269231,21.301039,0.008560407,0.013845675,65491.184,0.9996933,925.1191,20.310654,46.74941876277179,-121.80767810312418, 
2025-07-09 14:49:18,1.079012,10.174416,2.4896774,15.269556,21.301462,0.008560608,0.01384595,65489.785,0.9996933,925.11914,20.310123,46.74941708004532,-121.80767877524751, 
2025-07-09 14:49:19,1.0789948,10.174238,2.4896376,15.28185,21.318712,0.00856875,0.0138571635,65437.11,0.9996933,925.1106,20.319115,46.74941381309459,-121.80767431586253, 
2025-07-09 14:49:20,1.0789948,10.17425,2.4896376,15.282682,21.319868,0.008569295,0.013857914,65433.543,0.9996933,925.11035,20.31941,46.749412549865646,-121.80767274015419, 
2025-07-09 14:49:21,1.0786114,10.174706,2.488753,15.279217,21.314774,0.008566896,0.013854602,65448.383,0.9996932,925.093,20.32819,46.749414849905094,-121.80766742668298, 
2025-07-09 14:49:22,1.0785885,10.17473,2.4887004,15.279307,21.314886,0.00856695,0.013854676,65447.996,0.9996932,925.0918,20.328922,46.74941225109848,-121.8076664250212, 
2025-07-09 14:49:23,1.0785656,10.174754,2.488648,15.279399,21.315,0.008567004,0.0138547495,65447.605,0.9996932,925.0905,20.329655,46.749412080906396,-121.80766948346218, 
2025-07-09 14:49:24,1.0784211,10.1751795,2.4883146,15.27792,21.312695,0.008565922,0.013853251,65453.938,0.9996932,925.1256,20.32089,46.749416514638064,-121.8076745216653, 
2025-07-09 14:49:25,1.0784031,10.175217,2.488273,15.277751,21.312439,0.008565802,0.013853084,65454.66,0.9996932,925.1274,20.320564,46.74941856913497,-121.80766807149298, 
2025-07-09 14:49:26,1.0787839,10.175307,2.4891515,15.277286,21.311739,0.0085654715,0.01385263,65456.656,0.99969316,925.1367,20.3288,46.749423568320395,-121.8076754787277, 
2025-07-09 14:49:27,1.0788043,10.1753235,2.4891984,15.277227,21.31165,0.00856543,0.013852572,65456.902,0.99969316,925.1381,20.329092,46.749427696772806,-121.80768307285216, 
2025-07-09 14:49:28,1.0788248,10.175339,2.4892457,15.27717,21.31156,0.008565388,0.013852514,65457.152,0.99969316,925.1396,20.329384,46.74942500400532,-121.80768539991766, 
2025-07-09 14:49:29,1.0783232,10.175736,2.4880886,15.280138,21.315474,0.008567243,0.013855059,65444.434,0.99969316,925.0964,20.32969,46.74942361552273,-121.80769002008147, 
2025-07-09 14:49:30,1.0783023,10.175763,2.4880404,15.280308,21.315695,0.008567347,0.013855202,65443.707,0.99969316,925.09393,20.329914,46.749424869203686,-121.80769205532283, 
2025-07-09 14:49:31,1.0782814,10.17579,2.487992,15.280478,21.315916,0.008567452,0.0138553465,65442.98,0.99969316,925.09155,20.33014,46.74942483766081,-121.80769206850589, 
2025-07-09 14:49:32,1.0786762,10.1762,2.4889033,15.277685,21.31179,0.008565507,0.013852663,65454.94,0.9996931,925.08215,20.33,46.74942525287852,-121.80769750417983, 
2025-07-09 14:49:33,1.0786871,10.176234,2.488928,15.2775955,21.311646,0.008565438,0.013852568,65455.33,0.9996931,925.0805,20.33,46.74942383226758,-121.80769514082924, 
2025-07-09 14:49:34,1.0786978,10.17627,2.4889529,15.277505,21.311499,0.00856537,0.013852473,65455.72,0.9996931,925.0789,20.33,46.74942106493396,-121.80769484017792, 
2025-07-09 14:49:35,1.0784175,10.176419,2.4883065,15.272056,21.303814,0.008561744,0.013847478,65479.07,0.9996931,925.12476,20.33898,46.74942017935542,-121.80769141463114, 
2025-07-09 14:49:36,1.0784105,10.176438,2.4882903,15.2716675,21.30326,0.008561484,0.013847118,65480.74,0.9996931,925.1272,20.33951,46.749414497501874,-121.80769439111059, 
2025-07-09 14:49:37,1.0784035,10.176458,2.488274,15.271278,21.302708,0.008561223,0.013846759,65482.406,0.9996931,925.12964,20.34004,46.7494178830319,-121.80769187909421, 
2025-07-09 14:49:38,1.0783964,10.176478,2.4882576,15.270889,21.302155,0.008560961,0.013846399,65484.07,0.9996931,925.1321,20.34057,46.74941771642326,-121.8076761404763, 
2025-07-09 14:49:39,1.0783893,10.176497,2.4882414,15.270501,21.3016,0.0085607,0.01384604,65485.74,0.9996931,925.13446,20.3411,46.749416522144614,-121.8076711486774, 
2025-07-09 14:49:40,1.0782492,10.177077,2.4879181,15.279695,21.314096,0.008571379,0.013860734,65415.48,0.99969304,925.1312,20.33063,46.749416522144614,-121.8076711486774, 
2025-07-09 14:49:41,1.0782354,10.177112,2.4878862,15.279968,21.314457,0.00857178,0.013861286,65412.82,0.99969304,925.1323,20.33039,46.749416522144614,-121.8076711486774, 
2025-07-09 14:49:42,1.0782216,10.177146,2.4878542,15.280242,21.31482,0.008572182,0.013861839,65410.16,0.99969304,925.1335,20.330153,46.749416522144614,-121.8076711486774, 
2025-07-09 14:49:43,1.0782077,10.17718,2.4878223,15.280515,21.315182,0.008572583,0.01386239,65407.504,0.99969304,925.13464,20.329912,46.749416522144614,-121.8076711486774, 
2025-07-09 14:49:44,1.0781938,10.177215,2.4877903,15.280788,21.315542,0.0085729845,0.013862942,65404.844,0.99969304,925.13574,20.329674,46.749416522144614,-121.8076711486774, 
2025-07-09 14:49:45,1.07818,10.177249,2.4877584,15.281061,21.315905,0.008573386,0.013863495,65402.184,0.99969304,925.1369,20.329435,46.74941666279877,-121.80767132508784, 
2025-07-09 14:49:46,1.0781661,10.177283,2.4877264,15.281335,21.316267,0.008573787,0.013864047,65399.523,0.99969304,925.138,20.329195,46.749416662798005,-121.80767132508687, 
2025-07-09 14:49:47,1.0781522,10.177318,2.4876945,15.281609,21.31663,0.008574189,0.013864599,65396.867,0.99969304,925.13916,20.328957,46.74941666279723,-121.8076713250859, 
2025-07-09 14:49:48,1.0781384,10.177351,2.4876623,15.281881,21.31699,0.00857459,0.013865151,65394.207,0.99969304,925.1403,20.328716,46.749426944970246,-121.80765174553403, 
2025-07-09 14:49:49,1.0781245,10.177385,2.4876304,15.282155,21.317352,0.0085749915,0.013865704,65391.547,0.99969304,925.1414,20.328478,46.749426613543285,-121.80766046046197, 
2025-07-09 14:50:33,1.078392,10.179939,2.4882483,15.281966,21.315638,0.008567375,0.013855164,65436.605,0.9996928,925.1497,20.5,46.749425125537,-121.80768337390823, 
2025-07-09 14:50:34,1.078392,10.179939,2.4882483,15.281966,21.315638,0.008567375,0.013855164,65436.605,0.9996928,925.1497,20.5,46.749425125537,-121.80768337390823, 
2025-07-09 14:50:35,1.078392,10.179939,2.4882483,15.281966,21.315638,0.008567375,0.013855164,65436.605,0.9996928,925.1497,20.5,46.74942945457706,-121.80765883703044, 
2025-07-09 14:50:36,1.0785428,10.180852,2.4885967,15.28536,21.319855,0.0085693775,0.013857905,65422.074,0.9996927,925.13983,20.509884,46.74942945457706,-121.80765883703044, 
2025-07-09 14:50:37,1.078558,10.1809435,2.4886317,15.285702,21.320278,0.008569579,0.0138581805,65420.613,0.9996927,925.13885,20.510878,46.74940789692019,-121.80756759049275, 
2025-07-09 14:50:38,1.0785732,10.181035,2.4886668,15.286043,21.320704,0.00856978,0.013858456,65419.152,0.9996927,925.1378,20.511871,46.749390787420154,-121.80751341163148, 
2025-07-09 14:50:39,1.078544,10.18062,2.4885993,15.288181,21.32392,0.008571293,0.013860548,65410.004,0.99969274,925.1745,20.544739,46.749395435209145,-121.80753855589624, 
2025-07-09 14:50:40,1.0785486,10.180634,2.4886098,15.288452,21.324291,0.008571468,0.013860789,65408.848,0.99969274,925.17633,20.547134,46.74939443393498,-121.80754898025731, 
2025-07-09 14:50:41,1.0785532,10.180647,2.4886203,15.288723,21.324661,0.008571642,0.013861029,65407.688,0.99969274,925.1781,20.54953,46.749398821508215,-121.80756065851698, 
2025-07-09 14:50:42,1.079079,10.1805935,2.4898336,15.28918,21.325329,0.008571956,0.013861463,65405.734,0.99969274,925.1789,20.575802,46.749398821508215,-121.80756065851698, 
2025-07-09 14:50:43,1.0791106,10.180587,2.4899065,15.289289,21.325483,0.00857203,0.013861565,65405.266,0.99969274,925.1798,20.578274,46.74941293077422,-121.8075956670982, 
2025-07-09 14:50:44,1.0786159,10.180975,2.4887652,15.285984,21.320654,0.0085697565,0.013858425,65419.406,0.9996927,925.1712,20.595814,46.74941890830322,-121.80761614887227, 
2025-07-09 14:50:45,1.0785986,10.180998,2.4887252,15.285799,21.320383,0.008569629,0.0138582485,65420.2,0.9996927,925.1707,20.597515,46.749424731073,-121.80761815908545, 
2025-07-09 14:50:46,1.0785812,10.181022,2.4886851,15.285614,21.32011,0.0085695,0.0138580715,65420.99,0.9996927,925.1702,20.599215,46.74943055731205,-121.8076282998691, 
2025-07-09 14:50:47,1.078955,10.180959,2.4895477,15.298302,21.337843,0.008577871,0.013869598,65366.742,0.9996927,925.1787,20.61687,46.749436095258105,-121.80763617128547, 
2025-07-09 14:50:48,1.0789659,10.180964,2.4895728,15.299001,21.338816,0.00857833,0.01387023,65363.75,0.9996927,925.179,20.618383,46.749436275844815,-121.80763656025987, 
2025-07-09 14:50:49,1.0789769,10.18097,2.4895978,15.2997,21.339787,0.008578789,0.013870861,65360.76,0.9996927,925.1793,20.619896,46.74944388634486,-121.80764492774169, 
2025-07-09 14:50:50,1.0788581,10.181294,2.4893239,15.286513,21.32121,0.008570026,0.013858788,65417.145,0.9996927,925.1795,20.646175,46.74945175362737,-121.80766023076099, 
2025-07-09 14:50:51,1.0788609,10.181312,2.4893303,15.286067,21.320578,0.008569727,0.013858376,65419.05,0.9996927,925.17975,20.648201,46.74945355653534,-121.80766069157693, 
2025-07-09 14:50:52,1.0784651,10.18179,2.4884171,15.287259,21.321968,0.008570389,0.013859279,65413.953,0.9996926,925.1967,20.674488,46.749453980713504,-121.80766757746868, 
2025-07-09 14:50:53,1.0784377,10.181828,2.4883542,15.287026,21.321623,0.008570227,0.013859055,65414.95,0.9996926,925.1978,20.676739,46.74945385643838,-121.80767301090712, 
2025-07-09 14:50:54,1.0784104,10.181865,2.488291,15.286794,21.321278,0.008570064,0.013858831,65415.94,0.9996926,925.19885,20.67899,46.749453631946864,-121.80767817799118, 
2025-07-09 14:50:55,1.0790604,10.181704,2.489791,15.286265,21.320633,0.0085697565,0.013858411,65418.203,0.9996926,925.19916,20.687857,46.749452563177584,-121.80768333400754, 
2025-07-09 14:50:56,1.0790898,10.181706,2.4898584,15.286267,21.320635,0.008569757,0.013858413,65418.195,0.9996926,925.1996,20.689058,46.74945622753917,-121.80768984082019, 
2025-07-09 14:50:57,1.079119,10.181709,2.489926,15.286269,21.320637,0.008569758,0.013858414,65418.188,0.9996926,925.2001,20.69026,46.7494566260879,-121.80769117440758, 
2025-07-09 14:50:58,1.0785998,10.182096,2.4887283,15.288347,21.323313,0.008571028,0.013860154,65409.297,0.99969256,925.16437,20.716248,46.74945625627189,-121.80768181389779, 
2025-07-09 14:50:59,1.0785855,10.182115,2.4886951,15.288453,21.32345,0.008571093,0.013860242,65408.84,0.99969256,925.1623,20.718027,46.74945492205528,-121.80767994244735, 
2025-07-09 14:51:00,1.0788265,10.181588,2.4892511,15.286586,21.321144,0.008569997,0.013858744,65416.832,0.9996926,925.1697,20.727438,46.74945307836564,-121.80767529109482, 
2025-07-09 14:51:01,1.0788293,10.181564,2.4892576,15.286518,21.321064,0.008569959,0.013858692,65417.12,0.9996926,925.1693,20.728634,46.74945070011898,-121.80767339912158, 
2025-07-09 14:51:02,1.0788321,10.1815405,2.489264,15.28645,21.320984,0.00856992,0.013858639,65417.41,0.9996926,925.16895,20.729832,46.74944544149823,-121.80767631504735, 
2025-07-09 14:51:03,1.0789673,10.181687,2.4895759,15.294825,21.33258,0.008575397,0.013866177,65381.598,0.9996926,925.1434,20.747084,46.74944567134028,-121.80767511911739, 
2025-07-09 14:51:04,1.0789818,10.181683,2.4896095,15.295281,21.33322,0.008575699,0.013866593,65379.64,0.9996926,925.142,20.74836,46.749444859144056,-121.80767447423294, 
2025-07-09 14:51:05,1.0789963,10.181678,2.4896429,15.295739,21.33386,0.008576001,0.013867009,65377.688,0.9996926,925.1407,20.749634,46.74944505018469,-121.80767438253243, 
2025-07-09 14:51:06,1.0659726,10.182089,2.4595926,15.318424,21.365267,0.008590833,0.013887424,65280.89,0.99969256,925.1403,20.767288,46.749441699729545,-121.80767765850658, 
2025-07-09 14:51:07,1.0652046,10.1821165,2.4578207,15.31998,21.36742,0.00859185,0.013888824,65274.25,0.99969256,925.13965,20.768785,46.74944059545721,-121.80768209550065, 
2025-07-09 14:51:08,1.0767319,10.182295,2.4844184,15.29531,21.332912,0.0085755605,0.013866393,65379.543,0.99969256,925.15656,20.794569,46.749434110215276,-121.80766700267596, 
2025-07-09 14:51:09,1.0771251,10.182315,2.4853253,15.294345,21.331554,0.00857492,0.013865511,65383.664,0.99969256,925.1576,20.796556,46.749432044792094,-121.80766178848589, 
2025-07-09 14:51:10,1.0775181,10.182336,2.4862323,15.29338,21.330196,0.008574279,0.013864628,65387.785,0.99969256,925.15857,20.798544,46.749429583126215,-121.80766890734016, 
2025-07-09 14:51:11,1.077952,10.182093,2.4872336,15.302392,21.342903,0.008580274,0.013872888,65349.27,0.9996926,925.15045,20.799063,46.74942520458325,-121.80766577585355, 
2025-07-09 14:51:12,1.0782622,10.182082,2.4879491,15.302333,21.342827,0.008580238,0.013872838,65349.52,0.9996926,925.1504,20.799723,46.74942148531804,-121.80766182442572, 
2025-07-09 14:51:13,1.0785723,10.182072,2.4886649,15.302273,21.342749,0.008580201,0.013872787,65349.77,0.9996926,925.15027,20.800383,46.74942388887709,-121.80766223104429, 
2025-07-09 14:51:14,1.0789211,10.182067,2.4894695,15.295985,21.333982,0.008576062,0.0138670895,65376.637,0.9996926,925.1587,20.826336,46.749423449245754,-121.80766437232498, 
2025-07-09 14:51:15,1.0789523,10.18206,2.4895415,15.295842,21.333788,0.008575969,0.013866963,65377.242,0.9996926,925.159,20.82789,46.74942514344159,-121.80766165801539, 
2025-07-09 14:51:16,1.0662385,10.1823,2.460206,15.295774,21.333557,0.008575864,0.013866812,65377.53,0.99969256,925.13385,20.828861,46.74942907921508,-121.80765902208283, 
2025-07-09 14:51:17,1.0654553,10.182315,2.458399,15.295614,21.333324,0.008575755,0.013866661,65378.22,0.99969256,925.1325,20.829527,46.749433404285774,-121.80766203580549, 
2025-07-09 14:51:18,1.0646722,10.182329,2.456592,15.295454,21.333094,0.008575646,0.01386651,65378.902,0.99969256,925.13116,20.830194,46.749438412916355,-121.80766622989329, 
2025-07-09 14:51:19,1.0656879,10.182644,2.458936,15.307247,21.349361,0.0085833315,0.013877085,65328.54,0.99969256,925.1479,20.847273,46.74943964250581,-121.80767086728612, 
2025-07-09 14:51:20,1.0654237,10.18267,2.4583263,15.307964,21.350348,0.008583798,0.013877726,65325.477,0.99969256,925.14825,20.84832,46.74944122238042,-121.80767200798343, 
2025-07-09 14:51:21,1.0651596,10.182694,2.4577167,15.308682,21.351334,0.008584264,0.013878367,65322.41,0.99969256,925.1486,20.84937,46.74943492464574,-121.8076679891784, 
2025-07-09 14:51:22,1.0642366,10.183109,2.4555874,15.301928,21.341677,0.008579712,0.01387209,65351.242,0.9996925,925.158,20.85836,46.74943103428364,-121.80766659515326, 
2025-07-09 14:51:23,1.0641993,10.183143,2.455501,15.301825,21.341515,0.008579635,0.013871984,65351.684,0.9996925,925.159,20.859333,46.74944117243284,-121.80767243427593, 
2025-07-09 14:51:24,1.0640517,10.183156,2.4551606,15.293009,21.329212,0.008573826,0.013863987,65389.363,0.9996925,925.1593,20.868046,46.74944465500027,-121.80768014879813, 
2025-07-09 14:51:25,1.0640149,10.1831665,2.4550755,15.292304,21.328222,0.00857336,0.013863345,65392.37,0.9996925,925.1595,20.86879,46.74944303575981,-121.8076704092208, 
2025-07-09 14:51:26,1.063978,10.183177,2.4549904,15.2916,21.327234,0.008572893,0.013862703,65395.38,0.9996925,925.1597,20.869532,46.74943941879061,-121.80767542402124, 
2025-07-09 14:51:27,1.0763997,10.183647,2.4836519,15.301755,21.341131,0.00857946,0.013871735,65351.984,0.99969244,925.1511,20.878298,46.74943567213021,-121.80767171642934, 
2025-07-09 14:51:28,1.0771523,10.183676,2.4853885,15.302156,21.341675,0.008579717,0.013872088,65350.266,0.99969244,925.1506,20.879045,46.74943814334349,-121.80766990293456, 
2025-07-09 14:51:29,1.0779049,10.183705,2.4871252,15.302558,21.342218,0.008579974,0.013872442,65348.55,0.99969244,925.15,20.879791,46.74944114396542,-121.80767049524928, 
2025-07-09 14:51:30,1.0781891,10.18363,2.487781,15.304996,21.345661,0.008581597,0.01387468,65338.145,0.99969244,925.18506,20.897343,46.749437069810035,-121.80767461211197, 
2025-07-09 14:51:31,1.0785209,10.183638,2.4885466,15.305395,21.346212,0.008581858,0.013875039,65336.438,0.99969244,925.18695,20.898615,46.749437310039774,-121.80767347091574, 
2025-07-09 14:51:32,1.0787963,10.183945,2.4891818,15.3001995,21.33879,0.00857836,0.013870215,65358.63,0.99969244,925.1882,20.90767,46.74944096485735,-121.80767709820333, 
2025-07-09 14:51:33,1.0788157,10.183962,2.4892266,15.299927,21.338402,0.008578176,0.013869961,65359.793,0.99969244,925.1891,20.908644,46.7494426762538,-121.80767848352183, 
2025-07-09 14:51:34,1.0788351,10.183979,2.4892714,15.299654,21.338013,0.008577992,0.0138697075,65360.957,0.99969244,925.18994,20.909618,46.74944517009365,-121.80767549090909, 
2025-07-09 14:51:35,1.0780624,10.183822,2.4874885,15.29507,21.331707,0.008575013,0.013865611,65380.547,0.99969244,925.20703,20.926985,46.749442759100624,-121.80766902255229, 
2025-07-09 14:51:36,1.0780215,10.183821,2.4873943,15.294657,21.331133,0.008574741,0.013865236,65382.31,0.99969244,925.20807,20.928268,46.74944229686693,-121.80767023200566, 
2025-07-09 14:51:37,1.0779806,10.183819,2.4873,15.294244,21.330559,0.00857447,0.013864863,65384.074,0.99969244,925.2091,20.929554,46.74944363862322,-121.80766685142714, 
2025-07-09 14:51:38,1.0790234,10.18414,2.489706,15.304782,21.345072,0.008581326,0.013874298,65339.062,0.9996924,925.20044,20.938358,46.749443719332795,-121.80766018611631, 
2025-07-09 14:51:39,1.0790657,10.184155,2.4898038,15.30529,21.345772,0.008581657,0.013874753,65336.89,0.9996924,925.2004,20.939337,46.74944497903809,-121.80765905968974, 
2025-07-09 14:51:40,1.0791986,10.184554,2.4901102,15.297808,21.335112,0.00857663,0.013867823,65368.848,0.9996924,925.19165,20.948069,46.74944732972625,-121.80765513658275, 
2025-07-09 14:51:41,1.0792315,10.184587,2.4901862,15.297589,21.334787,0.008576477,0.013867613,65369.78,0.9996924,925.19086,20.948818,46.74944662024187,-121.80765382939114, 
2025-07-09 14:51:42,1.0792644,10.184619,2.490262,15.29737,21.334465,0.008576325,0.013867402,65370.715,0.9996924,925.1901,20.949568,46.74944666316457,-121.80765350303473, 
2025-07-09 14:51:43,1.0790281,10.184704,2.489717,15.298565,21.33608,0.00857709,0.013868453,65365.61,0.9996924,925.1727,20.949696,46.749446695499586,-121.80765325718028, 
2025-07-09 14:51:44,1.0790167,10.184719,2.4896905,15.298445,21.335905,0.008577007,0.013868338,65366.12,0.9996924,925.17145,20.94992,46.74944587410284,-121.80764511181951, 
2025-07-09 14:51:45,1.0790052,10.184734,2.4896643,15.298326,21.33573,0.008576925,0.013868225,65366.633,0.9996924,925.1702,20.950146,46.74944565752977,-121.80764308861826, 
2025-07-09 14:51:46,1.0656374,10.184883,2.4588196,15.300249,21.338327,0.008578153,0.013869913,65358.414,0.9996923,925.17896,20.958792,46.74944566875638,-121.8076428144017, 
2025-07-09 14:51:47,1.0648346,10.184894,2.456967,15.300392,21.338522,0.0085782455,0.01387004,65357.8,0.9996923,925.179,20.959316,46.74944492638712,-121.80763857168331, 
2025-07-09 14:51:48,1.0770866,10.185067,2.4852374,15.306158,21.346464,0.008581998,0.013875201,65333.184,0.9996923,925.14557,20.968061,46.74944405693371,-121.8076364044895, 
2025-07-09 14:51:49,1.0775347,10.1850815,2.4862714,15.306559,21.347013,0.008582258,0.013875559,65331.477,0.9996923,925.1437,20.96881,46.74944318884042,-121.80763333654173, 
2025-07-09 14:51:50,1.0779829,10.185096,2.4873054,15.306958,21.347563,0.0085825175,0.013875916,65329.77,0.9996923,925.1418,20.969559,46.74944164757744,-121.80763448296116, 
2025-07-09 14:51:51,1.0656892,10.185565,2.4589396,15.323098,21.369806,0.008593022,0.013890374,65260.973,0.99969226,925.184,20.969692,46.7494402521509,-121.80763279967657, 
2025-07-09 14:51:52,1.065255,10.185597,2.4579377,15.324224,21.371359,0.008593756,0.013891383,65256.168,0.99969226,925.1857,20.969917,46.74944148099784,-121.80762828186583, 
2025-07-09 14:51:53,1.0648209,10.185631,2.456936,15.325351,21.372911,0.008594489,0.013892393,65251.363,0.99969226,925.18744,20.970142,46.74944153939275,-121.80762670021677, 
2025-07-09 14:51:54,1.0772117,10.1854,2.485526,15.30173,21.3401,0.008578997,0.013871064,65352.105,0.9996923,925.1623,20.978718,46.74943727008752,-121.8076256761881, 
2025-07-09 14:51:55,1.0776299,10.185398,2.486491,15.300754,21.33874,0.0085783545,0.013870181,65356.27,0.9996923,925.16187,20.97923,46.74943727008712,-121.80762567618379, 
2025-07-09 14:51:56,1.077972,10.185928,2.4872804,15.2993,21.336412,0.008577263,0.013868668,65362.473,0.99969226,925.20294,20.987993,46.74943726955231,-121.80762567049726, 
2025-07-09 14:51:57,1.0782839,10.185956,2.4880002,15.298671,21.335518,0.008576841,0.013868087,65365.16,0.99969226,925.20496,20.988737,46.74943487099069,-121.80762553228331, 
2025-07-09 14:51:58,1.0785958,10.185984,2.4887197,15.298041,21.334623,0.008576419,0.013867506,65367.844,0.99969226,925.2069,20.989481,46.74943624367142,-121.8076298552133, 
2025-07-09 14:51:59,1.0791656,10.186078,2.4900346,15.300126,21.337479,0.008577769,0.013869361,65358.938,0.99969226,925.1995,20.998257,46.749435166783506,-121.80762629552562, 
2025-07-09 14:52:00,1.0791993,10.186097,2.4901123,15.300236,21.33762,0.008577836,0.013869453,65358.47,0.99969226,925.20013,20.999006,46.74943487287805,-121.8076240213244, 
2025-07-09 14:52:01,1.0792329,10.186116,2.49019,15.300345,21.337763,0.008577903,0.013869545,65358,0.99969226,925.2007,20.999756,46.749433712678105,-121.80762146741044, 
2025-07-09 14:52:02,1.0796578,10.18667,2.4911702,15.311799,21.35342,0.008585303,0.013879723,65309.12,0.9996922,925.1562,20.99975,46.74943372573855,-121.8076213265212, 
2025-07-09 14:52:03,1.0796988,10.186706,2.4912646,15.312535,21.354427,0.008585779,0.013880378,65305.973,0.9996922,925.1534,20.999975,46.74943372573761,-121.80762132651907, 
2025-07-09 14:52:04,1.078975,10.186426,2.4895947,15.306667,21.346403,0.008581987,0.013875162,65331.01,0.9996922,925.15173,21.016737,46.74943039936356,-121.80762071697023, 
2025-07-09 14:52:05,1.0789397,10.186422,2.4895134,15.306571,21.346272,0.008581923,0.013875077,65331.42,0.9996922,925.15063,21.017775,46.74943272870554,-121.80761960320838, 
2025-07-09 14:52:06,1.0789044,10.186418,2.489432,15.306474,21.34614,0.008581861,0.013874991,65331.836,0.9996922,925.14954,21.01881,46.74943582657233,-121.80762339966725, 
2025-07-09 14:52:07,1.0782828,10.186635,2.4879978,15.334553,21.385172,0.008600292,0.013900362,65212.24,0.9996922,925.1755,21.00215,46.7494361499287,-121.80762915940059, 
2025-07-09 14:52:08,1.0782263,10.186642,2.4878674,15.336135,21.387375,0.008601332,0.013901793,65205.5,0.9996922,925.17706,21.001534,46.74943583235121,-121.8076321470567, 
2025-07-09 14:52:09,1.0781698,10.186647,2.487737,15.337717,21.389578,0.008602371,0.013903226,65198.76,0.9996922,925.17865,21.000916,46.74943580393344,-121.80763270620658, 
2025-07-09 14:52:10,1.0657747,10.187215,2.459137,15.377525,21.444769,0.008628438,0.013939099,65030.055,0.9996922,925.1702,21.017979,46.749435139512755,-121.80763628988302, 
2025-07-09 14:52:11,1.0650157,10.187255,2.4573855,15.380636,21.449083,0.008630476,0.0139419045,65016.86,0.9996922,925.17035,21.018572,46.749435212527416,-121.80763596788866, 
2025-07-09 14:52:12,1.0642568,10.187294,2.4556344,15.383746,21.453398,0.008632515,0.013944709,65003.66,0.9996922,925.17053,21.019165,46.7494367088155,-121.80763109249794, 
2025-07-09 14:52:13,1.0777594,10.186637,2.48679,15.417362,21.500654,0.00865482,0.013975425,64862.004,0.99969226,925.1788,21.028564,46.74943810411867,-121.80762709489784, 
2025-07-09 14:52:14,1.0782361,10.186613,2.48789,15.420383,21.50488,0.008656816,0.013978172,64849.242,0.99969226,925.1791,21.029537,46.74943816738195,-121.80762716017999, 
2025-07-09 14:52:15,1.0660335,10.186835,2.4597342,15.420736,21.505245,0.008656991,0.01397841,64847.76,0.9996922,925.1879,21.03824,46.749438222879164,-121.80762710832232, 
2025-07-09 14:52:16,1.0656022,10.186833,2.4587388,15.421578,21.506422,0.008657546,0.013979174,64844.21,0.9996922,925.18866,21.03899,46.74943826481403,-121.80762706913754, 
2025-07-09 14:52:17,1.0651708,10.186831,2.4577436,15.4224205,21.507597,0.008658101,0.013979938,64840.66,0.9996922,925.18945,21.03974,46.749438264814536,-121.80762706913708, 
2025-07-09 14:52:18,1.0644091,10.187478,2.4559863,15.550017,21.685165,0.008741986,0.014095357,64309.242,0.9996922,925.18066,21.031006,46.74943531672075,-121.80761315569633, 
2025-07-09 14:52:19,1.0640551,10.187522,2.455169,15.557693,21.695845,0.008747031,0.014102299,64277.27,0.9996922,925.1804,21.030704,46.749433348562135,-121.80761349847835, 
2025-07-09 14:52:20,1.0637009,10.187567,2.454352,15.565369,21.706524,0.008752076,0.01410924,64245.3,0.9996922,925.1801,21.030405,46.749431106915786,-121.80761173489341, 
2025-07-09 14:52:21,1.0648925,10.187563,2.457101,15.818577,22.059631,0.008918985,0.014338762,63219.25,0.9996924,925.16205,21.039095,46.74943110691717,-121.80761173489489, 
2025-07-09 14:52:22,1.0649358,10.187579,2.4572008,15.836737,22.084948,0.0089309495,0.014355216,63145.293,0.9996924,925.16077,21.039394,46.74943110691856,-121.80761173489634, 
2025-07-09 14:52:23,1.0764345,10.186955,2.4837317,16.495352,23.003798,0.009365931,0.014952469,60643.117,0.99969274,925.16034,21.03967,46.74943044404673,-121.80761755574395, 
2025-07-09 14:52:24,1.07716,10.186917,2.4854057,16.5417,23.068455,0.0093965335,0.014994496,60465.51,0.99969274,925.15985,21.039896,46.749430444048215,-121.80761755574466, 
2025-07-09 14:52:25,1.0778855,10.186879,2.4870796,16.588047,23.133112,0.009427136,0.015036522,60287.906,0.9996928,925.1594,21.040121,46.74943220264098,-121.80762530332403, 
2025-07-09 14:52:26,1.0789557,10.187177,2.4895484,16.92198,23.598616,0.0096478565,0.015339101,59104,0.9996929,925.1684,21.048735,46.74943345167684,-121.80762412088383, 
2025-07-09 14:52:27,1.0793113,10.187179,2.4903688,16.958754,23.649897,0.009672154,0.015372433,58969.367,0.999693,925.16895,21.04926,46.74943428723554,-121.80762296481784, 
2025-07-09 14:52:28,1.0796667,10.1871805,2.491189,16.995525,23.701176,0.00969645,0.015405765,58834.73,0.999693,925.16943,21.049784,46.74943306416475,-121.8076228061442, 
2025-07-09 14:52:29,1.0782758,10.187454,2.4879787,17.814476,24.843065,0.010238805,0.016147994,56152.473,0.99969333,925.1784,21.049816,46.749434555886374,-121.80762379826056, 
2025-07-09 14:52:30,1.0782323,10.187477,2.4878783,17.871874,24.923094,0.010276804,0.016200012,55961.797,0.9996934,925.17914,21.050041,46.74943379648017,-121.80762201130109, 
2025-07-09 14:52:31,1.066446,10.187875,2.460682,18.352839,25.593548,0.010595744,0.016635807,54503.324,0.9996937,925.16223,21.058558,46.74942905818105,-121.8076257705366, 
2025-07-09 14:52:32,1.0656971,10.187905,2.4589539,18.402052,25.662159,0.010628361,0.016680405,54349.094,0.9996937,925.1614,21.059082,46.74942470099146,-121.80762542299928, 
2025-07-09 14:52:33,1.0649482,10.187936,2.457226,18.451267,25.73077,0.010660978,0.016725002,54194.863,0.99969375,925.1606,21.059607,46.74942888067814,-121.80762949620657, 
2025-07-09 14:52:34,1.0774978,10.187939,2.4861822,18.818275,26.24257,0.010904711,0.017057672,53145.664,0.99969393,925.16016,21.06847,46.74943330684535,-121.8076384471831, 
2025-07-09 14:52:35,1.077953,10.187948,2.4872322,18.852625,26.290464,0.01092751,0.017088804,53045.28,0.999694,925.1597,21.06922,46.74943729974396,-121.80764092252234, 
2025-07-09 14:52:36,1.0784081,10.187959,2.4882822,18.886974,26.33836,0.01095031,0.017119935,52944.902,0.999694,925.1593,21.069967,46.749432791778126,-121.80764652234703, 
2025-07-09 14:52:37,1.0784727,10.188613,2.4884307,19.406054,27.061754,0.011295153,0.01759014,51537.027,0.99969417,925.1508,21.06094,46.74943329540791,-121.80765927665135, 
2025-07-09 14:52:38,1.0787858,10.188652,2.4891531,19.446486,27.118109,0.01132201,0.017626772,51425.707,0.9996942,925.1503,21.060646,46.749432363393154,-121.80765758964637, 
2025-07-09 14:52:39,1.0790957,10.18811,2.4898677,20.018206,27.91578,0.011702632,0.018145256,49965.676,0.9996945,925.1243,21.06034,46.749433653379064,-121.80766242099718, 
2025-07-09 14:52:40,1.0791123,10.188091,2.4899058,20.065922,27.982334,0.011734381,0.018188518,49841.785,0.9996945,925.1225,21.060118,46.74943561716023,-121.80766899875869, 
2025-07-09 14:52:41,1.0791289,10.188073,2.489944,20.11364,28.04889,0.011766131,0.018231777,49717.89,0.9996946,925.12067,21.059896,46.749438673616815,-121.80766618878374, 
2025-07-09 14:52:42,1.078877,10.188631,2.4893625,20.376282,28.414726,0.011940857,0.018469572,49080.2,0.9996947,925.1204,21.068724,46.74944070052957,-121.80766667129613, 
2025-07-09 14:52:43,1.0788711,10.18865,2.4893486,20.406754,28.457205,0.011961137,0.018497184,49004.363,0.9996947,925.11975,21.069248,46.74944197006054,-121.80767121610423, 
2025-07-09 14:52:44,1.0788652,10.188669,2.489335,20.437225,28.499683,0.011981416,0.018524794,48928.527,0.9996947,925.1191,21.069773,46.749442146140005,-121.80767146972651, 
2025-07-09 14:52:45,1.0657929,10.18876,2.4591718,21.12053,29.452478,0.012436821,0.019144112,47355.184,0.99969506,925.12854,21.069807,46.749442146140005,-121.80767146972651, 
2025-07-09 14:52:46,1.0650219,10.188779,2.4573927,21.16795,29.518593,0.012468417,0.019187085,47244.945,0.9996951,925.1291,21.07003,46.74944384704662,-121.80766877190314, 
2025-07-09 14:52:47,1.0770935,10.188779,2.4852464,21.241251,29.62081,0.012517296,0.019253526,47080.832,0.9996951,925.1464,21.078533,46.74944309365086,-121.80767304850099, 
2025-07-09 14:52:48,1.0775324,10.188781,2.486259,21.26196,29.649685,0.012531098,0.019272294,47033.36,0.9996951,925.1477,21.079058,46.74944714318885,-121.80767580202541, 
2025-07-09 14:52:49,1.0779713,10.188783,2.4872715,21.282665,29.678558,0.0125449,0.019291064,46985.887,0.9996951,925.149,21.079582,46.749448495726725,-121.80767598898196, 
2025-07-09 14:52:50,1.0783365,10.189502,2.488114,21.656307,30.199022,0.012793911,0.019629365,46178.145,0.99969524,925.1492,21.071,46.74945007751579,-121.80767181240518, 
2025-07-09 14:52:51,1.078665,10.189546,2.488872,21.680754,30.233076,0.012810202,0.0196515,46125.16,0.99969524,925.14966,21.070694,46.749446949563705,-121.80767555738878, 
2025-07-09 14:52:52,1.0789934,10.1895895,2.48963,21.7052,30.26713,0.012826495,0.019673634,46072.176,0.99969524,925.1501,21.070389,46.74944692442373,-121.80768358707542, 
2025-07-09 14:52:53,1.0788345,10.189503,2.489263,21.835226,30.448519,0.0129133025,0.019791538,45798.35,0.9996953,925.14087,21.079014,46.749446843903776,-121.80767398802246, 
2025-07-09 14:52:54,1.0788411,10.189516,2.4892783,21.852707,30.472885,0.012924962,0.019807378,45760.95,0.9996953,925.1404,21.0793,46.74944165114807,-121.80766775443145, 
2025-07-09 14:52:55,1.0659376,10.190068,2.4595048,22.14341,30.877804,0.01311882,0.020070573,45161.88,0.9996954,925.1486,21.079632,46.7494359096467,-121.80766033522748, 
2025-07-09 14:52:56,1.0651451,10.190101,2.4576764,22.164396,30.907042,0.013132818,0.020089578,45118.484,0.9996954,925.1489,21.079853,46.74943576670297,-121.80765593205574, 
2025-07-09 14:52:57,1.0643526,10.190133,2.4558477,22.185383,30.936281,0.013146816,0.020108582,45075.09,0.9996954,925.14923,21.080072,46.74943371156346,-121.8076549158195, 
2025-07-09 14:52:58,1.0779163,10.189819,2.4871438,22.162632,30.904816,0.01313174,0.02008813,45121.246,0.9996955,925.1755,21.088682,46.74943165966584,-121.80765261060608, 
2025-07-09 14:52:59,1.0784092,10.189815,2.4882812,22.168589,30.913126,0.013135718,0.020093532,45108.926,0.9996955,925.17725,21.089207,46.749435754558185,-121.80765155840098, 
2025-07-09 14:53:00,1.0789021,10.18981,2.4894185,22.174545,30.921438,0.013139697,0.020098934,45096.6,0.9996955,925.1791,21.089731,46.74943659033776,-121.80765092140798, 
2025-07-09 14:53:01,1.0783383,10.19004,2.4881175,22.286833,31.077826,0.013214589,0.020200586,44869.695,0.99969554,925.1348,21.080938,46.74943677536265,-121.80765579261214, 
2025-07-09 14:53:02,1.0786408,10.190045,2.4888155,22.293133,31.086605,0.013218794,0.020206293,44856.957,0.99969554,925.1329,21.080639,46.749434634372555,-121.80765899906872, 
2025-07-09 14:53:03,1.078841,10.190054,2.4892771,22.341297,31.15376,0.013250954,0.020249944,44760.29,0.9996956,925.1654,21.088837,46.7494362537714,-121.80765986817903, 
2025-07-09 14:53:04,1.0788333,10.19006,2.4892595,22.347033,31.161755,0.013254782,0.02025514,44748.73,0.9996956,925.1663,21.08913,46.749433741997684,-121.80765886935822, 
2025-07-09 14:53:05,1.0788257,10.190066,2.4892418,22.352768,31.169746,0.01325861,0.020260336,44737.176,0.9996956,925.1673,21.089424,46.749435474029355,-121.80765794686299, 
2025-07-09 14:53:06,1.0785764,10.190149,2.488667,22.314156,31.115835,0.013232793,0.020225292,44814.62,0.9996955,925.1512,21.081043,46.74943748892517,-121.80766442257311, 
2025-07-09 14:53:07,1.0785673,10.190155,2.4886458,22.313,31.11422,0.013232019,0.020224243,44816.934,0.9996955,925.15106,21.080742,46.74943985057635,-121.80766666138939, 
2025-07-09 14:53:08,1.0785581,10.19016,2.4886246,22.311846,31.112606,0.013231246,0.020223193,44819.25,0.9996955,925.1509,21.08044,46.74944096294252,-121.80766644184824, 
2025-07-09 14:53:09,1.0789503,10.191054,2.4895298,22.336018,31.145569,0.013247053,0.020244619,44770.746,0.9996954,925.19446,21.089079,46.74943964584209,-121.80767049518496, 
2025-07-09 14:53:10,1.0789673,10.19111,2.4895692,22.336535,31.146242,0.013247377,0.020245057,44769.707,0.9996954,925.1967,21.089386,46.749439505306505,-121.8076700289641, 
2025-07-09 14:53:11,1.07835,10.190512,2.4881446,22.11184,30.833418,0.013097574,0.020041721,45225.426,0.99969536,925.15546,21.08115,46.749438994733666,-121.8076671641149, 
2025-07-09 14:53:12,1.0783213,10.190496,2.4880788,22.098576,30.814936,0.013088725,0.020029709,45252.34,0.99969536,925.154,21.080853,46.74943690586229,-121.80766249559609, 
2025-07-09 14:53:13,1.0782927,10.190481,2.4880128,22.085312,30.796453,0.013079874,0.020017695,45279.254,0.99969536,925.15247,21.080555,46.74943545410496,-121.80765535765897, 
2025-07-09 14:53:14,1.078527,10.191338,2.4885538,21.976034,30.643372,0.013006611,0.019918192,45504.598,0.99969524,925.1511,21.080282,46.749435488404416,-121.8076553601053, 
2025-07-09 14:53:15,1.0785255,10.191375,2.4885504,21.963755,30.626219,0.012998399,0.019907042,45529.727,0.99969524,925.15,21.08006,46.74943398396588,-121.80764533978592, 
2025-07-09 14:53:16,1.0785241,10.191411,2.488547,21.951475,30.609066,0.012990188,0.019895893,45554.855,0.99969524,925.14886,21.079834,46.74943240221785,-121.80764446183535, 
2025-07-09 14:53:17,1.0786937,10.191026,2.4889383,21.89862,30.53568,0.01295505,0.019848194,45665.074,0.99969524,925.22046,21.097694,46.74943267618121,-121.80763774529014, 
2025-07-09 14:53:18,1.0787095,10.191025,2.4889748,21.892569,30.527243,0.012951011,0.019842708,45677.62,0.99969524,925.2247,21.098743,46.749432577425196,-121.80763693541431, 
2025-07-09 14:53:19,1.0787138,10.1914,2.4889846,21.890158,30.523577,0.012949266,0.019840324,45682.645,0.99969524,925.1928,21.099283,46.74942820021747,-121.80763506425318, 
2025-07-09 14:53:20,1.0787177,10.191413,2.4889936,21.88867,30.52149,0.012948268,0.01983897,45685.74,0.99969524,925.19257,21.099733,46.74942640094549,-121.80763162284978, 
2025-07-09 14:53:21,1.0787216,10.191427,2.4890027,21.887184,30.519405,0.012947271,0.019837614,45688.836,0.99969524,925.19226,21.100182,46.74942605677482,-121.80763350221157, 
2025-07-09 14:53:22,1.0785682,10.191518,2.4886491,21.58711,30.100914,0.012747007,0.019565593,46325.32,0.99969506,925.2082,21.091345,46.74942734023229,-121.80763443304902, 
2025-07-09 14:53:23,1.078559,10.191533,2.4886281,21.568954,30.075584,0.012734886,0.01954913,46363.832,0.999695,925.2083,21.090822,46.74942736315631,-121.80763445903649, 
2025-07-09 14:53:24,1.0785499,10.191548,2.488607,21.550797,30.050253,0.012722766,0.019532664,46402.34,0.999695,925.20844,21.090302,46.749427546606746,-121.80763002161191, 
2025-07-09 14:53:25,1.0784134,10.191697,2.4882925,21.248821,29.629066,0.012521304,0.019258892,47063.336,0.9996948,925.18274,21.090216,46.74942902257304,-121.807627182329, 
2025-07-09 14:53:26,1.0784014,10.191709,2.488265,21.223267,29.593422,0.012504254,0.019235725,47118.76,0.9996948,925.1816,21.08999,46.749429419242325,-121.80762697651345, 
2025-07-09 14:53:27,1.0785271,10.191797,2.488555,21.123806,29.454666,0.0124379,0.019145535,47340.75,0.99969476,925.20624,21.09,46.749430180205195,-121.8076252196483, 
2025-07-09 14:53:28,1.0785316,10.191806,2.4885654,21.110579,29.436214,0.012429075,0.01913354,47369.973,0.99969476,925.20715,21.09,46.74942652035282,-121.80763862321618, 
2025-07-09 14:53:29,1.0785362,10.191815,2.4885762,21.09735,29.417763,0.01242025,0.019121546,47399.195,0.99969476,925.20807,21.09,46.74942484925152,-121.80764515721421, 
2025-07-09 14:53:30,1.0786922,10.191333,2.4889362,20.9907,29.269426,0.0123493215,0.019025128,47640.445,0.99969476,925.1915,21.09,46.749424703796755,-121.80764100850031, 
2025-07-09 14:53:31,1.0787048,10.191306,2.4889653,20.981766,29.25699,0.012343374,0.019017044,47660.582,0.99969476,925.19116,21.09,46.749424002246194,-121.80763617086303, 
2025-07-09 14:53:32,1.0787175,10.191279,2.4889944,20.972832,29.244555,0.012337428,0.01900896,47680.715,0.99969476,925.19073,21.09,46.74942301659058,-121.80763180093781, 
2025-07-09 14:53:33,1.078831,10.192008,2.4892564,20.824821,29.037605,0.012238522,0.018874442,48020.062,0.9996946,925.2166,21.098835,46.74942024623714,-121.80763128911407, 
2025-07-09 14:53:34,1.0788417,10.192039,2.4892812,20.813192,29.021366,0.01223076,0.018863888,48046.63,0.9996946,925.2177,21.09936,46.749419066395575,-121.8076365493438, 
2025-07-09 14:53:35,1.0789676,10.19221,2.4895718,20.723913,28.896744,0.012171205,0.018782882,48253.812,0.99969447,925.20166,21.091177,46.74941994721164,-121.80764037729872, 
2025-07-09 14:53:36,1.078978,10.192238,2.489596,20.71492,28.884184,0.012165203,0.01877472,48274.58,0.99969447,925.2013,21.090883,46.749419339811325,-121.80763609083687, 
2025-07-09 14:53:37,1.0789884,10.1922655,2.48962,20.705929,28.871626,0.0121592,0.018766556,48295.348,0.99969447,925.201,21.09059,46.74941735989181,-121.8076386327022, 
2025-07-09 14:53:38,1.078753,10.192586,2.489077,20.581577,28.697987,0.01207624,0.01865369,48587.535,0.9996944,925.2003,21.090303,46.74942001173974,-121.80763916181353, 
2025-07-09 14:53:39,1.0787418,10.19261,2.4890513,20.571846,28.6844,0.012069748,0.01864486,48610.336,0.9996944,925.1999,21.090082,46.74941907042542,-121.80764735493165, 
2025-07-09 14:53:40,1.0787307,10.192633,2.4890256,20.562115,28.670815,0.012063256,0.01863603,48633.137,0.9996944,925.1994,21.089859,46.749420890819124,-121.80763491364252, 
2025-07-09 14:53:41,1.0791042,10.192635,2.4898877,20.350773,28.37613,0.011922492,0.018444484,49139.066,0.9996943,925.19086,21.09,46.74942325898345,-121.80764096032698, 
2025-07-09 14:53:42,1.0791206,10.192642,2.4899259,20.334894,28.353981,0.011911912,0.018430088,49176.934,0.9996943,925.1903,21.09,46.74942301958016,-121.80764050221967, 
2025-07-09 14:53:43,1.0783752,10.192726,2.4882061,20.06297,27.97476,0.01173084,0.018183595,49845.414,0.99969417,925.1731,21.09,46.749422627765,-121.80763881111142, 
2025-07-09 14:53:44,1.0783381,10.192732,2.4881206,20.041103,27.944267,0.011716279,0.018163774,49898.84,0.9996941,925.1718,21.09,46.74942235820556,-121.80763928165578, 
2025-07-09 14:53:45,1.078301,10.192737,2.488035,20.019238,27.913774,0.011701718,0.018143954,49952.27,0.9996941,925.17053,21.09,46.74942122843073,-121.80763767002914, 
2025-07-09 14:53:46,1.0777621,10.192968,2.4867916,19.987467,27.869305,0.011680498,0.01811505,50031.79,0.99969405,925.1272,21.081385,46.749421624189594,-121.80763652667329, 
2025-07-09 14:53:47,1.0777109,10.192985,2.4866734,19.978703,27.85707,0.0116746565,0.018107098,50053.42,0.99969405,925.12415,21.080866,46.74942025502177,-121.8076370321428, 
2025-07-09 14:53:48,1.0776595,10.193001,2.4865549,19.969936,27.844837,0.011668816,0.018099146,50075.055,0.99969405,925.12115,21.080347,46.74942032440192,-121.80763701749086, 
2025-07-09 14:53:49,1.0788536,10.193178,2.4893107,19.513874,27.208803,0.011365359,0.01768572,51249.33,0.9996938,925.16504,21.089075,46.7494203086866,-121.80763702080965, 
2025-07-09 14:53:50,1.0789115,10.193194,2.4894443,19.48552,27.169256,0.01134649,0.017660016,51322.246,0.9996938,925.16656,21.089382,46.74941918805,-121.8076440821685, 
2025-07-09 14:53:51,1.0790757,10.1931095,2.489823,19.370642,27.00914,0.011270129,0.017555943,51626.53,0.99969375,925.1848,21.08964,46.74942126853589,-121.8076428515488, 
2025-07-09 14:53:52,1.0791142,10.193108,2.489912,19.35254,26.9839,0.011258089,0.017539537,51673.656,0.99969375,925.187,21.089867,46.74942148755938,-121.80764327726934, 
2025-07-09 14:53:53,1.0791528,10.193107,2.4900012,19.334436,26.95866,0.011246049,0.01752313,51720.777,0.99969375,925.1892,21.090096,46.749422806946335,-121.80764317018689, 
2025-07-09 14:53:54,1.0665239,10.193749,2.4608622,19.219032,26.797289,0.011169132,0.017418237,52032.234,0.9996936,925.15454,21.081354,46.749422806946335,-121.80764317018689, 
2025-07-09 14:53:55,1.0657624,10.193787,2.4591053,19.209185,26.783531,0.0111625735,0.017409295,52058.67,0.9996935,925.1529,21.08083,46.749422806946335,-121.80764317018689, 
2025-07-09 14:53:56,1.0650009,10.193823,2.457348,19.199337,26.769773,0.011156015,0.017400352,52085.11,0.9996935,925.15125,21.080305,46.749422806946335,-121.80764317018689, 
2025-07-09 14:53:57,1.0772148,10.1931715,2.48553,19.217485,26.795544,0.011168288,0.017417103,52035.992,0.9996937,925.12415,21.080221,46.749422806946335,-121.80764317018689, 
2025-07-09 14:53:58,1.0776206,10.19315,2.4864662,19.215454,26.792727,0.011166945,0.017415272,52041.45,0.9996937,925.12164,21.079996,46.749422806946335,-121.80764317018689, 
2025-07-09 14:53:59,1.077888,10.193366,2.4870837,18.947918,26.41954,0.0109891035,0.017172702,52778.125,0.9996935,925.1293,21.08,46.749422806946335,-121.80764317018689, 
2025-07-09 14:54:00,1.0781946,10.193364,2.487791,18.931879,26.397179,0.010978446,0.017158166,52822.31,0.99969345,925.1291,21.08,46.749422806946335,-121.80764317018689, 
2025-07-09 14:54:01,1.0785011,10.193362,2.4884982,18.915838,26.374815,0.010967789,0.017143631,52866.492,0.99969345,925.12897,21.08,46.749423355374404,-121.80764223618915, 
2025-07-09 14:54:02,1.0783967,10.193697,2.4882574,18.87844,26.322433,0.010942839,0.017109582,52971.02,0.9996934,925.13806,21.08,46.749424992577524,-121.8076448437857, 
2025-07-09 14:54:03,1.0783933,10.193724,2.4882495,18.869524,26.309984,0.0109369075,0.01710149,52995.664,0.9996934,925.1388,21.08,46.749424588543434,-121.80764321424404, 
2025-07-09 14:54:04,1.0783899,10.193749,2.4882417,18.86061,26.297535,0.010930976,0.017093398,53020.31,0.9996934,925.1396,21.08,46.749424588543434,-121.80764321424404, 
2025-07-09 14:54:05,1.0785265,10.194145,2.4885576,18.680037,26.045488,0.010810939,0.016929567,53533.83,0.9996932,925.1307,21.08,46.749424588543434,-121.80764321424404, 
2025-07-09 14:54:06,1.0785345,10.194177,2.488576,18.66825,26.029028,0.0108031,0.01691887,53567.3,0.9996932,925.1304,21.08,46.74942507745571,-121.80765041815191, 
2025-07-09 14:54:07,1.0782944,10.194112,2.4880223,18.36166,25.601599,0.010599634,0.01664104,54464.996,0.9996931,925.1385,21.08,46.74942540047075,-121.80764647068915, 
2025-07-09 14:54:08,1.0782828,10.194118,2.4879956,18.338453,25.569237,0.010584228,0.016620005,54532.57,0.9996931,925.1388,21.08,46.749424699337105,-121.8076453401146, 
2025-07-09 14:54:09,1.0782712,10.194122,2.487969,18.315245,25.536877,0.010568822,0.01659897,54600.15,0.9996931,925.1391,21.08,46.749424699337105,-121.8076453401146, 
2025-07-09 14:54:10,1.0783821,10.193723,2.488225,18.299023,25.514528,0.01055818,0.016584443,54648.387,0.9996931,925.13074,21.08,46.749424699337105,-121.8076453401146, 
2025-07-09 14:54:11,1.078383,10.193697,2.4882267,18.290495,25.502657,0.010552528,0.016576726,54673.402,0.9996931,925.1305,21.08,46.749424699337105,-121.8076453401146, 
2025-07-09 14:54:12,1.0783837,10.193671,2.4882283,18.28197,25.490786,0.010546877,0.01656901,54698.418,0.9996931,925.1302,21.08,46.749424699337105,-121.8076453401146, 
2025-07-09 14:54:13,1.0786761,10.193909,2.488903,18.219606,25.403671,0.010505435,0.016512387,54886.043,0.99969304,925.165,21.08,46.749424699337105,-121.8076453401146, 
2025-07-09 14:54:14,1.0786963,10.1939125,2.4889495,18.215385,25.397783,0.010502634,0.016508559,54898.71,0.99969304,925.1668,21.08,46.74942212513104,-121.80764836572483, 
2025-07-09 14:54:15,1.0790688,10.19454,2.4898093,18.091263,25.224297,0.01042012,0.016395792,55275.91,0.9996929,925.16815,21.08,46.74942212794834,-121.80765042863231, 
2025-07-09 14:54:16,1.0790987,10.194586,2.4898784,18.081942,25.211271,0.010413925,0.016387325,55304.18,0.9996929,925.169,21.08,46.74942212794834,-121.80765042863231, 
2025-07-09 14:54:17,1.0791286,10.194631,2.4899476,18.072622,25.198246,0.01040773,0.016378859,55332.445,0.9996929,925.1699,21.08,46.74942345141064,-121.8076507307376, 
2025-07-09 14:54:18,1.0787665,10.194485,2.489112,18.012209,25.114113,0.010367716,0.016324174,55518.18,0.99969286,925.1697,21.08,46.74942345141064,-121.8076507307376, 
2025-07-09 14:54:19,1.0787538,10.194491,2.4890826,18.005398,25.10461,0.010363196,0.016317997,55539.008,0.99969286,925.1697,21.08,46.74942469463052,-121.80764891195952, 
2025-07-09 14:54:20,1.0787411,10.194498,2.4890532,17.998587,25.09511,0.010358677,0.01631182,55559.84,0.99969286,925.1697,21.08,46.749426289504534,-121.80764658465102, 
2025-07-09 14:54:21,1.0788441,10.194331,2.4892912,17.85032,24.888494,0.010260444,0.016177522,56022.04,0.9996928,925.1609,21.071213,46.74942568278236,-121.80764578096577, 
2025-07-09 14:54:22,1.0788412,10.194318,2.4892848,17.839869,24.87393,0.010253519,0.016168054,56054.555,0.9996928,925.16034,21.07069,46.74942568278236,-121.80764578096577, 
2025-07-09 14:54:23,1.0788385,10.194304,2.4892783,17.829416,24.859364,0.0102465935,0.016158586,56087.066,0.9996928,925.15985,21.070166,46.74942568278236,-121.80764578096577, 
2025-07-09 14:54:24,1.0787315,10.194718,2.4890318,17.715101,24.699707,0.010170719,0.01605481,56449.49,0.9996927,925.20465,21.07912,46.74942568278236,-121.80764578096577, 
2025-07-09 14:54:25,1.0787276,10.194738,2.489023,17.704504,24.684917,0.01016369,0.016045196,56482.87,0.9996927,925.2071,21.07942,46.74942907543428,-121.80763874532849, 
2025-07-09 14:54:26,1.0784451,10.195066,2.488371,17.714882,24.699171,0.010170468,0.016054463,56449.793,0.9996927,925.1825,21.071156,46.74942911020167,-121.80763873898519, 
2025-07-09 14:54:27,1.0784255,10.195096,2.4883258,17.712679,24.69608,0.010168999,0.016052453,56456.766,0.9996927,925.1821,21.070873,46.74942911020167,-121.80763873898519, 
2025-07-09 14:54:28,1.078406,10.195125,2.4882808,17.710474,24.692987,0.01016753,0.016050443,56463.734,0.9996927,925.1817,21.070591,46.74942911020167,-121.80763873898519, 
2025-07-09 14:54:29,1.0785356,10.195283,2.48858,17.594486,24.531168,0.010090642,0.01594526,56836.3,0.99969256,925.1805,21.061415,46.74942930372054,-121.80763831505408, 
2025-07-09 14:54:30,1.0785366,10.1953,2.4885826,17.587559,24.521496,0.0100860465,0.015938973,56858.562,0.99969256,925.1798,21.060654,46.74942930371962,-121.80763831505608, 
2025-07-09 14:54:31,1.0784104,10.195074,2.4882913,17.59654,24.534168,0.010092064,0.01594721,56829.45,0.9996926,925.205,21.068796,46.749429303718706,-121.8076383150581, 
2025-07-09 14:54:32,1.078406,10.195065,2.488281,17.594202,24.530914,0.010090518,0.015945096,56836.94,0.9996926,925.2066,21.069088,46.74942925856636,-121.80763841397085, 
2025-07-09 14:54:33,1.0784014,10.195054,2.4882708,17.591866,24.527662,0.010088972,0.015942981,56844.434,0.9996926,925.2081,21.06938,46.749429220313836,-121.80763849776854, 
2025-07-09 14:54:34,1.078528,10.195604,2.488563,17.554918,24.47579,0.010064339,0.015909264,56964.133,0.9996925,925.1915,21.069687,46.74942919046427,-121.80763856315833, 
2025-07-09 14:54:35,1.0785327,10.195632,2.4885736,17.552893,24.472948,0.01006299,0.015907418,56970.695,0.9996925,925.19116,21.069912,46.74942919007103,-121.80763856401978, 
2025-07-09 14:54:36,1.0785372,10.195661,2.4885843,17.550867,24.470106,0.010061639,0.01590557,56977.258,0.9996925,925.1908,21.070137,46.74942917013819,-121.8076386076855, 
2025-07-09 14:54:37,1.0789344,10.195424,2.4895005,17.377733,24.228865,0.009947063,0.015748763,57545.793,0.9996925,925.17267,21.061256,46.74942760365683,-121.80763756225798, 
2025-07-09 14:54:38,1.0789613,10.195424,2.4895623,17.366495,24.213196,0.009939622,0.015738579,57582.656,0.9996925,925.1712,21.060738,46.74942471468135,-121.80764233952225, 
2025-07-09 14:54:39,1.078988,10.195423,2.489624,17.355257,24.197529,0.009932181,0.015728394,57619.516,0.9996925,925.16974,21.060219,46.74942461413662,-121.80764460014895, 
2025-07-09 14:54:40,1.0787405,10.1955805,2.4890532,17.256914,24.060316,0.00986704,0.015639206,57948.254,0.9996924,925.20593,21.060173,46.74942461413662,-121.80764460014895, 
2025-07-09 14:54:41,1.078736,10.195584,2.4890425,17.24672,24.046099,0.009860289,0.015629964,57982.074,0.9996924,925.20764,21.05995,46.74942461413662,-121.80764460014895, 
2025-07-09 14:54:42,1.0789626,10.195271,2.4895658,17.152416,23.914816,0.009797974,0.0155446315,58301.332,0.9996924,925.2254,21.068502,46.74942461413662,-121.80764460014895, 
2025-07-09 14:54:43,1.0789703,10.195256,2.4895835,17.144352,23.903582,0.009792641,0.015537328,58328.527,0.9996924,925.2273,21.06901,46.74942461413662,-121.80764460014895, 
2025-07-09 14:54:44,1.0789781,10.195241,2.4896014,17.136286,23.892345,0.009787307,0.015530025,58355.723,0.9996924,925.22925,21.069517,46.74942461413662,-121.80764460014895, 
2025-07-09 14:54:45,1.0782574,10.195312,2.487939,17.039587,23.75748,0.009723311,0.015442362,58687.336,0.9996923,925.21173,21.06971,46.74942461413662,-121.80764460014895, 
2025-07-09 14:54:46,1.0782199,10.195308,2.4878523,17.031473,23.746168,0.009717943,0.015435009,58715.06,0.9996923,925.2111,21.069927,46.74942461413662,-121.80764460014895, 
2025-07-09 14:54:47,1.0781825,10.195305,2.4877658,17.023357,23.734856,0.009712575,0.0154276565,58742.78,0.9996923,925.2106,21.070145,46.74942478975027,-121.80764439870192, 
2025-07-09 14:54:48,1.0787913,10.195311,2.4891706,16.991583,23.69055,0.009691557,0.015398857,58852.77,0.99969226,925.1744,21.061079,46.74942478974952,-121.80764439870279, 
2025-07-09 14:54:49,1.0788094,10.1953125,2.4892125,16.987196,23.684433,0.009688655,0.015394881,58867.867,0.99969226,925.1718,21.060549,46.749424789748765,-121.80764439870364, 
2025-07-09 14:54:50,1.0783182,10.195554,2.4880798,16.870073,23.520983,0.0096111335,0.01528864,59277.105,0.99969214,925.15393,21.06033,46.74942475182055,-121.80764444221124, 
2025-07-09 14:54:51,1.0783029,10.195569,2.488044,16.862091,23.509844,0.00960585,0.015281399,59304.973,0.99969214,925.152,21.0601,46.74942471765462,-121.80764448140312, 
2025-07-09 14:54:52,1.0782874,10.195583,2.4880085,16.854107,23.498703,0.009600566,0.015274158,59332.84,0.99969214,925.15,21.059874,46.7494247310968,-121.80765403878569, 
2025-07-09 14:54:53,1.078523,10.195667,2.4885526,16.803364,23.427904,0.009566995,0.015228137,59512.14,0.99969214,925.19385,21.051281,46.74942464917153,-121.80765344139974, 
2025-07-09 14:54:54,1.078525,10.195679,2.4885566,16.797335,23.41949,0.009563006,0.01522267,59533.324,0.99969214,925.196,21.050758,46.74942464917153,-121.80765344139974, 
2025-07-09 14:54:55,1.0785267,10.195689,2.488561,16.791307,23.41108,0.009559017,0.015217201,59554.508,0.99969214,925.1982,21.050234,46.74942464917153,-121.80765344139974, 
2025-07-09 14:54:56,1.0789394,10.195508,2.4895127,16.742342,23.342922,0.009526702,0.015172899,59728.902,0.99969214,925.1543,21.059082,46.74942464917153,-121.80765344139974, 
2025-07-09 14:54:57,1.0789695,10.195499,2.4895823,16.73805,23.336943,0.009523867,0.015169012,59744.145,0.99969214,925.15283,21.059381,46.74942464917153,-121.80765344139974, 
2025-07-09 14:54:58,1.0788556,10.195586,2.4893198,16.713078,23.30207,0.009507336,0.015146346,59833.453,0.9996921,925.16846,21.051119,46.74942464917153,-121.80765344139974, 
2025-07-09 14:54:59,1.0788581,10.195587,2.4893255,16.710321,23.29823,0.009505514,0.015143849,59843.28,0.9996921,925.1684,21.05082,46.74942464917153,-121.80765344139974, 
2025-07-09 14:55:00,1.0788606,10.195588,2.4893312,16.707567,23.294388,0.009503693,0.015141352,59853.11,0.9996921,925.16833,21.05052,46.74942464917153,-121.80765344139974, 
2025-07-09 14:55:01,1.0787406,10.195266,2.4890542,16.600193,23.144878,0.009432826,0.01504417,60240.676,0.9996921,925.17786,21.050264,46.74942465365312,-121.807653384177, 
2025-07-09 14:55:02,1.0787306,10.195249,2.489031,16.593094,23.13499,0.009428141,0.015037744,60266.277,0.9996921,925.17883,21.05004,46.749424652500636,-121.80765339889251, 
2025-07-09 14:55:03,1.0787206,10.195231,2.4890077,16.585995,23.125105,0.009423454,0.015031318,60291.88,0.9996921,925.1798,21.049816,46.749424651756364,-121.80765340839572, 
2025-07-09 14:55:04,1.0785667,10.195716,2.488653,16.551651,23.076921,0.009400629,0.015,60417.066,0.999692,925.1617,21.05,46.74942465110391,-121.80765341672644, 
2025-07-09 14:55:05,1.0785545,10.195737,2.488625,16.546854,23.07022,0.009397455,0.014995644,60434.45,0.999692,925.1609,21.05,46.749424651103894,-121.80765341672654, 
2025-07-09 14:55:06,1.0782183,10.195836,2.4878497,16.52776,23.04354,0.009384814,0.014978301,60504.305,0.99969196,925.16034,21.041462,46.74942465110388,-121.80765341672664, 
2025-07-09 14:55:07,1.078194,10.195854,2.4877934,16.525753,23.04073,0.009383484,0.014976474,60511.633,0.99969196,925.1599,21.040937,46.749424651103865,-121.80765341672677, 
2025-07-09 14:55:08,1.0781697,10.195871,2.4877374,16.523745,23.03792,0.009382153,0.014974649,60518.96,0.99969196,925.1594,21.040413,46.74942465110385,-121.80765341672688, 
2025-07-09 14:55:09,1.0786576,10.196033,2.488863,16.497784,23.001625,0.009364957,0.014951058,60614.234,0.99969196,925.151,21.040268,46.749424651103844,-121.80765341672699, 
2025-07-09 14:55:10,1.0786785,10.196045,2.4889112,16.495726,22.99875,0.009363594,0.014949188,60621.78,0.99969196,925.15045,21.040043,46.749424650680936,-121.80765342212702, 
2025-07-09 14:55:11,1.0786992,10.196057,2.4889593,16.493668,22.995874,0.009362232,0.0149473185,60629.324,0.99969196,925.14996,21.039818,46.74942465030392,-121.8076534269409, 
2025-07-09 14:55:12,1.0788244,10.196213,2.489248,16.49661,22.999882,0.009364135,0.014949923,60618.516,0.9996919,925.1765,21.048882,46.74942464917153,-121.80765344139974, 
2025-07-09 14:55:13,1.0788438,10.196226,2.489293,16.496098,22.999157,0.009363792,0.014949452,60620.4,0.9996919,925.17786,21.049406,46.74942464917153,-121.80765344139974, 
2025-07-09 14:55:14,1.078585,10.196464,2.488696,16.407503,22.875492,0.009305213,0.014869071,60948.03,0.99969184,925.1872,21.041126,46.74942464917153,-121.80765344139974, 
2025-07-09 14:55:15,1.0785719,10.196483,2.4886658,16.402115,22.867971,0.00930165,0.014864181,60967.953,0.99969184,925.1884,21.040827,46.74942464917153,-121.80765344139974, 
2025-07-09 14:55:16,1.0785588,10.196501,2.4886355,16.396729,22.86045,0.009298087,0.014859293,60987.875,0.99969184,925.1896,21.040527,46.74942464917153,-121.80765344139974, 
2025-07-09 14:55:17,1.0789447,10.196264,2.4895258,16.333115,22.771902,0.009256151,0.014801737,61225.582,0.99969184,925.18945,21.048975,46.74942464917153,-121.80765344139974, 
2025-07-09 14:55:18,1.0789615,10.196256,2.4895644,16.327042,22.763437,0.009252142,0.014796236,61248.19,0.99969184,925.18964,21.049274,46.74942464917153,-121.80765344139974, 
2025-07-09 14:55:19,1.0789782,10.196247,2.489603,16.320967,22.754974,0.009248133,0.014790734,61270.8,0.99969184,925.1899,21.049574,46.74942464917153,-121.80765344139974, 
2025-07-09 14:55:20,1.0783291,10.1964035,2.4881053,16.289907,22.711576,0.009227583,0.0147625245,61387.78,0.9996918,925.163,21.032051,46.74942464917153,-121.80765344139974, 
2025-07-09 14:55:21,1.0783004,10.196407,2.4880393,16.286383,22.70666,0.009225255,0.014759329,61401,0.9996918,925.16144,21.031229,46.74942464917153,-121.80765344139974, 
2025-07-09 14:55:22,1.0787878,10.19649,2.4891639,16.29465,22.718134,0.00923069,0.014766787,61369.848,0.9996918,925.1437,21.03922,46.74942464917153,-121.80765344139974, 
2025-07-09 14:55:23,1.0788023,10.1965,2.4891975,16.294378,22.71775,0.0092305085,0.014766538,61370.867,0.9996918,925.14197,21.039295,46.74942464927544,-121.8076534400733, 
2025-07-09 14:55:24,1.078817,10.196508,2.489231,16.294106,22.717365,0.009230326,0.014766288,61371.887,0.9996918,925.14026,21.039371,46.74942464927544,-121.80765344007331, 
2025-07-09 14:55:25,1.0789597,10.196667,2.4895606,16.29464,22.718016,0.009230638,0.01476671,61369.87,0.9996918,925.149,21.03103,46.74942464927544,-121.80765344007331, 
2025-07-09 14:55:26,1.0789807,10.196679,2.489609,16.294878,22.718338,0.009230792,0.014766919,61368.98,0.9996918,925.14905,21.030731,46.74942464927544,-121.80765344007331, 
2025-07-09 14:55:27,1.0790017,10.196691,2.4896574,16.295115,22.71866,0.009230944,0.014767129,61368.09,0.9996918,925.1491,21.030432,46.74942464927543,-121.80765344007331, 
2025-07-09 14:55:28,1.0791273,10.196609,2.4899473,16.222218,22.617077,0.009182848,0.0147011,61644.01,0.9996918,925.14954,21.0302,46.749424649275426,-121.80765344007331, 
2025-07-09 14:55:29,1.0791385,10.196608,2.4899733,16.21792,22.611086,0.009180011,0.014697205,61660.277,0.9996918,925.1497,21.029974,46.749424649275426,-121.80765344007334, 
2025-07-09 14:55:30,1.0786302,10.196683,2.4888008,16.18643,22.567139,0.009159208,0.014668641,61780.273,0.9996917,925.18365,21.03,46.749424649275426,-121.80765344007337, 
2025-07-09 14:55:31,1.0786024,10.196686,2.4887364,16.182789,22.562061,0.009156804,0.014665339,61794.105,0.9996917,925.1857,21.03,46.749424649275426,-121.8076534400734, 
2025-07-09 14:55:32,1.0785745,10.196689,2.4886723,16.179148,22.556982,0.0091544,0.014662039,61807.938,0.9996917,925.1878,21.03,46.74942464927544,-121.80765344007341, 
2025-07-09 14:55:33,1.0787145,10.19693,2.488995,16.108109,22.457796,0.009107458,0.014597567,62080.754,0.99969167,925.21466,21.03,46.749424649275184,-121.80765344007672, 
2025-07-09 14:55:34,1.0787104,10.196947,2.4889855,16.103008,22.450674,0.009104088,0.014592938,62100.316,0.99969167,925.21716,21.03,46.749424649275184,-121.80765344007672, 
2025-07-09 14:55:35,1.0787063,10.196963,2.488976,16.097908,22.443554,0.009100718,0.01458831,62119.88,0.99969167,925.2196,21.03,46.749424649275184,-121.80765344007672, 
2025-07-09 14:55:36,1.0787168,10.197051,2.489,16.100092,22.446547,0.009102137,0.014590255,62111.473,0.99969167,925.18365,21.03,46.74942464925185,-121.80765344037461, 
2025-07-09 14:55:37,1.0787207,10.1970625,2.4890094,16.09835,22.44411,0.009100984,0.014588672,62118.16,0.99969167,925.18225,21.03,46.74942464923453,-121.80765344059569, 
2025-07-09 14:55:38,1.0790839,10.197063,2.4898474,16.093515,22.437368,0.009097793,0.01458429,62136.83,0.99969167,925.1811,21.038517,46.74942464923452,-121.80765344059569, 
2025-07-09 14:55:39,1.0791063,10.197066,2.4898992,16.093245,22.43699,0.009097613,0.014584044,62137.875,0.99969167,925.1802,21.039042,46.74942464923452,-121.80765344059571, 
2025-07-09 14:55:40,1.0791287,10.197068,2.489951,16.092974,22.436611,0.009097435,0.014583797,62138.918,0.99969167,925.1793,21.039566,46.74942464923451,-121.80765344059571, 
2025-07-09 14:55:41,1.078612,10.197465,2.4887586,16.05861,22.388466,0.009074658,0.014552503,62271.934,0.9996916,925.2144,21.031036,46.74942464923452,-121.80765344059571, 
2025-07-09 14:55:42,1.0785899,10.197489,2.488708,16.056408,22.38538,0.009073198,0.014550497,62280.46,0.9996916,925.2165,21.030737,46.749419804904164,-121.80762767991052, 
2025-07-09 14:55:43,1.078568,10.197513,2.4886572,16.054205,22.382294,0.009071738,0.014548491,62288.99,0.9996916,925.2186,21.030437,46.74941738717119,-121.80762463614109, 
2025-07-09 14:55:44,1.0784225,10.197597,2.488322,16.029804,22.348228,0.009055622,0.014526348,62383.83,0.99969155,925.17474,21.021385,46.749416836292326,-121.80762516172268, 
2025-07-09 14:55:45,1.0784011,10.197611,2.4882724,16.027493,22.344994,0.009054093,0.014524247,62392.805,0.99969155,925.17303,21.020641,46.74941683659795,-121.80762516575803, 
2025-07-09 14:55:46,1.0781958,10.1977625,2.4877987,16.017326,22.33073,0.009047346,0.014514975,62432.41,0.99969155,925.2482,21.028889,46.74941690800861,-121.80762610862338, 
2025-07-09 14:55:47,1.07818,10.197774,2.487762,16.016129,22.329056,0.009046554,0.0145138865,62437.066,0.99969155,925.2519,21.029196,46.74941690800861,-121.80762610862338, 
2025-07-09 14:55:48,1.078164,10.197785,2.4877253,16.014933,22.327381,0.00904576,0.014512797,62441.723,0.99969155,925.25555,21.029505,46.749417998171,-121.80762849283053, 
2025-07-09 14:55:49,1.0790232,10.197866,2.489708,15.999274,22.305502,0.009035412,0.0144985765,62502.848,0.99969155,925.1791,21.021046,46.74942110527996,-121.80762996157594, 
2025-07-09 14:55:50,1.0790699,10.197876,2.4898157,15.998073,22.303823,0.009034618,0.014497485,62507.535,0.99969155,925.1764,21.020748,46.74941989596876,-121.80763388370626, 
2025-07-09 14:55:51,1.0791166,10.197885,2.4899232,15.996872,22.302143,0.009033822,0.014496393,62512.223,0.99969155,925.1737,21.02045,46.74942260917122,-121.80763538434682, 
2025-07-09 14:55:52,1.0784583,10.1983,2.4884045,15.995078,22.299395,0.00903253,0.014494606,62519.234,0.9996915,925.1981,21.01135,46.749422657736126,-121.80763524413904, 
2025-07-09 14:55:53,1.078441,10.198327,2.4883647,15.994559,22.298655,0.0090321805,0.014494126,62521.26,0.9996915,925.19763,21.010601,46.749422657736126,-121.80763524413904, 
2025-07-09 14:55:54,1.078302,10.1981,2.4880435,15.969328,22.263615,0.009015597,0.014471349,62620.074,0.99969155,925.21564,21.018862,46.74942464112591,-121.80763091784529, 
2025-07-09 14:55:55,1.0782778,10.198095,2.4879878,15.967725,22.261381,0.009014541,0.014469898,62626.35,0.99969155,925.21735,21.019163,46.7494245773706,-121.80763085964797, 
2025-07-09 14:55:56,1.0782536,10.1980915,2.487932,15.966122,22.259148,0.009013485,0.014468447,62632.63,0.99969155,925.21906,21.019463,46.7494245773706,-121.80763085964797, 
2025-07-09 14:55:57,1.07851,10.198406,2.4885242,15.885612,22.146719,0.008960312,0.014395367,62950.33,0.9996914,925.2191,21.011044,46.7494245773706,-121.80763085964797, 
2025-07-09 14:55:58,1.0785222,10.19842,2.488552,15.880111,22.139044,0.008956682,0.014390377,62972.016,0.9996914,925.21954,21.010744,46.74942836925686,-121.8076363962685, 
2025-07-09 14:55:59,1.0785342,10.198433,2.48858,15.874611,22.131367,0.008953052,0.014385388,62993.703,0.9996914,925.22003,21.010445,46.74942739835314,-121.80763630398006, 
2025-07-09 14:56:00,1.0797069,10.198927,2.4912856,15.880348,22.139076,0.008956703,0.014390399,62970.95,0.99969137,925.2462,21.010208,46.74942743387233,-121.80763636659455, 
2025-07-09 14:56:01,1.0797826,10.198964,2.4914603,15.878625,22.13665,0.008955557,0.014388823,62977.746,0.99969137,925.2478,21.009983,46.74942743420513,-121.80763636718122, 
2025-07-09 14:56:02,1.0783691,10.198661,2.488199,15.86599,22.119215,0.008947309,0.014377489,63027.906,0.9996914,925.2401,21.018469,46.74943140740028,-121.80764190049874, 
2025-07-09 14:56:03,1.0783101,10.198654,2.4880629,15.865345,22.118319,0.008946885,0.014376907,63030.465,0.9996914,925.2403,21.018988,46.74943140740028,-121.80764190049874, 
2025-07-09 14:56:04,1.0782512,10.198647,2.4879267,15.864699,22.117424,0.008946462,0.014376325,63033.027,0.9996914,925.2404,21.019506,46.74943140740028,-121.80764190049874, 
2025-07-09 14:56:05,1.0788085,10.198634,2.4892128,15.838155,22.080423,0.008928964,0.014352276,63138.703,0.9996914,925.26605,21.011019,46.74943140740028,-121.80764190049874, 
2025-07-09 14:56:06,1.0788074,10.1986265,2.4892101,15.836218,22.077728,0.008927689,0.014350524,63146.41,0.9996914,925.26746,21.010712,46.74943140740028,-121.80764190049874, 
2025-07-09 14:56:07,1.0788062,10.198618,2.4892073,15.834281,22.075033,0.008926414,0.014348772,63154.117,0.9996914,925.2688,21.010403,46.74943140740028,-121.80764190049874, 
2025-07-09 14:56:08,1.0789632,10.199276,2.4895697,15.811983,22.043562,0.008911542,0.014328316,63243.2,0.9996913,925.26025,21.010208,46.74943140740028,-121.80764190049874, 
2025-07-09 14:56:09,1.0789864,10.199314,2.4896233,15.80998,22.040749,0.008910211,0.014326486,63251.19,0.9996913,925.26044,21.009981,46.74943140740028,-121.80764190049874, 
2025-07-09 14:56:10,1.078866,10.199486,2.4893456,15.801221,22.028435,0.008904394,0.014318482,63286.26,0.9996913,925.226,21.001488,46.749431389927956,-121.80764187369984, 
2025-07-09 14:56:11,1.0788616,10.199512,2.4893353,15.800155,22.026934,0.008903683,0.014317506,63290.527,0.9996913,925.22363,21.000956,46.749431394750815,-121.80764188109707, 
2025-07-09 14:56:12,1.0788571,10.199537,2.489325,15.799088,22.02543,0.0089029735,0.01431653,63294.793,0.9996913,925.2213,21.000425,46.74943659628363,-121.80764428064502, 
2025-07-09 14:56:13,1.0791107,10.199784,2.4899104,15.818951,22.052977,0.008916002,0.014334435,63215.332,0.99969125,925.2208,21.000284,46.749436625274576,-121.80764429647903, 
2025-07-09 14:56:14,1.0791229,10.199803,2.4899383,15.819924,22.054323,0.008916639,0.01433531,63211.438,0.99969125,925.2199,21.000057,46.74943664293356,-121.80764430633907, 
2025-07-09 14:56:15,1.079135,10.199822,2.4899662,15.820897,22.055668,0.008917275,0.014336185,63207.543,0.99969125,925.219,20.999828,46.7494366431234,-121.80764430644507, 
2025-07-09 14:56:16,1.0788771,10.199897,2.489371,15.785327,22.006037,0.008893809,0.0143039245,63350.004,0.99969125,925.2906,21,46.74943665663191,-121.8076443139877, 
2025-07-09 14:56:17,1.0788679,10.199908,2.48935,15.783683,22.003736,0.008892722,0.01430243,63356.594,0.99969125,925.2948,21,46.74943666743591,-121.80764432002022, 
2025-07-09 14:56:18,1.07921,10.199839,2.4901397,15.76,21.970762,0.008877132,0.014280995,63451.832,0.99969125,925.2969,20.99151,46.74943670006067,-121.80764433823653, 
2025-07-09 14:56:19,1.079225,10.199837,2.4901738,15.757678,21.967525,0.008875602,0.014278892,63461.156,0.99969125,925.29865,20.990986,46.74943670006067,-121.80764433823653, 
2025-07-09 14:56:20,1.0792397,10.199834,2.4902081,15.755356,21.96429,0.008874073,0.014276789,63470.48,0.99969125,925.3005,20.990461,46.74943670006067,-121.80764433823653, 
2025-07-09 14:56:21,1.0790186,10.200228,2.4896982,15.742485,21.94612,0.008865485,0.014264978,63522.39,0.9996912,925.2564,20.990288,46.74943670006067,-121.80764433823653, 
2025-07-09 14:56:22,1.079014,10.20025,2.4896872,15.74111,21.94419,0.008864573,0.014263723,63527.93,0.9996912,925.2538,20.990063,46.74943670006067,-121.80764433823653, 
2025-07-09 14:56:23,1.0790092,10.200273,2.4896762,15.739735,21.942259,0.0088636605,0.014262469,63533.47,0.9996912,925.25116,20.989838,46.74943670006067,-121.80764433823653, 
2025-07-09 14:56:24,1.0787582,10.20052,2.489097,15.719931,21.914507,0.008850546,0.01424443,63613.53,0.9996912,925.2596,20.998821,46.74943670006067,-121.80764433823653, 
2025-07-09 14:56:25,1.0787379,10.200544,2.4890501,15.718407,21.912369,0.008849535,0.014243039,63619.688,0.9996912,925.25903,20.999344,46.74943670006067,-121.80764433823653, 
2025-07-09 14:56:26,1.0789634,10.200318,2.4895706,15.717054,21.910614,0.0088487035,0.014241899,63625.16,0.9996912,925.1914,20.991142,46.74943670006067,-121.80764433823653, 
2025-07-09 14:56:27,1.0789717,10.20031,2.48959,15.7165,21.909847,0.00884834,0.0142414,63627.4,0.9996912,925.1874,20.990839,46.74943670006067,-121.80764433823653, 
2025-07-09 14:56:28,1.0789801,10.200301,2.4896092,15.715946,21.909079,0.008847977,0.014240901,63629.64,0.9996912,925.1834,20.990536,46.74943669995785,-121.80764433817912, 
2025-07-09 14:56:29,1.0789866,10.200841,2.4896245,15.713239,21.904987,0.008846051,0.014238243,63640.605,0.9996911,925.182,20.990294,46.74943669995785,-121.80764433817912, 
2025-07-09 14:56:30,1.0789928,10.200868,2.4896388,15.713047,21.904705,0.008845918,0.014238059,63641.383,0.9996911,925.18024,20.990067,46.74943669995785,-121.80764433817914, 
2025-07-09 14:56:31,1.0789992,10.200894,2.489653,15.712855,21.904423,0.008845785,0.014237874,63642.16,0.9996911,925.1784,20.989841,46.74943669998321,-121.80764433819331, 
2025-07-09 14:56:32,1.0791298,10.200831,2.4899547,15.692256,21.875746,0.008832229,0.014219235,63725.715,0.9996911,925.2151,20.98115,46.74943670000134,-121.80764433820345, 
2025-07-09 14:56:33,1.0791379,10.200841,2.4899735,15.690949,21.873919,0.008831366,0.014218047,63731.016,0.9996911,925.21716,20.98062,46.749436700014954,-121.80764433821103, 
2025-07-09 14:56:34,1.0783849,10.200606,2.488236,15.685923,21.867046,0.008828114,0.014213581,63751.438,0.9996911,925.16736,20.980358,46.749436700026365,-121.80764433821739, 
2025-07-09 14:56:35,1.0783415,10.20059,2.4881358,15.685121,21.865938,0.00882759,0.014212861,63754.695,0.9996911,925.1651,20.980131,46.74943670003514,-121.80764433822227, 
2025-07-09 14:56:36,1.0782982,10.200574,2.488036,15.684319,21.86483,0.008827066,0.014212141,63757.95,0.9996911,925.1629,20.979904,46.749436700035126,-121.80764433822227, 
2025-07-09 14:56:37,1.078921,10.200728,2.4894729,15.661467,21.83288,0.008811968,0.014191372,63851.008,0.9996911,925.1787,20.98,46.74943342823204,-121.80765412783417, 
2025-07-09 14:56:38,1.0789397,10.200731,2.489516,15.659957,21.830774,0.008810973,0.014190003,63857.152,0.9996911,925.17847,20.98,46.74943418467086,-121.8076544228973, 
2025-07-09 14:56:39,1.0789584,10.200735,2.4895592,15.658447,21.828667,0.008809977,0.014188634,63863.297,0.9996911,925.17816,20.98,46.74943199505271,-121.80765714694593, 
2025-07-09 14:56:40,1.0791132,10.201064,2.4899168,15.656653,21.825977,0.00880871,0.014186886,63870.617,0.99969107,925.17926,20.98,46.74943194610126,-121.80765732838991, 
2025-07-09 14:56:41,1.0791379,10.201087,2.4899735,15.655958,21.824995,0.008808245,0.014186247,63873.45,0.99969107,925.1797,20.98,46.749431823796435,-121.8076577817263, 
2025-07-09 14:56:42,1.0786309,10.200787,2.4888036,15.638778,21.801218,0.008797005,0.014170792,63943.633,0.9996911,925.1627,20.971525,46.749431823796435,-121.8076577817263, 
2025-07-09 14:56:43,1.0786027,10.200776,2.4887385,15.637674,21.799686,0.008796281,0.014169796,63948.14,0.9996911,925.1617,20.971,46.749431823796435,-121.8076577817263, 
2025-07-09 14:56:44,1.0785745,10.200765,2.4886737,15.63657,21.798153,0.008795557,0.014168801,63952.65,0.9996911,925.16064,20.970474,46.74942973774762,-121.80765718574985, 
2025-07-09 14:56:45,1.0788256,10.201229,2.4892528,15.611033,21.762283,0.008778615,0.014145484,64057.297,0.99969107,925.1603,20.961687,46.749430615127466,-121.80765889534561, 
2025-07-09 14:56:46,1.0788279,10.201249,2.489258,15.609061,21.759523,0.008777311,0.0141436905,64065.37,0.99969107,925.1598,20.960945,46.74943061341236,-121.80765870772673, 
2025-07-09 14:56:47,1.0788301,10.201269,2.4892633,15.60709,21.756763,0.008776007,0.014141896,64073.44,0.99969107,925.15936,20.960201,46.749430613851096,-121.80765875572158, 
2025-07-09 14:56:48,1.0787282,10.201436,2.489028,15.621335,21.776524,0.008785346,0.014154741,64015.023,0.99969107,925.19507,20.969067,46.749430613851096,-121.80765875572158, 
2025-07-09 14:56:49,1.0787281,10.201458,2.4890277,15.621542,21.7768,0.008785477,0.01415492,64014.168,0.99969107,925.1972,20.969376,46.749430613851096,-121.80765875572158, 
2025-07-09 14:56:50,1.0667272,10.201702,2.4613373,15.619096,21.77325,0.008783802,0.0141526135,64024.19,0.99969095,925.1813,20.961166,46.74943061461966,-121.80765883979585, 
2025-07-09 14:56:51,1.0659811,10.201721,2.459616,15.619287,21.773506,0.0087839225,0.014152778,64023.41,0.99969095,925.18115,20.960869,46.74943061474596,-121.80765885361102, 
2025-07-09 14:56:52,1.0652351,10.201739,2.4578948,15.619477,21.77376,0.008784044,0.014152944,64022.63,0.99969095,925.181,20.960571,46.74943061482266,-121.80765886200184, 
2025-07-09 14:56:53,1.0770615,10.201671,2.485183,15.615183,21.767815,0.008781231,0.014149079,64040.24,0.99969095,925.1976,20.960297,46.74943061488188,-121.80765886848049, 
2025-07-09 14:56:54,1.0774764,10.201673,2.4861403,15.614859,21.76736,0.008781018,0.014148785,64041.562,0.99969095,925.1982,20.960072,46.74943061493976,-121.80765887481233, 
2025-07-09 14:56:55,1.0778912,10.201674,2.4870975,15.614535,21.766909,0.0087808035,0.014148491,64042.89,0.99969095,925.1988,20.959846,46.74942671035154,-121.80763929824347, 
2025-07-09 14:56:56,1.0785012,10.202228,2.4885051,15.597148,21.74235,0.008769206,0.014132528,64114.3,0.99969083,925.1904,20.951187,46.74942298182093,-121.80763435612985, 
2025-07-09 14:56:57,1.0788316,10.202259,2.489267,15.596006,21.740742,0.008768446,0.014131482,64118.984,0.99969083,925.19037,20.950663,46.74941921623524,-121.80763926613137, 
2025-07-09 14:56:58,1.0783347,10.201961,2.4881208,15.588419,21.730337,0.008763528,0.0141247185,64150.195,0.9996909,925.1647,20.958838,46.74941821690855,-121.8076454647896, 
2025-07-09 14:56:59,1.0783103,10.201956,2.4880645,15.587541,21.729115,0.008762951,0.014123925,64153.81,0.9996909,925.16284,20.959137,46.74941908649268,-121.80765451830926, 
2025-07-09 14:57:00,1.0782859,10.20195,2.4880083,15.586661,21.727894,0.008762374,0.014123131,64157.418,0.9996909,925.1611,20.959436,46.74942055165181,-121.80766869284994, 
2025-07-09 14:57:01,1.0785228,10.202512,2.488555,15.599519,21.745491,0.008770696,0.01413457,64104.547,0.9996909,925.1865,20.951067,46.74941963666238,-121.80768578174519, 
2025-07-09 14:57:02,1.0785246,10.202538,2.488559,15.600113,21.746304,0.0087710805,0.014135098,64102.105,0.9996909,925.1874,20.950768,46.749426491363906,-121.80769007529582, 
2025-07-09 14:57:03,1.0785264,10.202564,2.4885633,15.600707,21.747118,0.008771465,0.014135627,64099.664,0.9996909,925.1883,20.950468,46.74942573706025,-121.80769520944018, 
2025-07-09 14:57:04,1.0786927,10.202247,2.4889464,15.598934,21.74483,0.008770381,0.01413414,64106.945,0.99969095,925.1714,20.950226,46.7494219677613,-121.8076951687483, 
2025-07-09 14:57:05,1.0787083,10.202242,2.4889827,15.599148,21.74513,0.008770523,0.014134334,64106.066,0.99969095,925.171,20.95,46.74942044733623,-121.80769650178733, 
2025-07-09 14:57:06,1.0787135,10.202547,2.4889948,15.582015,21.721071,0.008759158,0.014118696,64176.566,0.99969083,925.2043,20.941542,46.74942044733623,-121.80769650178733, 
2025-07-09 14:57:07,1.0787175,10.2025585,2.489004,15.580905,21.719517,0.008758424,0.014117685,64181.137,0.99969083,925.20593,20.941015,46.74942044733623,-121.80769650178733, 
2025-07-09 14:57:08,1.0787214,10.20257,2.489013,15.579794,21.71796,0.008757689,0.014116675,64185.707,0.99969083,925.2076,20.94049,46.74942044733623,-121.80769650178733, 
2025-07-09 14:57:09,1.0787201,10.202494,2.48901,15.568929,21.702858,0.008750551,0.0141068585,64230.508,0.99969083,925.2171,20.9403,46.74941343716985,-121.80769646838681, 
2025-07-09 14:57:10,1.0787201,10.2024975,2.48901,15.567837,21.701334,0.008749832,0.014105868,64235.004,0.99969083,925.2185,20.940077,46.74941301109723,-121.80769318901379, 
2025-07-09 14:57:11,1.0787201,10.2025,2.48901,15.566746,21.699812,0.0087491125,0.014104878,64239.5,0.99969083,925.22,20.939852,46.74941237066171,-121.80768882081857, 
2025-07-09 14:57:12,1.0791969,10.202494,2.4901104,15.551457,21.678505,0.008739045,0.014091028,64302.668,0.99969083,925.2107,20.94,46.74941469807655,-121.80768367915357, 
2025-07-09 14:57:13,1.0792254,10.202492,2.490176,15.550262,21.67684,0.008738258,0.014089947,64307.6,0.99969083,925.2104,20.94,46.74941469807655,-121.80768367915357, 
2025-07-09 14:57:14,1.0783062,10.202492,2.488055,15.556356,21.685335,0.008742272,0.014095468,64282.406,0.99969083,925.2185,20.931547,46.74941469807655,-121.80768367915357, 
2025-07-09 14:57:15,1.0782603,10.202492,2.4879491,15.556373,21.685356,0.008742282,0.014095482,64282.344,0.99969083,925.2188,20.931023,46.74941469807655,-121.80768367915357, 
2025-07-09 14:57:16,1.0782145,10.202492,2.4878435,15.556388,21.685379,0.008742292,0.014095496,64282.277,0.99969083,925.2191,20.930498,46.74941469807655,-121.80768367915357, 
2025-07-09 14:57:17,1.0791422,10.202413,2.489984,15.567468,21.700869,0.00874961,0.014105565,64236.53,0.99969083,925.20215,20.921692,46.74941469807655,-121.80768367915357, 
2025-07-09 14:57:18,1.0791751,10.202408,2.49006,15.568298,21.70203,0.008750157,0.01410632,64233.098,0.99969083,925.20135,20.920944,46.74941469807655,-121.80768367915357, 
2025-07-09 14:57:19,1.079208,10.202403,2.490136,15.569129,21.703192,0.008750706,0.014107075,64229.668,0.99969083,925.20056,20.920197,46.74941469807655,-121.80768367915357, 
2025-07-09 14:57:20,1.079135,10.2027235,2.4899673,15.548397,21.674105,0.008736971,0.014088168,64315.324,0.99969083,925.2177,20.920238,46.74941938199824,-121.80766094511102, 
2025-07-09 14:57:21,1.0791538,10.202741,2.4900107,15.547447,21.67277,0.00873634,0.014087301,64319.25,0.99969083,925.21826,20.920015,46.74941938199824,-121.80766094511102, 
2025-07-09 14:57:22,1.0790225,10.203062,2.4897082,15.536297,21.657043,0.008728914,0.014077078,64365.418,0.9996908,925.2443,20.92,46.749419050962665,-121.80766274789796, 
2025-07-09 14:57:23,1.0790119,10.20309,2.4896836,15.535117,21.655382,0.00872813,0.014075999,64370.297,0.9996908,925.24634,20.92,46.74942008789747,-121.80766202334041, 
2025-07-09 14:57:24,1.0790013,10.203117,2.489659,15.533938,21.653723,0.008727347,0.014074921,64375.176,0.9996908,925.2484,20.92,46.74942018105782,-121.80766169270666, 
2025-07-09 14:57:25,1.0787625,10.2032,2.489108,15.534606,21.654606,0.008727764,0.014075493,64372.41,0.9996908,925.2488,20.92,46.74942024949968,-121.8076614498009, 
2025-07-09 14:57:26,1.0787446,10.203214,2.4890668,15.534372,21.654272,0.008727606,0.014075276,64373.38,0.9996908,925.2495,20.92,46.7494203086589,-121.80766123984, 
2025-07-09 14:57:27,1.0787268,10.203227,2.4890256,15.534138,21.653936,0.008727449,0.014075059,64374.35,0.9996908,925.2502,20.92,46.749420355307876,-121.80766107427895, 
2025-07-09 14:57:28,1.078573,10.203623,2.4886708,15.52757,21.644554,0.008723022,0.014068961,64401.58,0.9996907,925.2847,20.92,46.749420385485045,-121.80766096717771, 
2025-07-09 14:57:29,1.0785577,10.203649,2.4886355,15.527188,21.644009,0.008722764,0.014068605,64403.16,0.9996907,925.2868,20.92,46.74942038572492,-121.80766096632637, 
2025-07-09 14:57:30,1.0788096,10.203664,2.4892168,15.523024,21.638193,0.008720017,0.014064825,64420.445,0.9996907,925.2798,20.903082,46.74942040431374,-121.80766090035311, 
2025-07-09 14:57:31,1.0788219,10.203674,2.4892452,15.522607,21.637608,0.0087197395,0.014064444,64422.17,0.9996907,925.2801,20.902021,46.749420422543594,-121.80766083565386, 
2025-07-09 14:57:32,1.0788342,10.203685,2.4892735,15.52219,21.63702,0.008719463,0.014064062,64423.902,0.9996907,925.28046,20.90096,46.74942043788932,-121.8076607811906, 
2025-07-09 14:57:33,1.0788406,10.204004,2.4892883,15.523226,21.638279,0.008720064,0.014064881,64419.6,0.9996907,925.25415,20.900599,46.7494204818283,-121.80766062524758, 
2025-07-09 14:57:34,1.0788475,10.204023,2.4893045,15.523186,21.638214,0.008720032,0.014064838,64419.766,0.9996907,925.2524,20.900145,46.7494204818283,-121.80766062524758, 
2025-07-09 14:57:35,1.0788546,10.204043,2.4893205,15.523147,21.638147,0.008720001,0.014064795,64419.93,0.9996907,925.25055,20.89969,46.7494204818283,-121.80766062524758, 
2025-07-09 14:57:36,1.0784475,10.204047,2.4883814,15.523438,21.638552,0.008720193,0.014065059,64418.715,0.9996907,925.224,20.891212,46.7494204818283,-121.80766062524758, 
2025-07-09 14:57:37,1.0784235,10.204056,2.488326,15.523479,21.638603,0.008720218,0.014065092,64418.547,0.9996907,925.22174,20.890688,46.74942576274938,-121.80765789157614, 
2025-07-09 14:57:38,1.0787959,10.204442,2.4891853,15.523303,21.638136,0.008720001,0.014064788,64419.277,0.99969065,925.204,20.890383,46.74942575268263,-121.80765784757436, 
2025-07-09 14:57:39,1.0788096,10.204466,2.489217,15.523297,21.638113,0.008719991,0.014064774,64419.305,0.99969065,925.2023,20.89016,46.74942575268263,-121.80765784757436, 
2025-07-09 14:57:40,1.0788233,10.20449,2.4892488,15.523291,21.63809,0.008719981,0.014064759,64419.33,0.99969065,925.20056,20.889935,46.74942706347362,-121.80765559413891, 
2025-07-09 14:57:41,1.0787239,10.204651,2.4890192,15.522691,21.637161,0.008719544,0.0140641555,64421.82,0.99969065,925.24335,20.89,46.74942706347362,-121.80765559413891, 
2025-07-09 14:57:42,1.0787275,10.20467,2.4890273,15.52265,21.637093,0.008719512,0.014064111,64421.99,0.99969065,925.24554,20.89,46.74942706347362,-121.80765559413891, 
2025-07-09 14:57:43,1.078731,10.204689,2.4890354,15.522609,21.637024,0.00871948,0.014064066,64422.16,0.99969065,925.2477,20.89,46.74942706347362,-121.80765559413891, 
2025-07-09 14:57:44,1.0785698,10.204285,2.4886634,15.512549,21.623238,0.0087129595,0.014055105,64463.938,0.9996907,925.266,20.881252,46.74942706347362,-121.80765559413891, 
2025-07-09 14:57:45,1.0785577,10.204265,2.4886358,15.511938,21.622396,0.008712562,0.014054558,64466.48,0.9996907,925.2681,20.880733,46.749427028938435,-121.8076556343132, 
2025-07-09 14:57:46,1.0792964,10.204564,2.4903402,15.495665,21.59954,0.008701767,0.014039702,64534.2,0.99969065,925.2605,20.8804,46.74942703769789,-121.80765562412344, 
2025-07-09 14:57:47,1.0793389,10.204574,2.4904382,15.494419,21.5978,0.0087009445,0.014038569,64539.38,0.99969065,925.26044,20.880177,46.749427043521344,-121.80765561734911, 
2025-07-09 14:57:48,1.0793813,10.204583,2.4905365,15.493174,21.596058,0.008700122,0.014037438,64544.56,0.99969065,925.2603,20.879955,46.749427047854084,-121.8076556123089, 
2025-07-09 14:57:49,1.078307,10.204836,2.4880574,15.501663,21.607744,0.00870565,0.014045035,64509.21,0.99969065,925.23425,20.87141,46.749427051740426,-121.80765560778796, 
2025-07-09 14:57:50,1.0782601,10.204859,2.487949,15.50178,21.607893,0.008705721,0.01404513,64508.727,0.99969065,925.2324,20.870886,46.74942705486453,-121.80765560415374, 
2025-07-09 14:57:51,1.0782131,10.204882,2.4878407,15.501896,21.608042,0.008705792,0.014045227,64508.24,0.99969065,925.23065,20.870361,46.7494270569701,-121.80765560170435, 
2025-07-09 14:57:52,1.0665044,10.204466,2.4608243,15.502994,21.60981,0.008706621,0.014046377,64503.67,0.99969065,925.2216,20.870245,46.749427058686855,-121.80765559970727, 
2025-07-09 14:57:53,1.0657768,10.204448,2.4591458,15.503268,21.610205,0.008706807,0.014046633,64502.527,0.99969065,925.22046,20.870022,46.74942952067377,-121.80765673041303, 
2025-07-09 14:57:54,1.0651331,10.204433,2.4576602,15.491592,21.593935,0.008699122,0.014036058,64551.152,0.99969065,925.21173,20.861622,46.74942415260022,-121.80766131179104, 
2025-07-09 14:57:55,1.0648198,10.204423,2.4569373,15.490886,21.592957,0.008698659,0.014035421,64554.098,0.99969065,925.211,20.861105,46.7494207256799,-121.80766490204147, 
2025-07-09 14:57:56,1.0645064,10.204412,2.4562142,15.490179,21.591978,0.008698196,0.014034785,64557.04,0.99969065,925.21027,20.860586,46.749419549473075,-121.80766550180658, 
2025-07-09 14:57:57,1.076749,10.204972,2.4844623,15.48445,21.583673,0.008694282,0.014029387,64580.92,0.9996906,925.25305,20.86033,46.7494192665193,-121.80766493115347, 
2025-07-09 14:57:58,1.0774949,10.205007,2.4861834,15.4838085,21.582758,0.00869385,0.014028793,64583.594,0.9996906,925.2555,20.860107,46.7494188530847,-121.80766736515162, 
2025-07-09 14:57:59,1.0782406,10.205041,2.4879043,15.483167,21.581844,0.008693418,0.014028199,64586.27,0.9996906,925.25793,20.859886,46.74941861358095,-121.80766674036737, 
2025-07-09 14:58:00,1.0787568,10.205128,2.4890957,15.4875765,21.587942,0.008696299,0.014032163,64567.883,0.9996906,925.2585,20.86,46.749426394347864,-121.80766506309872, 
2025-07-09 14:58:01,1.0791014,10.205147,2.4898908,15.487693,21.588093,0.008696371,0.0140322605,64567.4,0.9996906,925.25964,20.86,46.749426394347864,-121.80766506309872, 
2025-07-09 14:58:02,1.0794461,10.205167,2.490686,15.487809,21.588245,0.008696442,0.014032358,64566.914,0.9996906,925.2608,20.86,46.74942781686537,-121.80765866684398, 
2025-07-09 14:58:03,1.07914,10.205323,2.4899795,15.48558,21.585047,0.008694935,0.01403028,64576.203,0.9996906,925.2329,20.842142,46.74942718953862,-121.80766734133262, 
2025-07-09 14:58:04,1.0791496,10.205336,2.4900017,15.485552,21.585,0.008694912,0.014030249,64576.324,0.9996906,925.2313,20.841093,46.749427214085884,-121.8076658758658, 
2025-07-09 14:58:05,1.0785018,10.205267,2.4885073,15.499568,21.604578,0.008704159,0.014042976,64517.934,0.9996906,925.2051,20.849207,46.749430493108974,-121.8076702277335, 
2025-07-09 14:58:06,1.0784627,10.205267,2.488417,15.500364,21.605688,0.008704684,0.014043697,64514.617,0.9996906,925.2028,20.849276,46.7494315468495,-121.80767109715896, 
