Report Date:,8/14/2026 6:19:33 PM
Report User Name:,geogals
Report Computer Name:,TAY-DRIVE
Application:,WinSitu.exe
Application Version:,5.7.8.0


Log File Properties
File Name,NaCl_20260806_RR_2026-08-14_18-16-21-465.wsl
Create Date,8/14/2026 6:16:18 PM

Device Properties
Device,Aqua TROLL 200
Site,Longmire stoking well
Device Name, 
Serial Number,680530
Firmware Version,2.04
Hardware Version,4
Device Address,1
Device Comm Cfg,19200,8,Even,1,(Modbus-RTU)
Used Memory,25
Used Battery,72

Log Configuration
,Log Name,NaCl_20260806_RR
,Created By,geogals
,Computer Name,TAY-DRIVE
,Application,WinSitu.exe
,Application Version,5.7.8.0
,Create Date,8/6/2026 1:19:38 PM Pacific Daylight Time
,Log Setup Time Zone,Pacific Daylight Time
,Notes Size(bytes),4096
,Overwrite when full,Disabled
,Scheduled Start Time,Manual Start
,Scheduled Stop Time,No Stop Time
,Type,Event
,Event Sensor,PCTD(A) 35.8ft
,Event Parameter,Pressure (PSI)
,Sample Rate,Days: 0 hrs: 00 mins: 00 secs: 01
,Default Log Rate,Days: 0 hrs: 00 mins: 00 secs: 05
,High Trigger,         -2.000,(PSI)





Other Log Settings
,Pressure Offset:,13.2718 (PSI)
,Depth of Probe:,0.188251 (ft)
,Head Pressure:,0.0815144 (PSI)
,Temperature:,16.8542 (C)

,Specific Conductivity Model:,Modified Standard Methods
,,Reference Temperature:,20
,,Temperature Coefficient:,0.0191

,TDS Factor:,0.65


Log Notes:
Date and Time,Note
8/6/2026 1:19:41 PM   ,Used Battery: 72% Used Memory: 25%   User Name: geogals
8/6/2026 2:24:40 PM   ,Manual Start Command
8/6/2026 3:07:58 PM   ,Manual Stop Command


Log Data:
Record Count,564

Sensors,1

 ,1,680530,PCTD 30 PSIA (10.9m/35.8ft)

Time Zone: Pacific Daylight Time

,,Sensor: PCTD(A) 35.8ft                  ,Sensor: PCTD(A) 35.8ft                  ,Sensor: PCTD(A) 35.8ft                  ,Sensor: PCTD(A) 35.8ft                  ,Sensor: PCTD(A) 35.8ft                  ,Sensor: PCTD(A) 35.8ft                  ,Sensor: PCTD(A) 35.8ft                  ,
,Elapsed Time,SN#: 680530                             ,SN#: 680530                             ,SN#: 680530                             ,SN#: 680530                             ,SN#: 680530                             ,SN#: 680530                             ,SN#: 680530                             ,
Date and Time,Seconds     ,Temperature (C)                         ,Actual Conductivity (µS/cm)             ,Specific Conductivity (µS/cm)           ,Salinity (PSU)                          ,Total Dissolved Solids (ppt)            ,Resistivity (ohm-cm)                    ,Water Density (g/cm3)                   ,
8/6/2026 2:24:40 PM   ,       0.000,                                  14.894,                                  42.532,                                  47.128,                                   0.024,                                   0.031,                               23511.850,                                   0.999,
8/6/2026 2:24:41 PM   ,       1.001,                                  14.894,                                  42.328,                                  46.902,                                   0.024,                                   0.030,                               23625.201,                                   0.999,
8/6/2026 2:24:42 PM   ,       2.001,                                  14.894,                                  42.819,                                  47.446,                                   0.024,                                   0.031,                               23354.291,                                   0.999,
8/6/2026 2:24:43 PM   ,       3.001,                                  14.894,                                  42.272,                                  46.840,                                   0.024,                                   0.030,                               23656.121,                                   0.999,
8/6/2026 2:24:44 PM   ,       4.001,                                  14.895,                                  42.812,                                  47.438,                                   0.024,                                   0.031,                               23358.039,                                   0.999,
8/6/2026 2:24:45 PM   ,       5.001,                                  14.895,                                  42.273,                                  46.840,                                   0.024,                                   0.030,                               23655.738,                                   0.999,
8/6/2026 2:24:46 PM   ,       6.001,                                  14.895,                                  42.360,                                  46.937,                                   0.024,                                   0.031,                               23607.088,                                   0.999,
8/6/2026 2:24:47 PM   ,       7.001,                                  14.895,                                  42.346,                                  46.921,                                   0.024,                                   0.030,                               23614.930,                                   0.999,
8/6/2026 2:24:48 PM   ,       8.001,                                  14.895,                                  42.745,                                  47.363,                                   0.024,                                   0.031,                               23394.408,                                   0.999,
8/6/2026 2:24:49 PM   ,       9.001,                                  14.895,                                  42.305,                                  46.876,                                   0.024,                                   0.030,                               23637.852,                                   0.999,
8/6/2026 2:24:50 PM   ,      10.001,                                  14.896,                                  42.700,                                  47.312,                                   0.024,                                   0.031,                               23419.338,                                   0.999,
8/6/2026 2:24:51 PM   ,      11.001,                                  14.895,                                  42.165,                                  46.720,                                   0.024,                                   0.030,                               23716.375,                                   0.999,
8/6/2026 2:24:52 PM   ,      12.001,                                  14.896,                                  42.213,                                  46.772,                                   0.024,                                   0.030,                               23689.479,                                   0.999,
8/6/2026 2:24:53 PM   ,      13.001,                                  14.896,                                  42.578,                                  47.177,                                   0.024,                                   0.031,                               23486.469,                                   0.999,
8/6/2026 2:24:54 PM   ,      14.001,                                  14.896,                                  42.666,                                  47.274,                                   0.024,                                   0.031,                               23438.049,                                   0.999,
8/6/2026 2:24:55 PM   ,      15.001,                                  14.897,                                  42.090,                                  46.635,                                   0.023,                                   0.030,                               23758.805,                                   0.999,
8/6/2026 2:24:56 PM   ,      16.001,                                  14.897,                                  42.554,                                  47.150,                                   0.024,                                   0.031,                               23499.285,                                   0.999,
8/6/2026 2:24:57 PM   ,      17.001,                                  14.896,                                  42.383,                                  46.961,                                   0.024,                                   0.031,                               23594.262,                                   0.999,
8/6/2026 2:25:00 PM   ,      20.001,                                  14.896,                                  42.357,                                  46.932,                                   0.024,                                   0.031,                               23608.961,                                   0.999,
8/6/2026 2:25:05 PM   ,      25.001,                                  14.897,                                  42.355,                                  46.930,                                   0.024,                                   0.031,                               23609.828,                                   0.999,
8/6/2026 2:25:10 PM   ,      30.001,                                  14.899,                                  42.376,                                  46.950,                                   0.024,                                   0.031,                               23598.445,                                   0.999,
8/6/2026 2:25:15 PM   ,      35.001,                                  14.900,                                  42.155,                                  46.705,                                   0.024,                                   0.030,                               23721.979,                                   0.999,
8/6/2026 2:25:20 PM   ,      40.001,                                  14.902,                                  42.223,                                  46.778,                                   0.024,                                   0.030,                               23683.965,                                   0.999,
8/6/2026 2:25:25 PM   ,      45.001,                                  14.902,                                  42.245,                                  46.802,                                   0.024,                                   0.030,                               23671.473,                                   0.999,
8/6/2026 2:25:30 PM   ,      50.001,                                  14.903,                                  42.338,                                  46.904,                                   0.024,                                   0.030,                               23619.674,                                   0.999,
8/6/2026 2:25:35 PM   ,      55.001,                                  14.904,                                  42.199,                                  46.750,                                   0.024,                                   0.030,                               23697.000,                                   0.999,
8/6/2026 2:25:40 PM   ,      60.001,                                  14.904,                                  42.289,                                  46.849,                                   0.024,                                   0.030,                               23646.859,                                   0.999,
8/6/2026 2:25:45 PM   ,      65.001,                                  14.905,                                  42.295,                                  46.854,                                   0.024,                                   0.030,                               23643.594,                                   0.999,
8/6/2026 2:25:50 PM   ,      70.001,                                  14.906,                                  42.274,                                  46.830,                                   0.024,                                   0.030,                               23655.020,                                   0.999,
8/6/2026 2:25:55 PM   ,      75.001,                                  14.907,                                  42.207,                                  46.755,                                   0.024,                                   0.030,                               23692.506,                                   0.999,
8/6/2026 2:26:00 PM   ,      80.001,                                  14.906,                                  42.124,                                  46.665,                                   0.024,                                   0.030,                               23739.281,                                   0.999,
8/6/2026 2:26:05 PM   ,      85.001,                                  14.909,                                  42.235,                                  46.784,                                   0.024,                                   0.030,                               23677.203,                                   0.999,
8/6/2026 2:26:10 PM   ,      90.001,                                  14.908,                                  42.258,                                  46.811,                                   0.024,                                   0.030,                               23663.898,                                   0.999,
8/6/2026 2:26:15 PM   ,      95.001,                                  14.908,                                  42.100,                                  46.635,                                   0.023,                                   0.030,                               23753.133,                                   0.999,
8/6/2026 2:26:20 PM   ,     100.001,                                  14.910,                                  42.075,                                  46.606,                                   0.023,                                   0.030,                               23767.223,                                   0.999,
8/6/2026 2:26:25 PM   ,     105.001,                                  14.911,                                  41.889,                                  46.400,                                   0.023,                                   0.030,                               23872.355,                                   0.999,
8/6/2026 2:26:30 PM   ,     110.001,                                  14.911,                                  41.888,                                  46.398,                                   0.023,                                   0.030,                               23873.283,                                   0.999,
8/6/2026 2:26:35 PM   ,     115.001,                                  14.912,                                  41.912,                                  46.423,                                   0.023,                                   0.030,                               23859.613,                                   0.999,
8/6/2026 2:26:40 PM   ,     120.001,                                  14.913,                                  41.921,                                  46.432,                                   0.023,                                   0.030,                               23854.314,                                   0.999,
8/6/2026 2:26:45 PM   ,     125.001,                                  14.913,                                  41.990,                                  46.509,                                   0.023,                                   0.030,                               23815.037,                                   0.999,
8/6/2026 2:26:50 PM   ,     130.001,                                  14.913,                                  41.941,                                  46.454,                                   0.023,                                   0.030,                               23843.295,                                   0.999,
8/6/2026 2:26:55 PM   ,     135.001,                                  14.914,                                  41.872,                                  46.378,                                   0.023,                                   0.030,                               23882.061,                                   0.999,
8/6/2026 2:27:00 PM   ,     140.001,                                  14.914,                                  41.742,                                  46.233,                                   0.023,                                   0.030,                               23956.662,                                   0.999,
8/6/2026 2:27:05 PM   ,     145.001,                                  14.915,                                  41.741,                                  46.232,                                   0.023,                                   0.030,                               23956.994,                                   0.999,
8/6/2026 2:27:10 PM   ,     150.001,                                  14.915,                                  41.780,                                  46.274,                                   0.023,                                   0.030,                               23935.119,                                   0.999,
8/6/2026 2:27:15 PM   ,     155.001,                                  14.917,                                  41.781,                                  46.274,                                   0.023,                                   0.030,                               23934.047,                                   0.999,
8/6/2026 2:27:20 PM   ,     160.001,                                  14.917,                                  41.657,                                  46.136,                                   0.023,                                   0.030,                               24005.684,                                   0.999,
8/6/2026 2:27:25 PM   ,     165.001,                                  14.918,                                  41.503,                                  45.965,                                   0.023,                                   0.030,                               24094.551,                                   0.999,
8/6/2026 2:27:30 PM   ,     170.001,                                  14.918,                                  41.678,                                  46.158,                                   0.023,                                   0.030,                               23993.572,                                   0.999,
8/6/2026 2:27:35 PM   ,     175.001,                                  14.918,                                  41.617,                                  46.091,                                   0.023,                                   0.030,                               24028.469,                                   0.999,
8/6/2026 2:27:40 PM   ,     180.001,                                  14.918,                                  41.517,                                  45.979,                                   0.023,                                   0.030,                               24086.607,                                   0.999,
8/6/2026 2:27:45 PM   ,     185.001,                                  14.918,                                  41.558,                                  46.025,                                   0.023,                                   0.030,                               24062.949,                                   0.999,
8/6/2026 2:27:50 PM   ,     190.001,                                  14.918,                                  41.553,                                  46.019,                                   0.023,                                   0.030,                               24065.826,                                   0.999,
8/6/2026 2:27:55 PM   ,     195.001,                                  14.920,                                  41.464,                                  45.919,                                   0.023,                                   0.030,                               24117.244,                                   0.999,
8/6/2026 2:28:00 PM   ,     200.001,                                  14.922,                                  41.513,                                  45.972,                                   0.023,                                   0.030,                               24088.561,                                   0.999,
8/6/2026 2:28:05 PM   ,     205.001,                                  14.923,                                  41.502,                                  45.959,                                   0.023,                                   0.030,                               24094.943,                                   0.999,
8/6/2026 2:28:10 PM   ,     210.001,                                  14.923,                                  41.666,                                  46.140,                                   0.023,                                   0.030,                               24000.398,                                   0.999,
8/6/2026 2:28:15 PM   ,     215.001,                                  14.924,                                  41.510,                                  45.966,                                   0.023,                                   0.030,                               24090.652,                                   0.999,
8/6/2026 2:28:20 PM   ,     220.001,                                  14.925,                                  41.379,                                  45.820,                                   0.023,                                   0.030,                               24167.061,                                   0.999,
8/6/2026 2:28:25 PM   ,     225.001,                                  14.926,                                  41.386,                                  45.828,                                   0.023,                                   0.030,                               24162.504,                                   0.999,
8/6/2026 2:28:30 PM   ,     230.001,                                  14.927,                                  41.348,                                  45.784,                                   0.023,                                   0.030,                               24184.941,                                   0.999,
8/6/2026 2:28:35 PM   ,     235.001,                                  14.927,                                  41.235,                                  45.659,                                   0.023,                                   0.030,                               24251.090,                                   0.999,
8/6/2026 2:28:40 PM   ,     240.001,                                  14.928,                                  41.154,                                  45.568,                                   0.023,                                   0.030,                               24298.990,                                   0.999,
8/6/2026 2:28:45 PM   ,     245.001,                                  14.928,                                  41.007,                                  45.406,                                   0.023,                                   0.030,                               24385.893,                                   0.999,
8/6/2026 2:28:50 PM   ,     250.001,                                  14.930,                                  40.903,                                  45.288,                                   0.023,                                   0.029,                               24448.246,                                   0.999,
8/6/2026 2:28:55 PM   ,     255.001,                                  14.931,                                  40.906,                                  45.291,                                   0.023,                                   0.029,                               24446.416,                                   0.999,
8/6/2026 2:29:00 PM   ,     260.001,                                  14.932,                                  40.794,                                  45.167,                                   0.023,                                   0.029,                               24513.111,                                   0.999,
8/6/2026 2:29:05 PM   ,     265.001,                                  14.933,                                  40.740,                                  45.105,                                   0.023,                                   0.029,                               24545.939,                                   0.999,
8/6/2026 2:29:10 PM   ,     270.001,                                  14.934,                                  40.600,                                  44.950,                                   0.023,                                   0.029,                               24630.592,                                   0.999,
8/6/2026 2:29:15 PM   ,     275.001,                                  14.934,                                  40.614,                                  44.964,                                   0.023,                                   0.029,                               24622.217,                                   0.999,
8/6/2026 2:29:20 PM   ,     280.001,                                  14.934,                                  40.552,                                  44.895,                                   0.023,                                   0.029,                               24659.965,                                   0.999,
8/6/2026 2:29:25 PM   ,     285.001,                                  14.936,                                  40.473,                                  44.807,                                   0.023,                                   0.029,                               24707.840,                                   0.999,
8/6/2026 2:29:30 PM   ,     290.001,                                  14.937,                                  40.438,                                  44.767,                                   0.022,                                   0.029,                               24729.457,                                   0.999,
8/6/2026 2:29:35 PM   ,     295.001,                                  14.938,                                  40.427,                                  44.753,                                   0.022,                                   0.029,                               24736.191,                                   0.999,
8/6/2026 2:29:40 PM   ,     300.001,                                  14.939,                                  40.406,                                  44.730,                                   0.022,                                   0.029,                               24749.053,                                   0.999,
8/6/2026 2:29:45 PM   ,     305.001,                                  14.939,                                  40.458,                                  44.787,                                   0.022,                                   0.029,                               24717.219,                                   0.999,
8/6/2026 2:29:50 PM   ,     310.001,                                  14.940,                                  40.493,                                  44.825,                                   0.023,                                   0.029,                               24695.912,                                   0.999,
8/6/2026 2:29:55 PM   ,     315.001,                                  14.941,                                  40.249,                                  44.554,                                   0.022,                                   0.029,                               24845.463,                                   0.999,
8/6/2026 2:30:00 PM   ,     320.001,                                  14.942,                                  39.992,                                  44.269,                                   0.022,                                   0.029,                               25005.266,                                   0.999,
8/6/2026 2:30:05 PM   ,     325.001,                                  14.944,                                  39.945,                                  44.215,                                   0.022,                                   0.029,                               25034.193,                                   0.999,
8/6/2026 2:30:10 PM   ,     330.001,                                  14.944,                                  39.837,                                  44.096,                                   0.022,                                   0.029,                               25102.004,                                   0.999,
8/6/2026 2:30:15 PM   ,     335.001,                                  14.946,                                  39.655,                                  43.892,                                   0.022,                                   0.029,                               25217.381,                                   0.999,
8/6/2026 2:30:20 PM   ,     340.001,                                  14.946,                                  39.627,                                  43.861,                                   0.022,                                   0.029,                               25235.152,                                   0.999,
8/6/2026 2:30:25 PM   ,     345.001,                                  14.947,                                  39.418,                                  43.628,                                   0.022,                                   0.028,                               25369.295,                                   0.999,
8/6/2026 2:30:30 PM   ,     350.001,                                  14.948,                                  39.277,                                  43.472,                                   0.022,                                   0.028,                               25460.152,                                   0.999,
8/6/2026 2:30:35 PM   ,     355.001,                                  14.949,                                  39.154,                                  43.335,                                   0.022,                                   0.028,                               25540.486,                                   0.999,
8/6/2026 2:30:40 PM   ,     360.001,                                  14.949,                                  39.120,                                  43.297,                                   0.022,                                   0.028,                               25562.148,                                   0.999,
8/6/2026 2:30:45 PM   ,     365.001,                                  14.950,                                  38.919,                                  43.073,                                   0.022,                                   0.028,                               25694.596,                                   0.999,
8/6/2026 2:30:50 PM   ,     370.001,                                  14.951,                                  38.945,                                  43.101,                                   0.022,                                   0.028,                               25677.238,                                   0.999,
8/6/2026 2:30:55 PM   ,     375.001,                                  14.952,                                  38.812,                                  42.953,                                   0.021,                                   0.028,                               25765.449,                                   0.999,
8/6/2026 2:31:00 PM   ,     380.001,                                  14.953,                                  38.647,                                  42.770,                                   0.021,                                   0.028,                               25874.957,                                   0.999,
8/6/2026 2:31:05 PM   ,     385.001,                                  14.953,                                  38.669,                                  42.794,                                   0.021,                                   0.028,                               25860.408,                                   0.999,
8/6/2026 2:31:10 PM   ,     390.001,                                  14.955,                                  38.683,                                  42.808,                                   0.021,                                   0.028,                               25850.904,                                   0.999,
8/6/2026 2:31:15 PM   ,     395.001,                                  14.955,                                  38.738,                                  42.869,                                   0.021,                                   0.028,                               25814.396,                                   0.999,
8/6/2026 2:31:20 PM   ,     400.001,                                  14.956,                                  38.642,                                  42.761,                                   0.021,                                   0.028,                               25878.830,                                   0.999,
8/6/2026 2:31:25 PM   ,     405.001,                                  14.957,                                  38.609,                                  42.724,                                   0.021,                                   0.028,                               25900.818,                                   0.999,
8/6/2026 2:31:30 PM   ,     410.001,                                  14.957,                                  38.451,                                  42.550,                                   0.021,                                   0.028,                               26006.889,                                   0.999,
8/6/2026 2:31:35 PM   ,     415.001,                                  14.959,                                  38.498,                                  42.600,                                   0.021,                                   0.028,                               25975.086,                                   0.999,
8/6/2026 2:31:40 PM   ,     420.001,                                  14.959,                                  38.323,                                  42.405,                                   0.021,                                   0.028,                               26094.172,                                   0.999,
8/6/2026 2:31:45 PM   ,     425.001,                                  14.959,                                  38.358,                                  42.445,                                   0.021,                                   0.028,                               26070.205,                                   0.999,
8/6/2026 2:31:50 PM   ,     430.001,                                  14.959,                                  38.296,                                  42.376,                                   0.021,                                   0.028,                               26112.160,                                   0.999,
8/6/2026 2:31:55 PM   ,     435.001,                                  14.962,                                  38.263,                                  42.338,                                   0.021,                                   0.028,                               26134.604,                                   0.999,
8/6/2026 2:32:00 PM   ,     440.001,                                  14.963,                                  38.198,                                  42.264,                                   0.021,                                   0.027,                               26179.574,                                   0.999,
8/6/2026 2:32:05 PM   ,     445.001,                                  14.964,                                  38.052,                                  42.102,                                   0.021,                                   0.027,                               26280.055,                                   0.999,
8/6/2026 2:32:10 PM   ,     450.001,                                  14.963,                                  37.942,                                  41.980,                                   0.021,                                   0.027,                               26356.326,                                   0.999,
8/6/2026 2:32:15 PM   ,     455.001,                                  14.964,                                  37.917,                                  41.952,                                   0.021,                                   0.027,                               26373.588,                                   0.999,
8/6/2026 2:32:20 PM   ,     460.001,                                  14.965,                                  37.907,                                  41.941,                                   0.021,                                   0.027,                               26380.318,                                   0.999,
8/6/2026 2:32:25 PM   ,     465.001,                                  14.965,                                  37.791,                                  41.812,                                   0.021,                                   0.027,                               26461.377,                                   0.999,
8/6/2026 2:32:30 PM   ,     470.001,                                  14.966,                                  37.656,                                  41.661,                                   0.021,                                   0.027,                               26556.311,                                   0.999,
8/6/2026 2:32:35 PM   ,     475.001,                                  14.967,                                  37.563,                                  41.558,                                   0.021,                                   0.027,                               26621.826,                                   0.999,
8/6/2026 2:32:40 PM   ,     480.001,                                  14.968,                                  37.453,                                  41.435,                                   0.021,                                   0.027,                               26700.346,                                   0.999,
8/6/2026 2:32:45 PM   ,     485.001,                                  14.969,                                  37.313,                                  41.279,                                   0.021,                                   0.027,                               26800.352,                                   0.999,
8/6/2026 2:32:50 PM   ,     490.001,                                  14.970,                                  37.201,                                  41.155,                                   0.021,                                   0.027,                               26880.713,                                   0.999,
8/6/2026 2:32:55 PM   ,     495.001,                                  14.972,                                  37.192,                                  41.144,                                   0.021,                                   0.027,                               26887.340,                                   0.999,
8/6/2026 2:33:00 PM   ,     500.001,                                  14.972,                                  37.025,                                  40.959,                                   0.020,                                   0.027,                               27008.807,                                   0.999,
8/6/2026 2:33:05 PM   ,     505.001,                                  14.972,                                  36.853,                                  40.769,                                   0.020,                                   0.026,                               27134.656,                                   0.999,
8/6/2026 2:33:10 PM   ,     510.001,                                  14.973,                                  36.865,                                  40.781,                                   0.020,                                   0.027,                               27125.822,                                   0.999,
8/6/2026 2:33:15 PM   ,     515.001,                                  14.974,                                  36.774,                                  40.679,                                   0.020,                                   0.026,                               27193.271,                                   0.999,
8/6/2026 2:33:20 PM   ,     520.001,                                  14.974,                                  36.667,                                  40.561,                                   0.020,                                   0.026,                               27272.449,                                   0.999,
8/6/2026 2:33:25 PM   ,     525.001,                                  14.976,                                  36.567,                                  40.449,                                   0.020,                                   0.026,                               27346.781,                                   0.999,
8/6/2026 2:33:30 PM   ,     530.001,                                  14.976,                                  36.472,                                  40.344,                                   0.020,                                   0.026,                               27417.943,                                   0.999,
8/6/2026 2:33:35 PM   ,     535.001,                                  14.977,                                  36.435,                                  40.301,                                   0.020,                                   0.026,                               27446.412,                                   0.999,
8/6/2026 2:33:40 PM   ,     540.001,                                  14.978,                                  36.236,                                  40.081,                                   0.020,                                   0.026,                               27596.896,                                   0.999,
8/6/2026 2:33:45 PM   ,     545.001,                                  14.979,                                  36.241,                                  40.085,                                   0.020,                                   0.026,                               27593.031,                                   0.999,
8/6/2026 2:33:50 PM   ,     550.001,                                  14.980,                                  36.042,                                  39.864,                                   0.020,                                   0.026,                               27745.742,                                   0.999,
8/6/2026 2:33:55 PM   ,     555.001,                                  14.979,                                  35.965,                                  39.780,                                   0.020,                                   0.026,                               27804.586,                                   0.999,
8/6/2026 2:34:00 PM   ,     560.001,                                  14.980,                                  35.894,                                  39.700,                                   0.020,                                   0.026,                               27860.049,                                   0.999,
8/6/2026 2:34:05 PM   ,     565.001,                                  14.981,                                  35.886,                                  39.691,                                   0.020,                                   0.026,                               27865.699,                                   0.999,
8/6/2026 2:34:10 PM   ,     570.001,                                  14.982,                                  35.879,                                  39.682,                                   0.020,                                   0.026,                               27871.762,                                   0.999,
8/6/2026 2:34:15 PM   ,     575.001,                                  14.982,                                  35.933,                                  39.742,                                   0.020,                                   0.026,                               27829.486,                                   0.999,
8/6/2026 2:34:20 PM   ,     580.001,                                  14.984,                                  35.837,                                  39.634,                                   0.020,                                   0.026,                               27904.295,                                   0.999,
8/6/2026 2:34:25 PM   ,     585.001,                                  14.985,                                  35.731,                                  39.516,                                   0.020,                                   0.026,                               27986.975,                                   0.999,
8/6/2026 2:34:30 PM   ,     590.001,                                  14.986,                                  35.684,                                  39.463,                                   0.020,                                   0.026,                               28024.137,                                   0.999,
8/6/2026 2:34:35 PM   ,     595.001,                                  14.985,                                  35.650,                                  39.426,                                   0.020,                                   0.026,                               28050.828,                                   0.999,
8/6/2026 2:34:40 PM   ,     600.001,                                  14.986,                                  35.669,                                  39.447,                                   0.020,                                   0.026,                               28035.363,                                   0.999,
8/6/2026 2:34:45 PM   ,     605.001,                                  14.987,                                  35.663,                                  39.440,                                   0.020,                                   0.026,                               28039.934,                                   0.999,
8/6/2026 2:34:50 PM   ,     610.001,                                  14.989,                                  35.602,                                  39.370,                                   0.020,                                   0.026,                               28088.426,                                   0.999,
8/6/2026 2:34:55 PM   ,     615.001,                                  14.990,                                  35.602,                                  39.369,                                   0.020,                                   0.026,                               28088.641,                                   0.999,
8/6/2026 2:35:00 PM   ,     620.001,                                  14.990,                                  35.486,                                  39.241,                                   0.019,                                   0.026,                               28180.215,                                   0.999,
8/6/2026 2:35:05 PM   ,     625.001,                                  14.991,                                  35.406,                                  39.152,                                   0.019,                                   0.025,                               28243.941,                                   0.999,
8/6/2026 2:35:10 PM   ,     630.001,                                  14.992,                                  35.356,                                  39.096,                                   0.019,                                   0.025,                               28283.350,                                   0.999,
8/6/2026 2:35:15 PM   ,     635.001,                                  14.992,                                  35.227,                                  38.953,                                   0.019,                                   0.025,                               28387.115,                                   0.999,
8/6/2026 2:35:20 PM   ,     640.001,                                  14.993,                                  35.226,                                  38.951,                                   0.019,                                   0.025,                               28388.416,                                   0.999,
8/6/2026 2:35:25 PM   ,     645.001,                                  14.995,                                  35.212,                                  38.933,                                   0.019,                                   0.025,                               28399.766,                                   0.999,
8/6/2026 2:35:30 PM   ,     650.001,                                  14.995,                                  35.157,                                  38.873,                                   0.019,                                   0.025,                               28443.990,                                   0.999,
8/6/2026 2:35:35 PM   ,     655.001,                                  14.996,                                  35.131,                                  38.843,                                   0.019,                                   0.025,                               28465.018,                                   0.999,
8/6/2026 2:35:40 PM   ,     660.001,                                  14.997,                                  35.234,                                  38.956,                                   0.019,                                   0.025,                               28382.072,                                   0.999,
8/6/2026 2:35:45 PM   ,     665.001,                                  14.996,                                  35.189,                                  38.908,                                   0.019,                                   0.025,                               28417.674,                                   0.999,
8/6/2026 2:35:50 PM   ,     670.001,                                  14.999,                                  35.164,                                  38.878,                                   0.019,                                   0.025,                               28438.252,                                   0.999,
8/6/2026 2:35:55 PM   ,     675.001,                                  14.999,                                  35.066,                                  38.770,                                   0.019,                                   0.025,                               28517.254,                                   0.999,
8/6/2026 2:36:00 PM   ,     680.001,                                  15.000,                                  35.086,                                  38.791,                                   0.019,                                   0.025,                               28501.264,                                   0.999,
8/6/2026 2:36:05 PM   ,     685.001,                                  15.001,                                  35.034,                                  38.733,                                   0.019,                                   0.025,                               28543.451,                                   0.999,
8/6/2026 2:36:10 PM   ,     690.001,                                  15.002,                                  35.037,                                  38.734,                                   0.019,                                   0.025,                               28541.500,                                   0.999,
8/6/2026 2:36:15 PM   ,     695.001,                                  15.003,                                  35.021,                                  38.716,                                   0.019,                                   0.025,                               28554.502,                                   0.999,
8/6/2026 2:36:20 PM   ,     700.001,                                  15.004,                                  34.925,                                  38.610,                                   0.019,                                   0.025,                               28632.682,                                   0.999,
8/6/2026 2:36:25 PM   ,     705.001,                                  15.004,                                  34.762,                                  38.429,                                   0.019,                                   0.025,                               28767.021,                                   0.999,
8/6/2026 2:36:30 PM   ,     710.001,                                  15.004,                                  35.130,                                  38.835,                                   0.019,                                   0.025,                               28465.986,                                   0.999,
8/6/2026 2:36:35 PM   ,     715.001,                                  15.005,                                  35.625,                                  39.382,                                   0.020,                                   0.026,                               28070.178,                                   0.999,
8/6/2026 2:36:40 PM   ,     720.001,                                  15.005,                                  35.494,                                  39.238,                                   0.019,                                   0.026,                               28173.877,                                   0.999,
8/6/2026 2:36:45 PM   ,     725.001,                                  15.007,                                  35.487,                                  39.229,                                   0.019,                                   0.025,                               28179.033,                                   0.999,
8/6/2026 2:36:50 PM   ,     730.001,                                  15.007,                                  35.367,                                  39.095,                                   0.019,                                   0.025,                               28275.066,                                   0.999,
8/6/2026 2:36:55 PM   ,     735.001,                                  15.008,                                  35.492,                                  39.233,                                   0.019,                                   0.026,                               28175.342,                                   0.999,
8/6/2026 2:37:00 PM   ,     740.001,                                  15.008,                                  35.381,                                  39.110,                                   0.019,                                   0.025,                               28263.684,                                   0.999,
8/6/2026 2:37:05 PM   ,     745.001,                                  15.009,                                  35.277,                                  38.994,                                   0.019,                                   0.025,                               28346.813,                                   0.999,
8/6/2026 2:37:10 PM   ,     750.001,                                  15.009,                                  35.267,                                  38.983,                                   0.019,                                   0.025,                               28354.768,                                   0.999,
8/6/2026 2:37:15 PM   ,     755.001,                                  15.011,                                  35.285,                                  39.002,                                   0.019,                                   0.025,                               28340.391,                                   0.999,
8/6/2026 2:37:20 PM   ,     760.001,                                  15.012,                                  35.195,                                  38.902,                                   0.019,                                   0.025,                               28412.908,                                   0.999,
8/6/2026 2:37:25 PM   ,     765.001,                                  15.013,                                  35.104,                                  38.800,                                   0.019,                                   0.025,                               28486.527,                                   0.999,
8/6/2026 2:37:30 PM   ,     770.001,                                  15.013,                                  35.025,                                  38.713,                                   0.019,                                   0.025,                               28550.633,                                   0.999,
8/6/2026 2:37:35 PM   ,     775.001,                                  15.014,                                  34.990,                                  38.674,                                   0.019,                                   0.025,                               28579.193,                                   0.999,
8/6/2026 2:37:40 PM   ,     780.001,                                  15.016,                                  34.853,                                  38.520,                                   0.019,                                   0.025,                               28691.736,                                   0.999,
8/6/2026 2:37:45 PM   ,     785.001,                                  15.016,                                  34.744,                                  38.399,                                   0.019,                                   0.025,                               28782.084,                                   0.999,
8/6/2026 2:37:50 PM   ,     790.001,                                  15.017,                                  34.731,                                  38.384,                                   0.019,                                   0.025,                               28792.432,                                   0.999,
8/6/2026 2:37:55 PM   ,     795.001,                                  15.018,                                  34.756,                                  38.411,                                   0.019,                                   0.025,                               28771.836,                                   0.999,
8/6/2026 2:38:00 PM   ,     800.001,                                  15.019,                                  34.730,                                  38.381,                                   0.019,                                   0.025,                               28793.371,                                   0.999,
8/6/2026 2:38:05 PM   ,     805.001,                                  15.020,                                  34.693,                                  38.340,                                   0.019,                                   0.025,                               28824.600,                                   0.999,
8/6/2026 2:38:10 PM   ,     810.001,                                  15.021,                                  34.773,                                  38.427,                                   0.019,                                   0.025,                               28758.141,                                   0.999,
8/6/2026 2:38:15 PM   ,     815.001,                                  15.022,                                  34.738,                                  38.388,                                   0.019,                                   0.025,                               28787.217,                                   0.999,
8/6/2026 2:38:20 PM   ,     820.001,                                  15.022,                                  34.725,                                  38.374,                                   0.019,                                   0.025,                               28797.299,                                   0.999,
8/6/2026 2:38:25 PM   ,     825.001,                                  15.024,                                  34.724,                                  38.371,                                   0.019,                                   0.025,                               28798.691,                                   0.999,
8/6/2026 2:38:30 PM   ,     830.001,                                  15.025,                                  34.715,                                  38.360,                                   0.019,                                   0.025,                               28805.742,                                   0.999,
8/6/2026 2:38:35 PM   ,     835.001,                                  15.026,                                  34.609,                                  38.242,                                   0.019,                                   0.025,                               28894.307,                                   0.999,
8/6/2026 2:38:40 PM   ,     840.001,                                  15.026,                                  34.471,                                  38.090,                                   0.019,                                   0.025,                               29009.689,                                   0.999,
8/6/2026 2:38:45 PM   ,     845.001,                                  15.028,                                  34.402,                                  38.011,                                   0.019,                                   0.025,                               29068.391,                                   0.999,
8/6/2026 2:38:50 PM   ,     850.001,                                  15.028,                                  34.431,                                  38.044,                                   0.019,                                   0.025,                               29043.484,                                   0.999,
8/6/2026 2:38:55 PM   ,     855.001,                                  15.029,                                  34.366,                                  37.971,                                   0.019,                                   0.025,                               29098.498,                                   0.999,
8/6/2026 2:39:00 PM   ,     860.001,                                  15.029,                                  34.275,                                  37.871,                                   0.019,                                   0.025,                               29175.549,                                   0.999,
8/6/2026 2:39:05 PM   ,     865.001,                                  15.031,                                  34.230,                                  37.819,                                   0.019,                                   0.025,                               29214.367,                                   0.999,
8/6/2026 2:39:10 PM   ,     870.001,                                  15.031,                                  34.184,                                  37.769,                                   0.019,                                   0.025,                               29253.648,                                   0.999,
8/6/2026 2:39:15 PM   ,     875.001,                                  15.032,                                  34.265,                                  37.857,                                   0.019,                                   0.025,                               29184.367,                                   0.999,
8/6/2026 2:39:20 PM   ,     880.001,                                  15.034,                                  34.377,                                  37.979,                                   0.019,                                   0.025,                               29089.496,                                   0.999,
8/6/2026 2:39:25 PM   ,     885.001,                                  15.035,                                  34.447,                                  38.055,                                   0.019,                                   0.025,                               29030.141,                                   0.999,
8/6/2026 2:39:30 PM   ,     890.001,                                  15.036,                                  34.516,                                  38.131,                                   0.019,                                   0.025,                               28972.148,                                   0.999,
8/6/2026 2:39:35 PM   ,     895.001,                                  15.037,                                  34.437,                                  38.044,                                   0.019,                                   0.025,                               29038.496,                                   0.999,
8/6/2026 2:39:40 PM   ,     900.001,                                  15.038,                                  34.325,                                  37.919,                                   0.019,                                   0.025,                               29133.178,                                   0.999,
8/6/2026 2:39:45 PM   ,     905.001,                                  15.039,                                  34.298,                                  37.888,                                   0.019,                                   0.025,                               29156.287,                                   0.999,
8/6/2026 2:39:50 PM   ,     910.001,                                  15.040,                                  34.180,                                  37.757,                                   0.019,                                   0.025,                               29256.920,                                   0.999,
8/6/2026 2:39:55 PM   ,     915.001,                                  15.041,                                  34.125,                                  37.696,                                   0.019,                                   0.025,                               29303.855,                                   0.999,
8/6/2026 2:40:00 PM   ,     920.001,                                  15.041,                                  34.119,                                  37.689,                                   0.019,                                   0.024,                               29309.377,                                   0.999,
8/6/2026 2:40:05 PM   ,     925.001,                                  15.042,                                  33.969,                                  37.522,                                   0.019,                                   0.024,                               29438.936,                                   0.999,
8/6/2026 2:40:10 PM   ,     930.001,                                  15.043,                                  33.913,                                  37.459,                                   0.019,                                   0.024,                               29487.422,                                   0.999,
8/6/2026 2:40:15 PM   ,     935.001,                                  15.044,                                  33.864,                                  37.405,                                   0.018,                                   0.024,                               29529.605,                                   0.999,
8/6/2026 2:40:20 PM   ,     940.001,                                  15.046,                                  33.821,                                  37.355,                                   0.018,                                   0.024,                               29567.863,                                   0.999,
8/6/2026 2:40:25 PM   ,     945.001,                                  15.048,                                  33.783,                                  37.313,                                   0.018,                                   0.024,                               29600.463,                                   0.999,
8/6/2026 2:40:30 PM   ,     950.001,                                  15.048,                                  34.544,                                  38.152,                                   0.019,                                   0.025,                               28948.727,                                   0.999,
8/6/2026 2:40:35 PM   ,     955.001,                                  15.049,                                  34.588,                                  38.200,                                   0.019,                                   0.025,                               28911.926,                                   0.999,
8/6/2026 2:40:40 PM   ,     960.001,                                  15.050,                                  34.624,                                  38.240,                                   0.019,                                   0.025,                               28881.318,                                   0.999,
8/6/2026 2:40:45 PM   ,     965.001,                                  15.051,                                  34.544,                                  38.150,                                   0.019,                                   0.025,                               28948.934,                                   0.999,
8/6/2026 2:40:50 PM   ,     970.001,                                  15.051,                                  34.527,                                  38.131,                                   0.019,                                   0.025,                               28962.895,                                   0.999,
8/6/2026 2:40:55 PM   ,     975.001,                                  15.052,                                  34.565,                                  38.173,                                   0.019,                                   0.025,                               28930.637,                                   0.999,
8/6/2026 2:41:00 PM   ,     980.001,                                  15.053,                                  34.505,                                  38.106,                                   0.019,                                   0.025,                               28981.041,                                   0.999,
8/6/2026 2:41:05 PM   ,     985.001,                                  15.055,                                  34.462,                                  38.057,                                   0.019,                                   0.025,                               29017.371,                                   0.999,
8/6/2026 2:41:10 PM   ,     990.001,                                  15.054,                                  34.375,                                  37.962,                                   0.019,                                   0.025,                               29090.535,                                   0.999,
8/6/2026 2:41:15 PM   ,     995.001,                                  15.055,                                  34.446,                                  38.038,                                   0.019,                                   0.025,                               29031.230,                                   0.999,
8/6/2026 2:41:20 PM   ,    1000.001,                                  15.056,                                  34.394,                                  37.980,                                   0.019,                                   0.025,                               29075.240,                                   0.999,
8/6/2026 2:41:25 PM   ,    1005.001,                                  15.058,                                  34.370,                                  37.953,                                   0.019,                                   0.025,                               29095.281,                                   0.999,
8/6/2026 2:41:30 PM   ,    1010.001,                                  15.059,                                  34.405,                                  37.991,                                   0.019,                                   0.025,                               29065.340,                                   0.999,
8/6/2026 2:41:35 PM   ,    1015.001,                                  15.060,                                  34.479,                                  38.072,                                   0.019,                                   0.025,                               29002.834,                                   0.999,
8/6/2026 2:41:40 PM   ,    1020.001,                                  15.060,                                  34.351,                                  37.930,                                   0.019,                                   0.025,                               29111.080,                                   0.999,
8/6/2026 2:41:45 PM   ,    1025.001,                                  15.061,                                  34.346,                                  37.924,                                   0.019,                                   0.025,                               29115.188,                                   0.999,
8/6/2026 2:41:50 PM   ,    1030.001,                                  15.061,                                  34.279,                                  37.849,                                   0.019,                                   0.025,                               29172.555,                                   0.999,
8/6/2026 2:41:55 PM   ,    1035.001,                                  15.062,                                  34.513,                                  38.107,                                   0.019,                                   0.025,                               28974.953,                                   0.999,
8/6/2026 2:42:00 PM   ,    1040.001,                                  15.062,                                  34.673,                                  38.284,                                   0.019,                                   0.025,                               28840.711,                                   0.999,
8/6/2026 2:42:05 PM   ,    1045.001,                                  15.063,                                  34.632,                                  38.238,                                   0.019,                                   0.025,                               28875.152,                                   0.999,
8/6/2026 2:42:10 PM   ,    1050.001,                                  15.063,                                  34.619,                                  38.223,                                   0.019,                                   0.025,                               28886.025,                                   0.999,
8/6/2026 2:42:15 PM   ,    1055.001,                                  15.064,                                  34.559,                                  38.156,                                   0.019,                                   0.025,                               28936.416,                                   0.999,
8/6/2026 2:42:20 PM   ,    1060.001,                                  15.065,                                  34.514,                                  38.106,                                   0.019,                                   0.025,                               28973.875,                                   0.999,
8/6/2026 2:42:25 PM   ,    1065.001,                                  15.066,                                  34.472,                                  38.059,                                   0.019,                                   0.025,                               29008.721,                                   0.999,
8/6/2026 2:42:30 PM   ,    1070.001,                                  15.067,                                  34.461,                                  38.046,                                   0.019,                                   0.025,                               29018.572,                                   0.999,
8/6/2026 2:42:35 PM   ,    1075.001,                                  15.066,                                  34.469,                                  38.055,                                   0.019,                                   0.025,                               29011.898,                                   0.999,
8/6/2026 2:42:40 PM   ,    1080.001,                                  15.067,                                  34.420,                                  38.000,                                   0.019,                                   0.025,                               29052.859,                                   0.999,
8/6/2026 2:42:45 PM   ,    1085.001,                                  15.068,                                  34.344,                                  37.915,                                   0.019,                                   0.025,                               29117.408,                                   0.999,
8/6/2026 2:42:50 PM   ,    1090.001,                                  15.069,                                  34.245,                                  37.805,                                   0.019,                                   0.025,                               29201.760,                                   0.999,
8/6/2026 2:42:55 PM   ,    1095.001,                                  15.071,                                  34.214,                                  37.771,                                   0.019,                                   0.025,                               29227.424,                                   0.999,
8/6/2026 2:43:00 PM   ,    1100.001,                                  15.071,                                  34.108,                                  37.652,                                   0.019,                                   0.024,                               29318.846,                                   0.999,
8/6/2026 2:43:05 PM   ,    1105.001,                                  15.071,                                  34.028,                                  37.565,                                   0.019,                                   0.024,                               29387.207,                                   0.999,
8/6/2026 2:43:10 PM   ,    1110.001,                                  15.072,                                  34.041,                                  37.579,                                   0.019,                                   0.024,                               29376.037,                                   0.999,
8/6/2026 2:43:15 PM   ,    1115.001,                                  15.073,                                  34.076,                                  37.616,                                   0.019,                                   0.024,                               29346.217,                                   0.999,
8/6/2026 2:43:20 PM   ,    1120.001,                                  15.074,                                  34.137,                                  37.682,                                   0.019,                                   0.024,                               29294.137,                                   0.999,
8/6/2026 2:43:25 PM   ,    1125.001,                                  15.074,                                  34.077,                                  37.616,                                   0.019,                                   0.024,                               29344.980,                                   0.999,
8/6/2026 2:43:30 PM   ,    1130.001,                                  15.075,                                  33.982,                                  37.511,                                   0.019,                                   0.024,                               29427.074,                                   0.999,
8/6/2026 2:43:35 PM   ,    1135.001,                                  15.076,                                  33.907,                                  37.426,                                   0.018,                                   0.024,                               29492.785,                                   0.999,
8/6/2026 2:43:40 PM   ,    1140.001,                                  15.076,                                  33.933,                                  37.456,                                   0.019,                                   0.024,                               29469.717,                                   0.999,
8/6/2026 2:43:45 PM   ,    1145.001,                                  15.077,                                  33.968,                                  37.494,                                   0.019,                                   0.024,                               29439.371,                                   0.999,
8/6/2026 2:43:50 PM   ,    1150.001,                                  15.078,                                  34.086,                                  37.623,                                   0.019,                                   0.024,                               29337.900,                                   0.999,
8/6/2026 2:43:55 PM   ,    1155.001,                                  15.078,                                  34.238,                                  37.790,                                   0.019,                                   0.025,                               29207.496,                                   0.999,
8/6/2026 2:44:00 PM   ,    1160.001,                                  15.079,                                  34.263,                                  37.817,                                   0.019,                                   0.025,                               29186.084,                                   0.999,
8/6/2026 2:44:05 PM   ,    1165.001,                                  15.080,                                  34.345,                                  37.907,                                   0.019,                                   0.025,                               29116.494,                                   0.999,
8/6/2026 2:44:10 PM   ,    1170.001,                                  15.081,                                  34.291,                                  37.847,                                   0.019,                                   0.025,                               29162.488,                                   0.999,
8/6/2026 2:44:15 PM   ,    1175.001,                                  15.082,                                  34.257,                                  37.809,                                   0.019,                                   0.025,                               29191.098,                                   0.999,
8/6/2026 2:44:20 PM   ,    1180.001,                                  15.082,                                  34.267,                                  37.819,                                   0.019,                                   0.025,                               29182.717,                                   0.999,
8/6/2026 2:44:25 PM   ,    1185.001,                                  15.083,                                  34.344,                                  37.903,                                   0.019,                                   0.025,                               29117.506,                                   0.999,
8/6/2026 2:44:30 PM   ,    1190.001,                                  15.085,                                  34.282,                                  37.833,                                   0.019,                                   0.025,                               29170.186,                                   0.999,
8/6/2026 2:44:35 PM   ,    1195.001,                                  15.085,                                  34.378,                                  37.940,                                   0.019,                                   0.025,                               29088.178,                                   0.999,
8/6/2026 2:44:40 PM   ,    1200.001,                                  15.086,                                  34.304,                                  37.857,                                   0.019,                                   0.025,                               29151.430,                                   0.999,
8/6/2026 2:44:45 PM   ,    1205.001,                                  15.087,                                  34.338,                                  37.894,                                   0.019,                                   0.025,                               29122.041,                                   0.999,
8/6/2026 2:44:50 PM   ,    1210.001,                                  15.088,                                  34.296,                                  37.847,                                   0.019,                                   0.025,                               29157.992,                                   0.999,
8/6/2026 2:44:55 PM   ,    1215.001,                                  15.088,                                  34.229,                                  37.773,                                   0.019,                                   0.025,                               29215.396,                                   0.999,
8/6/2026 2:45:00 PM   ,    1220.001,                                  15.088,                                  34.549,                                  38.126,                                   0.019,                                   0.025,                               28944.551,                                   0.999,
8/6/2026 2:45:05 PM   ,    1225.001,                                  15.090,                                  34.548,                                  38.123,                                   0.019,                                   0.025,                               28945.615,                                   0.999,
8/6/2026 2:45:10 PM   ,    1230.001,                                  15.090,                                  34.600,                                  38.181,                                   0.019,                                   0.025,                               28901.563,                                   0.999,
8/6/2026 2:45:15 PM   ,    1235.001,                                  15.092,                                  34.644,                                  38.228,                                   0.019,                                   0.025,                               28865.256,                                   0.999,
8/6/2026 2:45:20 PM   ,    1240.001,                                  15.092,                                  34.661,                                  38.246,                                   0.019,                                   0.025,                               28850.639,                                   0.999,
8/6/2026 2:45:25 PM   ,    1245.001,                                  15.093,                                  34.675,                                  38.261,                                   0.019,                                   0.025,                               28839.275,                                   0.999,
8/6/2026 2:45:30 PM   ,    1250.001,                                  15.093,                                  34.488,                                  38.055,                                   0.019,                                   0.025,                               28995.205,                                   0.999,
8/6/2026 2:45:35 PM   ,    1255.001,                                  15.094,                                  35.269,                                  38.916,                                   0.019,                                   0.025,                               28353.143,                                   0.999,
8/6/2026 2:45:40 PM   ,    1260.001,                                  15.096,                                  35.215,                                  38.855,                                   0.019,                                   0.025,                               28396.643,                                   0.999,
8/6/2026 2:45:45 PM   ,    1265.001,                                  15.097,                                  35.253,                                  38.895,                                   0.019,                                   0.025,                               28366.471,                                   0.999,
8/6/2026 2:45:50 PM   ,    1270.001,                                  15.099,                                  35.206,                                  38.842,                                   0.019,                                   0.025,                               28404.227,                                   0.999,
8/6/2026 2:45:55 PM   ,    1275.001,                                  15.099,                                  35.155,                                  38.786,                                   0.019,                                   0.025,                               28445.475,                                   0.999,
8/6/2026 2:46:00 PM   ,    1280.001,                                  15.099,                                  35.177,                                  38.810,                                   0.019,                                   0.025,                               28427.355,                                   0.999,
8/6/2026 2:46:05 PM   ,    1285.001,                                  15.101,                                  35.206,                                  38.840,                                   0.019,                                   0.025,                               28404.473,                                   0.999,
8/6/2026 2:46:10 PM   ,    1290.001,                                  15.102,                                  35.183,                                  38.815,                                   0.019,                                   0.025,                               28422.539,                                   0.999,
8/6/2026 2:46:15 PM   ,    1295.001,                                  15.103,                                  35.087,                                  38.708,                                   0.019,                                   0.025,                               28500.205,                                   0.999,
8/6/2026 2:46:20 PM   ,    1300.001,                                  15.103,                                  34.984,                                  38.594,                                   0.019,                                   0.025,                               28584.545,                                   0.999,
8/6/2026 2:46:25 PM   ,    1305.001,                                  15.103,                                  34.925,                                  38.528,                                   0.019,                                   0.025,                               28633.057,                                   0.999,
8/6/2026 2:46:30 PM   ,    1310.001,                                  15.104,                                  34.903,                                  38.504,                                   0.019,                                   0.025,                               28651.045,                                   0.999,
8/6/2026 2:46:35 PM   ,    1315.001,                                  15.105,                                  34.919,                                  38.521,                                   0.019,                                   0.025,                               28637.402,                                   0.999,
8/6/2026 2:46:40 PM   ,    1320.001,                                  15.107,                                  34.771,                                  38.356,                                   0.019,                                   0.025,                               28759.549,                                   0.999,
8/6/2026 2:46:45 PM   ,    1325.001,                                  15.107,                                  34.774,                                  38.359,                                   0.019,                                   0.025,                               28757.387,                                   0.999,
8/6/2026 2:46:50 PM   ,    1330.001,                                  15.108,                                  34.784,                                  38.369,                                   0.019,                                   0.025,                               28749.240,                                   0.999,
8/6/2026 2:46:55 PM   ,    1335.001,                                  15.109,                                  34.716,                                  38.294,                                   0.019,                                   0.025,                               28805.049,                                   0.999,
8/6/2026 2:47:00 PM   ,    1340.001,                                  15.110,                                  34.781,                                  38.364,                                   0.019,                                   0.025,                               28751.359,                                   0.999,
8/6/2026 2:47:05 PM   ,    1345.001,                                  15.110,                                  34.807,                                  38.392,                                   0.019,                                   0.025,                               28730.074,                                   0.999,
8/6/2026 2:47:10 PM   ,    1350.001,                                  15.112,                                  34.775,                                  38.357,                                   0.019,                                   0.025,                               28755.908,                                   0.999,
8/6/2026 2:47:15 PM   ,    1355.001,                                  15.111,                                  34.711,                                  38.286,                                   0.019,                                   0.025,                               28809.170,                                   0.999,
8/6/2026 2:47:20 PM   ,    1360.001,                                  15.112,                                  34.694,                                  38.266,                                   0.019,                                   0.025,                               28823.693,                                   0.999,
8/6/2026 2:47:25 PM   ,    1365.001,                                  15.112,                                  34.628,                                  38.193,                                   0.019,                                   0.025,                               28878.734,                                   0.999,
8/6/2026 2:47:30 PM   ,    1370.001,                                  15.113,                                  34.718,                                  38.292,                                   0.019,                                   0.025,                               28803.902,                                   0.999,
8/6/2026 2:47:35 PM   ,    1375.001,                                  15.113,                                  34.827,                                  38.412,                                   0.019,                                   0.025,                               28713.311,                                   0.999,
8/6/2026 2:47:40 PM   ,    1380.001,                                  15.115,                                  34.855,                                  38.442,                                   0.019,                                   0.025,                               28690.053,                                   0.999,
8/6/2026 2:47:45 PM   ,    1385.001,                                  15.116,                                  34.902,                                  38.492,                                   0.019,                                   0.025,                               28651.889,                                   0.999,
8/6/2026 2:47:50 PM   ,    1390.001,                                  15.116,                                  35.095,                                  38.706,                                   0.019,                                   0.025,                               28493.799,                                   0.999,
8/6/2026 2:47:55 PM   ,    1395.001,                                  15.117,                                  35.128,                                  38.742,                                   0.019,                                   0.025,                               28467.197,                                   0.999,
8/6/2026 2:48:00 PM   ,    1400.001,                                  15.118,                                  35.077,                                  38.684,                                   0.019,                                   0.025,                               28508.949,                                   0.999,
8/6/2026 2:48:05 PM   ,    1405.001,                                  15.119,                                  35.054,                                  38.658,                                   0.019,                                   0.025,                               28527.426,                                   0.999,
8/6/2026 2:48:10 PM   ,    1410.001,                                  15.119,                                  35.160,                                  38.775,                                   0.019,                                   0.025,                               28441.771,                                   0.999,
8/6/2026 2:48:15 PM   ,    1415.001,                                  15.119,                                  35.139,                                  38.751,                                   0.019,                                   0.025,                               28458.625,                                   0.999,
8/6/2026 2:48:20 PM   ,    1420.001,                                  15.121,                                  35.141,                                  38.753,                                   0.019,                                   0.025,                               28456.580,                                   0.999,
8/6/2026 2:48:25 PM   ,    1425.001,                                  15.121,                                  35.122,                                  38.731,                                   0.019,                                   0.025,                               28472.385,                                   0.999,
8/6/2026 2:48:30 PM   ,    1430.001,                                  15.122,                                  35.006,                                  38.603,                                   0.019,                                   0.025,                               28566.197,                                   0.999,
8/6/2026 2:48:35 PM   ,    1435.001,                                  15.123,                                  35.042,                                  38.642,                                   0.019,                                   0.025,                               28537.057,                                   0.999,
8/6/2026 2:48:40 PM   ,    1440.001,                                  15.123,                                  35.019,                                  38.616,                                   0.019,                                   0.025,                               28555.900,                                   0.999,
8/6/2026 2:48:45 PM   ,    1445.001,                                  15.124,                                  34.970,                                  38.561,                                   0.019,                                   0.025,                               28596.031,                                   0.999,
8/6/2026 2:48:50 PM   ,    1450.001,                                  15.124,                                  34.987,                                  38.580,                                   0.019,                                   0.025,                               28582.342,                                   0.999,
8/6/2026 2:48:55 PM   ,    1455.001,                                  15.125,                                  34.949,                                  38.537,                                   0.019,                                   0.025,                               28613.492,                                   0.999,
8/6/2026 2:49:00 PM   ,    1460.001,                                  15.125,                                  34.857,                                  38.435,                                   0.019,                                   0.025,                               28688.891,                                   0.999,
8/6/2026 2:49:05 PM   ,    1465.001,                                  15.128,                                  34.911,                                  38.493,                                   0.019,                                   0.025,                               28644.227,                                   0.999,
8/6/2026 2:49:10 PM   ,    1470.001,                                  15.128,                                  35.525,                                  39.169,                                   0.019,                                   0.025,                               28149.504,                                   0.999,
8/6/2026 2:49:15 PM   ,    1475.001,                                  15.129,                                  35.589,                                  39.240,                                   0.019,                                   0.026,                               28098.543,                                   0.999,
8/6/2026 2:49:20 PM   ,    1480.001,                                  15.130,                                  35.544,                                  39.190,                                   0.019,                                   0.025,                               28133.783,                                   0.999,
8/6/2026 2:49:25 PM   ,    1485.001,                                  15.131,                                  35.671,                                  39.328,                                   0.020,                                   0.026,                               28034.027,                                   0.999,
8/6/2026 2:49:30 PM   ,    1490.001,                                  15.132,                                  35.650,                                  39.305,                                   0.020,                                   0.026,                               28050.252,                                   0.999,
8/6/2026 2:49:35 PM   ,    1495.001,                                  15.131,                                  35.702,                                  39.363,                                   0.020,                                   0.026,                               28009.449,                                   0.999,
8/6/2026 2:49:40 PM   ,    1500.001,                                  15.133,                                  35.762,                                  39.427,                                   0.020,                                   0.026,                               27962.746,                                   0.999,
8/6/2026 2:49:45 PM   ,    1505.001,                                  15.133,                                  35.800,                                  39.469,                                   0.020,                                   0.026,                               27932.857,                                   0.999,
8/6/2026 2:49:50 PM   ,    1510.001,                                  15.135,                                  35.828,                                  39.498,                                   0.020,                                   0.026,                               27910.811,                                   0.999,
8/6/2026 2:49:55 PM   ,    1515.001,                                  15.135,                                  35.817,                                  39.486,                                   0.020,                                   0.026,                               27919.627,                                   0.999,
8/6/2026 2:50:00 PM   ,    1520.001,                                  15.137,                                  35.863,                                  39.536,                                   0.020,                                   0.026,                               27883.539,                                   0.999,
8/6/2026 2:50:05 PM   ,    1525.001,                                  15.137,                                  35.827,                                  39.495,                                   0.020,                                   0.026,                               27912.031,                                   0.999,
8/6/2026 2:50:10 PM   ,    1530.001,                                  15.138,                                  35.791,                                  39.455,                                   0.020,                                   0.026,                               27939.779,                                   0.999,
8/6/2026 2:50:15 PM   ,    1535.001,                                  15.138,                                  36.118,                                  39.815,                                   0.020,                                   0.026,                               27687.129,                                   0.999,
8/6/2026 2:50:20 PM   ,    1540.001,                                  15.139,                                  36.247,                                  39.957,                                   0.020,                                   0.026,                               27588.480,                                   0.999,
8/6/2026 2:50:25 PM   ,    1545.001,                                  15.140,                                  36.230,                                  39.936,                                   0.020,                                   0.026,                               27601.809,                                   0.999,
8/6/2026 2:50:30 PM   ,    1550.001,                                  15.141,                                  36.161,                                  39.861,                                   0.020,                                   0.026,                               27653.758,                                   0.999,
8/6/2026 2:50:35 PM   ,    1555.001,                                  15.141,                                  36.059,                                  39.748,                                   0.020,                                   0.026,                               27732.473,                                   0.999,
8/6/2026 2:50:40 PM   ,    1560.001,                                  15.142,                                  36.074,                                  39.763,                                   0.020,                                   0.026,                               27720.922,                                   0.999,
8/6/2026 2:50:45 PM   ,    1565.001,                                  15.143,                                  36.074,                                  39.762,                                   0.020,                                   0.026,                               27721.053,                                   0.999,
8/6/2026 2:50:50 PM   ,    1570.001,                                  15.144,                                  36.038,                                  39.722,                                   0.020,                                   0.026,                               27748.602,                                   0.999,
8/6/2026 2:50:55 PM   ,    1575.001,                                  15.146,                                  36.019,                                  39.700,                                   0.020,                                   0.026,                               27763.266,                                   0.999,
8/6/2026 2:51:00 PM   ,    1580.001,                                  15.146,                                  35.944,                                  39.617,                                   0.020,                                   0.026,                               27821.211,                                   0.999,
8/6/2026 2:51:05 PM   ,    1585.001,                                  15.147,                                  35.951,                                  39.624,                                   0.020,                                   0.026,                               27815.605,                                   0.999,
8/6/2026 2:51:10 PM   ,    1590.001,                                  15.148,                                  35.831,                                  39.490,                                   0.020,                                   0.026,                               27909.150,                                   0.999,
8/6/2026 2:51:15 PM   ,    1595.001,                                  15.149,                                  35.826,                                  39.485,                                   0.020,                                   0.026,                               27912.510,                                   0.999,
8/6/2026 2:51:20 PM   ,    1600.001,                                  15.150,                                  35.832,                                  39.491,                                   0.020,                                   0.026,                               27907.723,                                   0.999,
8/6/2026 2:51:25 PM   ,    1605.001,                                  15.150,                                  35.791,                                  39.445,                                   0.020,                                   0.026,                               27939.938,                                   0.999,
8/6/2026 2:51:30 PM   ,    1610.001,                                  15.151,                                  35.847,                                  39.505,                                   0.020,                                   0.026,                               27896.480,                                   0.999,
8/6/2026 2:51:35 PM   ,    1615.001,                                  15.152,                                  35.862,                                  39.522,                                   0.020,                                   0.026,                               27884.516,                                   0.999,
8/6/2026 2:51:40 PM   ,    1620.001,                                  15.153,                                  35.896,                                  39.558,                                   0.020,                                   0.026,                               27858.352,                                   0.999,
8/6/2026 2:51:45 PM   ,    1625.001,                                  15.154,                                  35.898,                                  39.560,                                   0.020,                                   0.026,                               27856.629,                                   0.999,
8/6/2026 2:51:50 PM   ,    1630.001,                                  15.154,                                  35.846,                                  39.502,                                   0.020,                                   0.026,                               27896.904,                                   0.999,
8/6/2026 2:51:55 PM   ,    1635.001,                                  15.156,                                  35.969,                                  39.636,                                   0.020,                                   0.026,                               27801.555,                                   0.999,
8/6/2026 2:52:00 PM   ,    1640.001,                                  15.156,                                  35.996,                                  39.665,                                   0.020,                                   0.026,                               27781.199,                                   0.999,
8/6/2026 2:52:05 PM   ,    1645.001,                                  15.157,                                  35.947,                                  39.611,                                   0.020,                                   0.026,                               27818.965,                                   0.999,
8/6/2026 2:52:10 PM   ,    1650.001,                                  15.158,                                  35.904,                                  39.563,                                   0.020,                                   0.026,                               27851.873,                                   0.999,
8/6/2026 2:52:15 PM   ,    1655.001,                                  15.159,                                  35.930,                                  39.591,                                   0.020,                                   0.026,                               27831.957,                                   0.999,
8/6/2026 2:52:20 PM   ,    1660.001,                                  15.160,                                  36.017,                                  39.686,                                   0.020,                                   0.026,                               27764.361,                                   0.999,
8/6/2026 2:52:25 PM   ,    1665.001,                                  15.160,                                  36.024,                                  39.693,                                   0.020,                                   0.026,                               27759.570,                                   0.999,
8/6/2026 2:52:30 PM   ,    1670.001,                                  15.162,                                  36.022,                                  39.690,                                   0.020,                                   0.026,                               27760.752,                                   0.999,
8/6/2026 2:52:35 PM   ,    1675.001,                                  15.162,                                  36.511,                                  40.228,                                   0.020,                                   0.026,                               27389.199,                                   0.999,
8/6/2026 2:52:40 PM   ,    1680.001,                                  15.162,                                  36.475,                                  40.189,                                   0.020,                                   0.026,                               27416.080,                                   0.999,
8/6/2026 2:52:45 PM   ,    1685.001,                                  15.163,                                  36.496,                                  40.211,                                   0.020,                                   0.026,                               27400.258,                                   0.999,
8/6/2026 2:52:50 PM   ,    1690.001,                                  15.163,                                  36.484,                                  40.198,                                   0.020,                                   0.026,                               27409.160,                                   0.999,
8/6/2026 2:52:55 PM   ,    1695.001,                                  15.164,                                  36.496,                                  40.210,                                   0.020,                                   0.026,                               27400.227,                                   0.999,
8/6/2026 2:53:00 PM   ,    1700.001,                                  15.164,                                  36.504,                                  40.218,                                   0.020,                                   0.026,                               27394.617,                                   0.999,
8/6/2026 2:53:05 PM   ,    1705.001,                                  15.166,                                  36.599,                                  40.322,                                   0.020,                                   0.026,                               27323.391,                                   0.999,
8/6/2026 2:53:10 PM   ,    1710.001,                                  15.167,                                  36.754,                                  40.492,                                   0.020,                                   0.026,                               27207.939,                                   0.999,
8/6/2026 2:53:15 PM   ,    1715.001,                                  15.167,                                  36.907,                                  40.660,                                   0.020,                                   0.026,                               27095.066,                                   0.999,
8/6/2026 2:53:20 PM   ,    1720.001,                                  15.169,                                  36.968,                                  40.726,                                   0.020,                                   0.026,                               27050.590,                                   0.999,
8/6/2026 2:53:25 PM   ,    1725.001,                                  15.170,                                  37.156,                                  40.933,                                   0.020,                                   0.027,                               26913.307,                                   0.999,
8/6/2026 2:53:30 PM   ,    1730.001,                                  15.171,                                  37.267,                                  41.054,                                   0.020,                                   0.027,                               26833.215,                                   0.999,
8/6/2026 2:53:35 PM   ,    1735.001,                                  15.172,                                  37.176,                                  40.952,                                   0.020,                                   0.027,                               26899.404,                                   0.999,
8/6/2026 2:53:40 PM   ,    1740.001,                                  15.172,                                  37.192,                                  40.970,                                   0.020,                                   0.027,                               26887.430,                                   0.999,
8/6/2026 2:53:45 PM   ,    1745.001,                                  15.172,                                  37.140,                                  40.913,                                   0.020,                                   0.027,                               26925.180,                                   0.999,
8/6/2026 2:53:50 PM   ,    1750.001,                                  15.173,                                  37.292,                                  41.079,                                   0.020,                                   0.027,                               26815.650,                                   0.999,
8/6/2026 2:53:55 PM   ,    1755.001,                                  15.174,                                  37.414,                                  41.213,                                   0.021,                                   0.027,                               26727.855,                                   0.999,
8/6/2026 2:54:00 PM   ,    1760.001,                                  15.175,                                  37.445,                                  41.246,                                   0.021,                                   0.027,                               26705.994,                                   0.999,
8/6/2026 2:54:05 PM   ,    1765.001,                                  15.175,                                  37.351,                                  41.142,                                   0.021,                                   0.027,                               26772.939,                                   0.999,
8/6/2026 2:54:10 PM   ,    1770.001,                                  15.176,                                  37.548,                                  41.359,                                   0.021,                                   0.027,                               26632.484,                                   0.999,
8/6/2026 2:54:15 PM   ,    1775.001,                                  15.176,                                  37.450,                                  41.251,                                   0.021,                                   0.027,                               26702.160,                                   0.999,
8/6/2026 2:54:20 PM   ,    1780.001,                                  15.178,                                  37.732,                                  41.560,                                   0.021,                                   0.027,                               26502.879,                                   0.999,
8/6/2026 2:54:25 PM   ,    1785.001,                                  15.179,                                  37.744,                                  41.572,                                   0.021,                                   0.027,                               26494.428,                                   0.999,
8/6/2026 2:54:30 PM   ,    1790.001,                                  15.180,                                  37.734,                                  41.561,                                   0.021,                                   0.027,                               26501.072,                                   0.999,
8/6/2026 2:54:35 PM   ,    1795.001,                                  15.181,                                  37.694,                                  41.515,                                   0.021,                                   0.027,                               26529.732,                                   0.999,
8/6/2026 2:54:40 PM   ,    1800.001,                                  15.182,                                  37.937,                                  41.782,                                   0.021,                                   0.027,                               26359.393,                                   0.999,
8/6/2026 2:54:45 PM   ,    1805.001,                                  15.183,                                  37.859,                                  41.695,                                   0.021,                                   0.027,                               26413.861,                                   0.999,
8/6/2026 2:54:50 PM   ,    1810.001,                                  15.184,                                  37.814,                                  41.645,                                   0.021,                                   0.027,                               26445.361,                                   0.999,
8/6/2026 2:54:55 PM   ,    1815.001,                                  15.184,                                  37.713,                                  41.533,                                   0.021,                                   0.027,                               26516.078,                                   0.999,
8/6/2026 2:55:00 PM   ,    1820.001,                                  15.185,                                  38.025,                                  41.876,                                   0.021,                                   0.027,                               26298.764,                                   0.999,
8/6/2026 2:55:05 PM   ,    1825.001,                                  15.186,                                  37.980,                                  41.826,                                   0.021,                                   0.027,                               26329.816,                                   0.999,
8/6/2026 2:55:10 PM   ,    1830.001,                                  15.186,                                  37.938,                                  41.779,                                   0.021,                                   0.027,                               26358.975,                                   0.999,
8/6/2026 2:55:15 PM   ,    1835.001,                                  15.188,                                  37.869,                                  41.702,                                   0.021,                                   0.027,                               26406.545,                                   0.999,
8/6/2026 2:55:20 PM   ,    1840.001,                                  15.188,                                  37.958,                                  41.800,                                   0.021,                                   0.027,                               26344.789,                                   0.999,
8/6/2026 2:55:25 PM   ,    1845.001,                                  15.189,                                  37.959,                                  41.800,                                   0.021,                                   0.027,                               26344.189,                                   0.999,
8/6/2026 2:55:30 PM   ,    1850.001,                                  15.190,                                  37.915,                                  41.751,                                   0.021,                                   0.027,                               26374.727,                                   0.999,
8/6/2026 2:55:35 PM   ,    1855.001,                                  15.190,                                  37.778,                                  41.601,                                   0.021,                                   0.027,                               26470.184,                                   0.999,
8/6/2026 2:55:40 PM   ,    1860.001,                                  15.191,                                  38.109,                                  41.963,                                   0.021,                                   0.027,                               26240.498,                                   0.999,
8/6/2026 2:55:45 PM   ,    1865.001,                                  15.191,                                  41.526,                                  45.726,                                   0.023,                                   0.030,                               24081.152,                                   0.999,
8/6/2026 2:55:50 PM   ,    1870.001,                                  15.192,                                  48.441,                                  53.339,                                   0.027,                                   0.035,                               20643.875,                                   0.999,
8/6/2026 2:55:55 PM   ,    1875.001,                                  15.193,                                  53.340,                                  58.732,                                   0.030,                                   0.038,                               18747.609,                                   0.999,
8/6/2026 2:56:00 PM   ,    1880.001,                                  15.194,                                  58.174,                                  64.054,                                   0.033,                                   0.042,                               17189.855,                                   0.999,
8/6/2026 2:56:05 PM   ,    1885.001,                                  15.194,                                  59.255,                                  65.244,                                   0.034,                                   0.042,                               16876.279,                                   0.999,
8/6/2026 2:56:10 PM   ,    1890.001,                                  15.195,                                  58.690,                                  64.621,                                   0.033,                                   0.042,                               17038.816,                                   0.999,
8/6/2026 2:56:15 PM   ,    1895.001,                                  15.196,                                  57.625,                                  63.448,                                   0.033,                                   0.041,                               17353.492,                                   0.999,
8/6/2026 2:56:20 PM   ,    1900.001,                                  15.196,                                  56.080,                                  61.746,                                   0.032,                                   0.040,                               17831.539,                                   0.999,
8/6/2026 2:56:25 PM   ,    1905.001,                                  15.197,                                  54.760,                                  60.291,                                   0.031,                                   0.039,                               18261.490,                                   0.999,
8/6/2026 2:56:30 PM   ,    1910.001,                                  15.197,                                  53.655,                                  59.074,                                   0.030,                                   0.038,                               18637.662,                                   0.999,
8/6/2026 2:56:35 PM   ,    1915.001,                                  15.199,                                  52.672,                                  57.990,                                   0.030,                                   0.038,                               18985.422,                                   0.999,
8/6/2026 2:56:40 PM   ,    1920.001,                                  15.198,                                  50.657,                                  55.772,                                   0.028,                                   0.036,                               19740.717,                                   0.999,
8/6/2026 2:56:45 PM   ,    1925.001,                                  15.198,                                  50.646,                                  55.760,                                   0.028,                                   0.036,                               19744.816,                                   0.999,
8/6/2026 2:56:50 PM   ,    1930.001,                                  15.199,                                  49.699,                                  54.716,                                   0.028,                                   0.036,                               20121.176,                                   0.999,
8/6/2026 2:56:55 PM   ,    1935.001,                                  15.201,                                  48.824,                                  53.751,                                   0.027,                                   0.035,                               20481.934,                                   0.999,
8/6/2026 2:57:00 PM   ,    1940.001,                                  15.200,                                  47.973,                                  52.815,                                   0.027,                                   0.034,                               20844.941,                                   0.999,
8/6/2026 2:57:05 PM   ,    1945.001,                                  15.200,                                  46.577,                                  51.277,                                   0.026,                                   0.033,                               21469.920,                                   0.999,
8/6/2026 2:57:10 PM   ,    1950.001,                                  15.201,                                  46.249,                                  50.916,                                   0.026,                                   0.033,                               21621.945,                                   0.999,
8/6/2026 2:57:15 PM   ,    1955.001,                                  15.201,                                  45.453,                                  50.039,                                   0.025,                                   0.033,                               22000.740,                                   0.999,
8/6/2026 2:57:20 PM   ,    1960.001,                                  15.202,                                  44.832,                                  49.354,                                   0.025,                                   0.032,                               22305.609,                                   0.999,
8/6/2026 2:57:25 PM   ,    1965.001,                                  15.204,                                  44.089,                                  48.535,                                   0.025,                                   0.032,                               22681.457,                                   0.999,
8/6/2026 2:57:30 PM   ,    1970.001,                                  15.203,                                  43.576,                                  47.972,                                   0.024,                                   0.031,                               22948.236,                                   0.999,
8/6/2026 2:57:35 PM   ,    1975.001,                                  15.204,                                  43.259,                                  47.621,                                   0.024,                                   0.031,                               23116.330,                                   0.999,
8/6/2026 2:57:40 PM   ,    1980.001,                                  15.205,                                  42.853,                                  47.173,                                   0.024,                                   0.031,                               23335.744,                                   0.999,
8/6/2026 2:57:45 PM   ,    1985.001,                                  15.204,                                  42.514,                                  46.802,                                   0.024,                                   0.030,                               23521.508,                                   0.999,
8/6/2026 2:57:50 PM   ,    1990.001,                                  15.204,                                  42.121,                                  46.368,                                   0.023,                                   0.030,                               23741.230,                                   0.999,
8/6/2026 2:57:55 PM   ,    1995.001,                                  15.206,                                  41.986,                                  46.218,                                   0.023,                                   0.030,                               23817.477,                                   0.999,
8/6/2026 2:58:00 PM   ,    2000.001,                                  15.207,                                  41.566,                                  45.756,                                   0.023,                                   0.030,                               24057.877,                                   0.999,
8/6/2026 2:58:05 PM   ,    2005.001,                                  15.208,                                  41.277,                                  45.436,                                   0.023,                                   0.030,                               24226.348,                                   0.999,
8/6/2026 2:58:10 PM   ,    2010.001,                                  15.209,                                  41.290,                                  45.449,                                   0.023,                                   0.030,                               24219.188,                                   0.999,
8/6/2026 2:58:15 PM   ,    2015.001,                                  15.209,                                  41.011,                                  45.142,                                   0.023,                                   0.029,                               24383.588,                                   0.999,
8/6/2026 2:58:20 PM   ,    2020.001,                                  15.209,                                  40.660,                                  44.755,                                   0.022,                                   0.029,                               24593.992,                                   0.999,
8/6/2026 2:58:25 PM   ,    2025.001,                                  15.211,                                  40.734,                                  44.835,                                   0.023,                                   0.029,                               24549.566,                                   0.999,
8/6/2026 2:58:30 PM   ,    2030.001,                                  15.213,                                  40.698,                                  44.794,                                   0.022,                                   0.029,                               24571.277,                                   0.999,
8/6/2026 2:58:35 PM   ,    2035.001,                                  15.212,                                  40.425,                                  44.494,                                   0.022,                                   0.029,                               24737.314,                                   0.999,
8/6/2026 2:58:40 PM   ,    2040.001,                                  15.213,                                  40.359,                                  44.421,                                   0.022,                                   0.029,                               24777.688,                                   0.999,
8/6/2026 2:58:45 PM   ,    2045.001,                                  15.214,                                  40.018,                                  44.044,                                   0.022,                                   0.029,                               24988.881,                                   0.999,
8/6/2026 2:58:50 PM   ,    2050.001,                                  15.213,                                  40.275,                                  44.328,                                   0.022,                                   0.029,                               24829.178,                                   0.999,
8/6/2026 2:58:55 PM   ,    2055.001,                                  15.213,                                  40.104,                                  44.139,                                   0.022,                                   0.029,                               24935.256,                                   0.999,
8/6/2026 2:59:00 PM   ,    2060.001,                                  15.215,                                  40.159,                                  44.199,                                   0.022,                                   0.029,                               24900.955,                                   0.999,
8/6/2026 2:59:05 PM   ,    2065.001,                                  15.214,                                  40.184,                                  44.227,                                   0.022,                                   0.029,                               24885.424,                                   0.999,
8/6/2026 2:59:10 PM   ,    2070.001,                                  15.215,                                  40.310,                                  44.365,                                   0.022,                                   0.029,                               24807.777,                                   0.999,
8/6/2026 2:59:15 PM   ,    2075.001,                                  15.216,                                  40.313,                                  44.367,                                   0.022,                                   0.029,                               24805.992,                                   0.999,
8/6/2026 2:59:20 PM   ,    2080.001,                                  15.217,                                  40.391,                                  44.452,                                   0.022,                                   0.029,                               24758.113,                                   0.999,
8/6/2026 2:59:25 PM   ,    2085.001,                                  15.217,                                  40.395,                                  44.456,                                   0.022,                                   0.029,                               24755.430,                                   0.999,
8/6/2026 2:59:30 PM   ,    2090.001,                                  15.218,                                  40.258,                                  44.305,                                   0.022,                                   0.029,                               24839.504,                                   0.999,
8/6/2026 2:59:35 PM   ,    2095.001,                                  15.219,                                  40.303,                                  44.353,                                   0.022,                                   0.029,                               24812.297,                                   0.999,
8/6/2026 2:59:40 PM   ,    2100.001,                                  15.220,                                  40.256,                                  44.301,                                   0.022,                                   0.029,                               24841.199,                                   0.999,
8/6/2026 2:59:45 PM   ,    2105.001,                                  15.219,                                  40.225,                                  44.268,                                   0.022,                                   0.029,                               24859.930,                                   0.999,
8/6/2026 2:59:50 PM   ,    2110.001,                                  15.220,                                  40.310,                                  44.360,                                   0.022,                                   0.029,                               24807.781,                                   0.999,
8/6/2026 2:59:55 PM   ,    2115.001,                                  15.219,                                  40.429,                                  44.491,                                   0.022,                                   0.029,                               24734.766,                                   0.999,
8/6/2026 3:00:00 PM   ,    2120.001,                                  15.220,                                  40.539,                                  44.612,                                   0.022,                                   0.029,                               24667.418,                                   0.999,
8/6/2026 3:00:05 PM   ,    2125.001,                                  15.221,                                  40.541,                                  44.613,                                   0.022,                                   0.029,                               24666.586,                                   0.999,
8/6/2026 3:00:10 PM   ,    2130.001,                                  15.222,                                  40.599,                                  44.676,                                   0.022,                                   0.029,                               24630.994,                                   0.999,
8/6/2026 3:00:15 PM   ,    2135.001,                                  15.222,                                  40.756,                                  44.849,                                   0.023,                                   0.029,                               24536.230,                                   0.999,
8/6/2026 3:00:20 PM   ,    2140.001,                                  15.223,                                  40.756,                                  44.848,                                   0.023,                                   0.029,                               24536.365,                                   0.999,
8/6/2026 3:00:25 PM   ,    2145.001,                                  15.224,                                  40.691,                                  44.776,                                   0.022,                                   0.029,                               24575.375,                                   0.999,
8/6/2026 3:00:30 PM   ,    2150.001,                                  15.224,                                  40.802,                                  44.898,                                   0.023,                                   0.029,                               24508.607,                                   0.999,
8/6/2026 3:00:35 PM   ,    2155.001,                                  15.225,                                  40.822,                                  44.919,                                   0.023,                                   0.029,                               24496.678,                                   0.999,
8/6/2026 3:00:40 PM   ,    2160.001,                                  15.226,                                  40.985,                                  45.097,                                   0.023,                                   0.029,                               24399.254,                                   0.999,
8/6/2026 3:00:45 PM   ,    2165.001,                                  15.227,                                  40.841,                                  44.938,                                   0.023,                                   0.029,                               24484.988,                                   0.999,
8/6/2026 3:00:50 PM   ,    2170.001,                                  15.227,                                  40.911,                                  45.015,                                   0.023,                                   0.029,                               24443.031,                                   0.999,
8/6/2026 3:00:55 PM   ,    2175.001,                                  15.228,                                  40.982,                                  45.092,                                   0.023,                                   0.029,                               24401.154,                                   0.999,
8/6/2026 3:01:00 PM   ,    2180.001,                                  15.227,                                  40.956,                                  45.064,                                   0.023,                                   0.029,                               24416.303,                                   0.999,
8/6/2026 3:01:05 PM   ,    2185.001,                                  15.228,                                  41.015,                                  45.128,                                   0.023,                                   0.029,                               24381.441,                                   0.999,
8/6/2026 3:01:10 PM   ,    2190.001,                                  15.229,                                  40.984,                                  45.093,                                   0.023,                                   0.029,                               24399.842,                                   0.999,
8/6/2026 3:01:15 PM   ,    2195.001,                                  15.229,                                  41.063,                                  45.179,                                   0.023,                                   0.029,                               24353.057,                                   0.999,
8/6/2026 3:01:20 PM   ,    2200.001,                                  15.230,                                  41.062,                                  45.179,                                   0.023,                                   0.029,                               24353.160,                                   0.999,
8/6/2026 3:01:25 PM   ,    2205.001,                                  15.230,                                  41.119,                                  45.240,                                   0.023,                                   0.029,                               24319.861,                                   0.999,
8/6/2026 3:01:30 PM   ,    2210.001,                                  15.230,                                  41.089,                                  45.207,                                   0.023,                                   0.029,                               24337.480,                                   0.999,
8/6/2026 3:01:35 PM   ,    2215.001,                                  15.232,                                  41.217,                                  45.347,                                   0.023,                                   0.029,                               24261.822,                                   0.999,
8/6/2026 3:01:40 PM   ,    2220.001,                                  15.233,                                  41.197,                                  45.324,                                   0.023,                                   0.029,                               24273.361,                                   0.999,
8/6/2026 3:01:45 PM   ,    2225.001,                                  15.233,                                  41.237,                                  45.367,                                   0.023,                                   0.029,                               24250.031,                                   0.999,
8/6/2026 3:01:50 PM   ,    2230.001,                                  15.234,                                  41.210,                                  45.337,                                   0.023,                                   0.029,                               24265.875,                                   0.999,
8/6/2026 3:01:55 PM   ,    2235.001,                                  15.234,                                  41.219,                                  45.347,                                   0.023,                                   0.029,                               24260.717,                                   0.999,
8/6/2026 3:02:00 PM   ,    2240.001,                                  15.234,                                  41.186,                                  45.311,                                   0.023,                                   0.029,                               24280.174,                                   0.999,
8/6/2026 3:02:05 PM   ,    2245.001,                                  15.235,                                  41.145,                                  45.265,                                   0.023,                                   0.029,                               24304.320,                                   0.999,
8/6/2026 3:02:10 PM   ,    2250.001,                                  15.235,                                  41.169,                                  45.291,                                   0.023,                                   0.029,                               24290.016,                                   0.999,
8/6/2026 3:02:15 PM   ,    2255.001,                                  15.236,                                  41.119,                                  45.235,                                   0.023,                                   0.029,                               24319.455,                                   0.999,
8/6/2026 3:02:20 PM   ,    2260.001,                                  15.237,                                  41.204,                                  45.328,                                   0.023,                                   0.029,                               24269.738,                                   0.999,
8/6/2026 3:02:25 PM   ,    2265.001,                                  15.237,                                  41.166,                                  45.285,                                   0.023,                                   0.029,                               24291.951,                                   0.999,
8/6/2026 3:02:30 PM   ,    2270.001,                                  15.238,                                  41.034,                                  45.140,                                   0.023,                                   0.029,                               24369.914,                                   0.999,
8/6/2026 3:02:35 PM   ,    2275.001,                                  15.238,                                  41.070,                                  45.180,                                   0.023,                                   0.029,                               24348.547,                                   0.999,
8/6/2026 3:02:40 PM   ,    2280.001,                                  15.239,                                  41.182,                                  45.301,                                   0.023,                                   0.029,                               24282.469,                                   0.999,
8/6/2026 3:02:45 PM   ,    2285.001,                                  15.239,                                  41.066,                                  45.174,                                   0.023,                                   0.029,                               24350.750,                                   0.999,
8/6/2026 3:02:50 PM   ,    2290.001,                                  15.240,                                  41.089,                                  45.198,                                   0.023,                                   0.029,                               24337.307,                                   0.999,
8/6/2026 3:02:55 PM   ,    2295.001,                                  15.241,                                  41.009,                                  45.109,                                   0.023,                                   0.029,                               24385.037,                                   0.999,
8/6/2026 3:03:00 PM   ,    2300.001,                                  15.242,                                  41.058,                                  45.162,                                   0.023,                                   0.029,                               24355.523,                                   0.999,
8/6/2026 3:03:05 PM   ,    2305.001,                                  15.242,                                  41.167,                                  45.282,                                   0.023,                                   0.029,                               24291.250,                                   0.999,
8/6/2026 3:03:10 PM   ,    2310.001,                                  15.242,                                  41.105,                                  45.214,                                   0.023,                                   0.029,                               24327.887,                                   0.999,
8/6/2026 3:03:15 PM   ,    2315.001,                                  15.243,                                  41.090,                                  45.196,                                   0.023,                                   0.029,                               24336.828,                                   0.999,
8/6/2026 3:03:20 PM   ,    2320.001,                                  15.244,                                  40.924,                                  45.013,                                   0.023,                                   0.029,                               24435.512,                                   0.999,
8/6/2026 3:03:25 PM   ,    2325.001,                                  15.244,                                  40.972,                                  45.065,                                   0.023,                                   0.029,                               24407.053,                                   0.999,
8/6/2026 3:03:30 PM   ,    2330.001,                                  15.245,                                  41.072,                                  45.175,                                   0.023,                                   0.029,                               24347.703,                                   0.999,
8/6/2026 3:03:35 PM   ,    2335.001,                                  15.245,                                  40.996,                                  45.091,                                   0.023,                                   0.029,                               24392.688,                                   0.999,
8/6/2026 3:03:40 PM   ,    2340.001,                                  15.246,                                  41.123,                                  45.230,                                   0.023,                                   0.029,                               24317.244,                                   0.999,
8/6/2026 3:03:45 PM   ,    2345.001,                                  15.247,                                  41.061,                                  45.161,                                   0.023,                                   0.029,                               24353.820,                                   0.999,
8/6/2026 3:03:50 PM   ,    2350.001,                                  15.247,                                  41.052,                                  45.151,                                   0.023,                                   0.029,                               24359.250,                                   0.999,
8/6/2026 3:03:55 PM   ,    2355.001,                                  15.247,                                  41.071,                                  45.172,                                   0.023,                                   0.029,                               24348.125,                                   0.999,
8/6/2026 3:04:00 PM   ,    2360.001,                                  15.247,                                  41.003,                                  45.097,                                   0.023,                                   0.029,                               24388.322,                                   0.999,
8/6/2026 3:04:05 PM   ,    2365.001,                                  15.249,                                  40.990,                                  45.081,                                   0.023,                                   0.029,                               24396.412,                                   0.999,
8/6/2026 3:04:10 PM   ,    2370.001,                                  15.249,                                  40.979,                                  45.069,                                   0.023,                                   0.029,                               24402.715,                                   0.999,
8/6/2026 3:04:15 PM   ,    2375.001,                                  15.249,                                  40.849,                                  44.926,                                   0.023,                                   0.029,                               24480.322,                                   0.999,
8/6/2026 3:04:20 PM   ,    2380.001,                                  15.250,                                  40.979,                                  45.068,                                   0.023,                                   0.029,                               24402.475,                                   0.999,
8/6/2026 3:04:25 PM   ,    2385.001,                                  15.251,                                  40.989,                                  45.078,                                   0.023,                                   0.029,                               24396.752,                                   0.999,
8/6/2026 3:04:30 PM   ,    2390.001,                                  15.252,                                  40.885,                                  44.963,                                   0.023,                                   0.029,                               24458.555,                                   0.999,
8/6/2026 3:04:35 PM   ,    2395.001,                                  15.253,                                  40.935,                                  45.017,                                   0.023,                                   0.029,                               24429.236,                                   0.999,
8/6/2026 3:04:40 PM   ,    2400.001,                                  15.253,                                  40.947,                                  45.030,                                   0.023,                                   0.029,                               24421.861,                                   0.999,
8/6/2026 3:04:45 PM   ,    2405.001,                                  15.254,                                  40.973,                                  45.057,                                   0.023,                                   0.029,                               24406.424,                                   0.999,
8/6/2026 3:04:50 PM   ,    2410.001,                                  15.255,                                  41.086,                                  45.180,                                   0.023,                                   0.029,                               24339.461,                                   0.999,
8/6/2026 3:04:55 PM   ,    2415.001,                                  15.255,                                  41.033,                                  45.123,                                   0.023,                                   0.029,                               24370.816,                                   0.999,
8/6/2026 3:05:00 PM   ,    2420.001,                                  15.254,                                  40.867,                                  44.940,                                   0.023,                                   0.029,                               24469.639,                                   0.999,
8/6/2026 3:05:05 PM   ,    2425.001,                                  15.255,                                  40.990,                                  45.074,                                   0.023,                                   0.029,                               24396.479,                                   0.999,
8/6/2026 3:05:10 PM   ,    2430.001,                                  15.256,                                  40.837,                                  44.906,                                   0.023,                                   0.029,                               24487.809,                                   0.999,
8/6/2026 3:05:15 PM   ,    2435.001,                                  15.256,                                  40.962,                                  45.043,                                   0.023,                                   0.029,                               24413.104,                                   0.999,
8/6/2026 3:05:20 PM   ,    2440.001,                                  15.257,                                  40.988,                                  45.071,                                   0.023,                                   0.029,                               24397.352,                                   0.999,
8/6/2026 3:05:25 PM   ,    2445.001,                                  15.256,                                  40.908,                                  44.984,                                   0.023,                                   0.029,                               24444.982,                                   0.999,
8/6/2026 3:05:30 PM   ,    2450.001,                                  15.256,                                  40.900,                                  44.974,                                   0.023,                                   0.029,                               24450.125,                                   0.999,
8/6/2026 3:05:35 PM   ,    2455.001,                                  15.257,                                  40.923,                                  45.000,                                   0.023,                                   0.029,                               24436.223,                                   0.999,
8/6/2026 3:05:40 PM   ,    2460.001,                                  15.258,                                  40.943,                                  45.021,                                   0.023,                                   0.029,                               24424.205,                                   0.999,
8/6/2026 3:05:45 PM   ,    2465.001,                                  15.259,                                  40.895,                                  44.967,                                   0.023,                                   0.029,                               24452.777,                                   0.999,
8/6/2026 3:05:50 PM   ,    2470.001,                                  15.260,                                  41.037,                                  45.122,                                   0.023,                                   0.029,                               24368.125,                                   0.999,
8/6/2026 3:05:55 PM   ,    2475.001,                                  15.259,                                  40.953,                                  45.031,                                   0.023,                                   0.029,                               24418.299,                                   0.999,
8/6/2026 3:06:00 PM   ,    2480.001,                                  15.260,                                  40.933,                                  45.008,                                   0.023,                                   0.029,                               24430.242,                                   0.999,
8/6/2026 3:06:05 PM   ,    2485.001,                                  15.260,                                  40.955,                                  45.031,                                   0.023,                                   0.029,                               24417.295,                                   0.999,
8/6/2026 3:06:10 PM   ,    2490.001,                                  15.261,                                  40.998,                                  45.078,                                   0.023,                                   0.029,                               24391.596,                                   0.999,
8/6/2026 3:06:15 PM   ,    2495.001,                                  15.262,                                  41.006,                                  45.086,                                   0.023,                                   0.029,                               24386.803,                                   0.999,
8/6/2026 3:06:20 PM   ,    2500.001,                                  15.262,                                  41.006,                                  45.087,                                   0.023,                                   0.029,                               24386.596,                                   0.999,
8/6/2026 3:06:25 PM   ,    2505.001,                                  15.262,                                  40.919,                                  44.990,                                   0.023,                                   0.029,                               24438.656,                                   0.999,
8/6/2026 3:06:30 PM   ,    2510.001,                                  15.263,                                  40.890,                                  44.957,                                   0.023,                                   0.029,                               24456.117,                                   0.999,
8/6/2026 3:06:35 PM   ,    2515.001,                                  15.264,                                  40.953,                                  45.026,                                   0.023,                                   0.029,                               24418.100,                                   0.999,
8/6/2026 3:06:40 PM   ,    2520.001,                                  15.264,                                  40.888,                                  44.954,                                   0.023,                                   0.029,                               24457.229,                                   0.999,
8/6/2026 3:06:45 PM   ,    2525.001,                                  15.265,                                  40.904,                                  44.971,                                   0.023,                                   0.029,                               24447.627,                                   0.999,
8/6/2026 3:06:50 PM   ,    2530.001,                                  15.264,                                  40.912,                                  44.981,                                   0.023,                                   0.029,                               24442.646,                                   0.999,
8/6/2026 3:06:55 PM   ,    2535.001,                                  15.265,                                  40.853,                                  44.915,                                   0.023,                                   0.029,                               24477.895,                                   0.999,
8/6/2026 3:07:00 PM   ,    2540.001,                                  15.266,                                  40.813,                                  44.871,                                   0.023,                                   0.029,                               24501.779,                                   0.999,
8/6/2026 3:07:05 PM   ,    2545.001,                                  15.267,                                  40.893,                                  44.958,                                   0.023,                                   0.029,                               24453.979,                                   0.999,
8/6/2026 3:07:10 PM   ,    2550.001,                                  15.266,                                  40.815,                                  44.872,                                   0.023,                                   0.029,                               24501.086,                                   0.999,
8/6/2026 3:07:15 PM   ,    2555.001,                                  15.266,                                  40.818,                                  44.875,                                   0.023,                                   0.029,                               24498.992,                                   0.999,
8/6/2026 3:07:19 PM   ,    2559.001,                                  15.268,                                  40.857,                                  44.917,                                   0.023,                                   0.029,                               24475.639,                                   0.999,
8/6/2026 3:07:20 PM   ,    2560.001,                                  15.269,                                  41.080,                                  45.161,                                   0.023,                                   0.029,                               24342.896,                                   0.999,
8/6/2026 3:07:21 PM   ,    2561.001,                                  15.269,                                  40.633,                                  44.670,                                   0.022,                                   0.029,                               24610.426,                                   0.999,
8/6/2026 3:07:22 PM   ,    2562.001,                                  15.269,                                  41.139,                                  45.226,                                   0.023,                                   0.029,                               24307.549,                                   0.999,
8/6/2026 3:07:23 PM   ,    2563.001,                                  15.269,                                  40.608,                                  44.642,                                   0.022,                                   0.029,                               24625.447,                                   0.999,
8/6/2026 3:07:24 PM   ,    2564.001,                                  15.269,                                  40.694,                                  44.736,                                   0.022,                                   0.029,                               24573.619,                                   0.999,
8/6/2026 3:07:25 PM   ,    2565.001,                                  15.270,                                  40.687,                                  44.728,                                   0.022,                                   0.029,                               24577.670,                                   0.999,
8/6/2026 3:07:26 PM   ,    2566.001,                                  15.270,                                  40.698,                                  44.740,                                   0.022,                                   0.029,                               24571.342,                                   0.999,
8/6/2026 3:07:27 PM   ,    2567.001,                                  15.271,                                  41.174,                                  45.262,                                   0.023,                                   0.029,                               24287.340,                                   0.999,
8/6/2026 3:07:28 PM   ,    2568.001,                                  15.271,                                  41.119,                                  45.201,                                   0.023,                                   0.029,                               24319.855,                                   0.999,
8/6/2026 3:07:29 PM   ,    2569.001,                                  15.271,                                  40.693,                                  44.734,                                   0.022,                                   0.029,                               24574.121,                                   0.999,
8/6/2026 3:07:30 PM   ,    2570.001,                                  15.271,                                  41.116,                                  45.199,                                   0.023,                                   0.029,                               24321.232,                                   0.999,
8/6/2026 3:07:31 PM   ,    2571.001,                                  15.271,                                  40.972,                                  45.040,                                   0.023,                                   0.029,                               24406.672,                                   0.999,
8/6/2026 3:07:32 PM   ,    2572.001,                                  15.271,                                  40.540,                                  44.565,                                   0.022,                                   0.029,                               24667.113,                                   0.999,
8/6/2026 3:07:33 PM   ,    2573.001,                                  15.272,                                  40.631,                                  44.665,                                   0.022,                                   0.029,                               24611.750,                                   0.999,
8/6/2026 3:07:34 PM   ,    2574.001,                                  15.272,                                  40.702,                                  44.742,                                   0.022,                                   0.029,                               24568.883,                                   0.999,
8/6/2026 3:07:35 PM   ,    2575.001,                                  15.272,                                  40.696,                                  44.736,                                   0.022,                                   0.029,                               24572.447,                                   0.999,
8/6/2026 3:07:36 PM   ,    2576.001,                                  15.272,                                  41.131,                                  45.213,                                   0.023,                                   0.029,                               24312.773,                                   0.999,
8/6/2026 3:07:37 PM   ,    2577.001,                                  15.273,                                  40.712,                                  44.752,                                   0.022,                                   0.029,                               24563.025,                                   0.999,
8/6/2026 3:07:38 PM   ,    2578.001,                                  15.273,                                  40.791,                                  44.839,                                   0.023,                                   0.029,                               24515.498,                                   0.999,
8/6/2026 3:07:39 PM   ,    2579.001,                                  15.273,                                  40.789,                                  44.838,                                   0.023,                                   0.029,                               24516.246,                                   0.999,
8/6/2026 3:07:40 PM   ,    2580.001,                                  15.273,                                  40.781,                                  44.829,                                   0.023,                                   0.029,                               24521.170,                                   0.999,
8/6/2026 3:07:41 PM   ,    2581.001,                                  15.273,                                  40.732,                                  44.775,                                   0.022,                                   0.029,                               24550.535,                                   0.999,
8/6/2026 3:07:42 PM   ,    2582.001,                                  15.274,                                  41.074,                                  45.149,                                   0.023,                                   0.029,                               24346.416,                                   0.999,
8/6/2026 3:07:43 PM   ,    2583.001,                                  15.274,                                  40.997,                                  45.065,                                   0.023,                                   0.029,                               24391.984,                                   0.999,
8/6/2026 3:07:44 PM   ,    2584.001,                                  15.274,                                  40.591,                                  44.618,                                   0.022,                                   0.029,                               24636.023,                                   0.999,
8/6/2026 3:07:45 PM   ,    2585.001,                                  15.274,                                  40.702,                                  44.740,                                   0.022,                                   0.029,                               24568.926,                                   0.999,
8/6/2026 3:07:46 PM   ,    2586.001,                                  15.274,                                  41.120,                                  45.200,                                   0.023,                                   0.029,                               24319.008,                                   0.999,
8/6/2026 3:07:47 PM   ,    2587.001,                                  15.275,                                  41.093,                                  45.169,                                   0.023,                                   0.029,                               24335.318,                                   0.999,
8/6/2026 3:07:48 PM   ,    2588.001,                                   0.000,                                   0.000,                                   0.000,                                   0.000,                                   0.000,                                   0.000,                                   0.000,
8/6/2026 3:07:49 PM   ,    2589.001,                                  15.276,                                  41.075,                                  45.149,                                   0.023,                                   0.029,                               24345.654,                                   0.999,
8/6/2026 3:07:50 PM   ,    2590.001,                                  15.276,                                  40.628,                                  44.657,                                   0.022,                                   0.029,                               24613.863,                                   0.999,
8/6/2026 3:07:51 PM   ,    2591.001,                                  15.276,                                  40.726,                                  44.764,                                   0.022,                                   0.029,                               24554.625,                                   0.999,
8/6/2026 3:07:52 PM   ,    2592.001,                                  15.277,                                  40.662,                                  44.694,                                   0.022,                                   0.029,                               24592.801,                                   0.999,
8/6/2026 3:07:53 PM   ,    2593.001,                                  15.277,                                  40.707,                                  44.742,                                   0.022,                                   0.029,                               24566.102,                                   0.999,
8/6/2026 3:07:54 PM   ,    2594.001,                                  15.277,                                  40.687,                                  44.721,                                   0.022,                                   0.029,                               24577.990,                                   0.999,
8/6/2026 3:07:55 PM   ,    2595.001,                                  15.278,                                  40.674,                                  44.706,                                   0.022,                                   0.029,                               24585.918,                                   0.999,
8/6/2026 3:07:56 PM   ,    2596.001,                                  15.279,                                  41.159,                                  45.238,                                   0.023,                                   0.029,                               24295.955,                                   0.999,

