Report Date:,8/14/2026 5:56:13 PM
Report User Name:,geogals
Report Computer Name:,TAY-DRIVE
Application:,WinSitu.exe
Application Version:,5.7.8.0


Log File Properties
File Name,NaCl_202608061_RL_2026-08-14_17-55-39-876.wsl
Create Date,8/14/2026 5:55:15 PM

Device Properties
Device,Aqua TROLL 200
Site,Longmire stoking well
Device Name, 
Serial Number,790481
Firmware Version,2.04
Hardware Version,4
Device Address,1
Device Comm Cfg,19200,8,Even,1,(Modbus-RTU)
Used Memory,100
Used Battery,74

Log Configuration
,Log Name,NaCl_202608061_RL
,Created By,geogals
,Computer Name,TAY-DRIVE
,Application,WinSitu.exe
,Application Version,5.7.8.0
,Create Date,8/6/2026 1:28:14 PM Pacific Daylight Time
,Log Setup Time Zone,Pacific Daylight Time
,Notes Size(bytes),4096
,Overwrite when full,Disabled
,Scheduled Start Time,Manual Start
,Scheduled Stop Time,No Stop Time
,Type,Event
,Event Sensor,PCTD(A) 35.8ft
,Event Parameter,Pressure (PSI)
,Sample Rate,Days: 0 hrs: 00 mins: 00 secs: 01
,Default Log Rate,Days: 0 hrs: 00 mins: 00 secs: 05
,High Trigger,         -2.000,(PSI)





Other Log Settings
,Pressure Offset:,13.4079 (PSI)
,Depth of Probe:,-0.138851 (ft)
,Head Pressure:,-0.060111 (PSI)
,Temperature:,18.0141 (C)

,Specific Conductivity Model:,Standard Methods
,,Reference Temperature:,25
,,Temperature Coefficient:,0.0191

,TDS Factor:,0.65


Log Notes:
Date and Time,Note
8/6/2026 1:28:21 PM   ,Used Battery: 74% Used Memory: 100%   User Name: geogals
8/6/2026 2:24:34 PM   ,Manual Start Command
8/6/2026 3:07:14 PM   ,Manual Stop Command


Log Data:
Record Count,563

Sensors,1

 ,1,790481,PCTD 30 PSIA (10.9m/35.8ft)

Time Zone: Pacific Daylight Time

,,Sensor: PCTD(A) 35.8ft                  ,Sensor: PCTD(A) 35.8ft                  ,Sensor: PCTD(A) 35.8ft                  ,Sensor: PCTD(A) 35.8ft                  ,Sensor: PCTD(A) 35.8ft                  ,Sensor: PCTD(A) 35.8ft                  ,Sensor: PCTD(A) 35.8ft                  ,
,Elapsed Time,SN#: 790481                             ,SN#: 790481                             ,SN#: 790481                             ,SN#: 790481                             ,SN#: 790481                             ,SN#: 790481                             ,SN#: 790481                             ,
Date and Time,Seconds     ,Temperature (C)                         ,Actual Conductivity (µS/cm)             ,Specific Conductivity (µS/cm)           ,Salinity (PSU)                          ,Total Dissolved Solids (ppt)            ,Resistivity (ohm-cm)                    ,Water Density (g/cm3)                   ,
8/6/2026 2:24:34 PM   ,       0.000,                                  14.802,                                  40.762,                                  50.622,                                   0.023,                                   0.033,                               24532.871,                                   0.999,
8/6/2026 2:24:35 PM   ,       1.000,                                  14.802,                                  40.826,                                  50.701,                                   0.023,                                   0.033,                               24494.391,                                   0.999,
8/6/2026 2:24:36 PM   ,       2.000,                                  14.803,                                  40.811,                                  50.682,                                   0.023,                                   0.033,                               24503.129,                                   0.999,
8/6/2026 2:24:37 PM   ,       3.000,                                  14.804,                                  40.806,                                  50.674,                                   0.023,                                   0.033,                               24506.299,                                   0.999,
8/6/2026 2:24:38 PM   ,       4.000,                                  14.804,                                  40.805,                                  50.673,                                   0.023,                                   0.033,                               24506.764,                                   0.999,
8/6/2026 2:24:39 PM   ,       5.000,                                  14.804,                                  40.811,                                  50.681,                                   0.023,                                   0.033,                               24503.232,                                   0.999,
8/6/2026 2:24:40 PM   ,       6.000,                                  14.804,                                  40.837,                                  50.714,                                   0.023,                                   0.033,                               24487.426,                                   0.999,
8/6/2026 2:24:41 PM   ,       7.000,                                  14.804,                                  40.791,                                  50.656,                                   0.023,                                   0.033,                               24514.988,                                   0.999,
8/6/2026 2:24:42 PM   ,       8.000,                                  14.804,                                  40.782,                                  50.644,                                   0.023,                                   0.033,                               24520.652,                                   0.999,
8/6/2026 2:24:43 PM   ,       9.000,                                  14.804,                                  40.800,                                  50.667,                                   0.023,                                   0.033,                               24509.758,                                   0.999,
8/6/2026 2:24:44 PM   ,      10.000,                                  14.804,                                  40.746,                                  50.600,                                   0.023,                                   0.033,                               24542.131,                                   0.999,
8/6/2026 2:24:45 PM   ,      11.000,                                  14.804,                                  40.759,                                  50.616,                                   0.023,                                   0.033,                               24534.453,                                   0.999,
8/6/2026 2:24:46 PM   ,      12.000,                                  14.805,                                  40.883,                                  50.769,                                   0.023,                                   0.033,                               24460.223,                                   0.999,
8/6/2026 2:24:47 PM   ,      13.000,                                  14.806,                                  40.805,                                  50.671,                                   0.023,                                   0.033,                               24506.967,                                   0.999,
8/6/2026 2:24:48 PM   ,      14.000,                                  14.807,                                  40.795,                                  50.657,                                   0.023,                                   0.033,                               24512.740,                                   0.999,
8/6/2026 2:24:49 PM   ,      15.000,                                  14.807,                                  40.732,                                  50.579,                                   0.023,                                   0.033,                               24550.627,                                   0.999,
8/6/2026 2:24:50 PM   ,      16.000,                                  14.807,                                  40.746,                                  50.597,                                   0.023,                                   0.033,                               24542.270,                                   0.999,
8/6/2026 2:24:51 PM   ,      17.000,                                  14.807,                                  40.759,                                  50.613,                                   0.023,                                   0.033,                               24534.400,                                   0.999,
8/6/2026 2:24:52 PM   ,      18.000,                                  14.807,                                  40.785,                                  50.645,                                   0.023,                                   0.033,                               24518.914,                                   0.999,
8/6/2026 2:24:53 PM   ,      19.000,                                  14.807,                                  40.775,                                  50.633,                                   0.023,                                   0.033,                               24524.883,                                   0.999,
8/6/2026 2:24:54 PM   ,      20.000,                                  14.806,                                  40.810,                                  50.676,                                   0.023,                                   0.033,                               24504.006,                                   0.999,
8/6/2026 2:24:59 PM   ,      25.000,                                  14.807,                                  40.778,                                  50.636,                                   0.023,                                   0.033,                               24523.178,                                   0.999,
8/6/2026 2:25:04 PM   ,      30.000,                                  14.809,                                  40.841,                                  50.712,                                   0.023,                                   0.033,                               24485.316,                                   0.999,
8/6/2026 2:25:09 PM   ,      35.000,                                  14.810,                                  40.773,                                  50.627,                                   0.023,                                   0.033,                               24525.902,                                   0.999,
8/6/2026 2:25:14 PM   ,      40.000,                                  14.813,                                  40.815,                                  50.675,                                   0.023,                                   0.033,                               24500.627,                                   0.999,
8/6/2026 2:25:19 PM   ,      45.000,                                  14.813,                                  40.786,                                  50.639,                                   0.023,                                   0.033,                               24517.979,                                   0.999,
8/6/2026 2:25:24 PM   ,      50.000,                                  14.814,                                  40.825,                                  50.686,                                   0.023,                                   0.033,                               24494.930,                                   0.999,
8/6/2026 2:25:29 PM   ,      55.000,                                  14.816,                                  40.754,                                  50.596,                                   0.023,                                   0.033,                               24537.391,                                   0.999,
8/6/2026 2:25:34 PM   ,      60.000,                                  14.814,                                  40.785,                                  50.636,                                   0.023,                                   0.033,                               24518.875,                                   0.999,
8/6/2026 2:25:39 PM   ,      65.000,                                  14.817,                                  40.782,                                  50.629,                                   0.023,                                   0.033,                               24520.758,                                   0.999,
8/6/2026 2:25:44 PM   ,      70.000,                                  14.817,                                  40.770,                                  50.614,                                   0.023,                                   0.033,                               24527.977,                                   0.999,
8/6/2026 2:25:49 PM   ,      75.000,                                  14.818,                                  40.726,                                  50.558,                                   0.023,                                   0.033,                               24554.543,                                   0.999,
8/6/2026 2:25:54 PM   ,      80.000,                                  14.819,                                  40.793,                                  50.640,                                   0.023,                                   0.033,                               24514.240,                                   0.999,
8/6/2026 2:25:59 PM   ,      85.000,                                  14.821,                                  40.758,                                  50.595,                                   0.023,                                   0.033,                               24535.002,                                   0.999,
8/6/2026 2:26:04 PM   ,      90.000,                                  14.821,                                  40.726,                                  50.554,                                   0.023,                                   0.033,                               24554.379,                                   0.999,
8/6/2026 2:26:09 PM   ,      95.000,                                  14.822,                                  40.765,                                  50.602,                                   0.023,                                   0.033,                               24530.980,                                   0.999,
8/6/2026 2:26:14 PM   ,     100.000,                                  14.821,                                  40.814,                                  50.664,                                   0.023,                                   0.033,                               24501.225,                                   0.999,
8/6/2026 2:26:19 PM   ,     105.000,                                  14.823,                                  40.753,                                  50.586,                                   0.023,                                   0.033,                               24537.779,                                   0.999,
8/6/2026 2:26:24 PM   ,     110.000,                                  14.823,                                  40.741,                                  50.571,                                   0.023,                                   0.033,                               24545.467,                                   0.999,
8/6/2026 2:26:29 PM   ,     115.000,                                  14.825,                                  40.811,                                  50.655,                                   0.023,                                   0.033,                               24503.219,                                   0.999,
8/6/2026 2:26:34 PM   ,     120.000,                                  14.826,                                  40.729,                                  50.553,                                   0.023,                                   0.033,                               24552.500,                                   0.999,
8/6/2026 2:26:39 PM   ,     125.000,                                  14.825,                                  40.770,                                  50.605,                                   0.023,                                   0.033,                               24527.586,                                   0.999,
8/6/2026 2:26:44 PM   ,     130.000,                                  14.828,                                  40.794,                                  50.632,                                   0.023,                                   0.033,                               24513.254,                                   0.999,
8/6/2026 2:26:49 PM   ,     135.000,                                  14.828,                                  40.744,                                  50.570,                                   0.023,                                   0.033,                               24543.299,                                   0.999,
8/6/2026 2:26:54 PM   ,     140.000,                                  14.829,                                  40.749,                                  50.573,                                   0.023,                                   0.033,                               24540.645,                                   0.999,
8/6/2026 2:26:59 PM   ,     145.000,                                  14.829,                                  40.746,                                  50.571,                                   0.023,                                   0.033,                               24542.174,                                   0.999,
8/6/2026 2:27:04 PM   ,     150.000,                                  14.830,                                  40.717,                                  50.533,                                   0.023,                                   0.033,                               24559.703,                                   0.999,
8/6/2026 2:27:09 PM   ,     155.000,                                  14.831,                                  40.774,                                  50.603,                                   0.023,                                   0.033,                               24525.258,                                   0.999,
8/6/2026 2:27:14 PM   ,     160.000,                                  14.832,                                  40.736,                                  50.554,                                   0.023,                                   0.033,                               24548.129,                                   0.999,
8/6/2026 2:27:19 PM   ,     165.000,                                  14.833,                                  40.782,                                  50.610,                                   0.023,                                   0.033,                               24520.754,                                   0.999,
8/6/2026 2:27:24 PM   ,     170.000,                                  14.834,                                  40.741,                                  50.558,                                   0.023,                                   0.033,                               24545.170,                                   0.999,
8/6/2026 2:27:29 PM   ,     175.000,                                  14.835,                                  40.737,                                  50.552,                                   0.023,                                   0.033,                               24547.973,                                   0.999,
8/6/2026 2:27:34 PM   ,     180.000,                                  14.834,                                  40.768,                                  50.591,                                   0.023,                                   0.033,                               24528.902,                                   0.999,
8/6/2026 2:27:39 PM   ,     185.000,                                  14.837,                                  40.745,                                  50.560,                                   0.023,                                   0.033,                               24542.736,                                   0.999,
8/6/2026 2:27:44 PM   ,     190.000,                                  14.837,                                  40.728,                                  50.539,                                   0.023,                                   0.033,                               24552.926,                                   0.999,
8/6/2026 2:27:49 PM   ,     195.000,                                  14.836,                                  40.782,                                  50.606,                                   0.023,                                   0.033,                               24520.703,                                   0.999,
8/6/2026 2:27:54 PM   ,     200.000,                                  14.837,                                  40.721,                                  50.529,                                   0.023,                                   0.033,                               24557.576,                                   0.999,
8/6/2026 2:27:59 PM   ,     205.000,                                  14.838,                                  40.726,                                  50.534,                                   0.023,                                   0.033,                               24554.516,                                   0.999,
8/6/2026 2:28:04 PM   ,     210.000,                                  14.840,                                  40.710,                                  50.512,                                   0.023,                                   0.033,                               24564.287,                                   0.999,
8/6/2026 2:28:09 PM   ,     215.000,                                  14.842,                                  40.710,                                  50.510,                                   0.023,                                   0.033,                               24564.162,                                   0.999,
8/6/2026 2:28:14 PM   ,     220.000,                                  14.842,                                  40.802,                                  50.624,                                   0.023,                                   0.033,                               24508.691,                                   0.999,
8/6/2026 2:28:19 PM   ,     225.000,                                  14.842,                                  40.754,                                  50.564,                                   0.023,                                   0.033,                               24537.541,                                   0.999,
8/6/2026 2:28:24 PM   ,     230.000,                                  14.843,                                  40.964,                                  50.823,                                   0.023,                                   0.033,                               24411.609,                                   0.999,
8/6/2026 2:28:29 PM   ,     235.000,                                  14.846,                                  41.115,                                  51.008,                                   0.023,                                   0.033,                               24321.738,                                   0.999,
8/6/2026 2:28:34 PM   ,     240.000,                                  14.846,                                  41.047,                                  50.922,                                   0.023,                                   0.033,                               24362.523,                                   0.999,
8/6/2026 2:28:39 PM   ,     245.000,                                  14.847,                                  41.034,                                  50.906,                                   0.023,                                   0.033,                               24369.801,                                   0.999,
8/6/2026 2:28:44 PM   ,     250.000,                                  14.848,                                  41.047,                                  50.921,                                   0.023,                                   0.033,                               24362.174,                                   0.999,
8/6/2026 2:28:49 PM   ,     255.000,                                  14.850,                                  41.072,                                  50.949,                                   0.023,                                   0.033,                               24347.707,                                   0.999,
8/6/2026 2:28:54 PM   ,     260.000,                                  14.850,                                  41.120,                                  51.009,                                   0.023,                                   0.033,                               24319.139,                                   0.999,
8/6/2026 2:28:59 PM   ,     265.000,                                  14.851,                                  40.981,                                  50.835,                                   0.023,                                   0.033,                               24401.805,                                   0.999,
8/6/2026 2:29:04 PM   ,     270.000,                                  14.851,                                  40.955,                                  50.803,                                   0.023,                                   0.033,                               24416.996,                                   0.999,
8/6/2026 2:29:09 PM   ,     275.000,                                  14.853,                                  41.047,                                  50.915,                                   0.023,                                   0.033,                               24362.490,                                   0.999,
8/6/2026 2:29:14 PM   ,     280.000,                                  14.853,                                  41.004,                                  50.861,                                   0.023,                                   0.033,                               24388.086,                                   0.999,
8/6/2026 2:29:19 PM   ,     285.000,                                  14.855,                                  41.043,                                  50.907,                                   0.023,                                   0.033,                               24364.709,                                   0.999,
8/6/2026 2:29:24 PM   ,     290.000,                                  14.855,                                  40.971,                                  50.817,                                   0.023,                                   0.033,                               24407.770,                                   0.999,
8/6/2026 2:29:29 PM   ,     295.000,                                  14.857,                                  41.067,                                  50.934,                                   0.023,                                   0.033,                               24350.576,                                   0.999,
8/6/2026 2:29:34 PM   ,     300.000,                                  14.858,                                  41.037,                                  50.897,                                   0.023,                                   0.033,                               24368.301,                                   0.999,
8/6/2026 2:29:39 PM   ,     305.000,                                  14.859,                                  41.058,                                  50.922,                                   0.023,                                   0.033,                               24355.816,                                   0.999,
8/6/2026 2:29:44 PM   ,     310.000,                                  14.859,                                  40.990,                                  50.836,                                   0.023,                                   0.033,                               24396.164,                                   0.999,
8/6/2026 2:29:49 PM   ,     315.000,                                  14.860,                                  40.972,                                  50.812,                                   0.023,                                   0.033,                               24407.158,                                   0.999,
8/6/2026 2:29:54 PM   ,     320.000,                                  14.862,                                  40.894,                                  50.713,                                   0.023,                                   0.033,                               24453.588,                                   0.999,
8/6/2026 2:29:59 PM   ,     325.000,                                  14.863,                                  41.006,                                  50.852,                                   0.023,                                   0.033,                               24386.482,                                   0.999,
8/6/2026 2:30:04 PM   ,     330.000,                                  14.866,                                  41.045,                                  50.897,                                   0.023,                                   0.033,                               24363.412,                                   0.999,
8/6/2026 2:30:09 PM   ,     335.000,                                  14.866,                                  40.969,                                  50.802,                                   0.023,                                   0.033,                               24408.695,                                   0.999,
8/6/2026 2:30:14 PM   ,     340.000,                                  14.867,                                  40.940,                                  50.766,                                   0.023,                                   0.033,                               24425.734,                                   0.999,
8/6/2026 2:30:19 PM   ,     345.000,                                  14.868,                                  40.959,                                  50.787,                                   0.023,                                   0.033,                               24414.650,                                   0.999,
8/6/2026 2:30:24 PM   ,     350.000,                                  14.868,                                  40.933,                                  50.756,                                   0.023,                                   0.033,                               24430.053,                                   0.999,
8/6/2026 2:30:29 PM   ,     355.000,                                  14.869,                                  40.980,                                  50.813,                                   0.023,                                   0.033,                               24401.898,                                   0.999,
8/6/2026 2:30:34 PM   ,     360.000,                                  14.871,                                  40.888,                                  50.697,                                   0.023,                                   0.033,                               24456.777,                                   0.999,
8/6/2026 2:30:39 PM   ,     365.000,                                  14.872,                                  40.956,                                  50.780,                                   0.023,                                   0.033,                               24416.160,                                   0.999,
8/6/2026 2:30:44 PM   ,     370.000,                                  14.872,                                  41.003,                                  50.838,                                   0.023,                                   0.033,                               24388.377,                                   0.999,
8/6/2026 2:30:49 PM   ,     375.000,                                  14.873,                                  40.940,                                  50.758,                                   0.023,                                   0.033,                               24425.979,                                   0.999,
8/6/2026 2:30:54 PM   ,     380.000,                                  14.874,                                  40.990,                                  50.819,                                   0.023,                                   0.033,                               24396.461,                                   0.999,
8/6/2026 2:30:59 PM   ,     385.000,                                  14.875,                                  41.007,                                  50.839,                                   0.023,                                   0.033,                               24386.207,                                   0.999,
8/6/2026 2:31:04 PM   ,     390.000,                                  14.876,                                  40.968,                                  50.789,                                   0.023,                                   0.033,                               24409.389,                                   0.999,
8/6/2026 2:31:09 PM   ,     395.000,                                  14.878,                                  40.967,                                  50.786,                                   0.023,                                   0.033,                               24409.814,                                   0.999,
8/6/2026 2:31:14 PM   ,     400.000,                                  14.877,                                  40.994,                                  50.820,                                   0.023,                                   0.033,                               24393.646,                                   0.999,
8/6/2026 2:31:19 PM   ,     405.000,                                  14.878,                                  40.914,                                  50.719,                                   0.023,                                   0.033,                               24441.643,                                   0.999,
8/6/2026 2:31:24 PM   ,     410.000,                                  14.879,                                  40.949,                                  50.761,                                   0.023,                                   0.033,                               24420.900,                                   0.999,
8/6/2026 2:31:29 PM   ,     415.000,                                  14.880,                                  40.988,                                  50.810,                                   0.023,                                   0.033,                               24397.168,                                   0.999,
8/6/2026 2:31:34 PM   ,     420.000,                                  14.880,                                  40.911,                                  50.713,                                   0.023,                                   0.033,                               24443.227,                                   0.999,
8/6/2026 2:31:39 PM   ,     425.000,                                  14.882,                                  40.972,                                  50.787,                                   0.023,                                   0.033,                               24406.986,                                   0.999,
8/6/2026 2:31:44 PM   ,     430.000,                                  14.882,                                  40.946,                                  50.754,                                   0.023,                                   0.033,                               24422.672,                                   0.999,
8/6/2026 2:31:49 PM   ,     435.000,                                  14.883,                                  40.960,                                  50.771,                                   0.023,                                   0.033,                               24413.906,                                   0.999,
8/6/2026 2:31:54 PM   ,     440.000,                                  14.883,                                  40.968,                                  50.781,                                   0.023,                                   0.033,                               24409.086,                                   0.999,
8/6/2026 2:31:59 PM   ,     445.000,                                  14.885,                                  40.903,                                  50.699,                                   0.023,                                   0.033,                               24447.793,                                   0.999,
8/6/2026 2:32:04 PM   ,     450.000,                                  14.885,                                  40.926,                                  50.726,                                   0.023,                                   0.033,                               24434.373,                                   0.999,
8/6/2026 2:32:09 PM   ,     455.000,                                  14.886,                                  40.938,                                  50.739,                                   0.023,                                   0.033,                               24427.363,                                   0.999,
8/6/2026 2:32:14 PM   ,     460.000,                                  14.887,                                  40.931,                                  50.730,                                   0.023,                                   0.033,                               24431.197,                                   0.999,
8/6/2026 2:32:19 PM   ,     465.000,                                  14.887,                                  40.930,                                  50.728,                                   0.023,                                   0.033,                               24432.039,                                   0.999,
8/6/2026 2:32:24 PM   ,     470.000,                                  14.888,                                  40.867,                                  50.649,                                   0.023,                                   0.033,                               24469.574,                                   0.999,
8/6/2026 2:32:29 PM   ,     475.000,                                  14.889,                                  40.891,                                  50.678,                                   0.023,                                   0.033,                               24455.178,                                   0.999,
8/6/2026 2:32:34 PM   ,     480.000,                                  14.890,                                  40.960,                                  50.762,                                   0.023,                                   0.033,                               24414.063,                                   0.999,
8/6/2026 2:32:39 PM   ,     485.000,                                  14.891,                                  40.894,                                  50.679,                                   0.023,                                   0.033,                               24453.508,                                   0.999,
8/6/2026 2:32:44 PM   ,     490.000,                                  14.891,                                  40.940,                                  50.736,                                   0.023,                                   0.033,                               24426.115,                                   0.999,
8/6/2026 2:32:49 PM   ,     495.000,                                  14.892,                                  40.929,                                  50.721,                                   0.023,                                   0.033,                               24432.371,                                   0.999,
8/6/2026 2:32:54 PM   ,     500.000,                                  14.893,                                  40.946,                                  50.740,                                   0.023,                                   0.033,                               24422.682,                                   0.999,
8/6/2026 2:32:59 PM   ,     505.000,                                  14.894,                                  40.930,                                  50.721,                                   0.023,                                   0.033,                               24431.717,                                   0.999,
8/6/2026 2:33:04 PM   ,     510.000,                                  14.895,                                  40.903,                                  50.685,                                   0.023,                                   0.033,                               24447.867,                                   0.999,
8/6/2026 2:33:09 PM   ,     515.000,                                  14.898,                                  40.962,                                  50.756,                                   0.023,                                   0.033,                               24412.637,                                   0.999,
8/6/2026 2:33:14 PM   ,     520.000,                                  14.897,                                  40.892,                                  50.669,                                   0.023,                                   0.033,                               24454.768,                                   0.999,
8/6/2026 2:33:19 PM   ,     525.000,                                  14.897,                                  40.888,                                  50.664,                                   0.023,                                   0.033,                               24456.869,                                   0.999,
8/6/2026 2:33:24 PM   ,     530.000,                                  14.898,                                  40.923,                                  50.707,                                   0.023,                                   0.033,                               24436.191,                                   0.999,
8/6/2026 2:33:29 PM   ,     535.000,                                  14.899,                                  40.864,                                  50.633,                                   0.023,                                   0.033,                               24471.494,                                   0.999,
8/6/2026 2:33:34 PM   ,     540.000,                                  14.900,                                  40.865,                                  50.632,                                   0.023,                                   0.033,                               24471.096,                                   0.999,
8/6/2026 2:33:39 PM   ,     545.000,                                  14.900,                                  40.829,                                  50.588,                                   0.023,                                   0.033,                               24492.271,                                   0.999,
8/6/2026 2:33:44 PM   ,     550.000,                                  14.901,                                  40.932,                                  50.715,                                   0.023,                                   0.033,                               24430.691,                                   0.999,
8/6/2026 2:33:49 PM   ,     555.000,                                  14.902,                                  40.880,                                  50.649,                                   0.023,                                   0.033,                               24461.943,                                   0.999,
8/6/2026 2:33:54 PM   ,     560.000,                                  14.902,                                  40.936,                                  50.718,                                   0.023,                                   0.033,                               24428.160,                                   0.999,
8/6/2026 2:33:59 PM   ,     565.000,                                  14.903,                                  40.873,                                  50.640,                                   0.023,                                   0.033,                               24465.766,                                   0.999,
8/6/2026 2:34:04 PM   ,     570.000,                                  14.903,                                  40.894,                                  50.664,                                   0.023,                                   0.033,                               24453.586,                                   0.999,
8/6/2026 2:34:09 PM   ,     575.000,                                  14.905,                                  40.905,                                  50.677,                                   0.023,                                   0.033,                               24446.592,                                   0.999,
8/6/2026 2:34:14 PM   ,     580.000,                                  14.906,                                  40.906,                                  50.675,                                   0.023,                                   0.033,                               24446.490,                                   0.999,
8/6/2026 2:34:19 PM   ,     585.000,                                  14.907,                                  40.876,                                  50.638,                                   0.023,                                   0.033,                               24464.117,                                   0.999,
8/6/2026 2:34:24 PM   ,     590.000,                                  14.907,                                  40.803,                                  50.546,                                   0.023,                                   0.033,                               24508.299,                                   0.999,
8/6/2026 2:34:29 PM   ,     595.000,                                  14.908,                                  40.860,                                  50.617,                                   0.023,                                   0.033,                               24473.783,                                   0.999,
8/6/2026 2:34:34 PM   ,     600.000,                                  14.908,                                  40.914,                                  50.684,                                   0.023,                                   0.033,                               24441.262,                                   0.999,
8/6/2026 2:34:39 PM   ,     605.000,                                  14.910,                                  40.865,                                  50.621,                                   0.023,                                   0.033,                               24470.564,                                   0.999,
8/6/2026 2:34:44 PM   ,     610.000,                                  14.911,                                  40.893,                                  50.654,                                   0.023,                                   0.033,                               24454.025,                                   0.999,
8/6/2026 2:34:49 PM   ,     615.000,                                  14.912,                                  40.861,                                  50.613,                                   0.023,                                   0.033,                               24473.381,                                   0.999,
8/6/2026 2:34:54 PM   ,     620.000,                                  14.914,                                  40.937,                                  50.705,                                   0.023,                                   0.033,                               24427.605,                                   0.999,
8/6/2026 2:34:59 PM   ,     625.000,                                  14.913,                                  40.948,                                  50.720,                                   0.023,                                   0.033,                               24421.207,                                   0.999,
8/6/2026 2:35:04 PM   ,     630.000,                                  14.915,                                  40.872,                                  50.623,                                   0.023,                                   0.033,                               24466.451,                                   0.999,
8/6/2026 2:35:09 PM   ,     635.000,                                  14.916,                                  40.870,                                  50.619,                                   0.023,                                   0.033,                               24468.047,                                   0.999,
8/6/2026 2:35:14 PM   ,     640.000,                                  14.916,                                  40.849,                                  50.593,                                   0.023,                                   0.033,                               24480.477,                                   0.999,
8/6/2026 2:35:19 PM   ,     645.000,                                  14.916,                                  40.947,                                  50.715,                                   0.023,                                   0.033,                               24421.650,                                   0.999,
8/6/2026 2:35:24 PM   ,     650.000,                                  14.918,                                  40.908,                                  50.664,                                   0.023,                                   0.033,                               24445.092,                                   0.999,
8/6/2026 2:35:29 PM   ,     655.000,                                  14.919,                                  40.910,                                  50.666,                                   0.023,                                   0.033,                               24444.135,                                   0.999,
8/6/2026 2:35:34 PM   ,     660.000,                                  14.920,                                  40.860,                                  50.603,                                   0.023,                                   0.033,                               24473.611,                                   0.999,
8/6/2026 2:35:39 PM   ,     665.000,                                  14.920,                                  40.878,                                  50.624,                                   0.023,                                   0.033,                               24463.176,                                   0.999,
8/6/2026 2:35:44 PM   ,     670.000,                                  14.921,                                  40.855,                                  50.596,                                   0.023,                                   0.033,                               24476.518,                                   0.999,
8/6/2026 2:35:49 PM   ,     675.000,                                  14.921,                                  40.866,                                  50.609,                                   0.023,                                   0.033,                               24470.012,                                   0.999,
8/6/2026 2:35:54 PM   ,     680.000,                                  14.923,                                  40.895,                                  50.643,                                   0.023,                                   0.033,                               24452.584,                                   0.999,
8/6/2026 2:35:59 PM   ,     685.000,                                  14.922,                                  40.868,                                  50.610,                                   0.023,                                   0.033,                               24468.797,                                   0.999,
8/6/2026 2:36:04 PM   ,     690.000,                                  14.924,                                  40.771,                                  50.488,                                   0.023,                                   0.033,                               24527.336,                                   0.999,
8/6/2026 2:36:09 PM   ,     695.000,                                  14.925,                                  40.881,                                  50.623,                                   0.023,                                   0.033,                               24461.291,                                   0.999,
8/6/2026 2:36:14 PM   ,     700.000,                                  14.925,                                  40.871,                                  50.610,                                   0.023,                                   0.033,                               24467.059,                                   0.999,
8/6/2026 2:36:19 PM   ,     705.000,                                  14.926,                                  40.854,                                  50.587,                                   0.023,                                   0.033,                               24477.699,                                   0.999,
8/6/2026 2:36:24 PM   ,     710.000,                                  14.927,                                  40.879,                                  50.617,                                   0.023,                                   0.033,                               24462.586,                                   0.999,
8/6/2026 2:36:29 PM   ,     715.000,                                  14.927,                                  40.845,                                  50.574,                                   0.023,                                   0.033,                               24482.971,                                   0.999,
8/6/2026 2:36:34 PM   ,     720.000,                                  14.928,                                  40.908,                                  50.653,                                   0.023,                                   0.033,                               24444.807,                                   0.999,
8/6/2026 2:36:39 PM   ,     725.000,                                  14.929,                                  40.877,                                  50.613,                                   0.023,                                   0.033,                               24463.398,                                   0.999,
8/6/2026 2:36:44 PM   ,     730.000,                                  14.929,                                  40.817,                                  50.539,                                   0.023,                                   0.033,                               24499.340,                                   0.999,
8/6/2026 2:36:49 PM   ,     735.000,                                  14.930,                                  40.842,                                  50.568,                                   0.023,                                   0.033,                               24484.572,                                   0.999,
8/6/2026 2:36:54 PM   ,     740.000,                                  14.931,                                  40.892,                                  50.629,                                   0.023,                                   0.033,                               24454.727,                                   0.999,
8/6/2026 2:36:59 PM   ,     745.000,                                  14.932,                                  40.894,                                  50.629,                                   0.023,                                   0.033,                               24453.686,                                   0.999,
8/6/2026 2:37:04 PM   ,     750.000,                                  14.933,                                  40.807,                                  50.522,                                   0.023,                                   0.033,                               24505.527,                                   0.999,
8/6/2026 2:37:09 PM   ,     755.000,                                  14.934,                                  40.819,                                  50.536,                                   0.023,                                   0.033,                               24498.229,                                   0.999,
8/6/2026 2:37:14 PM   ,     760.000,                                  14.935,                                  40.843,                                  50.563,                                   0.023,                                   0.033,                               24484.277,                                   0.999,
8/6/2026 2:37:19 PM   ,     765.000,                                  14.937,                                  40.843,                                  50.561,                                   0.023,                                   0.033,                               24484.275,                                   0.999,
8/6/2026 2:37:24 PM   ,     770.000,                                  14.937,                                  40.866,                                  50.589,                                   0.023,                                   0.033,                               24470.363,                                   0.999,
8/6/2026 2:37:29 PM   ,     775.000,                                  14.937,                                  40.880,                                  50.606,                                   0.023,                                   0.033,                               24461.869,                                   0.999,
8/6/2026 2:37:34 PM   ,     780.000,                                  14.939,                                  40.882,                                  50.606,                                   0.023,                                   0.033,                               24460.924,                                   0.999,
8/6/2026 2:37:39 PM   ,     785.000,                                  14.939,                                  40.880,                                  50.604,                                   0.023,                                   0.033,                               24461.641,                                   0.999,
8/6/2026 2:37:44 PM   ,     790.000,                                  14.941,                                  40.864,                                  50.583,                                   0.023,                                   0.033,                               24471.426,                                   0.999,
8/6/2026 2:37:49 PM   ,     795.000,                                  14.942,                                  40.829,                                  50.538,                                   0.023,                                   0.033,                               24492.215,                                   0.999,
8/6/2026 2:37:54 PM   ,     800.000,                                  14.943,                                  40.848,                                  50.561,                                   0.023,                                   0.033,                               24480.719,                                   0.999,
8/6/2026 2:37:59 PM   ,     805.000,                                  14.944,                                  40.847,                                  50.558,                                   0.023,                                   0.033,                               24481.488,                                   0.999,
8/6/2026 2:38:04 PM   ,     810.000,                                  14.945,                                  40.780,                                  50.474,                                   0.023,                                   0.033,                               24521.973,                                   0.999,
8/6/2026 2:38:09 PM   ,     815.000,                                  14.946,                                  40.844,                                  50.551,                                   0.023,                                   0.033,                               24483.625,                                   0.999,
8/6/2026 2:38:14 PM   ,     820.000,                                  14.946,                                  40.767,                                  50.456,                                   0.023,                                   0.033,                               24529.572,                                   0.999,
8/6/2026 2:38:19 PM   ,     825.000,                                  14.948,                                  40.744,                                  50.426,                                   0.023,                                   0.033,                               24543.260,                                   0.999,
8/6/2026 2:38:24 PM   ,     830.000,                                  14.949,                                  40.835,                                  50.537,                                   0.023,                                   0.033,                               24488.564,                                   0.999,
8/6/2026 2:38:29 PM   ,     835.000,                                  14.950,                                  40.714,                                  50.386,                                   0.023,                                   0.033,                               24561.555,                                   0.999,
8/6/2026 2:38:34 PM   ,     840.000,                                  14.951,                                  40.755,                                  50.436,                                   0.023,                                   0.033,                               24536.578,                                   0.999,
8/6/2026 2:38:39 PM   ,     845.000,                                  14.953,                                  40.827,                                  50.522,                                   0.023,                                   0.033,                               24493.803,                                   0.999,
8/6/2026 2:38:44 PM   ,     850.000,                                  14.953,                                  40.772,                                  50.455,                                   0.023,                                   0.033,                               24526.486,                                   0.999,
8/6/2026 2:38:49 PM   ,     855.000,                                  14.955,                                  40.865,                                  50.566,                                   0.023,                                   0.033,                               24471.115,                                   0.999,
8/6/2026 2:38:54 PM   ,     860.000,                                  14.956,                                  40.681,                                  50.338,                                   0.023,                                   0.033,                               24581.785,                                   0.999,
8/6/2026 2:38:59 PM   ,     865.000,                                  14.956,                                  40.841,                                  50.536,                                   0.023,                                   0.033,                               24485.352,                                   0.999,
8/6/2026 2:39:04 PM   ,     870.000,                                  14.956,                                  40.879,                                  50.583,                                   0.023,                                   0.033,                               24462.314,                                   0.999,
8/6/2026 2:39:09 PM   ,     875.000,                                  14.957,                                  40.849,                                  50.544,                                   0.023,                                   0.033,                               24480.385,                                   0.999,
8/6/2026 2:39:14 PM   ,     880.000,                                  14.959,                                  40.831,                                  50.519,                                   0.023,                                   0.033,                               24491.344,                                   0.999,
8/6/2026 2:39:19 PM   ,     885.000,                                  14.960,                                  40.735,                                  50.400,                                   0.023,                                   0.033,                               24548.957,                                   0.999,
8/6/2026 2:39:24 PM   ,     890.000,                                  14.961,                                  40.857,                                  50.550,                                   0.023,                                   0.033,                               24475.482,                                   0.999,
8/6/2026 2:39:29 PM   ,     895.000,                                  14.964,                                  40.839,                                  50.524,                                   0.023,                                   0.033,                               24486.461,                                   0.999,
8/6/2026 2:39:34 PM   ,     900.000,                                  14.964,                                  40.829,                                  50.511,                                   0.023,                                   0.033,                               24492.537,                                   0.999,
8/6/2026 2:39:39 PM   ,     905.000,                                  14.965,                                  40.846,                                  50.530,                                   0.023,                                   0.033,                               24482.496,                                   0.999,
8/6/2026 2:39:44 PM   ,     910.000,                                  14.968,                                  40.818,                                  50.494,                                   0.023,                                   0.033,                               24498.785,                                   0.999,
8/6/2026 2:39:49 PM   ,     915.000,                                  14.968,                                  40.813,                                  50.488,                                   0.023,                                   0.033,                               24501.701,                                   0.999,
8/6/2026 2:39:54 PM   ,     920.000,                                  14.969,                                  40.804,                                  50.474,                                   0.023,                                   0.033,                               24507.359,                                   0.999,
8/6/2026 2:39:59 PM   ,     925.000,                                  14.968,                                  40.775,                                  50.439,                                   0.023,                                   0.033,                               24525.063,                                   0.999,
8/6/2026 2:40:04 PM   ,     930.000,                                  14.970,                                  40.782,                                  50.446,                                   0.023,                                   0.033,                               24520.566,                                   0.999,
8/6/2026 2:40:09 PM   ,     935.000,                                  14.973,                                  40.861,                                  50.540,                                   0.023,                                   0.033,                               24473.506,                                   0.999,
8/6/2026 2:40:14 PM   ,     940.000,                                  14.974,                                  40.832,                                  50.504,                                   0.023,                                   0.033,                               24490.557,                                   0.999,
8/6/2026 2:40:19 PM   ,     945.000,                                  14.973,                                  40.813,                                  50.480,                                   0.023,                                   0.033,                               24502.213,                                   0.999,
8/6/2026 2:40:24 PM   ,     950.000,                                  14.973,                                  40.820,                                  50.489,                                   0.023,                                   0.033,                               24498.041,                                   0.999,
8/6/2026 2:40:29 PM   ,     955.000,                                  14.974,                                  40.778,                                  50.436,                                   0.023,                                   0.033,                               24522.975,                                   0.999,
8/6/2026 2:40:34 PM   ,     960.000,                                  14.976,                                  40.808,                                  50.471,                                   0.023,                                   0.033,                               24504.887,                                   0.999,
8/6/2026 2:40:39 PM   ,     965.000,                                  14.977,                                  40.792,                                  50.451,                                   0.023,                                   0.033,                               24514.395,                                   0.999,
8/6/2026 2:40:44 PM   ,     970.000,                                  14.977,                                  40.737,                                  50.381,                                   0.023,                                   0.033,                               24547.947,                                   0.999,
8/6/2026 2:40:49 PM   ,     975.000,                                  14.978,                                  40.747,                                  50.393,                                   0.023,                                   0.033,                               24541.682,                                   0.999,
8/6/2026 2:40:54 PM   ,     980.000,                                  14.979,                                  40.715,                                  50.352,                                   0.023,                                   0.033,                               24560.859,                                   0.999,
8/6/2026 2:40:59 PM   ,     985.000,                                  14.980,                                  40.746,                                  50.390,                                   0.023,                                   0.033,                               24542.432,                                   0.999,
8/6/2026 2:41:04 PM   ,     990.000,                                  14.981,                                  40.739,                                  50.380,                                   0.023,                                   0.033,                               24546.410,                                   0.999,
8/6/2026 2:41:09 PM   ,     995.000,                                  14.982,                                  40.772,                                  50.419,                                   0.023,                                   0.033,                               24526.787,                                   0.999,
8/6/2026 2:41:14 PM   ,    1000.000,                                  14.983,                                  40.687,                                  50.314,                                   0.023,                                   0.033,                               24577.609,                                   0.999,
8/6/2026 2:41:19 PM   ,    1005.000,                                  14.983,                                  40.762,                                  50.405,                                   0.023,                                   0.033,                               24532.910,                                   0.999,
8/6/2026 2:41:24 PM   ,    1010.000,                                  14.984,                                  40.671,                                  50.292,                                   0.023,                                   0.033,                               24587.330,                                   0.999,
8/6/2026 2:41:29 PM   ,    1015.000,                                  14.984,                                  40.698,                                  50.324,                                   0.023,                                   0.033,                               24571.533,                                   0.999,
8/6/2026 2:41:34 PM   ,    1020.000,                                  14.985,                                  40.769,                                  50.412,                                   0.023,                                   0.033,                               24528.422,                                   0.999,
8/6/2026 2:41:39 PM   ,    1025.000,                                  14.986,                                  40.712,                                  50.340,                                   0.023,                                   0.033,                               24562.914,                                   0.999,
8/6/2026 2:41:44 PM   ,    1030.000,                                  14.986,                                  40.774,                                  50.416,                                   0.023,                                   0.033,                               24525.730,                                   0.999,
8/6/2026 2:41:49 PM   ,    1035.000,                                  14.987,                                  40.740,                                  50.373,                                   0.023,                                   0.033,                               24546.168,                                   0.999,
8/6/2026 2:41:54 PM   ,    1040.000,                                  14.988,                                  40.736,                                  50.369,                                   0.023,                                   0.033,                               24548.047,                                   0.999,
8/6/2026 2:41:59 PM   ,    1045.000,                                  14.989,                                  40.740,                                  50.371,                                   0.023,                                   0.033,                               24545.980,                                   0.999,
8/6/2026 2:42:04 PM   ,    1050.000,                                  14.990,                                  40.757,                                  50.391,                                   0.023,                                   0.033,                               24535.527,                                   0.999,
8/6/2026 2:42:09 PM   ,    1055.000,                                  14.991,                                  40.672,                                  50.286,                                   0.023,                                   0.033,                               24586.836,                                   0.999,
8/6/2026 2:42:14 PM   ,    1060.000,                                  14.992,                                  40.594,                                  50.188,                                   0.023,                                   0.033,                               24634.219,                                   0.999,
8/6/2026 2:42:19 PM   ,    1065.000,                                  14.993,                                  40.698,                                  50.315,                                   0.023,                                   0.033,                               24571.045,                                   0.999,
8/6/2026 2:42:24 PM   ,    1070.000,                                  14.994,                                  40.772,                                  50.405,                                   0.023,                                   0.033,                               24526.506,                                   0.999,
8/6/2026 2:42:29 PM   ,    1075.000,                                  14.995,                                  40.697,                                  50.312,                                   0.023,                                   0.033,                               24571.963,                                   0.999,
8/6/2026 2:42:34 PM   ,    1080.000,                                  14.995,                                  40.693,                                  50.306,                                   0.023,                                   0.033,                               24574.328,                                   0.999,
8/6/2026 2:42:39 PM   ,    1085.000,                                  14.996,                                  40.713,                                  50.331,                                   0.023,                                   0.033,                               24561.934,                                   0.999,
8/6/2026 2:42:44 PM   ,    1090.000,                                  14.997,                                  40.663,                                  50.267,                                   0.023,                                   0.033,                               24592.445,                                   0.999,
8/6/2026 2:42:49 PM   ,    1095.000,                                  14.997,                                  40.705,                                  50.319,                                   0.023,                                   0.033,                               24566.779,                                   0.999,
8/6/2026 2:42:54 PM   ,    1100.000,                                  14.999,                                  40.685,                                  50.292,                                   0.023,                                   0.033,                               24578.852,                                   0.999,
8/6/2026 2:42:59 PM   ,    1105.000,                                  14.999,                                  40.702,                                  50.313,                                   0.023,                                   0.033,                               24568.541,                                   0.999,
8/6/2026 2:43:04 PM   ,    1110.000,                                  15.000,                                  40.756,                                  50.378,                                   0.023,                                   0.033,                               24536.191,                                   0.999,
8/6/2026 2:43:09 PM   ,    1115.000,                                  15.000,                                  40.653,                                  50.251,                                   0.023,                                   0.033,                               24598.299,                                   0.999,
8/6/2026 2:43:14 PM   ,    1120.000,                                  15.002,                                  40.579,                                  50.157,                                   0.023,                                   0.033,                               24643.072,                                   0.999,
8/6/2026 2:43:19 PM   ,    1125.000,                                  15.002,                                  40.641,                                  50.233,                                   0.023,                                   0.033,                               24605.754,                                   0.999,
8/6/2026 2:43:24 PM   ,    1130.000,                                  15.003,                                  40.705,                                  50.312,                                   0.023,                                   0.033,                               24566.928,                                   0.999,
8/6/2026 2:43:29 PM   ,    1135.000,                                  15.004,                                  40.703,                                  50.307,                                   0.023,                                   0.033,                               24568.219,                                   0.999,
8/6/2026 2:43:34 PM   ,    1140.000,                                  15.006,                                  40.681,                                  50.279,                                   0.023,                                   0.033,                               24581.363,                                   0.999,
8/6/2026 2:43:39 PM   ,    1145.000,                                  15.006,                                  40.643,                                  50.231,                                   0.023,                                   0.033,                               24604.498,                                   0.999,
8/6/2026 2:43:44 PM   ,    1150.000,                                  15.006,                                  40.655,                                  50.246,                                   0.023,                                   0.033,                               24597.004,                                   0.999,
8/6/2026 2:43:49 PM   ,    1155.000,                                  15.008,                                  40.651,                                  50.239,                                   0.023,                                   0.033,                               24599.631,                                   0.999,
8/6/2026 2:43:54 PM   ,    1160.000,                                  15.008,                                  40.637,                                  50.222,                                   0.023,                                   0.033,                               24607.965,                                   0.999,
8/6/2026 2:43:59 PM   ,    1165.000,                                  15.009,                                  40.685,                                  50.280,                                   0.023,                                   0.033,                               24578.951,                                   0.999,
8/6/2026 2:44:04 PM   ,    1170.000,                                  15.011,                                  40.699,                                  50.295,                                   0.023,                                   0.033,                               24570.652,                                   0.999,
8/6/2026 2:44:09 PM   ,    1175.000,                                  15.011,                                  40.606,                                  50.181,                                   0.023,                                   0.033,                               24626.684,                                   0.999,
8/6/2026 2:44:14 PM   ,    1180.000,                                  15.011,                                  40.688,                                  50.281,                                   0.023,                                   0.033,                               24577.098,                                   0.999,
8/6/2026 2:44:19 PM   ,    1185.000,                                  15.012,                                  40.699,                                  50.293,                                   0.023,                                   0.033,                               24570.697,                                   0.999,
8/6/2026 2:44:24 PM   ,    1190.000,                                  15.014,                                  40.684,                                  50.273,                                   0.023,                                   0.033,                               24579.730,                                   0.999,
8/6/2026 2:44:29 PM   ,    1195.000,                                  15.013,                                  40.585,                                  50.151,                                   0.023,                                   0.033,                               24639.676,                                   0.999,
8/6/2026 2:44:34 PM   ,    1200.000,                                  15.014,                                  40.619,                                  50.192,                                   0.023,                                   0.033,                               24618.969,                                   0.999,
8/6/2026 2:44:39 PM   ,    1205.000,                                  15.015,                                  40.574,                                  50.135,                                   0.023,                                   0.033,                               24646.262,                                   0.999,
8/6/2026 2:44:44 PM   ,    1210.000,                                  15.016,                                  40.611,                                  50.181,                                   0.023,                                   0.033,                               24623.682,                                   0.999,
8/6/2026 2:44:49 PM   ,    1215.000,                                  15.017,                                  40.625,                                  50.196,                                   0.023,                                   0.033,                               24615.258,                                   0.999,
8/6/2026 2:44:54 PM   ,    1220.000,                                  15.017,                                  40.596,                                  50.161,                                   0.023,                                   0.033,                               24632.857,                                   0.999,
8/6/2026 2:44:59 PM   ,    1225.000,                                  15.018,                                  40.513,                                  50.057,                                   0.022,                                   0.033,                               24683.441,                                   0.999,
8/6/2026 2:45:04 PM   ,    1230.000,                                  15.019,                                  40.638,                                  50.209,                                   0.023,                                   0.033,                               24607.684,                                   0.999,
8/6/2026 2:45:09 PM   ,    1235.000,                                  15.020,                                  40.573,                                  50.128,                                   0.023,                                   0.033,                               24646.830,                                   0.999,
8/6/2026 2:45:14 PM   ,    1240.000,                                  15.021,                                  40.624,                                  50.191,                                   0.023,                                   0.033,                               24615.748,                                   0.999,
8/6/2026 2:45:19 PM   ,    1245.000,                                  15.022,                                  40.549,                                  50.096,                                   0.023,                                   0.033,                               24661.670,                                   0.999,
8/6/2026 2:45:24 PM   ,    1250.000,                                  15.023,                                  40.588,                                  50.142,                                   0.023,                                   0.033,                               24637.988,                                   0.999,
8/6/2026 2:45:29 PM   ,    1255.000,                                  15.024,                                  40.610,                                  50.169,                                   0.023,                                   0.033,                               24624.680,                                   0.999,
8/6/2026 2:45:34 PM   ,    1260.000,                                  15.024,                                  40.513,                                  50.049,                                   0.022,                                   0.033,                               24683.438,                                   0.999,
8/6/2026 2:45:39 PM   ,    1265.000,                                  15.025,                                  40.487,                                  50.017,                                   0.022,                                   0.033,                               24699.180,                                   0.999,
8/6/2026 2:45:44 PM   ,    1270.000,                                  15.025,                                  40.520,                                  50.057,                                   0.022,                                   0.033,                               24679.475,                                   0.999,
8/6/2026 2:45:49 PM   ,    1275.000,                                  15.026,                                  40.614,                                  50.172,                                   0.023,                                   0.033,                               24622.021,                                   0.999,
8/6/2026 2:45:54 PM   ,    1280.000,                                  15.027,                                  40.627,                                  50.188,                                   0.023,                                   0.033,                               24613.920,                                   0.999,
8/6/2026 2:45:59 PM   ,    1285.000,                                  15.027,                                  40.491,                                  50.018,                                   0.022,                                   0.033,                               24697.105,                                   0.999,
8/6/2026 2:46:04 PM   ,    1290.000,                                  15.028,                                  40.478,                                  50.001,                                   0.022,                                   0.033,                               24704.725,                                   0.999,
8/6/2026 2:46:09 PM   ,    1295.000,                                  15.029,                                  40.584,                                  50.132,                                   0.023,                                   0.033,                               24640.115,                                   0.999,
8/6/2026 2:46:14 PM   ,    1300.000,                                  15.030,                                  40.529,                                  50.063,                                   0.022,                                   0.033,                               24673.525,                                   0.999,
8/6/2026 2:46:19 PM   ,    1305.000,                                  15.031,                                  40.597,                                  50.145,                                   0.023,                                   0.033,                               24632.578,                                   0.999,
8/6/2026 2:46:24 PM   ,    1310.000,                                  15.033,                                  40.560,                                  50.098,                                   0.023,                                   0.033,                               24654.814,                                   0.999,
8/6/2026 2:46:29 PM   ,    1315.000,                                  15.032,                                  40.573,                                  50.113,                                   0.023,                                   0.033,                               24647.215,                                   0.999,
8/6/2026 2:46:34 PM   ,    1320.000,                                  15.033,                                  40.559,                                  50.096,                                   0.023,                                   0.033,                               24655.234,                                   0.999,
8/6/2026 2:46:39 PM   ,    1325.000,                                  15.033,                                  40.602,                                  50.149,                                   0.023,                                   0.033,                               24629.088,                                   0.999,
8/6/2026 2:46:44 PM   ,    1330.000,                                  15.034,                                  40.540,                                  50.070,                                   0.022,                                   0.033,                               24667.078,                                   0.999,
8/6/2026 2:46:49 PM   ,    1335.000,                                  15.035,                                  40.540,                                  50.071,                                   0.022,                                   0.033,                               24666.738,                                   0.999,
8/6/2026 2:46:54 PM   ,    1340.000,                                  15.037,                                  40.540,                                  50.067,                                   0.022,                                   0.033,                               24667.277,                                   0.999,
8/6/2026 2:46:59 PM   ,    1345.000,                                  15.037,                                  40.474,                                  49.986,                                   0.022,                                   0.032,                               24707.311,                                   0.999,
8/6/2026 2:47:04 PM   ,    1350.000,                                  15.038,                                  40.458,                                  49.965,                                   0.022,                                   0.032,                               24717.029,                                   0.999,
8/6/2026 2:47:09 PM   ,    1355.000,                                  15.039,                                  40.556,                                  50.086,                                   0.022,                                   0.033,                               24657.164,                                   0.999,
8/6/2026 2:47:14 PM   ,    1360.000,                                  15.040,                                  40.598,                                  50.136,                                   0.023,                                   0.033,                               24631.584,                                   0.999,
8/6/2026 2:47:19 PM   ,    1365.000,                                  15.040,                                  40.573,                                  50.105,                                   0.023,                                   0.033,                               24646.848,                                   0.999,
8/6/2026 2:47:24 PM   ,    1370.000,                                  15.041,                                  40.516,                                  50.034,                                   0.022,                                   0.033,                               24681.508,                                   0.999,
8/6/2026 2:47:29 PM   ,    1375.000,                                  15.042,                                  40.559,                                  50.086,                                   0.022,                                   0.033,                               24655.207,                                   0.999,
8/6/2026 2:47:34 PM   ,    1380.000,                                  15.041,                                  40.516,                                  50.033,                                   0.022,                                   0.033,                               24681.889,                                   0.999,
8/6/2026 2:47:39 PM   ,    1385.000,                                  15.043,                                  40.509,                                  50.022,                                   0.022,                                   0.033,                               24685.877,                                   0.999,
8/6/2026 2:47:44 PM   ,    1390.000,                                  15.043,                                  40.492,                                  50.001,                                   0.022,                                   0.033,                               24696.311,                                   0.999,
8/6/2026 2:47:49 PM   ,    1395.000,                                  15.046,                                  40.502,                                  50.011,                                   0.022,                                   0.033,                               24689.932,                                   0.999,
8/6/2026 2:47:54 PM   ,    1400.000,                                  15.047,                                  40.477,                                  49.978,                                   0.022,                                   0.032,                               24705.088,                                   0.999,
8/6/2026 2:47:59 PM   ,    1405.000,                                  15.048,                                  40.486,                                  49.988,                                   0.022,                                   0.032,                               24699.764,                                   0.999,
8/6/2026 2:48:04 PM   ,    1410.000,                                  15.048,                                  40.472,                                  49.970,                                   0.022,                                   0.032,                               24708.549,                                   0.999,
8/6/2026 2:48:09 PM   ,    1415.000,                                  15.049,                                  40.488,                                  49.990,                                   0.022,                                   0.032,                               24698.564,                                   0.999,
8/6/2026 2:48:14 PM   ,    1420.000,                                  15.049,                                  40.474,                                  49.972,                                   0.022,                                   0.032,                               24707.115,                                   0.999,
8/6/2026 2:48:19 PM   ,    1425.000,                                  15.049,                                  40.303,                                  49.761,                                   0.022,                                   0.032,                               24811.838,                                   0.999,
8/6/2026 2:48:24 PM   ,    1430.000,                                  15.050,                                  40.437,                                  49.924,                                   0.022,                                   0.032,                               24730.068,                                   0.999,
8/6/2026 2:48:29 PM   ,    1435.000,                                  15.051,                                  40.460,                                  49.953,                                   0.022,                                   0.032,                               24715.471,                                   0.999,
8/6/2026 2:48:34 PM   ,    1440.000,                                  15.051,                                  40.462,                                  49.954,                                   0.022,                                   0.032,                               24714.443,                                   0.999,
8/6/2026 2:48:39 PM   ,    1445.000,                                  15.052,                                  40.326,                                  49.785,                                   0.022,                                   0.032,                               24798.186,                                   0.999,
8/6/2026 2:48:44 PM   ,    1450.000,                                  15.053,                                  40.476,                                  49.969,                                   0.022,                                   0.032,                               24706.129,                                   0.999,
8/6/2026 2:48:49 PM   ,    1455.000,                                  15.054,                                  40.493,                                  49.989,                                   0.022,                                   0.032,                               24695.557,                                   0.999,
8/6/2026 2:48:54 PM   ,    1460.000,                                  15.056,                                  40.410,                                  49.885,                                   0.022,                                   0.032,                               24746.076,                                   0.999,
8/6/2026 2:48:59 PM   ,    1465.000,                                  15.056,                                  40.437,                                  49.918,                                   0.022,                                   0.032,                               24729.752,                                   0.999,
8/6/2026 2:49:04 PM   ,    1470.000,                                  15.057,                                  40.415,                                  49.890,                                   0.022,                                   0.032,                               24743.102,                                   0.999,
8/6/2026 2:49:09 PM   ,    1475.000,                                  15.058,                                  40.463,                                  49.948,                                   0.022,                                   0.032,                               24713.660,                                   0.999,
8/6/2026 2:49:14 PM   ,    1480.000,                                  15.060,                                  40.319,                                  49.768,                                   0.022,                                   0.032,                               24802.227,                                   0.999,
8/6/2026 2:49:19 PM   ,    1485.000,                                  15.061,                                  40.435,                                  49.910,                                   0.022,                                   0.032,                               24731.203,                                   0.999,
8/6/2026 2:49:24 PM   ,    1490.000,                                  15.061,                                  40.432,                                  49.905,                                   0.022,                                   0.032,                               24732.914,                                   0.999,
8/6/2026 2:49:29 PM   ,    1495.000,                                  15.063,                                  40.337,                                  49.786,                                   0.022,                                   0.032,                               24791.332,                                   0.999,
8/6/2026 2:49:34 PM   ,    1500.000,                                  15.064,                                  40.434,                                  49.905,                                   0.022,                                   0.032,                               24731.676,                                   0.999,
8/6/2026 2:49:39 PM   ,    1505.000,                                  15.064,                                  40.424,                                  49.893,                                   0.022,                                   0.032,                               24737.506,                                   0.999,
8/6/2026 2:49:44 PM   ,    1510.000,                                  15.065,                                  40.395,                                  49.856,                                   0.022,                                   0.032,                               24755.338,                                   0.999,
8/6/2026 2:49:49 PM   ,    1515.000,                                  15.066,                                  40.410,                                  49.872,                                   0.022,                                   0.032,                               24746.471,                                   0.999,
8/6/2026 2:49:54 PM   ,    1520.000,                                  15.068,                                  40.393,                                  49.850,                                   0.022,                                   0.032,                               24756.752,                                   0.999,
8/6/2026 2:49:59 PM   ,    1525.000,                                  15.068,                                  40.379,                                  49.831,                                   0.022,                                   0.032,                               24765.652,                                   0.999,
8/6/2026 2:50:04 PM   ,    1530.000,                                  15.070,                                  40.358,                                  49.805,                                   0.022,                                   0.032,                               24778.063,                                   0.999,
8/6/2026 2:50:09 PM   ,    1535.000,                                  15.071,                                  40.415,                                  49.873,                                   0.022,                                   0.032,                               24743.178,                                   0.999,
8/6/2026 2:50:14 PM   ,    1540.000,                                  15.072,                                  40.416,                                  49.873,                                   0.022,                                   0.032,                               24742.570,                                   0.999,
8/6/2026 2:50:19 PM   ,    1545.000,                                  15.072,                                  40.434,                                  49.895,                                   0.022,                                   0.032,                               24731.508,                                   0.999,
8/6/2026 2:50:24 PM   ,    1550.000,                                  15.073,                                  40.417,                                  49.873,                                   0.022,                                   0.032,                               24742.176,                                   0.999,
8/6/2026 2:50:29 PM   ,    1555.000,                                  15.074,                                  40.379,                                  49.826,                                   0.022,                                   0.032,                               24765.217,                                   0.999,
8/6/2026 2:50:34 PM   ,    1560.000,                                  15.075,                                  40.409,                                  49.861,                                   0.022,                                   0.032,                               24746.920,                                   0.999,
8/6/2026 2:50:39 PM   ,    1565.000,                                  15.077,                                  40.447,                                  49.906,                                   0.022,                                   0.032,                               24723.631,                                   0.999,
8/6/2026 2:50:44 PM   ,    1570.000,                                  15.077,                                  40.396,                                  49.842,                                   0.022,                                   0.032,                               24754.996,                                   0.999,
8/6/2026 2:50:49 PM   ,    1575.000,                                  15.079,                                  40.395,                                  49.839,                                   0.022,                                   0.032,                               24755.342,                                   0.999,
8/6/2026 2:50:54 PM   ,    1580.000,                                  15.079,                                  40.418,                                  49.867,                                   0.022,                                   0.032,                               24741.650,                                   0.999,
8/6/2026 2:50:59 PM   ,    1585.000,                                  15.081,                                  40.431,                                  49.882,                                   0.022,                                   0.032,                               24733.252,                                   0.999,
8/6/2026 2:51:04 PM   ,    1590.000,                                  15.082,                                  40.304,                                  49.724,                                   0.022,                                   0.032,                               24811.271,                                   0.999,
8/6/2026 2:51:09 PM   ,    1595.000,                                  15.080,                                  40.345,                                  49.775,                                   0.022,                                   0.032,                               24786.471,                                   0.999,
8/6/2026 2:51:14 PM   ,    1600.000,                                  15.082,                                  40.352,                                  49.783,                                   0.022,                                   0.032,                               24781.627,                                   0.999,
8/6/2026 2:51:19 PM   ,    1605.000,                                  15.083,                                  40.315,                                  49.736,                                   0.022,                                   0.032,                               24804.432,                                   0.999,
8/6/2026 2:51:24 PM   ,    1610.000,                                  15.083,                                  40.339,                                  49.765,                                   0.022,                                   0.032,                               24790.143,                                   0.999,
8/6/2026 2:51:29 PM   ,    1615.000,                                  15.084,                                  40.355,                                  49.784,                                   0.022,                                   0.032,                               24780.129,                                   0.999,
8/6/2026 2:51:34 PM   ,    1620.000,                                  15.084,                                  40.328,                                  49.751,                                   0.022,                                   0.032,                               24796.670,                                   0.999,
8/6/2026 2:51:39 PM   ,    1625.000,                                  15.086,                                  40.517,                                  49.981,                                   0.022,                                   0.032,                               24681.180,                                   0.999,
8/6/2026 2:51:44 PM   ,    1630.000,                                  15.086,                                  40.537,                                  50.005,                                   0.022,                                   0.033,                               24669.105,                                   0.999,
8/6/2026 2:51:49 PM   ,    1635.000,                                  15.088,                                  40.536,                                  50.002,                                   0.022,                                   0.033,                               24669.379,                                   0.999,
8/6/2026 2:51:54 PM   ,    1640.000,                                  15.088,                                  40.513,                                  49.973,                                   0.022,                                   0.032,                               24683.578,                                   0.999,
8/6/2026 2:51:59 PM   ,    1645.000,                                  15.089,                                  40.537,                                  50.003,                                   0.022,                                   0.033,                               24668.592,                                   0.999,
8/6/2026 2:52:04 PM   ,    1650.000,                                  15.090,                                  40.430,                                  49.870,                                   0.022,                                   0.032,                               24734.096,                                   0.999,
8/6/2026 2:52:09 PM   ,    1655.000,                                  15.091,                                  40.426,                                  49.864,                                   0.022,                                   0.032,                               24736.320,                                   0.999,
8/6/2026 2:52:14 PM   ,    1660.000,                                  15.092,                                  40.478,                                  49.927,                                   0.022,                                   0.032,                               24704.639,                                   0.999,
8/6/2026 2:52:19 PM   ,    1665.000,                                  15.093,                                  40.435,                                  49.873,                                   0.022,                                   0.032,                               24730.832,                                   0.999,
8/6/2026 2:52:24 PM   ,    1670.000,                                  15.093,                                  40.497,                                  49.949,                                   0.022,                                   0.032,                               24692.959,                                   0.999,
8/6/2026 2:52:29 PM   ,    1675.000,                                  15.094,                                  40.475,                                  49.920,                                   0.022,                                   0.032,                               24706.627,                                   0.999,
8/6/2026 2:52:34 PM   ,    1680.000,                                  15.095,                                  40.380,                                  49.801,                                   0.022,                                   0.032,                               24764.832,                                   0.999,
8/6/2026 2:52:39 PM   ,    1685.000,                                  15.097,                                  40.476,                                  49.918,                                   0.022,                                   0.032,                               24706.100,                                   0.999,
8/6/2026 2:52:44 PM   ,    1690.000,                                  15.098,                                  40.379,                                  49.797,                                   0.022,                                   0.032,                               24765.277,                                   0.999,
8/6/2026 2:52:49 PM   ,    1695.000,                                  15.099,                                  40.385,                                  49.803,                                   0.022,                                   0.032,                               24761.471,                                   0.999,
8/6/2026 2:52:54 PM   ,    1700.000,                                  15.099,                                  40.536,                                  49.989,                                   0.022,                                   0.032,                               24669.301,                                   0.999,
8/6/2026 2:52:59 PM   ,    1705.000,                                  15.100,                                  40.532,                                  49.984,                                   0.022,                                   0.032,                               24671.654,                                   0.999,
8/6/2026 2:53:04 PM   ,    1710.000,                                  15.101,                                  40.497,                                  49.938,                                   0.022,                                   0.032,                               24693.426,                                   0.999,
8/6/2026 2:53:09 PM   ,    1715.000,                                  15.103,                                  40.465,                                  49.897,                                   0.022,                                   0.032,                               24712.729,                                   0.999,
8/6/2026 2:53:14 PM   ,    1720.000,                                  15.104,                                  40.385,                                  49.797,                                   0.022,                                   0.032,                               24761.773,                                   0.999,
8/6/2026 2:53:19 PM   ,    1725.000,                                  15.104,                                  40.400,                                  49.815,                                   0.022,                                   0.032,                               24752.686,                                   0.999,
8/6/2026 2:53:24 PM   ,    1730.000,                                  15.105,                                  40.433,                                  49.856,                                   0.022,                                   0.032,                               24732.131,                                   0.999,
8/6/2026 2:53:29 PM   ,    1735.000,                                  15.107,                                  40.416,                                  49.832,                                   0.022,                                   0.032,                               24742.691,                                   0.999,
8/6/2026 2:53:34 PM   ,    1740.000,                                  15.107,                                  40.480,                                  49.911,                                   0.022,                                   0.032,                               24703.537,                                   0.999,
8/6/2026 2:53:39 PM   ,    1745.000,                                  15.108,                                  40.399,                                  49.810,                                   0.022,                                   0.032,                               24752.836,                                   0.999,
8/6/2026 2:53:44 PM   ,    1750.000,                                  15.107,                                  40.442,                                  49.864,                                   0.022,                                   0.032,                               24726.732,                                   0.999,
8/6/2026 2:53:49 PM   ,    1755.000,                                  15.109,                                  40.418,                                  49.833,                                   0.022,                                   0.032,                               24741.148,                                   0.999,
8/6/2026 2:53:54 PM   ,    1760.000,                                  15.111,                                  40.396,                                  49.804,                                   0.022,                                   0.032,                               24754.654,                                   0.999,
8/6/2026 2:53:59 PM   ,    1765.000,                                  15.110,                                  40.369,                                  49.771,                                   0.022,                                   0.032,                               24771.361,                                   0.999,
8/6/2026 2:54:04 PM   ,    1770.000,                                  15.112,                                  40.475,                                  49.899,                                   0.022,                                   0.032,                               24706.666,                                   0.999,
8/6/2026 2:54:09 PM   ,    1775.000,                                  15.112,                                  40.455,                                  49.875,                                   0.022,                                   0.032,                               24718.637,                                   0.999,
8/6/2026 2:54:14 PM   ,    1780.000,                                  15.113,                                  40.420,                                  49.830,                                   0.022,                                   0.032,                               24740.100,                                   0.999,
8/6/2026 2:54:19 PM   ,    1785.000,                                  15.115,                                  40.489,                                  49.913,                                   0.022,                                   0.032,                               24698.176,                                   0.999,
8/6/2026 2:54:24 PM   ,    1790.000,                                  15.115,                                  40.366,                                  49.762,                                   0.022,                                   0.032,                               24773.180,                                   0.999,
8/6/2026 2:54:29 PM   ,    1795.000,                                  15.115,                                  40.408,                                  49.812,                                   0.022,                                   0.032,                               24747.850,                                   0.999,
8/6/2026 2:54:34 PM   ,    1800.000,                                  15.115,                                  40.408,                                  49.813,                                   0.022,                                   0.032,                               24747.537,                                   0.999,
8/6/2026 2:54:39 PM   ,    1805.000,                                  15.116,                                  40.422,                                  49.829,                                   0.022,                                   0.032,                               24738.838,                                   0.999,
8/6/2026 2:54:44 PM   ,    1810.000,                                  15.117,                                  40.465,                                  49.881,                                   0.022,                                   0.032,                               24712.717,                                   0.999,
8/6/2026 2:54:49 PM   ,    1815.000,                                  15.118,                                  40.442,                                  49.851,                                   0.022,                                   0.032,                               24727.020,                                   0.999,
8/6/2026 2:54:54 PM   ,    1820.000,                                  15.118,                                  40.480,                                  49.898,                                   0.022,                                   0.032,                               24703.645,                                   0.999,
8/6/2026 2:54:59 PM   ,    1825.000,                                  15.119,                                  40.384,                                  49.778,                                   0.022,                                   0.032,                               24762.574,                                   0.999,
8/6/2026 2:55:04 PM   ,    1830.000,                                  15.119,                                  40.412,                                  49.814,                                   0.022,                                   0.032,                               24744.832,                                   0.999,
8/6/2026 2:55:09 PM   ,    1835.000,                                  15.119,                                  40.407,                                  49.807,                                   0.022,                                   0.032,                               24748.340,                                   0.999,
8/6/2026 2:55:14 PM   ,    1840.000,                                  15.120,                                  40.360,                                  49.747,                                   0.022,                                   0.032,                               24777.191,                                   0.999,
8/6/2026 2:55:19 PM   ,    1845.000,                                  15.122,                                  40.291,                                  49.661,                                   0.022,                                   0.032,                               24819.336,                                   0.999,
8/6/2026 2:55:24 PM   ,    1850.000,                                  15.123,                                  40.385,                                  49.775,                                   0.022,                                   0.032,                               24761.791,                                   0.999,
8/6/2026 2:55:29 PM   ,    1855.000,                                  15.122,                                  40.400,                                  49.795,                                   0.022,                                   0.032,                               24752.320,                                   0.999,
8/6/2026 2:55:34 PM   ,    1860.000,                                  15.123,                                  40.388,                                  49.779,                                   0.022,                                   0.032,                               24759.533,                                   0.999,
8/6/2026 2:55:39 PM   ,    1865.000,                                  15.123,                                  40.169,                                  49.509,                                   0.022,                                   0.032,                               24894.656,                                   0.999,
8/6/2026 2:55:44 PM   ,    1870.000,                                  15.124,                                  40.684,                                  50.142,                                   0.023,                                   0.033,                               24579.781,                                   0.999,
8/6/2026 2:55:49 PM   ,    1875.000,                                  15.126,                                  45.289,                                  55.815,                                   0.025,                                   0.036,                               22080.326,                                   0.999,
8/6/2026 2:55:54 PM   ,    1880.000,                                  15.126,                                  62.597,                                  77.146,                                   0.036,                                   0.050,                               15975.243,                                   0.999,
8/6/2026 2:55:59 PM   ,    1885.000,                                  15.127,                                  86.513,                                 106.619,                                   0.050,                                   0.069,                               11559.003,                                   0.999,
8/6/2026 2:56:04 PM   ,    1890.000,                                  15.128,                                  88.937,                                 109.604,                                   0.051,                                   0.071,                               11243.973,                                   0.999,
8/6/2026 2:56:09 PM   ,    1895.000,                                  15.129,                                  83.274,                                 102.621,                                   0.048,                                   0.067,                               12008.558,                                   0.999,
8/6/2026 2:56:14 PM   ,    1900.000,                                  15.129,                                  74.272,                                  91.529,                                   0.043,                                   0.059,                               13464.003,                                   0.999,
8/6/2026 2:56:19 PM   ,    1905.000,                                  15.130,                                  65.193,                                  80.339,                                   0.037,                                   0.052,                               15339.083,                                   0.999,
8/6/2026 2:56:24 PM   ,    1910.000,                                  15.129,                                  59.123,                                  72.859,                                   0.034,                                   0.047,                               16913.939,                                   0.999,
8/6/2026 2:56:29 PM   ,    1915.000,                                  15.130,                                  54.351,                                  66.978,                                   0.031,                                   0.044,                               18398.764,                                   0.999,
8/6/2026 2:56:34 PM   ,    1920.000,                                  15.132,                                  51.817,                                  63.851,                                   0.029,                                   0.042,                               19298.844,                                   0.999,
8/6/2026 2:56:39 PM   ,    1925.000,                                  15.132,                                  49.220,                                  60.651,                                   0.028,                                   0.039,                               20317.043,                                   0.999,
8/6/2026 2:56:44 PM   ,    1930.000,                                  15.134,                                  48.613,                                  59.900,                                   0.027,                                   0.039,                               20570.824,                                   0.999,
8/6/2026 2:56:49 PM   ,    1935.000,                                  15.132,                                  45.835,                                  56.480,                                   0.026,                                   0.037,                               21817.416,                                   0.999,
8/6/2026 2:56:54 PM   ,    1940.000,                                  15.134,                                  45.334,                                  55.861,                                   0.025,                                   0.036,                               22058.318,                                   0.999,
8/6/2026 2:56:59 PM   ,    1945.000,                                  15.135,                                  44.678,                                  55.052,                                   0.025,                                   0.036,                               22382.230,                                   0.999,
8/6/2026 2:57:04 PM   ,    1950.000,                                  15.135,                                  43.902,                                  54.095,                                   0.024,                                   0.035,                               22778.041,                                   0.999,
8/6/2026 2:57:09 PM   ,    1955.000,                                  15.135,                                  42.991,                                  52.972,                                   0.024,                                   0.034,                               23260.420,                                   0.999,
8/6/2026 2:57:14 PM   ,    1960.000,                                  15.136,                                  42.648,                                  52.547,                                   0.024,                                   0.034,                               23447.881,                                   0.999,
8/6/2026 2:57:19 PM   ,    1965.000,                                  15.137,                                  41.959,                                  51.698,                                   0.023,                                   0.034,                               23832.771,                                   0.999,
8/6/2026 2:57:24 PM   ,    1970.000,                                  15.137,                                  41.754,                                  51.445,                                   0.023,                                   0.033,                               23949.984,                                   0.999,
8/6/2026 2:57:29 PM   ,    1975.000,                                  15.138,                                  41.486,                                  51.114,                                   0.023,                                   0.033,                               24104.279,                                   0.999,
8/6/2026 2:57:34 PM   ,    1980.000,                                  15.138,                                  41.273,                                  50.852,                                   0.023,                                   0.033,                               24228.689,                                   0.999,
8/6/2026 2:57:39 PM   ,    1985.000,                                  15.139,                                  41.162,                                  50.713,                                   0.023,                                   0.033,                               24294.266,                                   0.999,
8/6/2026 2:57:44 PM   ,    1990.000,                                  15.139,                                  41.039,                                  50.562,                                   0.023,                                   0.033,                               24367.205,                                   0.999,
8/6/2026 2:57:49 PM   ,    1995.000,                                  15.140,                                  40.862,                                  50.343,                                   0.023,                                   0.033,                               24472.678,                                   0.999,
8/6/2026 2:57:54 PM   ,    2000.000,                                  15.141,                                  40.748,                                  50.202,                                   0.023,                                   0.033,                               24541.021,                                   0.999,
8/6/2026 2:57:59 PM   ,    2005.000,                                  15.142,                                  40.588,                                  50.004,                                   0.022,                                   0.033,                               24637.570,                                   0.999,
8/6/2026 2:58:04 PM   ,    2010.000,                                  15.142,                                  40.632,                                  50.057,                                   0.022,                                   0.033,                               24610.879,                                   0.999,
8/6/2026 2:58:09 PM   ,    2015.000,                                  15.142,                                  40.551,                                  49.957,                                   0.022,                                   0.032,                               24660.467,                                   0.999,
8/6/2026 2:58:14 PM   ,    2020.000,                                  15.143,                                  40.518,                                  49.916,                                   0.022,                                   0.032,                               24680.143,                                   0.999,
8/6/2026 2:58:19 PM   ,    2025.000,                                  15.143,                                  40.486,                                  49.877,                                   0.022,                                   0.032,                               24699.609,                                   0.999,
8/6/2026 2:58:24 PM   ,    2030.000,                                  15.143,                                  40.392,                                  49.761,                                   0.022,                                   0.032,                               24757.242,                                   0.999,
8/6/2026 2:58:29 PM   ,    2035.000,                                  15.143,                                  40.414,                                  49.787,                                   0.022,                                   0.032,                               24744.063,                                   0.999,
8/6/2026 2:58:34 PM   ,    2040.000,                                  15.144,                                  40.427,                                  49.803,                                   0.022,                                   0.032,                               24735.770,                                   0.999,
8/6/2026 2:58:39 PM   ,    2045.000,                                  15.144,                                  40.398,                                  49.766,                                   0.022,                                   0.032,                               24753.926,                                   0.999,
8/6/2026 2:58:44 PM   ,    2050.000,                                  15.145,                                  40.358,                                  49.716,                                   0.022,                                   0.032,                               24777.955,                                   0.999,
8/6/2026 2:58:49 PM   ,    2055.000,                                  15.146,                                  40.222,                                  49.547,                                   0.022,                                   0.032,                               24861.881,                                   0.999,
8/6/2026 2:58:54 PM   ,    2060.000,                                  15.147,                                  40.323,                                  49.671,                                   0.022,                                   0.032,                               24799.682,                                   0.999,
8/6/2026 2:58:59 PM   ,    2065.000,                                  15.147,                                  40.259,                                  49.591,                                   0.022,                                   0.032,                               24839.285,                                   0.999,
8/6/2026 2:59:04 PM   ,    2070.000,                                  15.147,                                  40.293,                                  49.633,                                   0.022,                                   0.032,                               24818.158,                                   0.999,
8/6/2026 2:59:09 PM   ,    2075.000,                                  15.149,                                  40.309,                                  49.652,                                   0.022,                                   0.032,                               24808.109,                                   0.999,
8/6/2026 2:59:14 PM   ,    2080.000,                                  15.149,                                  40.312,                                  49.655,                                   0.022,                                   0.032,                               24806.475,                                   0.999,
8/6/2026 2:59:19 PM   ,    2085.000,                                  15.149,                                  40.296,                                  49.635,                                   0.022,                                   0.032,                               24816.396,                                   0.999,
8/6/2026 2:59:24 PM   ,    2090.000,                                  15.149,                                  40.127,                                  49.427,                                   0.022,                                   0.032,                               24920.729,                                   0.999,
8/6/2026 2:59:29 PM   ,    2095.000,                                  15.150,                                  40.258,                                  49.586,                                   0.022,                                   0.032,                               24839.975,                                   0.999,
8/6/2026 2:59:34 PM   ,    2100.000,                                  15.150,                                  40.290,                                  49.626,                                   0.022,                                   0.032,                               24820.361,                                   0.999,
8/6/2026 2:59:39 PM   ,    2105.000,                                  15.151,                                  40.282,                                  49.615,                                   0.022,                                   0.032,                               24825.131,                                   0.999,
8/6/2026 2:59:44 PM   ,    2110.000,                                  15.152,                                  40.178,                                  49.486,                                   0.022,                                   0.032,                               24889.340,                                   0.999,
8/6/2026 2:59:49 PM   ,    2115.000,                                  15.152,                                  40.156,                                  49.459,                                   0.022,                                   0.032,                               24902.744,                                   0.999,
8/6/2026 2:59:54 PM   ,    2120.000,                                  15.152,                                  40.161,                                  49.465,                                   0.022,                                   0.032,                               24899.752,                                   0.999,
8/6/2026 2:59:59 PM   ,    2125.000,                                  15.154,                                  40.180,                                  49.486,                                   0.022,                                   0.032,                               24888.172,                                   0.999,
8/6/2026 3:00:04 PM   ,    2130.000,                                  15.155,                                  40.172,                                  49.475,                                   0.022,                                   0.032,                               24892.945,                                   0.999,
8/6/2026 3:00:09 PM   ,    2135.000,                                  15.155,                                  40.101,                                  49.387,                                   0.022,                                   0.032,                               24937.215,                                   0.999,
8/6/2026 3:00:14 PM   ,    2140.000,                                  15.155,                                  40.139,                                  49.435,                                   0.022,                                   0.032,                               24913.215,                                   0.999,
8/6/2026 3:00:19 PM   ,    2145.000,                                  15.156,                                  40.158,                                  49.457,                                   0.022,                                   0.032,                               24901.664,                                   0.999,
8/6/2026 3:00:24 PM   ,    2150.000,                                  15.156,                                  40.118,                                  49.407,                                   0.022,                                   0.032,                               24926.674,                                   0.999,
8/6/2026 3:00:29 PM   ,    2155.000,                                  15.157,                                  40.125,                                  49.415,                                   0.022,                                   0.032,                               24922.234,                                   0.999,
8/6/2026 3:00:34 PM   ,    2160.000,                                  15.157,                                  40.169,                                  49.469,                                   0.022,                                   0.032,                               24894.791,                                   0.999,
8/6/2026 3:00:39 PM   ,    2165.000,                                  15.157,                                  40.119,                                  49.407,                                   0.022,                                   0.032,                               24926.076,                                   0.999,
8/6/2026 3:00:44 PM   ,    2170.000,                                  15.158,                                  40.160,                                  49.457,                                   0.022,                                   0.032,                               24900.260,                                   0.999,
8/6/2026 3:00:49 PM   ,    2175.000,                                  15.159,                                  40.141,                                  49.432,                                   0.022,                                   0.032,                               24912.268,                                   0.999,
8/6/2026 3:00:54 PM   ,    2180.000,                                  15.160,                                  40.099,                                  49.380,                                   0.022,                                   0.032,                               24937.984,                                   0.999,
8/6/2026 3:00:59 PM   ,    2185.000,                                  15.160,                                  40.127,                                  49.414,                                   0.022,                                   0.032,                               24921.125,                                   0.999,
8/6/2026 3:01:04 PM   ,    2190.000,                                  15.161,                                  40.070,                                  49.344,                                   0.022,                                   0.032,                               24956.018,                                   0.999,
8/6/2026 3:01:09 PM   ,    2195.000,                                  15.162,                                  40.101,                                  49.380,                                   0.022,                                   0.032,                               24937.004,                                   0.999,
8/6/2026 3:01:14 PM   ,    2200.000,                                  15.162,                                  40.089,                                  49.366,                                   0.022,                                   0.032,                               24944.246,                                   0.999,
8/6/2026 3:01:19 PM   ,    2205.000,                                  15.162,                                  40.099,                                  49.377,                                   0.022,                                   0.032,                               24938.285,                                   0.999,
8/6/2026 3:01:24 PM   ,    2210.000,                                  15.163,                                  40.064,                                  49.333,                                   0.022,                                   0.032,                               24959.947,                                   0.999,
8/6/2026 3:01:29 PM   ,    2215.000,                                  15.163,                                  40.106,                                  49.384,                                   0.022,                                   0.032,                               24933.967,                                   0.999,
8/6/2026 3:01:34 PM   ,    2220.000,                                  15.164,                                  40.114,                                  49.393,                                   0.022,                                   0.032,                               24928.959,                                   0.999,
8/6/2026 3:01:39 PM   ,    2225.000,                                  15.165,                                  39.970,                                  49.215,                                   0.022,                                   0.032,                               25018.633,                                   0.999,
8/6/2026 3:01:44 PM   ,    2230.000,                                  15.165,                                  40.172,                                  49.464,                                   0.022,                                   0.032,                               24892.820,                                   0.999,
8/6/2026 3:01:49 PM   ,    2235.000,                                  15.166,                                  39.955,                                  49.195,                                   0.022,                                   0.032,                               25028.238,                                   0.999,
8/6/2026 3:01:54 PM   ,    2240.000,                                  15.167,                                  40.073,                                  49.340,                                   0.022,                                   0.032,                               24954.285,                                   0.999,
8/6/2026 3:01:59 PM   ,    2245.000,                                  15.168,                                  40.084,                                  49.352,                                   0.022,                                   0.032,                               24947.674,                                   0.999,
8/6/2026 3:02:04 PM   ,    2250.000,                                  15.168,                                  40.015,                                  49.267,                                   0.022,                                   0.032,                               24990.486,                                   0.999,
8/6/2026 3:02:09 PM   ,    2255.000,                                  15.168,                                  40.020,                                  49.272,                                   0.022,                                   0.032,                               24987.789,                                   0.999,
8/6/2026 3:02:14 PM   ,    2260.000,                                  15.170,                                  40.044,                                  49.301,                                   0.022,                                   0.032,                               24972.443,                                   0.999,
8/6/2026 3:02:19 PM   ,    2265.000,                                  15.171,                                  40.046,                                  49.302,                                   0.022,                                   0.032,                               24971.525,                                   0.999,
8/6/2026 3:02:24 PM   ,    2270.000,                                  15.171,                                  40.044,                                  49.299,                                   0.022,                                   0.032,                               24972.762,                                   0.999,
8/6/2026 3:02:29 PM   ,    2275.000,                                  15.171,                                  40.069,                                  49.330,                                   0.022,                                   0.032,                               24956.775,                                   0.999,
8/6/2026 3:02:34 PM   ,    2280.000,                                  15.171,                                  40.088,                                  49.353,                                   0.022,                                   0.032,                               24945.148,                                   0.999,
8/6/2026 3:02:39 PM   ,    2285.000,                                  15.172,                                  40.081,                                  49.344,                                   0.022,                                   0.032,                               24949.518,                                   0.999,
8/6/2026 3:02:44 PM   ,    2290.000,                                  15.172,                                  40.021,                                  49.269,                                   0.022,                                   0.032,                               24987.072,                                   0.999,
8/6/2026 3:02:49 PM   ,    2295.000,                                  15.172,                                  40.034,                                  49.285,                                   0.022,                                   0.032,                               24978.873,                                   0.999,
8/6/2026 3:02:54 PM   ,    2300.000,                                  15.175,                                  40.065,                                  49.321,                                   0.022,                                   0.032,                               24959.137,                                   0.999,
8/6/2026 3:02:59 PM   ,    2305.000,                                  15.175,                                  40.072,                                  49.329,                                   0.022,                                   0.032,                               24955.141,                                   0.999,
8/6/2026 3:03:04 PM   ,    2310.000,                                  15.175,                                  40.024,                                  49.270,                                   0.022,                                   0.032,                               24985.207,                                   0.999,
8/6/2026 3:03:09 PM   ,    2315.000,                                  15.176,                                  40.068,                                  49.323,                                   0.022,                                   0.032,                               24957.367,                                   0.999,
8/6/2026 3:03:14 PM   ,    2320.000,                                  15.177,                                  40.063,                                  49.316,                                   0.022,                                   0.032,                               24960.703,                                   0.999,
8/6/2026 3:03:19 PM   ,    2325.000,                                  15.177,                                  40.081,                                  49.338,                                   0.022,                                   0.032,                               24949.320,                                   0.999,
8/6/2026 3:03:24 PM   ,    2330.000,                                  15.176,                                  40.016,                                  49.259,                                   0.022,                                   0.032,                               24989.699,                                   0.999,
8/6/2026 3:03:29 PM   ,    2335.000,                                  15.177,                                  39.985,                                  49.220,                                   0.022,                                   0.032,                               25009.070,                                   0.999,
8/6/2026 3:03:34 PM   ,    2340.000,                                  15.177,                                  40.010,                                  49.250,                                   0.022,                                   0.032,                               24993.477,                                   0.999,
8/6/2026 3:03:39 PM   ,    2345.000,                                  15.179,                                  40.038,                                  49.282,                                   0.022,                                   0.032,                               24976.447,                                   0.999,
8/6/2026 3:03:44 PM   ,    2350.000,                                  15.178,                                  40.012,                                  49.251,                                   0.022,                                   0.032,                               24992.416,                                   0.999,
8/6/2026 3:03:49 PM   ,    2355.000,                                  15.179,                                  39.974,                                  49.204,                                   0.022,                                   0.032,                               25016.225,                                   0.999,
8/6/2026 3:03:54 PM   ,    2360.000,                                  15.180,                                  39.936,                                  49.156,                                   0.022,                                   0.032,                               25039.760,                                   0.999,
8/6/2026 3:03:59 PM   ,    2365.000,                                  15.179,                                  39.812,                                  49.004,                                   0.022,                                   0.032,                               25117.838,                                   0.999,
8/6/2026 3:04:04 PM   ,    2370.000,                                  15.181,                                  39.980,                                  49.208,                                   0.022,                                   0.032,                               25012.746,                                   0.999,
8/6/2026 3:04:09 PM   ,    2375.000,                                  15.182,                                  40.011,                                  49.246,                                   0.022,                                   0.032,                               24993.438,                                   0.999,
8/6/2026 3:04:14 PM   ,    2380.000,                                  15.183,                                  40.006,                                  49.238,                                   0.022,                                   0.032,                               24996.391,                                   0.999,
8/6/2026 3:04:19 PM   ,    2385.000,                                  15.185,                                  39.982,                                  49.207,                                   0.022,                                   0.032,                               25011.188,                                   0.999,
8/6/2026 3:04:24 PM   ,    2390.000,                                  15.185,                                  39.982,                                  49.207,                                   0.022,                                   0.032,                               25011.396,                                   0.999,
8/6/2026 3:04:29 PM   ,    2395.000,                                  15.185,                                  39.952,                                  49.170,                                   0.022,                                   0.032,                               25029.926,                                   0.999,
8/6/2026 3:04:34 PM   ,    2400.000,                                  15.185,                                  39.922,                                  49.133,                                   0.022,                                   0.032,                               25048.891,                                   0.999,
8/6/2026 3:04:39 PM   ,    2405.000,                                  15.187,                                  39.935,                                  49.147,                                   0.022,                                   0.032,                               25040.443,                                   0.999,
8/6/2026 3:04:44 PM   ,    2410.000,                                  15.187,                                  39.912,                                  49.118,                                   0.022,                                   0.032,                               25055.213,                                   0.999,
8/6/2026 3:04:49 PM   ,    2415.000,                                  15.187,                                  39.953,                                  49.168,                                   0.022,                                   0.032,                               25029.549,                                   0.999,
8/6/2026 3:04:54 PM   ,    2420.000,                                  15.187,                                  39.919,                                  49.127,                                   0.022,                                   0.032,                               25050.629,                                   0.999,
8/6/2026 3:04:59 PM   ,    2425.000,                                  15.187,                                  39.949,                                  49.164,                                   0.022,                                   0.032,                               25031.836,                                   0.999,
8/6/2026 3:05:04 PM   ,    2430.000,                                  15.189,                                  39.920,                                  49.125,                                   0.022,                                   0.032,                               25050.389,                                   0.999,
8/6/2026 3:05:09 PM   ,    2435.000,                                  15.189,                                  39.899,                                  49.101,                                   0.022,                                   0.032,                               25062.986,                                   0.999,
8/6/2026 3:05:14 PM   ,    2440.000,                                  15.190,                                  39.941,                                  49.150,                                   0.022,                                   0.032,                               25037.002,                                   0.999,
8/6/2026 3:05:19 PM   ,    2445.000,                                  15.191,                                  39.939,                                  49.147,                                   0.022,                                   0.032,                               25038.217,                                   0.999,
8/6/2026 3:05:24 PM   ,    2450.000,                                  15.192,                                  39.812,                                  48.989,                                   0.022,                                   0.032,                               25118.094,                                   0.999,
8/6/2026 3:05:29 PM   ,    2455.000,                                  15.192,                                  39.899,                                  49.096,                                   0.022,                                   0.032,                               25063.438,                                   0.999,
8/6/2026 3:05:34 PM   ,    2460.000,                                  15.193,                                  39.920,                                  49.121,                                   0.022,                                   0.032,                               25050.154,                                   0.999,
8/6/2026 3:05:39 PM   ,    2465.000,                                  15.194,                                  39.829,                                  49.008,                                   0.022,                                   0.032,                               25107.496,                                   0.999,
8/6/2026 3:05:44 PM   ,    2470.000,                                  15.194,                                  39.906,                                  49.102,                                   0.022,                                   0.032,                               25059.061,                                   0.999,
8/6/2026 3:05:49 PM   ,    2475.000,                                  15.195,                                  39.884,                                  49.075,                                   0.022,                                   0.032,                               25072.750,                                   0.999,
8/6/2026 3:05:54 PM   ,    2480.000,                                  15.196,                                  39.915,                                  49.112,                                   0.022,                                   0.032,                               25053.383,                                   0.999,
8/6/2026 3:05:59 PM   ,    2485.000,                                  15.197,                                  39.889,                                  49.079,                                   0.022,                                   0.032,                               25069.268,                                   0.999,
8/6/2026 3:06:04 PM   ,    2490.000,                                  15.196,                                  39.872,                                  49.059,                                   0.022,                                   0.032,                               25079.961,                                   0.999,
8/6/2026 3:06:09 PM   ,    2495.000,                                  15.197,                                  39.850,                                  49.031,                                   0.022,                                   0.032,                               25093.789,                                   0.999,
8/6/2026 3:06:14 PM   ,    2500.000,                                  15.198,                                  39.910,                                  49.103,                                   0.022,                                   0.032,                               25056.641,                                   0.999,
8/6/2026 3:06:19 PM   ,    2505.000,                                  15.198,                                  39.847,                                  49.025,                                   0.022,                                   0.032,                               25096.119,                                   0.999,
8/6/2026 3:06:24 PM   ,    2510.000,                                  15.198,                                  39.910,                                  49.102,                                   0.022,                                   0.032,                               25056.609,                                   0.999,
8/6/2026 3:06:28 PM   ,    2514.000,                                  15.199,                                  39.865,                                  49.047,                                   0.022,                                   0.032,                               25084.672,                                   0.999,
8/6/2026 3:06:29 PM   ,    2515.000,                                  15.200,                                  39.859,                                  49.038,                                   0.022,                                   0.032,                               25088.314,                                   0.999,
8/6/2026 3:06:30 PM   ,    2516.000,                                  15.200,                                  39.820,                                  48.990,                                   0.022,                                   0.032,                               25113.049,                                   0.999,
8/6/2026 3:06:31 PM   ,    2517.000,                                  15.200,                                  39.874,                                  49.056,                                   0.022,                                   0.032,                               25079.094,                                   0.999,
8/6/2026 3:06:32 PM   ,    2518.000,                                  15.201,                                  39.823,                                  48.993,                                   0.022,                                   0.032,                               25111.330,                                   0.999,
8/6/2026 3:06:33 PM   ,    2519.000,                                  15.201,                                  39.891,                                  49.076,                                   0.022,                                   0.032,                               25068.498,                                   0.999,
8/6/2026 3:06:34 PM   ,    2520.000,                                  15.201,                                  39.848,                                  49.023,                                   0.022,                                   0.032,                               25095.502,                                   0.999,
8/6/2026 3:06:35 PM   ,    2521.000,                                  15.202,                                  39.908,                                  49.097,                                   0.022,                                   0.032,                               25057.455,                                   0.999,
8/6/2026 3:06:36 PM   ,    2522.000,                                  15.201,                                  39.884,                                  49.067,                                   0.022,                                   0.032,                               25072.979,                                   0.999,
8/6/2026 3:06:37 PM   ,    2523.000,                                  15.201,                                  39.897,                                  49.083,                                   0.022,                                   0.032,                               25064.799,                                   0.999,
8/6/2026 3:06:38 PM   ,    2524.000,                                  15.202,                                  39.897,                                  49.082,                                   0.022,                                   0.032,                               25064.830,                                   0.999,
8/6/2026 3:06:39 PM   ,    2525.000,                                  15.202,                                  39.831,                                  49.001,                                   0.022,                                   0.032,                               25106.229,                                   0.999,
8/6/2026 3:06:42 PM   ,    2528.000,                                  15.202,                                  39.840,                                  49.012,                                   0.022,                                   0.032,                               25100.439,                                   0.999,
8/6/2026 3:06:43 PM   ,    2529.000,                                  15.203,                                  39.859,                                  49.035,                                   0.022,                                   0.032,                               25088.252,                                   0.999,
8/6/2026 3:06:44 PM   ,    2530.000,                                  15.203,                                  39.728,                                  48.873,                                   0.022,                                   0.032,                               25171.434,                                   0.999,
8/6/2026 3:06:45 PM   ,    2531.000,                                  15.203,                                  39.768,                                  48.922,                                   0.022,                                   0.032,                               25146.072,                                   0.999,
8/6/2026 3:06:46 PM   ,    2532.000,                                  15.203,                                  39.895,                                  49.079,                                   0.022,                                   0.032,                               25066.109,                                   0.999,
8/6/2026 3:06:47 PM   ,    2533.000,                                  15.203,                                  39.886,                                  49.067,                                   0.022,                                   0.032,                               25071.473,                                   0.999,
8/6/2026 3:06:48 PM   ,    2534.000,                                  15.204,                                  39.870,                                  49.047,                                   0.022,                                   0.032,                               25081.451,                                   0.999,
8/6/2026 3:06:49 PM   ,    2535.000,                                  15.204,                                  39.805,                                  48.967,                                   0.022,                                   0.032,                               25122.395,                                   0.999,
8/6/2026 3:06:50 PM   ,    2536.000,                                  15.204,                                  39.822,                                  48.987,                                   0.022,                                   0.032,                               25111.963,                                   0.999,
8/6/2026 3:06:51 PM   ,    2537.000,                                  15.204,                                  39.765,                                  48.917,                                   0.022,                                   0.032,                               25148.049,                                   0.999,
8/6/2026 3:06:52 PM   ,    2538.000,                                  15.204,                                  39.863,                                  49.038,                                   0.022,                                   0.032,                               25086.174,                                   0.999,
8/6/2026 3:06:53 PM   ,    2539.000,                                  15.205,                                  39.880,                                  49.058,                                   0.022,                                   0.032,                               25075.352,                                   0.999,
8/6/2026 3:06:54 PM   ,    2540.000,                                  15.205,                                  39.861,                                  49.035,                                   0.022,                                   0.032,                               25087.086,                                   0.999,
8/6/2026 3:06:55 PM   ,    2541.000,                                  15.205,                                  39.855,                                  49.027,                                   0.022,                                   0.032,                               25091.125,                                   0.999,
8/6/2026 3:06:56 PM   ,    2542.000,                                  15.205,                                  39.883,                                  49.062,                                   0.022,                                   0.032,                               25073.031,                                   0.999,
8/6/2026 3:06:57 PM   ,    2543.000,                                  15.206,                                  39.876,                                  49.051,                                   0.022,                                   0.032,                               25077.861,                                   0.999,
8/6/2026 3:06:58 PM   ,    2544.000,                                  15.206,                                  39.767,                                  48.918,                                   0.022,                                   0.032,                               25146.273,                                   0.999,
8/6/2026 3:06:59 PM   ,    2545.000,                                  15.207,                                  39.812,                                  48.973,                                   0.022,                                   0.032,                               25117.871,                                   0.999,
8/6/2026 3:07:00 PM   ,    2546.000,                                  15.207,                                  39.855,                                  49.025,                                   0.022,                                   0.032,                               25090.764,                                   0.999,
8/6/2026 3:07:01 PM   ,    2547.000,                                  15.208,                                  39.891,                                  49.068,                                   0.022,                                   0.032,                               25068.275,                                   0.999,
8/6/2026 3:07:02 PM   ,    2548.010,                                  15.208,                                  39.857,                                  49.026,                                   0.022,                                   0.032,                               25089.816,                                   0.999,
8/6/2026 3:07:03 PM   ,    2549.000,                                  15.207,                                  39.823,                                  48.986,                                   0.022,                                   0.032,                               25110.947,                                   0.999,
8/6/2026 3:07:04 PM   ,    2550.000,                                  15.207,                                  39.838,                                  49.004,                                   0.022,                                   0.032,                               25101.494,                                   0.999,
8/6/2026 3:07:05 PM   ,    2551.000,                                  15.207,                                  39.880,                                  49.055,                                   0.022,                                   0.032,                               25075.111,                                   0.999,
8/6/2026 3:07:06 PM   ,    2552.000,                                  15.208,                                  39.786,                                  48.939,                                   0.022,                                   0.032,                               25134.246,                                   0.999,
8/6/2026 3:07:07 PM   ,    2553.000,                                  15.208,                                  39.850,                                  49.017,                                   0.022,                                   0.032,                               25094.229,                                   0.999,
8/6/2026 3:07:08 PM   ,    2554.000,                                  15.207,                                  39.885,                                  49.061,                                   0.022,                                   0.032,                               25072.189,                                   0.999,
8/6/2026 3:07:09 PM   ,    2555.001,                                  15.208,                                  39.812,                                  48.971,                                   0.022,                                   0.032,                               25118.035,                                   0.999,
8/6/2026 3:07:10 PM   ,    2556.000,                                  15.208,                                  39.838,                                  49.003,                                   0.022,                                   0.032,                               25101.779,                                   0.999,
8/6/2026 3:07:11 PM   ,    2557.000,                                  15.208,                                  39.884,                                  49.059,                                   0.022,                                   0.032,                               25072.875,                                   0.999,
8/6/2026 3:07:12 PM   ,    2558.000,                                  15.209,                                  39.911,                                  49.092,                                   0.022,                                   0.032,                               25055.865,                                   0.999,
8/6/2026 3:07:13 PM   ,    2559.000,                                  15.209,                                  39.855,                                  49.023,                                   0.022,                                   0.032,                               25090.900,                                   0.999,

