Date Time,Pressure (psi) (790478),Temperature (°C) (790478),Depth (ft) (790478),Actual Conductivity (µS/cm) (790478),Specific Conductivity (µS/cm) (790478),Salinity (PSU) (790478),Total Dissolved Solids (ppt) (790478),Resistivity (Ω⋅cm) (790478),Density (g/cm³) (790478)
2025-07-08 15:29:01.064,0.7915497,12.476791,1.8268421,13.620559,17.902784,0.006982534,0.011636809,73418.43,0.99944925
2025-07-08 15:30:01.065,0.7921448,12.478416,1.8282161,13.599583,17.874483,0.0069692647,0.011618415,73531.67,0.9994491
2025-07-08 15:31:01.065,0.7921448,12.479683,1.8282164,13.554183,17.814247,0.0069410107,0.01157926,73777.96,0.99944884
2025-07-08 15:32:01.065,0.7918472,12.479958,1.8275297,13.577487,17.844753,0.006955325,0.01159909,73651.33,0.99944884
2025-07-08 15:33:01.065,0.7918472,12.482391,1.8275303,13.563671,17.825506,0.006946312,0.011586579,73726.35,0.99944854
2025-07-08 15:34:01.065,0.8059082,12.483826,1.8599824,13.516585,17.762985,0.0069169924,0.011545941,73983.18,0.99944836
2025-07-08 15:35:01.065,0.7917023,12.484993,1.827196,13.488248,17.725225,0.006899288,0.011521396,74138.62,0.99944824
2025-07-08 15:36:01.065,0.7921448,12.484184,1.8282174,13.48984,17.727676,0.006900435,0.01152299,74129.87,0.9994483
2025-07-08 15:37:01.065,0.7915497,12.484734,1.8268441,13.463898,17.693342,0.006884334,0.011500672,74272.695,0.9994482
2025-07-08 15:38:01.065,0.7919998,12.484093,1.8278829,13.468754,17.700008,0.006887457,0.011505006,74245.92,0.99944824
2025-07-08 15:39:01.065,0.7927246,12.483093,1.8295554,13.4717,17.704325,0.0068894764,0.011507811,74229.68,0.99944836
2025-07-08 15:40:01.065,0.7919998,12.483551,1.8278826,13.436977,17.65849,0.0068679885,0.011478018,74421.5,0.99944836
2025-07-08 15:41:01.065,0.7917023,12.483734,1.827196,13.441095,17.663818,0.006870487,0.011481483,74398.695,0.9994483
2025-07-08 15:42:01.065,0.7918472,12.484459,1.8275306,13.417885,17.632996,0.0068560387,0.011461447,74527.4,0.99944824
2025-07-08 15:43:01.065,0.79229736,12.486168,1.8285702,13.420914,17.636219,0.0068575623,0.0114635425,74510.58,0.999448
2025-07-08 15:44:01.065,0.7919998,12.486534,1.8278834,13.40324,17.612833,0.006846601,0.011448342,74608.83,0.999448
2025-07-08 15:45:01.065,0.7917023,12.48967,1.8271974,13.418114,17.630991,0.006855131,0.011460145,74526.125,0.9994476
2025-07-08 15:46:01.065,0.7921448,12.490761,1.8282189,13.40887,17.618362,0.0068492177,0.011451935,74577.5,0.99944746
2025-07-08 15:47:01.065,0.7921448,12.490585,1.8282188,13.40399,17.612028,0.0068462463,0.011447818,74604.66,0.9994475
2025-07-08 15:48:01.065,0.79229736,12.491928,1.8285713,13.421437,17.63436,0.0068567228,0.011462334,74507.67,0.99944735
2025-07-08 15:49:01.065,0.7924576,12.491753,1.8289411,13.43775,17.65587,0.0068668067,0.0114763165,74417.22,0.99944735
2025-07-08 15:50:01.065,0.7915497,12.491219,1.8268454,13.460515,17.686018,0.00688094,0.011495912,74291.36,0.9994474
2025-07-08 15:51:01.065,0.7919998,12.490944,1.8278844,13.437609,17.656042,0.006866885,0.011476427,74418,0.99944746
2025-07-08 15:52:01.065,0.7917023,12.491402,1.8271976,13.438505,17.657019,0.0068673426,0.011477062,74413.04,0.9994474
2025-07-08 15:53:01.065,0.7924576,12.490585,1.8289407,13.434861,17.652592,0.006865265,0.011474185,74433.22,0.9994475
2025-07-08 15:54:01.065,0.7919998,12.489059,1.8278838,13.463933,17.691467,0.0068834834,0.011499454,74272.5,0.9994477
2025-07-08 15:55:01.065,0.7915497,12.487602,1.8268447,13.454136,17.679241,0.0068777413,0.011491507,74326.586,0.9994479
2025-07-08 15:56:01.065,0.7917023,12.484993,1.8271962,13.430807,17.649742,0.006863894,0.011472332,74455.69,0.9994482
2025-07-08 15:57:01.065,0.7918472,12.484093,1.8275306,13.459961,17.688454,0.0068820375,0.011497496,74294.42,0.99944824
2025-07-08 15:58:01.065,0.79229736,12.482483,1.8285692,13.464711,17.695412,0.006885292,0.011502017,74268.21,0.9994485
2025-07-08 15:59:01.065,0.7917023,12.478233,1.8271949,13.468011,17.701635,0.006888186,0.011506063,74250.016,0.99944896
2025-07-08 16:00:01.065,0.7918472,12.475723,1.8275287,13.511091,17.759378,0.006915251,0.011543596,74013.266,0.9994493
2025-07-08 16:01:01.065,0.7917023,12.475357,1.8271941,13.51093,17.759329,0.0069152233,0.011543564,74014.15,0.9994494
2025-07-08 16:02:01.065,0.7921448,12.476982,1.8282158,13.559589,17.822561,0.006944894,0.011584665,73748.55,0.99944913
2025-07-08 16:03:01.065,0.80680084,12.477432,1.8620409,13.5299225,17.783367,0.006926513,0.011559188,73910.25,0.99944913
2025-07-08 16:04:01.065,0.8065033,12.47419,1.8613535,13.538571,17.796183,0.0069325035,0.011567519,73863.04,0.99944955
2025-07-08 16:05:01.065,0.7917023,12.472389,1.8271933,13.563286,17.829475,0.0069481106,0.011589159,73728.445,0.9994498
2025-07-08 16:06:01.065,0.8065033,12.470764,1.8613528,13.567113,17.835236,0.006950803,0.011592904,73707.65,0.99944997
2025-07-08 16:07:01.065,0.7918472,12.470055,1.8275275,13.543425,17.80441,0.006936337,0.011572867,73836.57,0.99945
2025-07-08 16:08:01.065,0.7919998,12.469147,1.8278795,13.548319,17.81125,0.0069395425,0.011577313,73809.9,0.99945015
2025-07-08 16:09:01.065,0.79229736,12.46833,1.8285658,13.566523,17.835546,0.0069509353,0.011593105,73710.86,0.99945027
2025-07-08 16:10:01.065,0.7918472,12.467621,1.8275269,13.547614,17.811007,0.006939418,0.0115771545,73813.734,0.9994503
2025-07-08 16:11:01.065,0.80633545,12.46653,1.8609645,13.5862055,17.862232,0.0069634425,0.011610451,73604.07,0.99945045
2025-07-08 16:12:01.065,0.80633545,12.464638,1.8609642,13.570096,17.8419,0.006953893,0.011597236,73691.445,0.9994507
2025-07-08 16:13:01.065,0.80667114,12.461037,1.861738,13.564653,17.836357,0.006951271,0.011593632,73721.016,0.9994511
2025-07-08 16:14:01.065,0.7917023,12.458069,1.8271902,13.55641,17.826847,0.006946791,0.01158745,73765.84,0.99945146
2025-07-08 16:15:01.065,0.8065033,12.456703,1.8613498,13.5662,17.840332,0.0069531086,0.011596216,73712.61,0.9994516
2025-07-08 16:16:01.065,0.7912674,12.456444,1.8261862,13.594388,17.87752,0.0069705527,0.011620387,73559.766,0.9994517
2025-07-08 16:17:01.065,0.8065033,12.457703,1.86135,13.605877,17.892061,0.006977384,0.011629839,73497.65,0.9994515
2025-07-08 16:18:01.065,0.7921448,12.456268,1.8282113,13.590008,17.871838,0.0069678864,0.011616695,73583.48,0.99945164
2025-07-08 16:19:01.065,0.80605316,12.453018,1.8603098,13.589515,17.872646,0.006968248,0.011617221,73586.15,0.9994522
2025-07-08 16:20:01.065,0.8059082,12.448967,1.8599743,13.5996895,17.88785,0.0069753537,0.011627102,73531.09,0.99945265
2025-07-08 16:21:01.065,0.805336,12.446442,1.8586532,13.597894,17.886621,0.006974764,0.011626304,73540.805,0.99945295
2025-07-08 16:22:01.065,0.8065033,12.443741,1.8613467,13.620519,17.917599,0.0069892816,0.011646439,73418.64,0.99945325
2025-07-08 16:23:01.065,0.80633545,12.44149,1.8609589,13.635512,17.938337,0.006999,0.011659919,73337.914,0.9994535
2025-07-08 16:24:01.065,0.80667114,12.437965,1.8617327,13.635109,17.939396,0.006999475,0.0116606075,73340.08,0.9994539
2025-07-08 16:25:01.065,0.80633545,12.434097,1.8609571,13.638091,17.945063,0.0070021106,0.011664291,73324.05,0.9994544
2025-07-08 16:26:01.065,0.805336,12.430138,1.8586496,13.67501,17.995432,0.0070257266,0.011697031,73126.09,0.99945486
2025-07-08 16:27:01.065,0.8056183,12.426804,1.8593003,13.656266,17.972273,0.007014833,0.011681978,73226.46,0.9994553
2025-07-08 16:28:01.065,0.80633545,12.4229355,1.8609546,13.695403,18.02553,0.0070398096,0.011716594,73017.2,0.99945575
2025-07-08 16:29:01.065,0.8065033,12.420219,1.8613416,13.6511755,17.968548,0.0070130434,0.011679556,73253.766,0.99945605
2025-07-08 16:30:01.065,0.80605316,12.414902,1.8603015,13.645033,17.962864,0.0070103444,0.011675862,73286.74,0.99945664
2025-07-08 16:31:01.065,0.8059082,12.411934,1.8599663,13.650389,17.971254,0.0070142644,0.011681315,73257.984,0.999457
2025-07-08 16:32:01.065,0.8065033,12.408325,1.8613389,13.6509695,17.97365,0.0070153647,0.011682873,73254.87,0.9994575
2025-07-08 16:33:01.065,0.80667114,12.404892,1.8617253,13.665922,17.99489,0.007025314,0.011696679,73174.72,0.9994579
2025-07-08 16:34:01.065,0.8065033,12.400116,1.8613371,13.6587305,17.987583,0.007021852,0.01169193,73213.25,0.99945843
2025-07-08 16:35:01.065,0.8059082,12.393097,1.859962,13.678367,18.016623,0.007035439,0.011710805,73108.14,0.99945927
2025-07-08 16:36:01.065,0.80605316,12.389305,1.8602955,13.6647415,18.000393,0.007027796,0.011700256,73181.04,0.99945974
2025-07-08 16:37:01.065,0.80633545,12.38372,1.860946,13.647002,17.979551,0.0070179775,0.011686708,73276.164,0.9994604
2025-07-08 16:38:01.065,0.80620575,12.378403,1.8606454,13.660394,17.999603,0.007027356,0.011699742,73204.336,0.99946105
2025-07-08 16:39:01.065,0.8059082,12.372086,1.8599573,13.674355,18.020864,0.007037296,0.011713562,73129.59,0.99946177
2025-07-08 16:40:01.065,0.80620575,12.365051,1.8606426,13.640096,17.978899,0.0070175533,0.011686285,73313.266,0.99946266
2025-07-08 16:41:01.065,0.80605316,12.35955,1.8602891,13.658618,18.005806,0.007030148,0.011703774,73213.85,0.99946326
2025-07-08 16:42:01.065,0.8070984,12.352966,1.8626999,13.644289,17.989899,0.007022638,0.011693434,73290.734,0.99946404
2025-07-08 16:43:01.065,0.80680084,12.346207,1.8620116,13.665702,18.021198,0.007037285,0.011713779,73175.9,0.99946487
2025-07-08 16:44:01.065,0.80633545,12.338013,1.8609358,13.673921,18.035759,0.0070440685,0.011723244,73131.914,0.9994659
2025-07-08 16:45:01.065,0.82040405,12.332336,1.8934033,13.6920805,18.062296,0.0070564873,0.011740493,73034.92,0.99946654
2025-07-08 16:46:01.065,0.82040405,12.32476,1.8934016,13.653047,18.014242,0.0070338827,0.011709258,73243.73,0.99946743
2025-07-08 16:47:01.065,0.8206787,12.317085,1.894034,13.630502,17.987974,0.007021503,0.011692183,73364.87,0.9994683
2025-07-08 16:48:01.065,0.8209839,12.311043,1.8947369,13.621123,17.978336,0.007016942,0.011685918,73415.38,0.999469
2025-07-08 16:49:01.065,0.82056427,12.303101,1.8937666,13.606376,17.962467,0.007009443,0.011675604,73494.96,0.99947
2025-07-08 16:50:01.065,0.82056427,12.296066,1.8937651,13.663181,18.040659,0.0070460932,0.011726429,73189.4,0.99947083
2025-07-08 16:51:01.065,0.8206787,12.289124,1.8940277,13.639933,18.013115,0.0070331185,0.011708525,73314.15,0.9994716
2025-07-08 16:52:01.065,0.82056427,12.282806,1.8937622,13.608006,17.973818,0.007014637,0.011682982,73486.16,0.9994724
2025-07-08 16:53:01.065,0.8209839,12.275314,1.8947288,13.637935,18.016754,0.0070347376,0.011710891,73324.88,0.9994732
2025-07-08 16:54:01.065,0.8206787,12.268188,1.8940231,13.6064005,17.978327,0.0070166583,0.0116859125,73494.82,0.99947405
2025-07-08 16:55:01.065,0.82056427,12.259628,1.8937569,13.592551,17.96391,0.0070098387,0.011676541,73569.7,0.9994751
2025-07-08 16:56:01.065,0.8350525,12.251404,1.927192,13.601747,17.979794,0.007017235,0.011686866,73519.97,0.999476
2025-07-08 16:57:01.065,0.8347702,12.244003,1.9265388,13.602473,17.984114,0.007019215,0.011689674,73516.04,0.9994769
2025-07-08 16:58:01.065,0.8344345,12.234886,1.9257622,13.620154,18.011637,0.0070320694,0.011707564,73420.61,0.999478
2025-07-08 16:59:01.065,0.8350525,12.224243,1.927186,13.606468,17.998377,0.0070257774,0.0116989445,73494.46,0.9994792
2025-07-08 17:00:01.065,0.8344345,12.216293,1.9257579,13.59874,17.991768,0.007022621,0.011694649,73536.23,0.9994802
2025-07-08 17:01:01.065,0.8355408,12.20961,1.9283096,13.597033,17.992548,0.0070229447,0.011695157,73545.46,0.9994809
2025-07-08 17:02:01.065,0.8344345,12.201668,1.9257547,13.603436,18.004637,0.007028564,0.011703014,73510.836,0.99948186
2025-07-08 17:03:01.065,0.8355408,12.192543,1.9283057,13.589806,17.990746,0.007021985,0.011693984,73584.57,0.9994829
2025-07-08 17:04:01.065,0.83419037,12.182358,1.9251866,13.619815,18.035118,0.007042739,0.011722826,73422.44,0.9994842
2025-07-08 17:05:01.065,0.8349304,12.173149,1.9268926,13.596733,18.008747,0.0070303017,0.011705686,73547.08,0.9994852
2025-07-08 17:06:01.065,0.8340454,12.163658,1.924848,13.609688,18.030235,0.007040319,0.011719652,73477.07,0.9994863
2025-07-08 17:07:01.065,0.8345871,12.1547165,1.9260963,13.56447,17.974396,0.007014062,0.011683358,73722.01,0.9994873
2025-07-08 17:08:01.065,0.8347702,12.145592,1.9265168,13.580315,17.999548,0.0070257992,0.011699706,73636,0.9994884
2025-07-08 17:09:01.065,0.8345871,12.136024,1.926092,13.57129,17.991945,0.0070221666,0.011694765,73684.96,0.9994895
2025-07-08 17:10:01.065,0.8347702,12.127975,1.9265128,13.556675,17.976234,0.0070147403,0.011684553,73764.4,0.99949044
2025-07-08 17:11:01.065,0.83419037,12.118408,1.9251726,13.560921,17.986221,0.007019363,0.011691044,73741.305,0.9994915
2025-07-08 17:12:01.065,0.83419037,12.109283,1.9251705,13.544493,17.968586,0.007011026,0.011679581,73830.74,0.9994925
2025-07-08 17:13:01.065,0.8493118,12.098259,1.9600657,13.545891,17.975462,0.0070141777,0.01168405,73823.125,0.99949384
2025-07-08 17:14:01.065,0.8488083,12.087318,1.9589014,13.532735,17.962986,0.0070082485,0.011675941,73894.89,0.9994951
2025-07-08 17:15:01.065,0.84989166,12.07711,1.9613992,13.530179,17.964243,0.0070087686,0.0116767585,73908.85,0.9994963
2025-07-08 17:16:01.065,0.84989166,12.067619,1.9613973,13.513053,17.945822,0.0070000654,0.011664784,74002.52,0.99949735
2025-07-08 17:17:01.065,0.8495941,12.057495,1.9607081,13.534872,17.979416,0.0070157535,0.01168662,73883.23,0.99949855
2025-07-08 17:18:01.065,0.8488083,12.047455,1.9588923,13.518786,17.962626,0.0070078066,0.011675706,73971.14,0.9994997
2025-07-08 17:19:01.065,0.8495941,12.037521,1.9607034,13.472764,17.905989,0.006981175,0.011638893,74223.82,0.9995009
2025-07-08 17:20:01.065,0.8497467,12.025948,1.9610533,13.478569,17.918968,0.0069871824,0.01164733,74191.85,0.9995021
2025-07-08 17:21:01.065,0.8631668,12.015732,1.9920217,13.4589,17.897463,0.006977026,0.0116333505,74300.27,0.9995034
2025-07-08 17:22:01.065,0.8489685,12.006233,1.9592528,13.43096,17.864616,0.00696156,0.011612001,74454.84,0.9995044
2025-07-08 17:23:01.065,0.8491211,11.997101,1.9596028,13.463942,17.912643,0.006984017,0.011643219,74272.45,0.99950546
2025-07-08 17:24:01.065,0.8638077,11.986786,1.9934942,13.480934,17.939953,0.0069967504,0.011660969,74178.836,0.99950665
2025-07-08 17:25:01.065,0.8638077,11.974304,1.9934914,13.461715,17.920061,0.006987335,0.011648039,74284.74,0.9995081
2025-07-08 17:26:01.065,0.86367035,11.961464,1.9931716,13.479922,17.95016,0.00700136,0.011667603,74184.41,0.9995095
2025-07-08 17:27:01.065,0.8631668,11.948883,1.9920067,13.446471,17.911346,0.0069830716,0.011642376,74368.95,0.99951094
2025-07-08 17:28:01.065,0.8638077,11.937843,1.9934832,13.426799,17.890165,0.0069730612,0.011628607,74477.914,0.9995122
2025-07-08 17:29:01.065,0.86395264,11.925629,1.9938151,13.392477,17.849983,0.006954137,0.011602489,74668.79,0.99951357
2025-07-08 17:30:01.065,0.86305237,11.915672,1.991735,13.375344,17.831669,0.0069454815,0.011590585,74764.43,0.99951464
2025-07-08 17:31:01.065,0.8631668,11.905449,1.9919969,13.356824,17.811613,0.0069360104,0.011577548,74868.1,0.99951583
2025-07-08 17:32:01.065,0.878006,11.895226,2.02624,13.375925,17.841732,0.006950057,0.011597126,74761.19,0.99951696
2025-07-08 17:33:01.065,0.8776932,11.884895,2.0255158,13.360184,17.825426,0.00694234,0.011586527,74849.27,0.99951816
2025-07-08 17:34:01.065,0.8787308,11.8736725,2.0279078,13.343022,17.807623,0.006933915,0.011574955,74945.54,0.9995194
2025-07-08 17:35:01.065,0.878006,11.861267,2.0262322,13.335087,17.802662,0.006931504,0.0115717305,74990.14,0.9995208
2025-07-08 17:36:01.065,0.878006,11.84877,2.0262296,13.344256,17.820581,0.0069398116,0.011583379,74938.61,0.99952215
2025-07-08 17:37:01.065,0.8783035,11.835632,2.0269132,13.324173,17.799726,0.006929946,0.011569822,75051.56,0.9995237
2025-07-08 17:38:01.065,0.8776932,11.824051,2.025502,13.309393,17.785236,0.0069230706,0.011560404,75134.91,0.99952495
2025-07-08 17:39:01.065,0.8781662,11.811371,2.0265906,13.287714,17.762016,0.0069120987,0.011545311,75257.49,0.9995264
2025-07-08 17:40:01.065,0.878006,11.800133,2.0262184,13.271903,17.745972,0.006904505,0.011534882,75347.15,0.99952763
2025-07-08 17:41:01.065,0.8781662,11.787903,2.0265853,13.234401,17.701357,0.006883516,0.011505882,75560.66,0.999529
2025-07-08 17:42:01.065,0.87729645,11.775116,2.0245755,13.219842,17.687662,0.0068770107,0.011496981,75643.87,0.9995304
2025-07-08 17:43:01.065,0.8927002,11.761803,2.0601203,13.207328,17.676933,0.006871887,0.011490007,75715.55,0.99953187
2025-07-08 17:44:01.065,0.8775482,11.749298,2.0251508,13.219181,17.698454,0.0068818796,0.011503995,75647.65,0.99953324
2025-07-08 17:45:01.065,0.8921051,11.735611,2.058741,13.237609,17.729332,0.006896245,0.011524065,75542.34,0.9995348
2025-07-08 17:46:01.065,0.8921051,11.722366,2.058738,13.207829,17.695444,0.0068802736,0.011502039,75712.664,0.9995363
2025-07-08 17:47:01.065,0.8918152,11.709587,2.0580664,13.172608,17.654028,0.0068607866,0.011475118,75915.11,0.9995376
2025-07-08 17:48:01.065,0.8918152,11.695084,2.0580628,13.134201,17.609093,0.0068396414,0.01144591,76137.1,0.99953926
2025-07-08 17:49:01.065,0.8919449,11.68029,2.058359,13.104492,17.57592,0.0068240035,0.011424349,76309.71,0.9995408
2025-07-08 17:50:01.065,0.8921051,11.66732,2.0587256,13.125859,17.610428,0.0068400633,0.011446778,76185.49,0.9995423
2025-07-08 17:51:01.065,0.8916702,11.654259,2.057719,13.11002,17.595066,0.0068327775,0.011436793,76277.54,0.9995437
2025-07-08 17:52:01.065,0.8922577,11.641205,2.0590715,13.114298,17.606699,0.0068381294,0.011444354,76252.66,0.99954516
2025-07-08 17:53:01.065,0.90618896,11.628044,2.0912182,13.094917,17.586615,0.0068286303,0.0114313,76365.51,0.9995466
2025-07-08 17:54:01.065,0.9063034,11.613609,2.0914788,13.087375,17.582996,0.0068268282,0.011428948,76409.516,0.99954814
2025-07-08 17:55:01.065,0.90665436,11.601181,2.0922859,13.066921,17.561117,0.006816498,0.011414726,76529.125,0.9995495
2025-07-08 17:56:01.065,0.90618896,11.587288,2.091209,13.056604,17.553513,0.006812838,0.011409783,76589.59,0.999551
2025-07-08 17:57:01.065,0.9064789,11.5735855,2.0918746,13.045609,17.544905,0.0068087066,0.011404187,76654.14,0.9995525
2025-07-08 17:58:01.065,0.90665436,11.559883,2.0922763,13.038275,17.541214,0.0068068774,0.011401789,76697.266,0.99955404
2025-07-08 17:59:01.065,0.9071045,11.545265,2.0933123,12.99073,17.483816,0.0067799124,0.0113644805,76977.97,0.9995555
2025-07-08 18:00:01.065,0.92069244,11.530273,2.1246655,12.980223,17.47641,0.0067763384,0.0113596665,77040.28,0.99955714
2025-07-08 18:01:01.065,0.92059326,11.515648,2.124433,12.972853,17.473057,0.0067746593,0.011357487,77084.05,0.9995587
2025-07-08 18:02:01.065,0.9211731,11.50193,2.125768,12.97001,17.475395,0.0067756544,0.011359007,77100.945,0.99956024
2025-07-08 18:03:01.065,0.92103577,11.487854,2.125448,12.965364,17.475468,0.00677558,0.011359055,77128.57,0.9995617
2025-07-08 18:04:01.065,0.92103577,11.473221,2.1254447,12.955783,17.469133,0.0067725084,0.011354937,77185.61,0.9995633
2025-07-08 18:05:01.065,0.92069244,11.457779,2.1246488,12.929009,17.439968,0.0067587504,0.011335979,77345.445,0.99956495
2025-07-08 18:06:01.065,0.92128754,11.442604,2.1260188,12.924657,17.440916,0.00675908,0.011336595,77371.49,0.9995666
2025-07-08 18:07:01.065,0.9204483,11.427689,2.1240785,12.916357,17.43642,0.0067568626,0.011333673,77421.21,0.99956816
2025-07-08 18:08:01.065,0.9211731,11.413506,2.125748,12.914214,17.439905,0.006758388,0.011335938,77434.055,0.9995697
2025-07-08 18:09:01.065,0.93510437,11.3964,2.1578925,12.858517,17.372353,0.0067266715,0.011292029,77769.47,0.99957156
2025-07-08 18:10:01.065,0.9346771,11.380775,2.156903,12.868242,17.392506,0.006735973,0.011305128,77710.69,0.9995732
2025-07-08 18:11:01.065,0.9346771,11.363121,2.156899,12.856235,17.3842,0.006731956,0.01129973,77783.27,0.9995751
2025-07-08 18:12:01.065,0.9355545,11.347664,2.15892,12.818613,17.34025,0.006711293,0.011271163,78011.56,0.9995767
2025-07-08 18:13:01.065,0.93510437,11.332565,2.157878,12.8283,17.360126,0.0067204703,0.011284082,77952.65,0.9995783
2025-07-08 18:14:01.065,0.9355545,11.316643,2.1589131,12.782674,17.305504,0.006694815,0.011248577,78230.89,0.9995799
2025-07-08 18:15:01.065,0.94924927,11.299255,2.1905115,12.775557,17.303648,0.0066938144,0.011247371,78274.48,0.99958175
2025-07-08 18:16:01.065,0.9486389,11.282875,2.1890993,12.792321,17.3337,0.006707733,0.011266906,78171.9,0.9995834
2025-07-08 18:17:01.065,0.94924927,11.2664795,2.190504,12.764876,17.303856,0.006693659,0.011247506,78339.97,0.99958515
2025-07-08 18:18:01.065,0.94981384,11.249725,2.191803,12.745175,17.284645,0.006684553,0.011235019,78461.06,0.99958694
2025-07-08 18:19:01.065,0.94879913,11.231598,2.1894574,12.767887,17.323582,0.006702606,0.011260328,78321.49,0.9995888
2025-07-08 18:20:01.065,0.9494934,11.213387,2.1910553,12.754486,17.31357,0.006697787,0.011253821,78403.79,0.9995907
2025-07-08 18:21:01.065,0.9494934,11.196075,2.1910512,12.714612,17.267193,0.0066759824,0.011223676,78649.664,0.99959254
2025-07-08 18:22:01.065,0.96365356,11.179031,2.2237236,12.687946,17.238602,0.006662494,0.011205091,78814.96,0.9995943
2025-07-08 18:23:01.065,0.9634857,11.160362,2.223332,12.669523,17.221912,0.0066545513,0.011194243,78929.57,0.9995962
2025-07-08 18:24:01.065,0.96419525,11.141228,2.2249649,12.681638,17.24695,0.006666094,0.011210517,78854.17,0.9995982
2025-07-08 18:25:01.065,0.9638977,11.121803,2.2242737,12.678798,17.251791,0.0066682026,0.011213665,78871.83,0.9996002
2025-07-08 18:26:01.065,0.9634857,11.102554,2.2233186,12.625201,17.187462,0.0066380072,0.01117185,79206.66,0.9996022
2025-07-08 18:27:01.065,0.9637604,11.083321,2.2239478,12.634886,17.209253,0.006648029,0.011186015,79145.945,0.9996041
2025-07-08 18:28:01.065,0.96365356,11.065445,2.2236977,12.622016,17.199722,0.006643436,0.01117982,79226.65,0.99960595
2025-07-08 18:29:01.065,0.963356,11.050858,2.2230074,12.611217,17.191532,0.0066394974,0.011174496,79294.49,0.9996075
2025-07-08 18:30:01.065,0.9784622,11.0338745,2.2578623,12.590068,17.170296,0.006629446,0.011160693,79427.69,0.9996092
2025-07-08 18:31:01.065,0.9781647,11.014717,2.257171,12.626619,17.228743,0.00665658,0.011198683,79197.766,0.99961114
2025-07-08 18:32:01.065,0.9781647,10.998199,2.2571673,12.586515,17.181417,0.006634351,0.011167922,79450.11,0.9996128
2025-07-08 18:33:01.065,0.9781647,10.979477,2.2571633,12.563762,17.158733,0.006623609,0.011153176,79593.99,0.9996146
2025-07-08 18:34:01.065,0.9790497,10.962143,2.2592013,12.568223,17.17259,0.0066299373,0.011162183,79565.74,0.99961644
2025-07-08 18:35:01.065,0.9924698,10.943504,2.2901645,12.559816,17.169455,0.0066283215,0.0111601455,79619,0.99961835
2025-07-08 18:36:01.065,0.99157715,10.925507,2.2881007,12.527793,17.13373,0.006611499,0.011136924,79822.52,0.9996201
2025-07-08 18:37:01.065,0.9916916,10.90834,2.288361,12.524716,17.137207,0.0066129835,0.011139184,79842.125,0.99962175
2025-07-08 18:38:01.065,0.99201965,10.8908,2.2891138,12.51209,17.127783,0.006608438,0.011133059,79922.7,0.99962354
2025-07-08 18:39:01.065,0.9924698,10.870689,2.290148,12.484211,17.09861,0.0065946616,0.011114096,80101.18,0.99962556
2025-07-08 18:40:01.065,1.0067062,10.85186,2.3229945,12.422069,17.021883,0.0065587093,0.011064224,80501.89,0.9996275
2025-07-08 18:41:01.065,1.0068893,10.833397,2.323413,12.428338,17.038706,0.0065664053,0.011075159,80461.28,0.99962926
2025-07-08 18:42:01.065,1.0065918,10.814476,2.322722,12.427986,17.04667,0.006569965,0.011080336,80463.56,0.9996311
2025-07-08 18:43:01.065,1.0067062,10.797554,2.322982,12.426105,17.05165,0.0065721464,0.011083572,80475.74,0.99963284
2025-07-08 18:44:01.065,1.0070038,10.779167,2.3236647,12.403617,17.028997,0.006561428,0.011068848,80621.65,0.99963456
2025-07-08 18:45:01.065,1.0067062,10.75914,2.3229735,12.360936,16.979319,0.0065380936,0.011036557,80900.02,0.99963653
2025-07-08 18:46:01.065,1.0067062,10.7400055,2.322969,12.378699,17.012259,0.006553295,0.011057967,80783.93,0.99963844
2025-07-08 18:47:01.065,1.0211334,10.721794,2.3562553,12.348458,16.978813,0.006537546,0.011036228,80981.766,0.9996402
2025-07-08 18:48:01.065,1.0071335,10.70266,2.3239465,12.331199,16.963606,0.0065302947,0.011026344,81095.12,0.999642
2025-07-08 18:49:01.065,1.0211334,10.681335,2.3562462,12.301564,16.932327,0.006515534,0.011006013,81290.48,0.9996441
2025-07-08 18:50:01.065,1.0212631,10.662376,2.3565412,12.266608,16.892632,0.0064968728,0.010980211,81522.125,0.99964595
2025-07-08 18:51:01.065,1.021431,10.643982,2.3569243,12.271881,16.908075,0.0065039163,0.010990249,81487.1,0.9996477
2025-07-08 18:52:01.065,1.0210266,10.624634,2.355987,12.236388,16.867762,0.0064849653,0.010964045,81723.46,0.9996496
2025-07-08 18:53:01.065,1.0216904,10.6064,2.3575144,12.220813,16.854382,0.0064785765,0.010955349,81827.62,0.9996514
2025-07-08 18:54:01.065,1.0357132,10.585503,2.3898666,12.237113,16.886158,0.0064932033,0.0109760035,81718.62,0.9996534
2025-07-08 18:55:01.065,1.0359726,10.564255,2.3904605,12.220019,16.872019,0.0064864345,0.010966812,81832.93,0.99965537
2025-07-08 18:56:01.065,1.0351181,10.544632,2.3884842,12.210099,16.86705,0.0064839507,0.010963582,81899.414,0.9996573
2025-07-08 18:57:01.065,1.0357132,10.52565,2.3898532,12.197517,16.858112,0.0064796237,0.010957773,81983.9,0.99965906
2025-07-08 18:58:01.065,1.0354156,10.506302,2.389162,12.161008,16.81624,0.0064599523,0.010930556,82230.02,0.9996609
2025-07-08 18:59:01.065,1.0499802,10.489243,2.4227653,12.149335,16.807673,0.0064558135,0.0109249875,82309.03,0.99966246
2025-07-08 19:00:01.065,1.0361328,10.471893,2.3908093,12.149023,16.814949,0.006459053,0.010929717,82311.15,0.9996642
2025-07-08 19:01:01.065,1.0501633,10.453354,2.4231796,12.119974,16.78297,0.0064439997,0.0109089315,82508.43,0.99966586
2025-07-08 19:02:01.065,1.0499802,10.434639,2.4227526,12.071431,16.724028,0.0064163944,0.010870619,82840.22,0.9996676
2025-07-08 19:03:01.065,1.0503769,10.416832,2.423664,12.08845,16.755503,0.006430893,0.010891076,82723.586,0.99966925
2025-07-08 19:04:01.065,1.0498505,10.399559,2.4224453,12.076382,16.746433,0.0064265206,0.010885182,82806.26,0.9996709
2025-07-08 19:05:01.065,1.0641098,10.381653,2.4553437,12.082981,16.763535,0.0064343233,0.010896298,82761.03,0.99967253
2025-07-08 19:06:01.065,1.0641098,10.363556,2.4553394,12.052411,16.729145,0.0064181546,0.0108739445,82970.95,0.99967426
2025-07-08 19:07:01.065,1.0645523,10.3461075,2.4563563,12.024647,16.698332,0.0064036604,0.0108539155,83162.52,0.99967587
2025-07-08 19:08:01.065,1.0641098,10.328011,2.4553313,12.056362,16.750414,0.0064277425,0.010887769,82943.76,0.99967754
2025-07-08 19:09:01.065,1.0642853,10.30806,2.4557316,11.999572,16.680344,0.0063949544,0.010842224,83336.305,0.9996794
2025-07-08 19:10:01.065,1.0644226,10.289581,2.4560444,12.034184,16.73667,0.006421002,0.010878835,83096.62,0.9996811
2025-07-08 19:11:01.065,1.0648193,10.272667,2.4569561,11.993329,16.687347,0.0063978983,0.010846776,83379.69,0.9996826
2025-07-08 19:12:01.065,1.0641098,10.255753,2.455315,11.961736,16.650873,0.0063807787,0.010823067,83599.91,0.9996842
2025-07-08 19:13:01.065,1.0649948,10.239197,2.4573534,11.956302,16.650639,0.0063805226,0.0108229155,83637.91,0.99968565
2025-07-08 19:14:01.065,1.078392,10.221901,2.4882622,11.915902,16.602015,0.006357749,0.01079131,83921.47,0.9996872
2025-07-08 19:15:01.065,1.0795898,10.202591,2.4910214,11.943787,16.649422,0.006379625,0.010822124,83725.54,0.99968904
2025-07-08 19:16:01.065,1.0787201,10.186295,2.489011,11.925037,16.6305,0.0063706785,0.010809826,83857.18,0.9996904
2025-07-08 19:17:01.065,1.0787201,10.170372,2.4890072,11.921697,16.632896,0.006371649,0.010811383,83880.68,0.9996919
2025-07-08 19:18:01.065,1.078392,10.156189,2.4882474,11.894337,16.600998,0.0063566845,0.010790649,84073.625,0.99969316
2025-07-08 19:19:01.065,1.0789948,10.137596,2.4896338,11.883055,16.593475,0.006353019,0.010785759,84153.445,0.9996948
2025-07-08 19:20:01.065,1.0788498,10.12001,2.4892952,11.880658,16.597916,0.0063549224,0.010788646,84170.42,0.99969643
2025-07-08 19:21:01.065,1.0931549,10.10334,2.5222986,11.882054,16.607254,0.0063591124,0.010794715,84160.53,0.9996979
2025-07-08 19:22:01.065,1.0928421,10.087776,2.5215733,11.86716,16.59333,0.0063524954,0.010785665,84266.164,0.9996993
2025-07-08 19:23:01.065,1.0929871,10.069542,2.5219038,11.856365,16.586313,0.006349067,0.010781104,84342.88,0.9997009
2025-07-08 19:24:01.065,1.0932999,10.051933,2.5226216,11.829521,16.55655,0.0063350704,0.010761757,84534.27,0.9997025
2025-07-08 19:25:01.065,1.0931549,10.031471,2.5222826,11.841895,16.58294,0.0063471464,0.0107789105,84445.945,0.9997043
2025-07-08 19:26:01.065,1.0928421,10.011276,2.5215564,11.810844,16.548395,0.0063309027,0.010756457,84667.95,0.9997061
2025-07-08 19:27:01.065,1.0929871,9.993668,2.5218868,11.811704,16.557402,0.006334925,0.0107623115,84661.79,0.99970764
2025-07-08 19:28:01.065,1.0931549,9.977524,2.5222704,11.7836485,16.525217,0.006319817,0.01074139,84863.36,0.99970907
2025-07-08 19:29:01.065,1.107727,9.961197,2.5558898,11.772046,16.516169,0.0063154604,0.010735509,84947,0.9997105
2025-07-08 19:30:01.065,1.107727,9.9444275,2.5558858,11.768346,16.5184,0.0063163405,0.01073696,84973.71,0.999712
2025-07-08 19:31:01.065,1.1079025,9.9268875,2.5562868,11.744697,16.49296,0.006304357,0.010720424,85144.81,0.9997135
2025-07-08 19:32:01.065,1.107132,9.907234,2.5545046,11.7272625,16.477163,0.006296835,0.010710156,85271.39,0.9997152
2025-07-08 19:33:01.065,1.1224823,9.886543,2.5899181,11.689907,16.433804,0.006276503,0.010681972,85543.88,0.99971694
2025-07-08 19:34:01.065,1.1220703,9.866142,2.5889633,11.699202,16.455885,0.0062865643,0.0106963245,85475.92,0.99971867
2025-07-08 19:35:01.065,1.1220703,9.846657,2.5889587,11.696421,16.46059,0.0062885657,0.010699384,85496.24,0.9997204
2025-07-08 19:36:01.065,1.1222153,9.829475,2.5892892,11.65246,16.406301,0.006263192,0.010664096,85818.79,0.9997219
2025-07-08 19:37:01.065,1.1212997,9.810646,2.587173,11.640119,16.397228,0.0062587988,0.010658199,85909.78,0.99972343
2025-07-08 19:38:01.065,1.1224823,9.792427,2.5898974,11.664836,16.440105,0.0062785363,0.010686069,85727.734,0.99972504
2025-07-08 19:39:01.065,1.1214447,9.771172,2.5874984,11.625257,16.393703,0.006256789,0.010655907,86019.61,0.99972683
2025-07-08 19:40:01.065,1.1222153,9.749451,2.5892718,11.609448,16.380995,0.0062506823,0.010647646,86136.734,0.9997286
2025-07-08 19:41:01.065,1.1360397,9.728828,2.621164,11.5937605,16.367956,0.0062444312,0.010639171,86253.29,0.9997304
2025-07-08 19:42:01.065,1.1219025,9.710243,2.5885413,11.564838,16.33531,0.0062291017,0.010617952,86469,0.999732
2025-07-08 19:43:01.065,1.1358948,9.689247,2.620821,11.56439,16.343935,0.0062329024,0.0106235575,86472.35,0.99973375
2025-07-08 19:44:01.065,1.1360397,9.668983,2.6211507,11.548317,16.33015,0.0062263105,0.010614598,86592.7,0.9997354
2025-07-08 19:45:01.065,1.1357651,9.649178,2.6205127,11.563183,16.359924,0.006239935,0.010633951,86481.38,0.99973714
2025-07-08 19:46:01.065,1.1358948,9.631958,2.6208084,11.519473,16.30567,0.0062145935,0.010598686,86809.52,0.9997385
2025-07-08 19:47:01.065,1.1506424,9.611687,2.6548307,11.494545,16.279306,0.0062021664,0.010581549,86997.79,0.9997402
2025-07-08 19:48:01.065,1.1504822,9.592705,2.654457,11.484215,16.273031,0.0061990716,0.01057747,87076.05,0.9997417
2025-07-08 19:49:01.065,1.1509857,9.572502,2.6556141,11.494337,16.296286,0.0062096585,0.010592586,86999.36,0.99974346
2025-07-08 19:50:01.065,1.1508102,9.554993,2.6552057,11.483101,16.288076,0.00620568,0.010587249,87084.49,0.99974483
2025-07-08 19:51:01.065,1.1654129,9.536552,2.6888936,11.433312,16.225563,0.006176507,0.010546616,87463.72,0.9997463
2025-07-08 19:52:01.065,1.165268,9.518761,2.688555,11.429347,16.22776,0.006177352,0.010548045,87494.06,0.9997478
2025-07-08 19:53:01.065,1.1651001,9.498566,2.6881635,11.4171295,16.219296,0.006173229,0.010542542,87587.69,0.9997494
2025-07-08 19:54:01.065,1.1656952,9.481407,2.6895328,11.414746,16.223463,0.006174992,0.010545251,87605.98,0.9997508
2025-07-08 19:55:01.065,1.1644974,9.4607315,2.6867645,11.401249,16.21338,0.0061701117,0.010538698,87709.69,0.9997525
2025-07-08 19:56:01.065,1.1791458,9.443291,2.7205582,11.382478,16.194359,0.00616112,0.010526333,87854.336,0.9997539
2025-07-08 19:57:01.065,1.1795654,9.425476,2.7215223,11.380703,16.199677,0.0061634085,0.010529789,87868.03,0.9997553
2025-07-08 19:58:01.065,1.1798782,9.410538,2.7222407,11.368502,16.188883,0.0061582564,0.010522774,87962.336,0.9997565
2025-07-08 19:59:01.065,1.1788559,9.393646,2.7198782,11.347265,16.166069,0.006147514,0.010507945,88126.96,0.9997579
2025-07-08 20:00:01.065,1.17939,9.377495,2.7211072,11.368868,16.203966,0.006164917,0.010532578,87959.51,0.99975914
2025-07-08 20:01:01.065,1.1793213,9.360779,2.720945,11.336144,16.164682,0.0061465423,0.010507043,88213.414,0.9997605
2025-07-08 20:02:01.065,1.1793213,9.34388,2.7209413,11.333495,16.168344,0.0061480706,0.010509424,88234.03,0.9997618
2025-07-08 20:03:01.065,1.1789932,9.3280945,2.720181,11.312889,16.145895,0.0061375075,0.010494832,88394.75,0.99976313
2025-07-08 20:04:01.065,1.1791458,9.31295,2.72053,11.330341,16.17748,0.0061519877,0.010515362,88258.59,0.99976426
2025-07-08 20:05:01.065,1.1795654,9.295387,2.7214942,11.318895,16.168882,0.0061478233,0.010509774,88347.84,0.9997657
2025-07-08 20:06:01.065,1.1936111,9.279228,2.7538974,11.264947,16.098915,0.0061152503,0.010464295,88770.945,0.9997668
2025-07-08 20:07:01.065,1.1936111,9.263138,2.7538934,11.2947035,16.148535,0.0061380686,0.010496547,88537.07,0.9997682
2025-07-08 20:08:01.065,1.1936111,9.246788,2.75389,11.270495,16.12112,0.0061252043,0.010478728,88727.24,0.99976945
2025-07-08 20:09:01.065,1.1938934,9.231171,2.754538,11.262696,16.116842,0.0061230627,0.0104759475,88788.69,0.9997707
2025-07-08 20:10:01.065,1.1944809,9.216843,2.7558904,11.2380295,16.087843,0.006109485,0.010457098,88983.57,0.9997717
2025-07-08 20:11:01.065,1.1940536,9.203453,2.754902,11.232713,16.086123,0.006108552,0.01045598,89025.69,0.9997728
2025-07-08 20:12:01.065,1.1934509,9.188568,2.7535079,11.221374,16.07643,0.00610391,0.010449679,89115.65,0.9997739
2025-07-08 20:13:01.065,1.2085266,9.174248,2.7882874,11.202894,16.056246,0.0060944185,0.01043656,89262.65,0.99977505
2025-07-08 20:14:01.065,1.2080994,9.158516,2.7872982,11.187974,16.04177,0.006087556,0.010427151,89381.69,0.99977624
2025-07-08 20:15:01.065,1.2073593,9.143257,2.7855878,11.174472,16.029108,0.006081537,0.01041892,89489.69,0.9997774
2025-07-08 20:16:01.065,1.2083511,9.128365,2.7878728,11.180183,16.043846,0.0060882056,0.010428499,89443.97,0.99977857
2025-07-08 20:17:01.065,1.2085266,9.114853,2.788275,11.1642685,16.026945,0.00608024,0.0104175145,89571.48,0.9997795
2025-07-08 20:18:01.065,1.2079239,9.100433,2.786881,11.15463,16.019442,0.0060766176,0.010412637,89648.875,0.99978065
2025-07-08 20:19:01.065,1.2073593,9.086838,2.7855759,11.156666,16.028341,0.0060805962,0.0104184225,89632.516,0.99978167
2025-07-08 20:20:01.065,1.2089691,9.072403,2.7892866,11.154374,16.0314,0.0060818605,0.010420411,89650.93,0.9997828
2025-07-08 20:21:01.065,1.2076416,9.058136,2.7862208,11.132695,16.006512,0.006070192,0.010404233,89825.51,0.9997839
2025-07-08 20:22:01.065,1.222992,9.044167,2.8216336,11.144103,16.029062,0.0060804817,0.01041889,89733.555,0.9997849
2025-07-08 20:23:01.065,1.2228317,9.028511,2.8212605,11.136114,16.024464,0.0060781883,0.010415901,89797.93,0.9997861
2025-07-08 20:24:01.065,1.2228317,9.013779,2.8212576,11.13547,16.03003,0.006080608,0.010419519,89803.125,0.99978715
2025-07-08 20:25:01.065,1.2225647,9.001205,2.820639,11.070157,15.941517,0.006039529,0.010361985,90332.95,0.9997881
2025-07-08 20:26:01.065,1.2221222,8.987396,2.8196151,11.082072,15.96474,0.006050124,0.010377081,90235.83,0.9997891
2025-07-08 20:27:01.065,1.2222672,8.974709,2.8199468,11.080058,15.967413,0.0060512275,0.010378819,90252.234,0.9997901
2025-07-08 20:28:01.065,1.2362976,8.962128,2.8523145,11.087785,15.984082,0.0060588047,0.010389654,90189.34,0.999791
2025-07-08 20:29:01.065,1.2376251,8.945984,2.8553739,11.077701,15.976646,0.0060551935,0.01038482,90271.44,0.9997922
2025-07-08 20:30:01.065,1.2371979,8.931526,2.854385,11.072981,15.976203,0.0060548335,0.010384533,90309.92,0.9997933
2025-07-08 20:31:01.065,1.2368546,8.9175415,2.85359,11.056824,15.959041,0.0060467473,0.010373376,90441.89,0.9997943
2025-07-08 20:32:01.065,1.2367249,8.902786,2.8532877,11.040177,15.941499,0.0060384776,0.010361974,90578.26,0.99979544
2025-07-08 20:33:01.065,1.2370224,8.889633,2.8539712,11.058886,15.974308,0.0060535073,0.0103833005,90425.02,0.99979633
2025-07-08 20:34:01.065,1.2367249,8.873383,2.8532815,11.064191,15.98914,0.0060601914,0.010392941,90381.664,0.9997975
2025-07-08 20:35:01.065,1.2367249,8.855827,2.853278,11.056214,15.985358,0.0060582543,0.010390484,90446.875,0.99979883
2025-07-08 20:36:01.065,1.2368546,8.840889,2.853574,11.025354,15.94732,0.0060405023,0.010365758,90700.03,0.99979985
2025-07-08 20:37:01.065,1.2370224,8.823891,2.853958,11.013779,15.93806,0.0060360366,0.010359739,90795.36,0.9998011
2025-07-08 20:38:01.065,1.2510834,8.808197,2.886395,11.000866,15.926284,0.0060304236,0.010352084,90901.94,0.9998022
2025-07-08 20:39:01.065,1.2514954,8.791756,2.8873422,10.995265,15.925414,0.0060298406,0.010351519,90948.24,0.99980336
2025-07-08 20:40:01.065,1.2514954,8.775581,2.8873389,10.984242,15.916572,0.006025579,0.010345771,91039.51,0.9998045
2025-07-08 20:41:01.065,1.2516708,8.760628,2.8877404,10.988072,15.928712,0.006031026,0.010353663,91007.77,0.9998056
2025-07-08 20:42:01.065,1.2516708,8.744545,2.8877373,10.980059,15.924187,0.0060287593,0.010350722,91074.195,0.9998067
2025-07-08 20:43:01.065,1.2516708,8.72921,2.8877344,10.975553,15.924417,0.006028695,0.010350871,91111.586,0.9998078
2025-07-08 20:44:01.065,1.2507858,8.712189,2.8856888,10.961854,15.912046,0.0060227932,0.01034283,91225.445,0.999809
2025-07-08 20:45:01.065,1.2662811,8.698441,2.9214354,10.949484,15.900151,0.006017143,0.010335099,91328.51,0.99981
2025-07-08 20:46:01.065,1.2664642,8.680565,2.921854,10.945491,15.902237,0.006017909,0.010336454,91361.82,0.99981123
2025-07-08 20:47:01.065,1.2509537,8.664009,2.8860662,10.936326,15.896226,0.006014948,0.010332547,91438.38,0.99981236
2025-07-08 20:48:01.065,1.2655792,8.646133,2.919805,10.948319,15.921559,0.0060264533,0.010349014,91338.22,0.9998137
2025-07-08 20:49:01.065,1.2660217,8.628723,2.9208224,10.919333,15.887088,0.006010335,0.010326607,91580.68,0.99981487
2025-07-08 20:50:01.065,1.2658463,8.610634,2.920414,10.900971,15.868351,0.0060014734,0.010314428,91734.945,0.9998161
2025-07-08 20:51:01.065,1.2658463,8.592758,2.9204106,10.910603,15.890268,0.006011398,0.010328675,91653.97,0.9998173
2025-07-08 20:52:01.065,1.2652664,8.5774,2.9190695,10.898202,15.878991,0.0060060164,0.010321344,91758.26,0.99981844
2025-07-08 20:53:01.065,1.2809296,8.561272,2.9552023,10.869401,15.844139,0.0059897397,0.010298691,92001.39,0.9998195
2025-07-08 20:54:01.065,1.2797852,8.54628,2.9525595,10.887562,15.87724,0.0060048564,0.010320206,91847.93,0.9998205
2025-07-08 20:55:01.065,1.2802124,8.530258,2.9535415,10.89113,15.889535,0.0060103545,0.010328198,91817.836,0.9998216
2025-07-08 20:56:01.065,1.2797852,8.514694,2.9525528,10.864389,15.857396,0.005995334,0.010307307,92043.83,0.9998227
2025-07-08 20:57:01.065,1.2799301,8.4989395,2.9528842,10.856813,15.853302,0.0059932643,0.010304646,92108.055,0.99982375
2025-07-08 20:58:01.065,1.2945862,8.484215,2.9866936,10.839837,15.835017,0.0059846537,0.010292761,92252.31,0.9998247
2025-07-08 20:59:01.065,1.2947006,8.466591,2.986954,10.805521,15.792653,0.005964897,0.010265225,92545.28,0.99982595
2025-07-08 21:00:01.065,1.2948456,8.450256,2.9872854,10.833168,15.840283,0.005986698,0.010296184,92309.1,0.999827
2025-07-08 21:01:01.065,1.2938385,8.434502,2.984959,10.806305,15.807959,0.0059715947,0.010275174,92538.57,0.99982804
2025-07-08 21:02:01.065,1.2954407,8.418259,2.9886518,10.787239,15.787233,0.0059618438,0.010261702,92702.125,0.9998292
2025-07-08 21:03:01.065,1.2941132,8.39959,2.9855857,10.789857,15.799311,0.0059672045,0.010269552,92679.63,0.99983037
2025-07-08 21:04:01.065,1.294426,8.383713,2.986304,10.799067,15.819819,0.0059764837,0.010282883,92600.59,0.99983144
2025-07-08 21:05:01.065,1.2949829,8.364548,2.9875853,10.7672615,15.78169,0.005958667,0.010258098,92874.125,0.9998327
2025-07-08 21:06:01.065,1.3086243,8.348595,3.0190532,10.755497,15.77149,0.0059537753,0.010251469,92975.71,0.99983376
2025-07-08 21:07:01.065,1.3092117,8.332336,3.0204055,10.756514,15.780167,0.0059575895,0.010257108,92966.92,0.9998348
2025-07-08 21:08:01.065,1.3093109,8.317863,3.0206316,10.730719,15.748712,0.00594291,0.010236663,93190.41,0.99983567
2025-07-08 21:09:01.065,1.3092117,8.300476,3.0203996,10.722444,15.744241,0.005940646,0.010233756,93262.32,0.9998368
2025-07-08 21:10:01.065,1.3084946,8.2846985,3.0187418,10.723145,15.75224,0.005944151,0.010238956,93256.23,0.9998378
2025-07-08 21:11:01.065,1.3089066,8.268433,3.019689,10.703748,15.730926,0.0059341304,0.010225102,93425.22,0.9998389
2025-07-08 21:12:01.065,1.309082,8.252258,3.0200908,10.694542,15.724536,0.0059309932,0.010220949,93505.64,0.9998399
2025-07-08 21:13:01.065,1.3234177,8.237122,3.0531604,10.695216,15.732215,0.0059343567,0.0102259405,93499.75,0.99984086
2025-07-08 21:14:01.065,1.309494,8.219894,3.021035,10.670734,15.703804,0.005921052,0.010207472,93714.266,0.999842
2025-07-08 21:15:01.065,1.3234177,8.203529,3.053154,10.680375,15.725225,0.0059307357,0.010221397,93629.67,0.999843
2025-07-08 21:16:01.065,1.3232727,8.188087,3.0528166,10.685415,15.739481,0.0059371274,0.010230663,93585.51,0.999844
2025-07-08 21:17:01.065,1.3235931,8.173782,3.053553,10.676803,15.733127,0.0059340275,0.010226533,93661,0.9998449
2025-07-08 21:18:01.065,1.3238602,8.161827,3.0541668,10.674614,15.735196,0.0059348396,0.010227877,93680.2,0.9998456
2025-07-08 21:19:01.065,1.3231277,8.151939,3.0524752,10.652212,15.706547,0.0059215142,0.010209256,93877.21,0.9998463
2025-07-08 21:20:01.065,1.3241577,8.139511,3.054849,10.658991,15.722044,0.005928511,0.010219328,93817.516,0.99984705
2025-07-08 21:21:01.065,1.3238602,8.130188,3.0541608,10.664198,15.733858,0.005933846,0.010227009,93771.7,0.9998476
2025-07-08 21:22:01.065,1.3241577,8.11908,3.0548453,10.651043,15.719371,0.005927032,0.010217591,93887.516,0.9998483
2025-07-08 21:23:01.065,1.3374863,8.107674,3.085592,10.615329,15.671699,0.005904923,0.010186604,94203.39,0.999849
2025-07-08 21:24:01.065,1.3370895,8.0978775,3.0846748,10.622196,15.686172,0.005911475,0.010196012,94142.49,0.9998496
2025-07-08 21:25:01.065,1.337326,8.085716,3.0852182,10.636142,15.712153,0.0059233066,0.0102129,94019.055,0.9998504
2025-07-08 21:26:01.065,1.3376007,8.074326,3.0858495,10.619027,15.691915,0.0059138397,0.010199744,94170.586,0.99985105
2025-07-08 21:27:01.065,1.3374863,8.06311,3.0855837,10.626107,15.707349,0.005920818,0.010209776,94107.84,0.99985176
2025-07-08 21:28:01.065,1.3379288,8.052361,3.0866022,10.605265,15.681299,0.005908682,0.010192845,94292.79,0.9998524
2025-07-08 21:29:01.065,1.3382034,8.040009,3.0872338,10.642179,15.741374,0.0059362203,0.0102318935,93965.73,0.9998532
2025-07-08 21:30:01.065,1.3370895,8.028885,3.0846617,10.600676,15.684914,0.005910064,0.010195194,94333.61,0.9998539
2025-07-08 21:31:01.065,1.337326,8.018219,3.0852056,10.605939,15.697433,0.005915704,0.010203332,94286.8,0.9998545
2025-07-08 21:32:01.065,1.338089,8.008331,3.0869637,10.612612,15.7117,0.005922159,0.010212605,94227.516,0.9998551
2025-07-08 21:33:01.065,1.3520279,7.9974823,3.1191187,10.612586,15.716483,0.0059242295,0.010215714,94227.74,0.99985576
2025-07-08 21:34:01.065,1.3518372,7.986809,3.1186764,10.615049,15.724879,0.0059279683,0.010221172,94205.875,0.9998565
2025-07-08 21:35:01.065,1.3379288,7.9760666,3.0865881,10.604561,15.714118,0.005922878,0.010214177,94299.05,0.99985707
2025-07-08 21:36:01.065,1.3520279,7.9633255,3.119112,10.60781,15.724604,0.005927552,0.010220992,94270.164,0.99985784
2025-07-08 21:37:01.065,1.3524551,7.952751,3.120096,10.588047,15.700007,0.005916089,0.010205005,94446.125,0.99985844
2025-07-08 21:38:01.065,1.3527374,7.94162,3.120745,10.589395,15.706959,0.005919155,0.010209524,94434.1,0.99985915
2025-07-08 21:39:01.065,1.3521423,7.9300995,3.11937,10.556443,15.663194,0.0058988496,0.010181076,94728.875,0.9998598
2025-07-08 21:40:01.065,1.3520279,7.9193344,3.1191041,10.590274,15.718184,0.0059240526,0.01021682,94426.266,0.99986047
2025-07-08 21:41:01.065,1.3521423,7.9090347,3.1193662,10.5676985,15.68926,0.0059105977,0.0101980185,94627.984,0.99986106
2025-07-08 21:42:01.065,1.3526001,7.896858,3.12042,10.577466,15.709186,0.005919628,0.01021097,94540.6,0.99986184
2025-07-08 21:43:01.065,1.3671341,7.8857117,3.1539476,10.5674925,15.699337,0.0059149507,0.010204569,94629.83,0.99986243
2025-07-08 21:44:01.065,1.3672485,7.875412,3.1542096,10.544514,15.66978,0.005901209,0.010185356,94836.05,0.999863
2025-07-08 21:45:01.065,1.3524551,7.864929,3.1200798,10.538044,15.6648245,0.0058987946,0.010182136,94894.27,0.9998636
2025-07-08 21:46:01.065,1.3663788,7.854248,3.152199,10.554656,15.69428,0.0059122294,0.010201282,94744.914,0.99986434
2025-07-08 21:47:01.065,1.3663788,7.8437576,3.1521971,10.531927,15.66515,0.005898681,0.010182348,94949.38,0.99986494
2025-07-08 21:48:01.065,1.3672485,7.834114,3.154202,10.541157,15.683174,0.005906863,0.010194064,94866.25,0.9998655
2025-07-08 21:49:01.065,1.3665314,7.8242035,3.152546,10.51787,15.652936,0.0058928123,0.010174409,95076.28,0.999866
2025-07-08 21:50:01.065,1.3671341,7.8138885,3.153934,10.520116,15.66087,0.0058963373,0.010179565,95055.984,0.99986666
2025-07-08 21:51:01.065,1.3666306,7.8027267,3.1527705,10.494993,15.628431,0.00588126,0.01015848,95283.53,0.9998673
2025-07-08 21:52:01.065,1.366188,7.792343,3.151748,10.509283,15.654333,0.0058930577,0.010175317,95153.97,0.99986786
2025-07-08 21:53:01.065,1.3671341,7.781456,3.1539283,10.507359,15.656317,0.005893834,0.010176606,95171.4,0.9998685
2025-07-08 21:54:01.065,1.3669586,7.7717133,3.1535215,10.510553,15.665421,0.005897902,0.010182523,95142.47,0.9998691
2025-07-08 21:55:01.065,1.3671341,7.7618713,3.1539247,10.485556,15.632544,0.0058826413,0.010161153,95369.29,0.99986964
2025-07-08 21:56:01.065,1.3810425,7.7540283,3.1860094,10.492622,15.646573,0.0058889994,0.010170273,95305.06,0.99987006
2025-07-08 21:57:01.065,1.3666306,7.7462616,3.1527603,10.467058,15.611905,0.0058729425,0.010147738,95537.83,0.99987054
2025-07-08 21:58:01.065,1.3810425,7.7376633,3.1860063,10.487445,15.646145,0.005888596,0.010169994,95352.11,0.999871
2025-07-08 21:59:01.065,1.3813171,7.7311172,3.186639,10.4959545,15.661762,0.005895702,0.0101801455,95274.805,0.9998714
2025-07-08 22:00:01.065,1.3804703,7.7227936,3.1846838,10.472388,15.630304,0.005881116,0.010159698,95489.2,0.99987185
2025-07-08 22:01:01.065,1.3663788,7.7137985,3.1521738,10.482055,15.648746,0.005889491,0.010171684,95401.14,0.9998724
2025-07-08 22:02:01.065,1.3801575,7.705574,3.183959,10.458296,15.616938,0.0058747437,0.01015101,95617.875,0.9998728
2025-07-08 22:03:01.065,1.3813171,7.696007,3.1866326,10.446702,15.603883,0.0058686156,0.010142524,95723.99,0.99987334
2025-07-08 22:04:01.065,1.3667984,7.687195,3.1531372,10.468607,15.6405325,0.005885371,0.010166346,95523.695,0.9998738
2025-07-08 22:05:01.065,1.3817444,7.6793365,3.1876154,10.46227,15.634572,0.0058825267,0.010162472,95581.555,0.9998743
2025-07-08 22:06:01.065,1.3811569,7.670059,3.1862583,10.4589615,15.633768,0.005882037,0.010161949,95611.79,0.99987483
2025-07-08 22:07:01.065,1.3810425,7.661438,3.185993,10.449093,15.622861,0.005876908,0.01015486,95702.086,0.9998753
2025-07-08 22:08:01.065,1.3810425,7.6519623,3.1859913,10.429946,15.598454,0.005865556,0.010138996,95877.77,0.9998758
2025-07-08 22:09:01.065,1.381485,7.64135,3.1870103,10.442216,15.621542,0.0058760424,0.010154002,95765.12,0.9998764
2025-07-08 22:10:01.065,1.3958435,7.63282,3.2201328,10.434189,15.613337,0.0058721583,0.010148669,95838.79,0.9998769
2025-07-08 22:11:01.065,1.3956985,7.6239166,3.219797,10.4272785,15.606969,0.005869113,0.01014453,95902.3,0.9998774
2025-07-08 22:12:01.065,1.3951263,7.6143417,3.218475,10.41557,15.593713,0.0058628907,0.010135913,96010.11,0.9998779
2025-07-08 22:13:01.065,1.3955383,7.605728,3.2194242,10.402037,15.577288,0.005855223,0.010125237,96135.02,0.99987835
2025-07-08 22:14:01.065,1.3956985,7.596527,3.2197921,10.424945,15.615703,0.0058727777,0.010150207,95923.766,0.9998789
2025-07-08 22:15:01.065,1.3952713,7.589699,3.218805,10.4114065,15.598471,0.0058647613,0.010139006,96048.5,0.9998793
2025-07-08 22:16:01.065,1.3959961,7.5797424,3.2204754,10.3884115,15.568456,0.0058508255,0.010119496,96261.11,0.9998798
2025-07-08 22:17:01.065,1.3813171,7.572441,3.1866107,10.415129,15.611758,0.0058706515,0.010147642,96014.18,0.9998802
2025-07-08 22:18:01.065,1.3951263,7.5657043,3.2184665,10.4123745,15.610641,0.005870049,0.010146917,96039.57,0.99988055
2025-07-08 22:19:01.065,1.4096756,7.5582123,3.2520294,10.391223,15.582272,0.0058569023,0.010128477,96235.06,0.99988097
2025-07-08 22:20:01.065,1.3959961,7.550537,3.2204702,10.3991375,15.597569,0.0058638398,0.01013842,96161.82,0.9998814
2025-07-08 22:21:01.065,1.395401,7.544281,3.2190967,10.3930235,15.591192,0.005860825,0.010134275,96218.39,0.9998817
2025-07-08 22:22:01.065,1.3956985,7.537819,3.2197819,10.376424,15.569175,0.005850612,0.010119964,96372.31,0.99988204
2025-07-08 22:23:01.065,1.4103622,7.529091,3.2536085,10.3802395,15.578795,0.005854924,0.010126217,96336.89,0.9998825
2025-07-08 22:24:01.065,1.3952713,7.521324,3.2187934,10.406156,15.621168,0.005874314,0.010153759,96096.97,0.99988294
2025-07-08 22:25:01.065,1.394844,7.512764,3.2178063,10.37077,15.571872,0.0058515267,0.010121717,96424.85,0.99988335
2025-07-08 22:26:01.065,1.4103622,7.5037613,3.253604,10.395654,15.613266,0.0058704494,0.010148623,96194.05,0.9998839
2025-07-08 22:27:01.065,1.4102325,7.4944687,3.253303,10.3921585,15.612177,0.005869825,0.010147915,96226.4,0.9998844
2025-07-08 22:28:01.065,1.4099197,7.4860077,3.2525802,10.380418,15.598328,0.0058633434,0.010138913,96335.234,0.99988484
2025-07-08 22:29:01.065,1.4102325,7.476616,3.2533002,10.371734,15.58948,0.0058591515,0.010133162,96415.9,0.9998853
2025-07-08 22:30:01.065,1.4101181,7.4700546,3.253035,10.371279,15.591733,0.0058601014,0.010134627,96420.125,0.9998857
2025-07-08 22:31:01.065,1.4105148,7.465027,3.2539494,10.388048,15.619198,0.005872669,0.010152479,96264.48,0.9998859
2025-07-08 22:32:01.065,1.4099197,7.4612274,3.252576,10.38219,15.612092,0.0058693485,0.01014786,96318.8,0.99988616
2025-07-08 22:33:01.065,1.4103622,7.4555283,3.2535958,10.3495035,15.56549,0.005847842,0.010117568,96622.99,0.9998864
2025-07-08 22:34:01.065,1.4101181,7.4487915,3.253031,10.367886,15.596154,0.005861855,0.0101375,96451.68,0.9998869
2025-07-08 22:35:01.065,1.4103622,7.443756,3.2535934,10.369973,15.601553,0.005864269,0.010141009,96432.266,0.9998871
2025-07-08 22:36:01.065,1.410675,7.43824,3.2543142,10.391312,15.636134,0.005880101,0.010163487,96234.24,0.9998874
2025-07-08 22:37:01.065,1.4105148,7.4328384,3.253944,10.380543,15.622355,0.0058736927,0.010154531,96334.08,0.99988765
2025-07-08 22:38:01.065,1.4097824,7.4256134,3.252253,10.360248,15.59505,0.0058610397,0.010136782,96522.79,0.999888
2025-07-08 22:39:01.065,1.4097824,7.420105,3.252252,10.348963,15.58053,0.005854291,0.010127344,96628.04,0.9998883
2025-07-08 22:40:01.065,1.4095001,7.4140244,3.2516,10.3419285,15.572662,0.0058505926,0.010122231,96693.766,0.99988854
2025-07-08 22:41:01.065,1.424614,7.409279,3.286466,10.333198,15.561642,0.005845461,0.010115067,96775.46,0.9998888
2025-07-08 22:42:01.065,1.4102325,7.403,3.2532876,10.328448,15.557299,0.0058433805,0.010112244,96819.96,0.99988914
2025-07-08 22:43:01.065,1.4247437,7.3974915,3.2867625,10.353587,15.597634,0.005861854,0.010138462,96584.88,0.9998895
2025-07-08 22:44:01.065,1.4099197,7.39283,3.2525642,10.335859,15.573017,0.0058504725,0.010122461,96750.55,0.99988973
2025-07-08 22:45:01.065,1.4247437,7.387123,3.2867606,10.348659,15.594863,0.0058604414,0.010136661,96630.88,0.99989
2025-07-08 22:46:01.065,1.424469,7.3826523,3.2861266,10.3366375,15.578753,0.005852973,0.010126189,96743.26,0.99989027
2025-07-08 22:47:01.065,1.4243011,7.3785706,3.2857385,10.347117,15.59638,0.005861026,0.010137647,96645.27,0.99989045
2025-07-08 22:48:01.065,1.4250641,7.3721085,3.2874973,10.333569,15.5788555,0.0058528823,0.010126256,96771.99,0.9998908
2025-07-08 22:49:01.065,1.4242172,7.3645096,3.285543,10.322892,15.566167,0.0058469446,0.010118009,96872.08,0.9998911
2025-07-08 22:50:01.065,1.424469,7.3569107,3.2861223,10.309189,15.548905,0.005838911,0.010106788,97000.84,0.9998915
2025-07-08 22:51:01.065,1.424469,7.344734,3.28612,10.325511,15.578988,0.0058525754,0.010126342,96847.51,0.99989223
2025-07-08 22:52:01.065,1.424469,7.3361664,3.2861187,10.316415,15.569108,0.005847919,0.010119921,96932.9,0.9998926
2025-07-08 22:53:01.065,1.4240341,7.325981,3.2851136,10.325199,15.586942,0.00585598,0.010131512,96850.43,0.9998932
2025-07-08 22:54:01.065,1.424469,7.3170547,3.2861156,10.311062,15.569607,0.00584789,0.010120245,96983.22,0.99989355
2025-07-08 22:55:01.065,1.4253464,7.3091583,3.288138,10.333183,15.606564,0.005864773,0.010144266,96775.6,0.999894
2025-07-08 22:56:01.065,1.4242172,7.2999344,3.285532,10.306206,15.569962,0.005847825,0.010120476,97028.92,0.9998944
2025-07-08 22:57:01.065,1.4243011,7.2908783,3.2857237,10.320096,15.595021,0.0058592185,0.0101367645,96898.32,0.999895
2025-07-08 22:58:01.065,1.4388275,7.281555,3.3192332,10.301353,15.570889,0.0058480008,0.010121078,97074.625,0.9998954
2025-07-08 22:59:01.065,1.424469,7.275093,3.2861085,10.278882,15.539822,0.005833637,0.010100884,97286.84,0.9998957
2025-07-08 23:00:01.065,1.4388275,7.267288,3.319231,10.292112,15.563333,0.005844334,0.010116166,97161.78,0.99989605
2025-07-08 23:01:01.065,1.4385834,7.2593765,3.3186665,10.290099,15.563844,0.0058444627,0.010116499,97180.8,0.99989647
2025-07-08 23:02:01.065,1.4395981,7.253189,3.321006,10.313518,15.602054,0.005861938,0.010141335,96960.13,0.9998968
2025-07-08 23:03:01.065,1.4391403,7.2450104,3.319949,10.288053,15.567208,0.005845814,0.010118686,97200.125,0.9998972
2025-07-08 23:04:01.065,1.4388275,7.2371902,3.3192258,10.29918,15.587569,0.005855063,0.010131921,97095.11,0.99989766
2025-07-08 23:05:01.065,1.4391403,7.229965,3.3199463,10.273066,15.551294,0.0058382936,0.010108341,97341.93,0.99989796
2025-07-08 23:06:01.065,1.4392853,7.2194824,3.3202791,10.300428,15.597442,0.005859359,0.0101383375,97083.34,0.9998985
2025-07-08 23:07:01.065,1.4391403,7.209961,3.3199432,10.278284,15.568198,0.005845789,0.010119329,97292.51,0.9998989
2025-07-08 23:08:01.065,1.4388275,7.1998596,3.3192196,10.278937,15.573737,0.005848197,0.010122929,97286.32,0.99989945
2025-07-08 23:09:01.065,1.4392853,7.191948,3.3202748,10.261315,15.5506,0.0058374563,0.010107891,97453.39,0.9998998
2025-07-08 23:10:01.065,1.4391403,7.1818466,3.3199384,10.265567,15.561593,0.005842369,0.010115036,97413.03,0.9999003
2025-07-08 23:11:01.065,1.4538116,7.1729965,3.3537822,10.277054,15.582999,0.0058520823,0.01012895,97304.15,0.99990076
2025-07-08 23:12:01.065,1.4391403,7.1651764,3.3199358,10.284453,15.59775,0.005858752,0.010138538,97234.14,0.9999012
2025-07-08 23:13:01.065,1.438736,7.1570816,3.3190017,10.2539625,15.555154,0.005839071,0.0101108495,97523.27,0.9999015
2025-07-08 23:14:01.065,1.4532776,7.149727,3.3525462,10.2487955,15.5506315,0.005836891,0.01010791,97572.445,0.99990183
2025-07-08 23:15:01.065,1.4538116,7.1399155,3.3537767,10.238035,15.538723,0.0058312844,0.01010017,97674.99,0.99990237
2025-07-08 23:16:01.065,1.4542694,7.131897,3.3548315,10.250053,15.56058,0.005841214,0.010114377,97560.47,0.9999027
2025-07-08 23:17:01.065,1.4529724,7.12294,3.3518379,10.233507,15.539496,0.005831407,0.010100673,97718.21,0.99990314
2025-07-08 23:18:01.065,1.4536743,7.1141663,3.3534558,10.23647,15.547952,0.005835167,0.010106169,97689.92,0.99990356
2025-07-08 23:19:01.065,1.4538116,7.1062317,3.3537714,10.243574,15.562325,0.0058416594,0.010115512,97622.18,0.9999039
2025-07-08 23:20:01.065,1.4535294,7.097473,3.3531187,10.2467985,15.571181,0.0058456063,0.010121268,97591.46,0.9999044
2025-07-08 23:21:01.065,1.4539871,7.089363,3.3541737,10.223506,15.539442,0.0058309147,0.010100638,97813.805,0.99990475
2025-07-08 23:22:01.065,1.4538116,7.0809555,3.3537672,10.215814,15.531542,0.00582717,0.010095502,97887.45,0.99990517
2025-07-08 23:23:01.065,1.4535294,7.0739975,3.3531148,10.229912,15.556118,0.005838359,0.010111476,97752.555,0.99990547
2025-07-08 23:24:01.065,1.4529724,7.066841,3.3518288,10.224048,15.550434,0.005835648,0.010107782,97808.62,0.9999058
2025-07-08 23:25:01.065,1.4674835,7.0595093,3.3853037,10.229483,15.562015,0.005840865,0.01011531,97756.66,0.9999061
2025-07-08 23:26:01.065,1.4525452,7.05291,3.3508418,10.221632,15.553055,0.0058366572,0.010109486,97831.734,0.9999064
2025-07-08 23:27:01.065,1.4680862,7.0451736,3.3866913,10.186995,15.503837,0.0058139483,0.010077494,98164.38,0.9999068
2025-07-08 23:28:01.065,1.4536743,7.0385895,3.353444,10.186224,15.505631,0.00581468,0.01007866,98171.805,0.9999071
2025-07-08 23:29:01.065,1.4535294,7.0301895,3.3531082,10.195088,15.522915,0.0058225,0.010089895,98086.445,0.99990755
2025-07-08 23:30:01.065,1.4682541,7.0241776,3.3870754,10.208809,15.546524,0.005833255,0.01010524,97954.62,0.9999078
2025-07-08 23:31:01.065,1.4680862,7.0150986,3.3866866,10.142991,15.450374,0.005788988,0.010042743,98590.25,0.9999082
2025-07-08 23:32:01.065,1.4679108,7.007271,3.386281,10.179504,15.509524,0.0058160312,0.010081191,98236.61,0.99990857
2025-07-08 23:33:01.065,1.4680862,6.9981995,3.386684,10.184375,15.521044,0.0058211903,0.010088678,98189.63,0.999909
2025-07-08 23:34:01.065,1.4680862,6.990555,3.3866827,10.156171,15.481506,0.005802933,0.0100629795,98462.305,0.99990934
2025-07-08 23:35:01.065,1.468544,6.9835815,3.387738,10.161973,15.493495,0.0058083385,0.010070772,98406.086,0.99990964
2025-07-08 23:36:01.065,1.4683685,6.9755554,3.3873315,10.157812,15.490772,0.005806973,0.0100690015,98446.4,0.99991006
2025-07-08 23:37:01.065,1.4678345,6.967827,3.3860989,10.15954,15.496895,0.0058096778,0.010072981,98429.65,0.9999104
2025-07-08 23:38:01.065,1.4679108,6.9576874,3.3862731,10.15885,15.5004225,0.0058111507,0.010075275,98436.34,0.99991083
2025-07-08 23:39:01.065,1.4679108,6.951103,3.3862722,10.133753,15.465096,0.005794848,0.010052312,98680.125,0.9999111
2025-07-08 23:40:01.065,1.4682541,6.9432526,3.3870628,10.154155,15.499778,0.005810652,0.010074856,98481.85,0.9999115
2025-07-08 23:41:01.065,1.468544,6.9366684,3.3877306,10.114619,15.442393,0.0057842247,0.010037556,98866.8,0.9999118
2025-07-08 23:42:01.065,1.467659,6.9291077,3.385688,10.143568,15.490006,0.0058059655,0.010068504,98584.64,0.99991214
2025-07-08 23:43:01.065,1.482338,6.9212646,3.419549,10.180138,15.549408,0.0058331173,0.010107115,98230.5,0.9999125
2025-07-08 23:44:01.065,1.482605,6.913231,3.4201639,10.151756,15.509693,0.005814774,0.0100813005,98505.125,0.99991286
2025-07-08 23:45:01.065,1.4827805,6.905388,3.4205675,10.15822,15.52312,0.005820826,0.010090028,98442.44,0.9999132
2025-07-08 23:46:01.065,1.482338,6.8976517,3.4195454,10.143266,15.503769,0.005811834,0.01007745,98587.58,0.9999136
2025-07-08 23:47:01.065,1.482338,6.890274,3.4195442,10.151395,15.519537,0.005818964,0.0100877,98508.63,0.9999139
2025-07-08 23:48:01.065,1.4822235,6.882248,3.419279,10.152373,15.524672,0.005821204,0.010091037,98499.13,0.9999142
2025-07-08 23:49:01.065,1.4827805,6.874893,3.4205632,10.147807,15.521022,0.005819426,0.0100886645,98543.46,0.9999145
2025-07-08 23:50:01.065,1.482605,6.866951,3.4201567,10.137027,15.508133,0.005813397,0.010080286,98648.26,0.99991494
2025-07-08 23:51:01.065,1.482605,6.858032,3.4201553,10.159825,15.547063,0.005831132,0.010105591,98426.89,0.99991536
2025-07-08 23:52:01.065,1.4820633,6.849251,3.4189045,10.165264,15.55938,0.005836658,0.010113596,98374.23,0.9999157
2025-07-08 23:53:01.065,1.482338,6.841202,3.4195368,10.14479,15.531693,0.0058238385,0.010095601,98572.766,0.9999161
2025-07-08 23:54:01.065,1.4822235,6.832588,3.4192717,10.150891,15.544951,0.0058297953,0.0101042185,98513.516,0.99991643
2025-07-08 23:55:01.065,1.4827805,6.823494,3.4205554,10.128786,15.515226,0.0058160247,0.010084897,98728.516,0.9999168
2025-07-08 23:56:01.065,1.4828873,6.814598,3.4208002,10.132715,15.525287,0.005820511,0.010091437,98690.23,0.9999172
2025-07-08 23:57:01.065,1.4824753,6.807022,3.4198487,10.133115,15.529343,0.0058222627,0.010094073,98686.336,0.99991757
2025-07-08 23:58:01.065,1.496994,6.800125,3.4533398,10.128677,15.525676,0.00582048,0.010091689,98729.57,0.99991786
2025-07-08 23:59:01.065,1.496994,6.792465,3.453339,10.147178,15.557522,0.005834981,0.010112389,98549.57,0.99991816
2025-07-09 00:00:01.065,1.4967728,6.7866287,3.4528275,10.144746,15.556452,0.0058344062,0.010111694,98573.195,0.9999184
2025-07-09 00:01:01.065,1.4964218,6.7795334,3.452017,10.13025,15.537453,0.0058255834,0.010099345,98714.25,0.9999187
2025-07-09 00:02:01.065,1.4973145,6.7726364,3.454075,10.136926,15.550834,0.0058316216,0.0101080425,98649.24,0.999919
2025-07-09 00:03:01.065,1.4961472,6.766136,3.4513814,10.12936,15.542188,0.00582756,0.010102422,98722.92,0.9999193
2025-07-09 00:04:01.065,1.4973145,6.7600937,3.4540734,10.119213,15.529369,0.00582159,0.01009409,98821.914,0.99991953
2025-07-09 00:05:01.065,1.496994,6.7556,3.4533336,10.130795,15.549191,0.005830618,0.010106974,98708.94,0.9999197
2025-07-09 00:06:01.065,1.4971695,6.750511,3.4537373,10.146584,15.5757475,0.005842727,0.010124235,98555.34,0.99992007
2025-07-09 00:07:01.065,1.4969101,6.74514,3.453138,10.139094,15.566702,0.005838499,0.010118356,98628.14,0.99992025
2025-07-09 00:08:01.065,1.4964218,6.7390137,3.4520104,10.151695,15.588849,0.005848572,0.010132752,98505.72,0.99992055
2025-07-09 00:09:01.065,1.4820633,6.734413,3.4188871,10.166108,15.613088,0.0058596265,0.010148507,98366.06,0.9999207
2025-07-09 00:10:01.065,1.4969101,6.7278976,3.4531357,10.173522,15.6274605,0.005866125,0.01015785,98294.375,0.99992096
2025-07-09 00:11:01.065,1.4967728,6.721863,3.4528177,10.153773,15.599887,0.005853382,0.010139926,98485.555,0.99992126
2025-07-09 00:12:01.065,1.496994,6.7164917,3.4533277,10.162281,15.61542,0.0058604297,0.010150023,98403.1,0.99992144
2025-07-09 00:13:01.065,1.4967728,6.710266,3.4528162,10.158385,15.612286,0.0058588986,0.010147986,98440.84,0.99992174
2025-07-09 00:14:01.065,1.4967728,6.70269,3.452815,10.1219845,15.559802,0.005834707,0.010113871,98794.86,0.99992204
2025-07-09 00:15:01.065,1.4964218,6.696739,3.4520047,10.15712,15.616542,0.0058606504,0.010150753,98453.11,0.9999223
2025-07-09 00:16:01.065,1.511879,6.6908875,3.4876606,10.131756,15.580222,0.0058438987,0.010127144,98699.58,0.9999226
2025-07-09 00:17:01.065,1.496994,6.684944,3.4533231,10.161908,15.629317,0.005866337,0.010159057,98406.72,0.9999228
2025-07-09 00:18:01.065,1.4969101,6.678894,3.4531283,10.15799,15.62607,0.0058647557,0.010156945,98444.67,0.99992305
2025-07-09 00:19:01.065,1.4967728,6.6727676,3.4528108,10.153138,15.621416,0.00586253,0.01015392,98491.72,0.9999233
2025-07-09 00:20:01.065,1.511467,6.6674957,3.486707,10.141239,15.605528,0.00585516,0.010143593,98607.28,0.9999235
2025-07-09 00:21:01.065,1.5112762,6.6611633,3.4862666,10.157051,15.632769,0.0058675655,0.0101613,98453.77,0.99992377
2025-07-09 00:22:01.065,1.511467,6.6542435,3.486705,10.149475,15.624286,0.005863569,0.010155786,98527.266,0.99992406
2025-07-09 00:23:01.065,1.511467,6.649353,3.4867043,10.127359,15.5924835,0.0058489037,0.010135114,98742.42,0.99992424
2025-07-09 00:24:01.065,1.5112762,6.643982,3.486264,10.146851,15.624961,0.0058637247,0.0101562245,98552.75,0.9999245
2025-07-09 00:25:01.065,1.5117188,6.6387024,3.487284,10.163833,15.653541,0.005876758,0.010174802,98388.08,0.99992466
2025-07-09 00:26:01.065,1.5108643,6.633049,3.485312,10.172363,15.669286,0.0058838963,0.010185036,98305.57,0.9999249
2025-07-09 00:27:01.065,1.5117188,6.628334,3.4872825,10.149035,15.635521,0.0058683315,0.010163088,98531.53,0.99992514
2025-07-09 00:28:01.065,1.511467,6.623543,3.4867008,10.126027,15.602274,0.0058530075,0.010141478,98755.414,0.9999253
2025-07-09 00:29:01.065,1.5115356,6.617218,3.4868584,10.140618,15.6276655,0.0058645615,0.010157983,98613.31,0.99992555
2025-07-09 00:30:01.065,1.5115356,6.6110687,3.4868577,10.131585,15.616571,0.0058593787,0.010150772,98701.24,0.9999258
2025-07-09 00:31:01.065,1.5112762,6.6054,3.4862585,10.132857,15.621139,0.005861389,0.010153741,98688.84,0.99992603
2025-07-09 00:32:01.065,1.5258636,6.600609,3.5199084,10.128298,15.616314,0.0058591007,0.010150604,98733.27,0.9999262
2025-07-09 00:33:01.065,1.5108643,6.595413,3.4853065,10.125484,15.614364,0.0058581294,0.010149336,98760.7,0.99992645
2025-07-09 00:34:01.065,1.5117188,6.589752,3.487277,10.123211,15.6134615,0.0058576297,0.01014875,98782.89,0.9999267
2025-07-09 00:35:01.065,1.5115356,6.585335,3.486854,10.140694,15.642462,0.005870865,0.010167601,98612.586,0.9999268
2025-07-09 00:36:01.065,1.5261307,6.5811005,3.5205219,10.149042,15.657293,0.0058776047,0.010177241,98531.47,0.999927
2025-07-09 00:37:01.065,1.5255432,6.5758286,3.5191658,10.123331,15.620054,0.005860442,0.010153036,98781.71,0.9999272
2025-07-09 00:38:01.065,1.526001,6.570633,3.520221,10.129373,15.631769,0.005865736,0.01016065,98722.8,0.9999274
2025-07-09 00:39:01.065,1.5261307,6.565262,3.5205195,10.127366,15.631147,0.0058653704,0.010160246,98742.36,0.9999277
2025-07-09 00:40:01.065,1.5115356,6.560936,3.4868507,10.134575,15.644269,0.005871324,0.010168775,98672.12,0.9999278
2025-07-09 00:41:01.065,1.5261307,6.5568085,3.5205183,10.137408,15.650547,0.0058741397,0.010172856,98644.54,0.999928
2025-07-09 00:42:01.065,1.5112762,6.5510406,3.486251,10.129509,15.641013,0.005869679,0.010166659,98721.47,0.99992824
2025-07-09 00:43:01.065,1.5254135,6.546234,3.5188622,10.114228,15.619632,0.0058597988,0.010152761,98870.62,0.9999284
2025-07-09 00:44:01.065,1.5258636,6.5419083,3.5199003,10.116924,15.62579,0.0058625564,0.010156764,98844.27,0.9999286
2025-07-09 00:45:01.065,1.5258636,6.538063,3.5198998,10.111696,15.619486,0.005859606,0.010152666,98895.375,0.9999287
2025-07-09 00:46:01.065,1.5264435,6.534134,3.5212367,10.132832,15.653948,0.0058753537,0.010175066,98689.09,0.9999289
2025-07-09 00:47:01.065,1.5264435,6.5313416,3.5212367,10.11344,15.6252775,0.00586216,0.01015643,98878.33,0.99992895
2025-07-09 00:48:01.065,1.526001,6.5264435,3.5202148,10.128246,15.650417,0.005873615,0.010172771,98733.77,0.9999292
2025-07-09 00:49:01.065,1.5258636,6.523651,3.519898,10.135011,15.662159,0.0058789593,0.0101804035,98667.875,0.99992925
2025-07-09 00:50:01.065,1.5252609,6.5187607,3.5185063,10.132281,15.660203,0.0058779856,0.010179132,98694.45,0.9999295
2025-07-09 00:51:01.065,1.5261307,6.5140533,3.5205123,10.1304245,15.659509,0.005877594,0.0101786805,98712.55,0.99992967
2025-07-09 00:52:01.065,1.5252609,6.50914,3.5185053,10.139608,15.675979,0.0058850744,0.010189386,98623.14,0.99992985
2025-07-09 00:53:01.065,1.5258636,6.504059,3.5198953,10.137682,15.675352,0.005884708,0.010188979,98641.88,0.99993
2025-07-09 00:54:01.065,1.5257187,6.5002136,3.51956,10.124206,15.656292,0.0058759064,0.01017659,98773.18,0.9999302
2025-07-09 00:55:01.065,1.5258636,6.4948273,3.5198936,10.127248,15.663488,0.005879124,0.010181267,98743.51,0.99993044
2025-07-09 00:56:01.065,1.5261307,6.489624,3.5205092,10.150542,15.701931,0.0058966763,0.010206255,98516.91,0.9999306
2025-07-09 00:57:01.065,1.5258636,6.4853973,3.5198925,10.129137,15.670775,0.005882322,0.010186004,98725.09,0.9999308
2025-07-09 00:58:01.065,1.5255432,6.480118,3.5191524,10.124729,15.666401,0.0058802324,0.01018316,98768.07,0.999931
2025-07-09 00:59:01.065,1.5408478,6.4757767,3.554457,10.139161,15.690746,0.0058913305,0.010198985,98627.49,0.99993116
2025-07-09 01:00:01.065,1.5252609,6.4703903,3.5185,10.145449,15.702976,0.0058968575,0.010206934,98566.37,0.99993134
2025-07-09 01:01:01.065,1.5261307,6.4656906,3.5205057,10.12993,15.681135,0.005886765,0.010192738,98717.37,0.9999315
2025-07-09 01:02:01.065,1.5258636,6.461258,3.5198889,10.1568365,15.724847,0.0059067486,0.010221151,98455.85,0.99993175
2025-07-09 01:03:01.065,1.5254135,6.456932,3.51885,10.148316,15.713666,0.0059015523,0.010213883,98538.516,0.9999319
2025-07-09 01:04:01.065,1.5262604,6.453079,3.5208035,10.16081,15.734804,0.0059111873,0.010227622,98417.34,0.99993205
2025-07-09 01:05:01.065,1.5262604,6.448471,3.520803,10.128003,15.686138,0.0058887927,0.01019599,98736.15,0.99993217
2025-07-09 01:06:01.065,1.5404053,6.444046,3.5534317,10.126551,15.685942,0.005888634,0.0101958625,98750.305,0.99993235
2025-07-09 01:07:01.065,1.5258636,6.439522,3.5198867,10.14744,15.720404,0.00590437,0.010218262,98547.02,0.99993247
2025-07-09 01:08:01.065,1.5405731,6.4365463,3.5538175,10.158408,15.73878,0.005912754,0.010230207,98440.62,0.9999327
2025-07-09 01:09:01.065,1.5262604,6.432396,3.5208006,10.141451,15.714438,0.0059015234,0.010214386,98605.22,0.9999328
2025-07-09 01:10:01.065,1.5394287,6.42836,3.551177,10.129421,15.697674,0.0058937697,0.010203488,98722.32,0.99993294
2025-07-09 01:11:01.065,1.5257187,6.4246063,3.5195494,10.178548,15.7755575,0.005929438,0.010254113,98245.84,0.9999332
2025-07-09 01:12:01.065,1.5405731,6.420662,3.5538156,10.153991,15.739335,0.005912756,0.010230567,98483.445,0.9999333
2025-07-09 01:13:01.065,1.5406876,6.4169006,3.554079,10.146407,15.729332,0.0059081106,0.010224067,98557.055,0.9999334
2025-07-09 01:14:01.065,1.5409851,6.413063,3.5547652,10.153546,15.742188,0.005913947,0.0102324225,98487.76,0.9999336
2025-07-09 01:15:01.065,1.5405731,6.408638,3.553814,10.160287,15.7547035,0.0059196176,0.010240558,98422.414,0.9999338
2025-07-09 01:16:01.065,1.5405731,6.4042053,3.5538135,10.148136,15.737928,0.0059118536,0.010229654,98540.266,0.9999339
2025-07-09 01:17:01.065,1.5405731,6.400261,3.5538132,10.130417,15.712285,0.005900029,0.010212986,98712.62,0.999934
2025-07-09 01:18:01.065,1.5408478,6.397461,3.5544465,10.149602,15.743346,0.0059142318,0.010233175,98526.03,0.99993414
2025-07-09 01:19:01.065,1.5402603,6.3940887,3.5530903,10.137102,15.725529,0.005906008,0.010221593,98647.52,0.99993426
2025-07-09 01:20:01.065,1.5406876,6.390442,3.5540755,10.155975,15.756509,0.0059201582,0.010241731,98464.2,0.99993443
2025-07-09 01:21:01.065,1.5404053,6.387253,3.5534241,10.153053,15.753464,0.00591871,0.010239751,98492.54,0.99993455
2025-07-09 01:22:01.065,1.5404053,6.384178,3.5534236,10.152746,15.754424,0.0059191035,0.010240376,98495.516,0.9999346
2025-07-09 01:23:01.065,1.5405731,6.3809967,3.5538104,10.16166,15.769743,0.0059260796,0.010250334,98409.12,0.99993473
2025-07-09 01:24:01.065,1.5395126,6.378212,3.551364,10.158495,15.766132,0.0059243785,0.010247987,98439.78,0.99993485
2025-07-09 01:25:01.065,1.5408478,6.3762817,3.5544436,10.157569,15.765596,0.0059241024,0.010247638,98448.75,0.9999349
2025-07-09 01:26:01.065,1.5402603,6.37397,3.5530877,10.17,15.785972,0.0059334124,0.010260882,98328.414,0.99993503
2025-07-09 01:27:01.065,1.5408478,6.3722305,3.554443,10.17683,15.797389,0.0059386226,0.010268304,98262.42,0.9999351
2025-07-09 01:28:01.065,1.5404053,6.3713684,3.553422,10.179565,15.802039,0.0059407414,0.010271326,98236.02,0.9999351
2025-07-09 01:29:01.065,1.5404053,6.369438,3.5534217,10.194352,15.825899,0.005951658,0.010286834,98093.53,0.9999352
2025-07-09 01:30:01.065,1.5406876,6.366646,3.5540724,10.170296,15.789861,0.00593508,0.010263409,98325.555,0.9999353
2025-07-09 01:31:01.065,1.5402603,6.363762,3.553086,10.187937,15.818603,0.0059482194,0.010282092,98155.305,0.99993545
2025-07-09 01:32:01.065,1.5405731,6.3616486,3.5538077,10.191823,15.825627,0.005951409,0.010286658,98117.875,0.9999355
2025-07-09 01:33:01.065,1.5398254,6.3582764,3.5520825,10.183356,15.814063,0.005946049,0.010279141,98199.45,0.9999356
2025-07-09 01:34:01.065,1.5406876,6.3546066,3.554071,10.18612,15.820077,0.005948749,0.01028305,98172.805,0.99993575
2025-07-09 01:35:01.065,1.5404053,6.3523026,3.5534194,10.195812,15.836212,0.0059561166,0.010293538,98079.484,0.99993587
2025-07-09 01:36:01.065,1.5402603,6.34951,3.5530846,10.193203,15.833469,0.0059548123,0.010291755,98104.59,0.9999359
2025-07-09 01:37:01.065,1.5411072,6.345085,3.5550377,10.177866,15.811722,0.0059447647,0.010277619,98252.42,0.9999361
2025-07-09 01:38:01.065,1.5404053,6.3410416,3.5534177,10.178272,15.814251,0.00594586,0.010279263,98248.5,0.9999362
2025-07-09 01:39:01.065,1.5402603,6.3370743,3.553083,10.162969,15.792334,0.0059357425,0.010265017,98396.445,0.9999364
2025-07-09 01:40:01.065,1.5408478,6.3333282,3.5544379,10.195791,15.8450985,0.0059598875,0.010299314,98079.69,0.9999365
2025-07-09 01:41:01.065,1.5404053,6.329178,3.5534165,10.190965,15.839549,0.0059572738,0.010295707,98126.14,0.99993664
2025-07-09 01:42:01.065,1.5404053,6.326103,3.5534163,10.2007,15.856128,0.005964831,0.010306483,98032.49,0.99993676
2025-07-09 01:43:01.065,1.5396576,6.322914,3.5516906,10.198294,15.853889,0.0059637525,0.010305028,98055.62,0.9999369
2025-07-09 01:44:01.065,1.5399933,6.3190613,3.5524647,10.194871,15.850381,0.0059620803,0.010302748,98088.54,0.999937
2025-07-09 01:45:01.065,1.554985,6.315895,3.5870473,10.205922,15.869054,0.0059705987,0.010314885,97982.33,0.9999371
2025-07-09 01:46:01.065,1.553978,6.311844,3.584724,10.203475,15.867157,0.005969662,0.010313652,98005.83,0.9999373
2025-07-09 01:47:01.065,1.5546265,6.3078003,3.5862195,10.194008,15.85434,0.0059637153,0.010305321,98096.84,0.9999374
2025-07-09 01:48:01.065,1.555397,6.3040237,3.5879962,10.194325,15.856612,0.005964697,0.010306799,98093.79,0.99993753
2025-07-09 01:49:01.065,1.5546265,6.300659,3.5862186,10.198338,15.86444,0.0059682345,0.010311887,98055.195,0.99993765
2025-07-09 01:50:01.065,1.5551529,6.2973785,3.587432,10.195609,15.861741,0.0059669414,0.010310131,98081.44,0.99993783
2025-07-09 01:51:01.065,1.5548096,6.292473,3.5866392,10.195635,15.864094,0.00596794,0.010311661,98081.19,0.999938
2025-07-09 01:52:01.065,1.555687,6.2882156,3.5886626,10.196142,15.86689,0.005969157,0.010313479,98076.31,0.9999382
2025-07-09 01:53:01.065,1.5543747,6.284088,3.5856352,10.210814,15.891673,0.005980457,0.010329587,97935.38,0.99993837
2025-07-09 01:54:01.065,1.5551529,6.280899,3.5874295,10.205406,15.884762,0.0059772367,0.010325096,97987.28,0.9999385
2025-07-09 01:55:01.065,1.5552139,6.2780075,3.5875704,10.191994,15.86525,0.0059682373,0.010312413,98116.23,0.99993855
2025-07-09 01:56:01.065,1.554985,6.274925,3.5870419,10.192313,15.8672,0.00596908,0.01031368,98113.16,0.9999386
2025-07-09 01:57:01.065,1.5548096,6.271446,3.5866368,10.201423,15.883025,0.0059762853,0.010323967,98025.55,0.9999387
2025-07-09 01:58:01.065,1.5546265,6.2686462,3.586214,10.203039,15.886864,0.0059780013,0.010326461,98010.016,0.9999389
2025-07-09 01:59:01.065,1.554985,6.266144,3.587041,10.212671,15.903046,0.0059853843,0.010336979,97917.58,0.99993896
2025-07-09 02:00:01.065,1.554985,6.263733,3.5870404,10.2236805,15.921331,0.0059937346,0.010348866,97812.13,0.9999391
2025-07-09 02:01:01.065,1.5551529,6.2604523,3.5874271,10.199323,15.884949,0.0059769875,0.010325217,98045.73,0.9999392
2025-07-09 02:02:01.065,1.5552139,6.258232,3.5875676,10.213089,15.907439,0.0059872703,0.010339836,97913.57,0.99993926
2025-07-09 02:03:01.065,1.5546265,6.2544785,3.5862124,10.220748,15.921146,0.0059934985,0.010348745,97840.195,0.9999394
2025-07-09 02:04:01.065,1.5543747,6.2515793,3.5856311,10.22859,15.934736,0.0059996876,0.010357579,97765.19,0.9999395
2025-07-09 02:05:01.065,1.5548096,6.2486877,3.5866337,10.212491,15.911024,0.0059887604,0.010342166,97919.305,0.99993956
2025-07-09 02:06:01.065,1.5545578,6.2459793,3.586053,10.2093935,15.907481,0.0059870896,0.010339864,97949.01,0.9999397
2025-07-09 02:07:01.065,1.5546265,6.242607,3.586211,10.2019415,15.897466,0.0059824386,0.010333353,98020.555,0.9999398
2025-07-09 02:08:01.065,1.555542,6.240387,3.5883224,10.204638,15.902717,0.005984812,0.010336766,97994.664,0.99993986
2025-07-09 02:09:01.065,1.5540619,6.236931,3.5849078,10.207406,15.9086685,0.005987486,0.010340635,97968.086,0.99994
2025-07-09 02:10:01.065,1.554985,6.234894,3.5870368,10.2099,15.913521,0.0059896763,0.010343788,97944.16,0.99994004
2025-07-09 02:11:01.065,1.5551529,6.233635,3.5874238,10.222947,15.934453,0.005999261,0.010357395,97819.15,0.9999401
2025-07-09 02:12:01.065,1.554985,6.2302628,3.5870361,10.239733,15.96222,0.006011946,0.010375443,97658.8,0.9999403
2025-07-09 02:13:01.065,1.554985,6.2277527,3.5870357,10.216035,15.92647,0.0059954994,0.0103522055,97885.336,0.99994034
2025-07-09 02:14:01.065,1.555397,6.225525,3.5879858,10.236497,15.959427,0.0060105864,0.010373627,97689.67,0.99994045
2025-07-09 02:15:01.065,1.5551529,6.2234116,3.5874226,10.221226,15.936621,0.006000088,0.010358803,97835.625,0.9999405
2025-07-09 02:16:01.065,1.5545578,6.2199326,3.5860493,10.227376,15.947863,0.0060051875,0.010366111,97776.79,0.99994063
2025-07-09 02:17:01.065,1.554985,6.217903,3.5870345,10.251818,15.986942,0.0060230857,0.010391512,97543.68,0.9999407
2025-07-09 02:18:01.065,1.554985,6.2154007,3.5870342,10.238698,15.967673,0.006014203,0.0103789875,97668.67,0.99994075
2025-07-09 02:19:01.065,1.5543747,6.2115555,3.5856261,10.244975,15.979293,0.006019471,0.010386541,97608.83,0.99994093
2025-07-09 02:20:01.065,1.5551529,6.2094193,3.5874205,10.244367,15.979361,0.006019467,0.010386584,97614.625,0.999941
2025-07-09 02:21:01.065,1.5551529,6.2072983,3.5874205,10.242531,15.977507,0.00601858,0.010385379,97632.12,0.99994105
2025-07-09 02:22:01.065,1.5546265,6.204689,3.5862043,11.343208,17.695848,0.006809874,0.011502301,88158.48,0.9999417
2025-07-09 02:23:01.065,1.5699615,6.2031555,3.6215782,11.343141,17.696552,0.0068101697,0.0115027595,88159.01,0.99994177
2025-07-09 02:24:01.065,1.5548096,6.201317,3.5866253,11.327222,17.672684,0.006799108,0.011487245,88282.9,0.9999418
2025-07-09 02:25:01.065,1.555397,6.2000504,3.5879805,11.349672,17.70838,0.0068155727,0.011510447,88108.27,0.99994195
2025-07-09 02:26:01.065,1.5548096,6.199005,3.586625,11.368135,17.737741,0.0068291216,0.011529532,87965.17,0.999942
2025-07-09 02:27:01.065,1.5548096,6.1969757,3.5866246,11.347108,17.706001,0.0068144156,0.011508902,88128.18,0.99994206
2025-07-09 02:28:01.065,1.5545578,6.1963043,3.5860445,11.330529,17.680485,0.006802615,0.011492315,88257.13,0.999942
2025-07-09 02:29:01.065,1.5692368,6.1951294,3.6199055,11.338307,17.693243,0.0068084863,0.011500608,88196.586,0.99994206
2025-07-09 02:30:01.065,1.5545578,6.1937866,3.5860438,11.353994,17.718431,0.0068200976,0.011516981,88074.734,0.9999422
2025-07-09 02:31:01.065,1.5693741,6.1921463,3.6202219,11.380238,17.760252,0.0068393946,0.011544164,87871.625,0.99994224
2025-07-09 02:32:01.065,1.5695648,6.190605,3.620662,11.374466,17.752062,0.0068355766,0.01153884,87916.22,0.99994224
2025-07-09 02:33:01.065,1.5693741,6.1888657,3.6202214,11.380734,17.762764,0.006840491,0.011545797,87867.79,0.9999423
2025-07-09 02:34:01.065,1.570137,6.1862717,3.6219807,11.397886,17.790913,0.006853448,0.011564094,87735.56,0.9999424
2025-07-09 02:35:01.065,1.5693741,6.1843185,3.6202207,11.404063,17.80159,0.0068583456,0.011571034,87688.05,0.9999425
2025-07-09 02:36:01.065,1.5690918,6.1830597,3.6195695,11.41245,17.81535,0.0068646804,0.011579977,87623.6,0.99994254
2025-07-09 02:37:01.065,1.5696945,6.1816177,3.62096,11.39084,17.78238,0.006849414,0.011558547,87789.84,0.99994254
2025-07-09 02:38:01.065,1.5540619,6.1795044,3.5848982,11.390279,17.782625,0.0068494864,0.011558707,87794.164,0.99994266
2025-07-09 02:39:01.065,1.5696945,6.1764145,3.620959,11.414381,17.821896,0.006867575,0.011584232,87608.78,0.9999427
2025-07-09 02:40:01.065,1.5692368,6.175438,3.6199028,11.414337,17.822348,0.006867766,0.011584526,87609.12,0.99994284
2025-07-09 02:41:01.065,1.5699615,6.1745834,3.6215744,11.400676,17.801468,0.0068581,0.011570954,87714.1,0.99994284
2025-07-09 02:42:01.065,1.5692368,6.173027,3.6199028,11.411361,17.81898,0.0068661612,0.011582337,87631.97,0.9999429
2025-07-09 02:43:01.065,1.5695648,6.1709137,3.620659,11.4327345,17.853481,0.006882068,0.011604763,87468.14,0.99994296
2025-07-09 02:44:01.065,1.5545578,6.169739,3.5860407,11.433893,17.855917,0.006883172,0.011606346,87459.27,0.999943
2025-07-09 02:45:01.065,1.5692368,6.167427,3.6199017,11.448958,17.880674,0.0068945712,0.011622438,87344.19,0.99994314
2025-07-09 02:46:01.065,1.5695648,6.165306,3.6206584,11.42375,17.842434,0.0068768524,0.011597582,87536.93,0.99994314
2025-07-09 02:47:01.065,1.5695648,6.162117,3.620658,11.428307,17.85125,0.0068808654,0.011603312,87502.03,0.99994326
2025-07-09 02:48:01.065,1.5689468,6.1600876,3.619232,11.451238,17.888151,0.0068978835,0.011627298,87326.805,0.9999434
2025-07-09 02:49:01.065,1.5696945,6.1569977,3.6209564,11.451289,17.889881,0.0068986216,0.011628423,87326.414,0.9999435
2025-07-09 02:50:01.065,1.5696945,6.1554565,3.6209564,11.457573,17.90052,0.00690351,0.011635338,87278.516,0.99994355
2025-07-09 02:51:01.065,1.5693741,6.153427,3.6202168,11.459765,17.90503,0.0069055557,0.011638269,87261.82,0.9999436
2025-07-09 02:52:01.065,1.5693741,6.1511154,3.6202164,11.45757,17.902838,0.0069044954,0.011636844,87278.54,0.9999437
2025-07-09 02:53:01.065,1.5695648,6.1494675,3.6206565,11.447364,17.88777,0.006897499,0.01162705,87356.36,0.99994373
2025-07-09 02:54:01.065,1.5695648,6.1467667,3.620656,11.464276,17.91564,0.0069103283,0.011645166,87227.484,0.99994385
2025-07-09 02:55:01.065,1.5695648,6.14386,3.6206555,11.493034,17.96214,0.0069317706,0.01167539,87009.23,0.9999439
2025-07-09 02:56:01.065,1.570137,6.1409683,3.621975,11.449219,17.895206,0.0069007655,0.011631885,87342.2,0.99994403
2025-07-09 02:57:01.065,1.5692368,6.138077,3.619898,11.456296,17.907814,0.006906537,0.011640079,87288.25,0.9999441
2025-07-09 02:58:01.065,1.5697861,6.1349792,3.6211653,11.49187,17.965082,0.006932957,0.011677304,87018.04,0.9999442
2025-07-09 02:59:01.065,1.5693741,6.13295,3.6202145,11.500494,17.979652,0.006939652,0.011686774,86952.79,0.99994427
2025-07-09 03:00:01.065,1.5690918,6.1293716,3.6195629,11.4972105,17.97644,0.0069380966,0.011684686,86977.62,0.9999444
2025-07-09 03:01:01.065,1.570137,6.1263733,3.6219733,11.488107,17.963816,0.006932197,0.01167648,87046.55,0.9999445
2025-07-09 03:02:01.065,1.5693741,6.1234894,3.6202133,11.473491,17.942507,0.0069222855,0.011662629,87157.43,0.99994457
2025-07-09 03:03:01.065,1.5699615,6.1192245,3.6215677,11.4587345,17.921711,0.006912589,0.011649112,87269.67,0.99994475
2025-07-09 03:04:01.065,1.5686417,6.1170197,3.618523,11.456325,17.919123,0.0069113504,0.01164743,87288.03,0.9999448
2025-07-09 03:05:01.065,1.5695648,6.1142044,3.6206522,11.494072,17.979677,0.0069392896,0.01168679,87001.37,0.99994487
2025-07-09 03:06:01.065,1.5846634,6.110054,3.6554809,11.474484,17.951263,0.006926068,0.011668321,87149.88,0.99994504
2025-07-09 03:07:01.065,1.5696945,6.107643,3.6209505,11.498656,17.990376,0.0069441022,0.011693744,86966.68,0.9999451
2025-07-09 03:08:01.065,1.5693741,6.104248,3.620211,11.4976845,17.99068,0.0069441753,0.011693942,86974.03,0.9999452
2025-07-09 03:09:01.065,1.5692368,6.101738,3.6198938,11.499328,17.9946,0.0069459383,0.0116964895,86961.61,0.9999453
2025-07-09 03:10:01.065,1.5839462,6.100197,3.653825,11.508245,18.009386,0.0069527435,0.011706101,86894.22,0.9999454
2025-07-09 03:11:01.065,1.5673599,6.0970993,3.6155639,11.513527,18.019318,0.0069572744,0.011712557,86854.36,0.9999455
2025-07-09 03:12:01.065,1.5845337,6.094681,3.6551795,11.531322,18.048473,0.006970709,0.011731508,86720.33,0.99994564
2025-07-09 03:13:01.065,1.5831375,6.0912094,3.6519578,11.523032,18.03737,0.0069655054,0.011724291,86782.71,0.99994576
2025-07-09 03:14:01.065,1.5841064,6.0889816,3.654193,11.528541,18.047195,0.0069700032,0.011730677,86741.25,0.9999458
2025-07-09 03:15:01.065,1.5841064,6.087044,3.654193,11.507002,18.01452,0.006954854,0.011709439,86903.61,0.9999458
2025-07-09 03:16:01.065,1.5839462,6.085602,3.6538231,11.516583,18.0303,0.006962122,0.011719695,86831.305,0.99994594
2025-07-09 03:17:01.065,1.5842819,6.0835724,3.6545975,11.525089,18.04471,0.006968744,0.011729062,86767.23,0.999946
2025-07-09 03:18:01.065,1.5839462,6.0808716,3.6538227,11.5237665,18.044096,0.006968407,0.011728662,86777.18,0.99994606
2025-07-09 03:19:01.065,1.5845337,6.079323,3.6551778,11.5499525,18.085938,0.0069877263,0.0117558595,86580.445,0.9999461
2025-07-09 03:20:01.065,1.5842819,6.077675,3.6545966,11.529006,18.054028,0.006972935,0.011735119,86737.75,0.9999462
2025-07-09 03:21:01.065,1.5841064,6.076515,3.6541915,11.52032,18.04105,0.00696691,0.011726682,86803.15,0.99994624
2025-07-09 03:22:01.065,1.5839462,6.074196,3.653822,11.535755,18.066477,0.0069786194,0.01174321,86687,0.9999463
2025-07-09 03:23:01.065,1.5838242,6.07119,3.65354,11.512753,18.032072,0.006962651,0.011720846,86860.2,0.9999464
2025-07-09 03:24:01.065,1.5839462,6.0706177,3.6538215,11.517037,18.039093,0.0069658854,0.011725411,86827.88,0.9999464
2025-07-09 03:25:01.065,1.570137,6.0677185,3.6219661,11.507331,18.025454,0.00695952,0.011716545,86901.125,0.9999464
2025-07-09 03:26:01.065,1.5841064,6.0653915,3.6541903,11.511889,18.03385,0.006963354,0.011722002,86866.71,0.9999466
2025-07-09 03:27:01.065,1.5836792,6.0618134,3.6532042,11.531631,18.066711,0.0069784774,0.011743363,86718,0.99994665
2025-07-09 03:28:01.065,1.5843735,6.0596924,3.6548054,11.5111685,18.035797,0.006964139,0.011723268,86872.16,0.9999468
2025-07-09 03:29:01.065,1.5833435,6.058235,3.6524298,11.493121,18.008303,0.0069514,0.011705398,87008.57,0.9999467
2025-07-09 03:30:01.065,1.5841064,6.055153,3.654189,11.520284,18.05253,0.006971784,0.011734145,86803.414,0.9999469
2025-07-09 03:31:01.065,1.5836792,6.0524445,3.6532035,11.52307,18.058361,0.0069744256,0.011737934,86782.43,0.99994695
2025-07-09 03:32:01.065,1.5841064,6.0501175,3.6541886,11.5275345,18.066616,0.0069781966,0.011743301,86748.82,0.9999471
2025-07-09 03:33:01.065,1.5841064,6.0473175,3.6541884,11.537716,18.084087,0.00698622,0.011754657,86672.266,0.99994713
2025-07-09 03:34:01.065,1.5842819,6.0457535,3.6545928,11.508928,18.03981,0.0069657145,0.0117258765,86889.06,0.9999472
2025-07-09 03:35:01.065,1.583519,6.043541,3.6528327,11.52526,18.066607,0.006978058,0.011743294,86765.94,0.99994725
2025-07-09 03:36:01.065,1.583519,6.0409317,3.6528323,11.512515,18.048038,0.0069694174,0.011731226,86861.99,0.9999473
2025-07-09 03:37:01.065,1.5833435,6.0381165,3.6524272,11.504806,18.037472,0.0069644763,0.0117243575,86920.2,0.9999474
2025-07-09 03:38:01.065,1.5838242,6.0353165,3.6535358,11.515145,18.055197,0.0069726175,0.011735878,86842.15,0.9999475
2025-07-09 03:39:01.065,1.5846634,6.033478,3.6554716,11.5313835,18.081654,0.00698481,0.011753075,86719.86,0.99994755
2025-07-09 03:40:01.065,1.5841064,6.0300064,3.6541862,11.538197,18.094217,0.0069905515,0.011761242,86668.66,0.99994767
2025-07-09 03:41:01.065,1.583519,6.026718,3.6528308,11.545573,18.107569,0.0069966577,0.01176992,86613.28,0.9999478
2025-07-09 03:42:01.065,1.5839462,6.023033,3.6538155,11.560465,18.132925,0.007008308,0.011786401,86501.71,0.99994797
2025-07-09 03:43:01.065,1.5839462,6.0205154,3.6538155,11.546254,18.112003,0.0069985795,0.011772802,86608.17,0.999948
2025-07-09 03:44:01.065,1.5832138,6.017517,3.6521251,11.569287,18.149763,0.007015984,0.011797346,86435.75,0.99994814
2025-07-09 03:45:01.065,1.583519,6.015381,3.6528292,11.562556,18.140364,0.00701159,0.011791237,86486.06,0.9999482
2025-07-09 03:46:01.065,1.5833435,6.0131607,3.652424,11.575114,18.161276,0.007021218,0.011804829,86392.234,0.99994826
2025-07-09 03:47:01.065,1.583519,6.0104446,3.652829,11.553041,18.128119,0.0070058275,0.011783277,86557.3,0.9999483
2025-07-09 03:48:01.065,1.5839462,6.007843,3.653814,11.558852,18.13865,0.0070106443,0.011790124,86513.78,0.99994844
2025-07-09 03:49:01.065,1.5841064,6.004944,3.6541831,11.571684,18.160364,0.0070206258,0.011804237,86417.84,0.9999485
2025-07-09 03:50:01.065,1.5839462,6.0034866,3.6538136,11.585824,18.183352,0.0070312293,0.011819178,86312.375,0.99994856
2025-07-09 03:51:01.065,1.5839462,6.0009766,3.6538134,11.583131,18.18049,0.007029854,0.011817318,86332.445,0.9999486
2025-07-09 03:52:01.065,1.583519,5.999237,3.6528273,11.576227,18.170605,0.007025244,0.011810893,86383.93,0.9999487
2025-07-09 03:53:01.065,1.5848083,5.99749,3.6558015,11.604177,18.215431,0.0070459438,0.011840031,86175.86,0.9999488
2025-07-09 03:54:01.065,1.583519,5.995949,3.6528268,11.63549,18.265427,0.0070690396,0.011872528,85943.95,0.99994886
2025-07-09 03:55:01.065,1.5845337,5.9940033,3.6551673,11.623503,18.247673,0.0070607844,0.011860987,86032.586,0.9999489
2025-07-09 03:56:01.065,1.5841064,5.9923553,3.6541817,11.6332,18.263798,0.00706821,0.011871469,85960.875,0.999949
2025-07-09 03:57:01.065,1.5836792,5.990616,3.653196,11.622706,18.248276,0.0070609935,0.011861379,86038.484,0.999949
2025-07-09 03:58:01.065,1.5842819,5.989937,3.654586,11.631241,18.262047,0.007067353,0.01187033,85975.35,0.99994904
2025-07-09 03:59:01.065,1.5841064,5.9880066,3.6541812,11.653413,18.297918,0.0070839073,0.011893647,85811.77,0.9999491
2025-07-09 04:00:01.065,1.5836792,5.9857864,3.6531954,11.648305,18.291117,0.0070807138,0.011889226,85849.4,0.99994916
2025-07-09 04:01:01.065,1.5839462,5.9847107,3.6538112,11.640327,18.27918,0.0070751677,0.011881468,85908.234,0.99994916
2025-07-09 04:02:01.065,1.5841064,5.983467,3.6541805,11.653752,18.300945,0.0070852116,0.011895615,85809.27,0.9999492
2025-07-09 04:03:01.065,1.5839462,5.982193,3.653811,11.676078,18.336704,0.007101731,0.011918858,85645.195,0.9999493
2025-07-09 04:04:01.065,1.5832138,5.980652,3.6521208,11.668216,18.325205,0.0070963777,0.011911383,85702.91,0.99994934
2025-07-09 04:05:01.065,1.5836792,5.9789047,3.6531944,11.673303,18.334156,0.0071004825,0.011917202,85665.56,0.99994934
2025-07-09 04:06:01.065,1.583519,5.9765854,3.6528246,11.661429,18.31678,0.0070923963,0.011905908,85752.78,0.99994946
2025-07-09 04:07:01.065,1.5838242,5.974449,3.6535285,11.6783285,18.3445,0.0071051777,0.011923925,85628.695,0.9999495
2025-07-09 04:08:01.065,1.5842819,5.9733047,3.6545844,11.679255,18.346584,0.0071061174,0.01192528,85621.91,0.9999495
2025-07-09 04:09:01.065,1.5832138,5.97213,3.65212,11.6601095,18.317156,0.007092475,0.011906152,85762.484,0.9999496
2025-07-09 04:10:01.065,1.5838242,5.9703827,3.6535277,11.683202,18.354393,0.00710967,0.011930356,85592.98,0.99994963
2025-07-09 04:11:01.065,1.5833435,5.9685593,3.6524189,11.680783,18.351599,0.007108339,0.011928539,85610.695,0.9999497
2025-07-09 04:12:01.065,1.5979462,5.966797,3.6861043,11.677786,18.34786,0.00710657,0.011926109,85632.67,0.99994975
2025-07-09 04:13:01.065,1.598259,5.966133,3.686825,11.685064,18.359661,0.0071120183,0.01193378,85579.336,0.9999498
2025-07-09 04:14:01.065,1.5986862,5.963707,3.6878107,11.695156,18.376856,0.0071199234,0.011944956,85505.484,0.9999499
2025-07-09 04:15:01.065,1.5839462,5.9625473,3.6538086,11.690508,18.370192,0.007116814,0.011940625,85539.484,0.99994993
2025-07-09 04:16:01.065,1.5839462,5.96109,3.6538086,11.6928215,18.37463,0.0071188374,0.01194351,85522.555,0.99994993
2025-07-09 04:17:01.065,1.5836792,5.9590607,3.6531923,11.70008,18.387156,0.007124591,0.011951651,85469.5,0.99995
2025-07-09 04:18:01.065,1.599083,5.9566345,3.688725,11.717631,18.41608,0.0071379263,0.011970453,85341.48,0.9999501
2025-07-09 04:19:01.065,1.5841064,5.9549866,3.6541774,11.678206,18.355026,0.007109638,0.011930767,85629.586,0.9999501
2025-07-09 04:20:01.065,1.598526,5.9521866,3.6874394,11.710152,18.406782,0.007133529,0.011964409,85395.99,0.99995023
2025-07-09 04:21:01.065,1.598259,5.9514084,3.6868234,11.713748,18.412865,0.0071363277,0.011968362,85369.77,0.99995023
2025-07-09 04:22:01.065,1.5989532,5.9490814,3.688425,11.692051,18.380045,0.007121089,0.011947029,85528.195,0.9999503
2025-07-09 04:23:01.065,1.5979462,5.9464645,3.6861014,11.675246,18.355068,0.007109477,0.011930794,85651.3,0.99995047
2025-07-09 04:24:01.065,1.5989532,5.945015,3.688424,11.687116,18.374529,0.007118453,0.011943444,85564.31,0.99995047
2025-07-09 04:25:01.065,1.5980988,5.9429855,3.6864526,11.701241,18.397858,0.007129204,0.0119586075,85461.02,0.9999505
2025-07-09 04:26:01.065,1.598526,5.9413376,3.6874382,11.703398,18.40216,0.0071311593,0.011961404,85445.27,0.9999506
2025-07-09 04:27:01.065,1.5979462,5.9390182,3.6861007,11.699945,18.398012,0.0071291924,0.011958708,85470.484,0.99995065
2025-07-09 04:28:01.065,1.598259,5.9373627,3.686822,11.690108,18.38346,0.007122422,0.011949249,85542.41,0.9999507
2025-07-09 04:29:01.065,1.598526,5.935524,3.6874375,11.7095585,18.415062,0.007137008,0.01196979,85400.32,0.99995077
2025-07-09 04:30:01.065,1.5983887,5.933777,3.6871207,11.732444,18.45202,0.0071540745,0.011993813,85233.734,0.9999508
2025-07-09 04:31:01.065,1.5980988,5.9323273,3.6864514,11.716286,18.427412,0.007142658,0.011977818,85351.28,0.9999509
2025-07-09 04:32:01.065,1.598259,5.9294205,3.6868207,11.73081,18.451866,0.00715391,0.011993713,85245.6,0.99995095
2025-07-09 04:33:01.065,1.5988312,5.9262238,3.6881404,11.736101,18.461962,0.007158517,0.012000275,85207.17,0.99995106
2025-07-09 04:34:01.065,1.5986862,5.923996,3.687806,11.737994,18.466175,0.0071604187,0.012003014,85193.43,0.9999511
2025-07-09 04:35:01.065,1.598259,5.9220657,3.6868198,11.724058,18.445322,0.0071507264,0.011989459,85294.695,0.9999512
2025-07-09 04:36:01.065,1.5989532,5.9199295,3.6884215,11.728591,18.453638,0.007154527,0.011994865,85261.734,0.99995124
2025-07-09 04:37:01.065,1.5983887,5.9177017,3.6871188,11.725476,18.449974,0.0071527855,0.011992483,85284.38,0.9999513
2025-07-09 04:38:01.065,1.5989532,5.916336,3.688421,11.723374,18.447422,0.0071515776,0.011990825,85299.67,0.99995136
2025-07-09 04:39:01.065,1.5986862,5.9133453,3.6878047,11.710723,18.429173,0.0071430667,0.011978962,85391.83,0.9999514
2025-07-09 04:40:01.065,1.5979462,5.9113007,3.6860976,11.752191,18.495564,0.0071737505,0.012022116,85090.516,0.9999515
2025-07-09 04:41:01.065,1.5989532,5.9078217,3.6884198,11.745766,18.487389,0.007169891,0.012016802,85137.06,0.9999516
2025-07-09 04:42:01.065,1.5988312,5.9045258,3.688138,11.740961,18.481657,0.007167168,0.012013078,85171.91,0.9999517
2025-07-09 04:43:01.065,1.5983887,5.901222,3.6871169,11.7664585,18.523632,0.007186525,0.012040361,84987.336,0.99995184
2025-07-09 04:44:01.065,1.5983887,5.8974533,3.6871164,11.736026,18.477818,0.0071652397,0.012010582,85207.72,0.9999519
2025-07-09 04:45:01.065,1.5973663,5.8938675,3.684758,11.743235,18.491161,0.007171339,0.012019255,85155.414,0.999952
2025-07-09 04:46:01.065,1.5983887,5.891632,3.6871157,11.763555,18.524403,0.0071866754,0.012040862,85008.32,0.99995214
2025-07-09 04:47:01.065,1.5979462,5.8883286,3.6860952,11.753031,18.509668,0.007179785,0.012031285,85084.44,0.99995214
2025-07-09 04:48:01.065,1.598259,5.8857193,3.6868155,11.767264,18.53354,0.0071907784,0.012046801,84981.516,0.9999523
2025-07-09 04:49:01.065,1.598259,5.8826294,3.6868155,11.763463,18.529274,0.0071887374,0.012044027,85008.984,0.9999524
2025-07-09 04:50:01.065,1.5983887,5.879524,3.6871145,11.777989,18.55389,0.007200063,0.0120600285,84904.13,0.9999525
2025-07-09 04:51:01.065,1.5988312,5.877777,3.688135,11.784552,18.565203,0.0072052632,0.012067381,84856.86,0.99995255
2025-07-09 04:52:01.065,1.5980988,5.875641,3.6864452,11.77919,18.557951,0.007201859,0.012062669,84895.484,0.9999526
2025-07-09 04:53:01.065,1.5979462,5.873123,3.6860933,11.8029585,18.596804,0.007219792,0.012087923,84724.52,0.9999527
2025-07-09 04:54:01.065,1.5988312,5.870697,3.6881344,11.796919,18.588646,0.007215962,0.0120826205,84767.9,0.99995273
2025-07-09 04:55:01.065,1.5979462,5.8688583,3.6860929,11.844051,18.663946,0.0072507868,0.012131564,84430.57,0.9999528
2025-07-09 04:56:01.065,1.598259,5.8666306,3.6868136,11.800359,18.596342,0.007219438,0.012087623,84743.19,0.99995285
2025-07-09 04:57:01.065,1.598259,5.864891,3.6868136,11.8408575,18.661142,0.0072493996,0.012129743,84453.34,0.9999529
2025-07-09 04:58:01.065,1.5989532,5.862747,3.6884148,11.830924,18.646692,0.007242663,0.01212035,84524.25,0.99995303
2025-07-09 04:59:01.065,1.5988312,5.861107,3.6881328,11.845345,18.670341,0.007253579,0.012135722,84421.35,0.9999531
2025-07-09 05:00:01.065,1.5983887,5.859459,3.687112,11.849582,18.677946,0.0072570625,0.012140664,84391.164,0.9999531
2025-07-09 05:01:01.065,1.5980988,5.8574066,3.6864429,11.8521,18.68307,0.0072593917,0.012143995,84373.234,0.9999532
2025-07-09 05:02:01.065,1.598259,5.8556747,3.6868124,11.868944,18.710598,0.007272101,0.012161889,84253.49,0.99995327
2025-07-09 05:03:01.065,1.6132507,5.853546,3.7213945,11.861416,18.699928,0.0072671142,0.012154954,84306.97,0.9999533
2025-07-09 05:04:01.065,1.5980988,5.852188,3.6864421,11.867178,18.709778,0.0072716437,0.012161355,84266.03,0.9999534
2025-07-09 05:05:01.065,1.6132507,5.8502426,3.721394,11.879229,18.729874,0.0072809085,0.012174418,84180.55,0.99995345
2025-07-09 05:06:01.065,1.6128159,5.8476257,3.720391,11.873031,18.721577,0.0072770063,0.012169025,84224.49,0.9999535
2025-07-09 05:07:01.065,1.6130905,5.845001,3.7210245,11.880154,18.73429,0.007282839,0.012177288,84173.99,0.99995357
2025-07-09 05:08:01.065,1.6130905,5.8434525,3.721024,11.877242,18.730572,0.0072810818,0.012174872,84194.63,0.9999536
2025-07-09 05:09:01.065,1.598259,5.841324,3.686811,11.867736,18.71678,0.0072746477,0.012165907,84262.07,0.9999537
2025-07-09 05:10:01.065,1.6129456,5.838997,3.7206893,11.879604,18.73681,0.0072838725,0.012178927,84177.89,0.99995375
2025-07-09 05:11:01.065,1.6132507,5.8372498,3.7213929,11.868444,18.720196,0.0072761416,0.012168128,84257.04,0.9999538
2025-07-09 05:12:01.065,1.6133881,5.8357925,3.7217093,11.879357,18.738232,0.0072844615,0.0121798515,84179.64,0.99995387
2025-07-09 05:13:01.065,1.612503,5.8347244,3.7196681,11.902308,18.775038,0.0073014842,0.012203775,84017.31,0.99995387
2025-07-09 05:14:01.065,1.6132507,5.832779,3.7213922,11.8745575,18.732359,0.0072816764,0.012176034,84213.664,0.9999539
2025-07-09 05:15:01.065,1.6128159,5.831337,3.7203894,11.874191,18.732595,0.0072817523,0.012176187,84216.26,0.999954
2025-07-09 05:16:01.065,1.6122589,5.8291016,3.7191043,11.88608,18.752615,0.007290976,0.0121892,84132.03,0.99995404
2025-07-09 05:17:01.065,1.6120987,5.826576,3.7187343,11.904635,18.78332,0.007305139,0.012209157,84000.89,0.9999541
2025-07-09 05:18:01.065,1.6128159,5.8241577,3.7203887,11.908853,18.791344,0.0073088002,0.012214373,83971.15,0.99995416
2025-07-09 05:19:01.065,1.6126785,5.822403,3.7200713,11.903663,18.784147,0.0073054293,0.012209696,84007.76,0.9999542
2025-07-09 05:20:01.065,1.612503,5.819496,3.7196667,11.933612,18.833057,0.00732802,0.012241487,83796.93,0.9999543
2025-07-09 05:21:01.065,1.6126785,5.817848,3.720071,11.927671,18.824617,0.007324073,0.012236002,83838.664,0.99995434
2025-07-09 05:22:01.065,1.6135025,5.8163834,3.7219715,11.937561,18.841057,0.0073316577,0.012246688,83769.2,0.9999544
2025-07-09 05:23:01.065,1.6129456,5.8136673,3.7206867,11.914342,18.80595,0.007315334,0.012223868,83932.46,0.99995446
2025-07-09 05:24:01.065,1.6123657,5.8132935,3.719349,11.915757,18.808395,0.0073164594,0.012225457,83922.49,0.99995446
2025-07-09 05:25:01.065,1.6128159,5.811249,3.7203875,11.935216,18.840273,0.0073311776,0.0122461775,83785.664,0.9999545
2025-07-09 05:26:01.065,1.6120987,5.8106766,3.7187326,11.927167,18.827892,0.007325431,0.01223813,83842.21,0.9999545
2025-07-09 05:27:01.065,1.6126785,5.8090134,3.72007,11.947254,18.860546,0.007340522,0.012259355,83701.24,0.99995464
2025-07-09 05:28:01.065,1.6129456,5.808922,3.7206862,11.967664,18.892818,0.0073554683,0.012280332,83558.5,0.99995464
2025-07-09 05:29:01.065,1.6129456,5.8079605,3.7206857,11.9491825,18.864191,0.007342183,0.012261724,83687.734,0.9999547
2025-07-09 05:30:01.065,1.6122589,5.806694,3.719102,11.974146,18.904322,0.0073607475,0.012287809,83513.266,0.9999547
2025-07-09 05:31:01.065,1.6133881,5.8058167,3.721706,11.948659,18.864582,0.0073423157,0.012261978,83691.4,0.99995476
2025-07-09 05:32:01.065,1.6130905,5.8046494,3.7210197,11.979774,18.914373,0.00736536,0.012294343,83474.02,0.99995476
2025-07-09 05:33:01.065,1.6133881,5.804062,3.721706,11.986784,18.925776,0.0073706284,0.012301754,83425.21,0.99995476
2025-07-09 05:34:01.065,1.6132507,5.803879,3.721389,11.990947,18.932453,0.0073737204,0.012306095,83396.25,0.9999548
2025-07-09 05:35:01.065,1.6135025,5.8029175,3.7219698,11.971896,18.902924,0.007360013,0.012286901,83528.95,0.9999548
2025-07-09 05:36:01.065,1.6130905,5.8025208,3.7210197,11.982212,18.919436,0.007367658,0.012297633,83457.05,0.9999548
2025-07-09 05:37:01.065,1.612503,5.8014526,3.7196643,11.978637,18.9144,0.0073652994,0.0122943595,83481.95,0.9999549
2025-07-09 05:38:01.065,1.6129456,5.801056,3.720685,11.984852,18.92444,0.007369942,0.012300887,83438.664,0.9999549
2025-07-09 05:39:01.065,1.6133881,5.799698,3.7217054,11.985708,18.926567,0.007370898,0.012302268,83432.7,0.9999549
2025-07-09 05:40:01.065,1.6130905,5.8004837,3.7210195,11.978246,18.914337,0.0073652496,0.012294319,83484.68,0.9999549
2025-07-09 05:41:01.065,1.6130905,5.800392,3.7210195,11.974351,18.908237,0.0073624207,0.012290355,83511.836,0.9999549
2025-07-09 05:42:01.065,1.6130905,5.8000946,3.7210195,11.991822,18.935997,0.0073752757,0.012308398,83390.164,0.9999549
2025-07-09 05:43:01.065,1.6129456,5.8005753,3.720685,12.031819,18.998878,0.0074044256,0.012349271,83112.95,0.9999549
2025-07-09 05:44:01.065,1.6130905,5.800972,3.7210195,12.001453,18.950703,0.0073821093,0.012317956,83323.24,0.9999549
2025-07-09 05:45:01.065,1.6129456,5.8014526,3.720685,12.013467,18.969398,0.0073907836,0.012330109,83239.92,0.9999549
2025-07-09 05:46:01.065,1.6126785,5.8021317,3.7200692,12.041163,19.012743,0.0074108834,0.012358283,83048.45,0.9999549
2025-07-09 05:47:01.065,1.6130905,5.803879,3.7210197,12.03691,19.005026,0.0074073467,0.0123532675,83077.8,0.9999548
2025-07-09 05:48:01.065,1.6129456,5.805046,3.7206855,12.0406275,19.010225,0.007409782,0.012356646,83052.15,0.9999548
2025-07-09 05:49:01.065,1.6129456,5.8062973,3.7206857,12.015785,18.970285,0.0073913042,0.012330685,83223.86,0.9999547
2025-07-09 05:50:01.065,1.6128159,5.806694,3.7203863,12.043504,19.013823,0.007411489,0.012358985,83032.31,0.99995476
2025-07-09 05:51:01.065,1.6126785,5.8086395,3.72007,12.037162,19.002693,0.007406374,0.012351751,83076.06,0.99995464
2025-07-09 05:52:01.065,1.6130905,5.8096924,3.7210207,12.01937,18.974003,0.007393103,0.012333102,83199.04,0.99995464
2025-07-09 05:53:01.065,1.6130905,5.8099976,3.7210207,12.016125,18.968704,0.007390655,0.0123296585,83221.51,0.99995464
2025-07-09 05:54:01.065,1.6122589,5.81221,3.7191021,12.02068,18.974632,0.0073934505,0.012333511,83189.97,0.9999546
2025-07-09 05:55:01.065,1.6130905,5.812805,3.721021,12.0370245,19.00009,0.0074052624,0.012350058,83077.01,0.9999545
2025-07-09 05:56:01.065,1.612503,5.8145447,3.7196658,12.019817,18.971935,0.007392254,0.012331758,83195.94,0.9999545
2025-07-09 05:57:01.065,1.6135025,5.8150253,3.721971,12.038925,19.00182,0.0074061137,0.012351182,83063.89,0.99995446
2025-07-09 05:58:01.065,1.6128159,5.8162003,3.7203875,12.026224,18.9811,0.0073965383,0.012337714,83151.62,0.99995446
2025-07-09 05:59:01.065,1.6126785,5.815819,3.7200706,12.04457,19.010275,0.0074100504,0.012356679,83024.97,0.9999545
2025-07-09 06:00:01.065,1.6126785,5.8162003,3.7200706,12.057452,19.030386,0.0074193794,0.012369751,82936.26,0.9999545
2025-07-09 06:01:01.065,1.6126785,5.81649,3.7200706,12.064066,19.040659,0.007424149,0.012376429,82890.8,0.9999545
2025-07-09 06:02:01.065,1.6135025,5.8162003,3.721971,12.064308,19.041208,0.007424396,0.012376786,82889.13,0.9999545
2025-07-09 06:03:01.065,1.6128159,5.815422,3.7203875,12.069863,19.05042,0.0074286475,0.012382774,82850.98,0.9999545
2025-07-09 06:04:01.065,1.6132507,5.814842,3.7213902,12.091571,19.085018,0.0074446737,0.012405261,82702.24,0.9999545
2025-07-09 06:05:01.065,1.6123657,5.815323,3.7193487,12.081266,19.068478,0.007437019,0.012394511,82772.78,0.9999545
2025-07-09 06:06:01.065,1.6128159,5.8156204,3.7203875,12.094039,19.088467,0.0074462895,0.012407504,82685.36,0.9999545
2025-07-09 06:07:01.065,1.6129456,5.815422,3.7206867,12.084149,19.07297,0.007439103,0.01239743,82753.03,0.9999545
2025-07-09 06:08:01.065,1.6129456,5.815529,3.7206867,12.104416,19.104897,0.0074539045,0.012418183,82614.48,0.9999545
2025-07-09 06:09:01.065,1.6130905,5.816101,3.721021,12.134475,19.15201,0.0074757608,0.012448806,82409.83,0.9999545
2025-07-09 06:10:01.065,1.6135025,5.8152237,3.721971,12.10361,19.1038,0.007453389,0.012417469,82619.98,0.9999545
2025-07-09 06:11:01.065,1.6129456,5.8152237,3.7206862,12.149512,19.17625,0.0074869813,0.012464563,82307.83,0.9999546
2025-07-09 06:12:01.065,1.6132507,5.815422,3.7213902,12.143402,19.16649,0.0074824593,0.012458219,82349.24,0.9999545
2025-07-09 06:13:01.065,1.6132507,5.8144455,3.7213898,12.156272,19.18737,0.00749212,0.012471791,82262.06,0.99995464
2025-07-09 06:14:01.065,1.6133881,5.8140717,3.7217066,12.162369,19.197208,0.0074966755,0.012478185,82220.83,0.99995464
2025-07-09 06:15:01.065,1.6129456,5.813484,3.7206862,12.1522455,19.181572,0.0074894093,0.012468022,82289.32,0.99995464
2025-07-09 06:16:01.065,1.6128159,5.8127136,3.7203867,12.165693,19.203243,0.0074994396,0.012482109,82198.36,0.99995464
2025-07-09 06:17:01.065,1.6133881,5.8131943,3.7217066,12.142187,19.165861,0.007482118,0.01245781,82357.484,0.9999546
2025-07-09 06:18:01.065,1.6128159,5.813484,3.7203867,12.179651,19.22483,0.007509472,0.01249614,82104.16,0.99995464
2025-07-09 06:19:01.065,1.6129456,5.8133926,3.7206862,12.166252,19.203733,0.007499683,0.012482427,82194.58,0.99995464
2025-07-09 06:20:01.065,1.6129456,5.812607,3.7206862,12.1944685,19.248726,0.007520532,0.0125116715,82004.39,0.99995464
2025-07-09 06:21:01.065,1.6130905,5.812805,3.7210207,12.179261,19.224607,0.007509351,0.0124959955,82106.79,0.99995464
2025-07-09 06:22:01.065,1.6130905,5.811638,3.7210202,12.18865,19.240105,0.007516513,0.012506068,82043.54,0.9999547
2025-07-09 06:23:01.065,1.5977783,5.811058,3.6856985,12.219532,19.289188,0.007539265,0.012537973,81836.195,0.9999547
2025-07-09 06:24:01.065,1.6132507,5.8105774,3.7213895,12.211454,19.276718,0.007533468,0.012529867,81890.33,0.9999547
2025-07-09 06:25:01.065,1.612503,5.809799,3.7196646,12.208795,19.27297,0.0075317128,0.012527431,81908.17,0.99995476
2025-07-09 06:26:01.065,1.6126785,5.809601,3.7200694,12.290512,19.402088,0.0075916075,0.0126113575,81363.58,0.9999548
2025-07-09 06:27:01.065,1.6129456,5.8083496,3.7206855,12.343123,19.485876,0.0076304637,0.012665819,81016.77,0.9999548
2025-07-09 06:28:01.065,1.6129456,5.808243,3.7206855,12.315613,19.442509,0.007610332,0.012637631,81197.74,0.9999548
2025-07-09 06:29:01.065,1.6135025,5.8076553,3.7219698,12.211469,19.27844,0.007534199,0.012530986,81890.234,0.9999548
2025-07-09 06:30:01.065,1.6132507,5.8076553,3.721389,12.223104,19.296808,0.0075427196,0.012542926,81812.28,0.9999548
2025-07-09 06:31:01.065,1.6133881,5.808243,3.721706,12.232009,19.310524,0.0075490964,0.01255184,81752.72,0.99995476
2025-07-09 06:32:01.065,1.6120987,5.808052,3.7187319,12.236784,19.318172,0.007552641,0.012556812,81720.82,0.9999548
2025-07-09 06:33:01.065,1.6133881,5.8087234,3.721706,12.255145,19.346767,0.007565921,0.012575399,81598.38,0.9999548
2025-07-09 06:34:01.065,1.612503,5.8092117,3.7196646,12.248989,19.336763,0.007561291,0.012568896,81639.39,0.99995476
2025-07-09 06:35:01.065,1.6128159,5.8098907,3.7203863,12.244182,19.328781,0.0075576035,0.012563708,81671.445,0.99995476
2025-07-09 06:36:01.065,1.6123657,5.8101807,3.719348,12.278659,19.383038,0.007582781,0.012598975,81442.12,0.9999548
2025-07-09 06:37:01.065,1.6128159,5.810768,3.7203863,12.283052,19.38963,0.0075858547,0.01260326,81412.984,0.99995476
2025-07-09 06:38:01.065,1.6129456,5.8115387,3.7206855,12.306867,19.426771,0.0076031066,0.012627401,81255.45,0.99995476
2025-07-09 06:39:01.065,1.6128159,5.812416,3.7203863,12.288078,19.396599,0.0075891255,0.01260779,81379.69,0.99995476
2025-07-09 06:40:01.065,1.6126785,5.8132935,3.72007,12.279862,19.383116,0.0075828927,0.012599025,81434.14,0.9999547
2025-07-09 06:41:01.065,1.5986862,5.814163,3.6877925,12.28348,19.388319,0.007585325,0.0126024075,81410.16,0.9999547
2025-07-09 06:42:01.065,1.5979462,5.8145447,3.6860857,12.322293,19.44936,0.0076136603,0.012642084,81153.73,0.9999547
2025-07-09 06:43:01.065,1.6133881,5.8149414,3.7217066,12.297796,19.41046,0.0075956173,0.012616799,81315.38,0.99995464
2025-07-09 06:44:01.065,1.6128159,5.8162003,3.7203867,12.326734,19.455397,0.0076164985,0.012646008,81124.49,0.99995464
2025-07-09 06:45:01.065,1.6130905,5.8177414,3.7210207,12.330684,19.460728,0.0076190103,0.012649473,81098.5,0.9999546
2025-07-09 06:46:01.065,1.6130905,5.818619,3.7210207,12.323575,19.448994,0.0076135853,0.012641846,81145.28,0.9999546
2025-07-09 06:47:01.065,1.6129456,5.8190994,3.7206862,12.368903,19.520247,0.0076466664,0.012688161,80847.914,0.9999546
2025-07-09 06:48:01.065,1.6129456,5.820175,3.7206867,12.341918,19.47703,0.0076266313,0.012660069,81024.68,0.9999545
2025-07-09 06:49:01.065,1.6130905,5.8204575,3.721021,12.353635,19.495354,0.0076351445,0.01267198,80947.836,0.9999545
2025-07-09 06:50:01.065,1.6123657,5.821251,3.719349,12.3378,19.469896,0.0076233465,0.012655432,81051.73,0.99995446
2025-07-09 06:51:01.065,1.6132507,5.821533,3.7213902,12.352486,19.492907,0.007634035,0.012670389,80955.37,0.99995446
2025-07-09 06:52:01.065,1.6126785,5.822212,3.7200706,12.370104,19.52031,0.0076467698,0.012688202,80840.06,0.9999545
2025-07-09 06:53:01.065,1.612503,5.822304,3.7196658,12.357649,19.500603,0.007637622,0.0126753915,80921.54,0.99995446
2025-07-09 06:54:01.065,1.6128159,5.8233795,3.7203875,12.382776,19.53962,0.0076557607,0.012700753,80757.336,0.99995446
2025-07-09 06:55:01.065,1.6129456,5.8235703,3.7206867,12.363239,19.50868,0.0076414044,0.012680642,80884.95,0.99995446
2025-07-09 06:56:01.065,1.6129456,5.8246384,3.7206867,12.362762,19.5073,0.007640786,0.0126797445,80888.07,0.99995446
2025-07-09 06:57:01.065,1.6128159,5.824341,3.7203875,12.365031,19.511053,0.007642523,0.012682185,80873.23,0.99995446
2025-07-09 06:58:01.065,1.612503,5.8251266,3.7196658,12.371291,19.520468,0.007646913,0.012688304,80832.305,0.99995446
2025-07-09 06:59:01.065,1.6129456,5.8255157,3.720687,12.372063,19.521458,0.00764738,0.012688947,80827.266,0.9999544
2025-07-09 07:00:01.065,1.612503,5.825218,3.7196658,12.35962,19.502,0.007638339,0.0126763005,80908.63,0.99995446
2025-07-09 07:01:01.065,1.6122589,5.8262863,3.719103,12.382322,19.537191,0.007654703,0.012699175,80760.3,0.9999544
2025-07-09 07:02:01.065,1.6129456,5.8269653,3.720687,12.374727,19.524809,0.007648968,0.012691125,80809.86,0.9999544
2025-07-09 07:03:01.065,1.6129456,5.827057,3.720687,12.39133,19.55095,0.0076611065,0.012708117,80701.586,0.9999544
2025-07-09 07:04:01.065,1.5986862,5.828224,3.6877942,12.409481,19.5789,0.0076741087,0.012726285,80583.55,0.99995434
2025-07-09 07:05:01.065,1.6128159,5.8292923,3.7203877,12.410169,19.579355,0.007674346,0.012726582,80579.086,0.99995434
2025-07-09 07:06:01.065,1.6126785,5.829582,3.7200713,12.398568,19.560883,0.007665776,0.012714573,80654.48,0.9999543
2025-07-09 07:07:01.065,1.6132507,5.8315277,3.721391,12.410102,19.577932,0.007673737,0.012725656,80579.516,0.9999543
2025-07-09 07:08:01.065,1.6126785,5.8323975,3.7200713,12.414674,19.584631,0.007676868,0.012730011,80549.84,0.9999542
2025-07-09 07:09:01.065,1.6133881,5.8335648,3.7217083,12.414637,19.583881,0.0076765493,0.012729524,80550.086,0.9999542
2025-07-09 07:10:01.065,1.6129456,5.835312,3.7206879,12.43392,19.61327,0.0076902346,0.012748625,80425.164,0.99995416
2025-07-09 07:11:01.065,1.6126785,5.836853,3.7200723,12.424742,19.597881,0.007683125,0.012738624,80484.57,0.9999541
2025-07-09 07:12:01.065,1.6122589,5.8390884,3.7191043,12.431476,19.607182,0.0076874974,0.012744669,80440.98,0.99995404
2025-07-09 07:13:01.065,1.6133881,5.8407364,3.721709,12.462186,19.654642,0.0077095754,0.012775517,80242.74,0.999954
2025-07-09 07:14:01.065,1.612503,5.8435593,3.7196677,12.459753,19.649136,0.007707084,0.012771938,80258.414,0.9999539
2025-07-09 07:15:01.065,1.5980988,5.846367,3.6864405,12.443731,19.62221,0.0076946463,0.012754437,80361.75,0.99995387
2025-07-09 07:16:01.065,1.598526,5.8487015,3.6874266,12.455379,19.639194,0.0077025867,0.0127654765,80286.6,0.99995375
2025-07-09 07:17:01.065,1.5979462,5.8518906,3.6860893,12.454226,19.63549,0.007700943,0.012763069,80294.03,0.9999537
2025-07-09 07:18:01.065,1.5983887,5.854988,3.6871104,12.459778,19.642414,0.0077042296,0.012767569,80258.25,0.99995357
2025-07-09 07:19:01.065,1.598259,5.8579025,3.6868112,12.473416,19.66219,0.0077134836,0.012780424,80170.5,0.9999535
2025-07-09 07:20:01.065,1.5983887,5.861,3.687111,12.449095,19.622019,0.0076949014,0.012754312,80327.125,0.99995345
2025-07-09 07:21:01.065,1.5983887,5.8639145,3.6871114,12.47071,19.654366,0.0077099917,0.012775338,80187.9,0.9999533
2025-07-09 07:22:01.065,1.5986862,5.866913,3.687798,12.455101,19.627993,0.0076978127,0.012758195,80288.39,0.99995327
2025-07-09 07:23:01.065,1.5977783,5.8712845,3.685704,12.475841,19.65809,0.0077118925,0.012777759,80154.92,0.99995315
2025-07-09 07:24:01.065,1.5986862,5.874199,3.6877985,12.493164,19.68366,0.007723837,0.01279438,80043.77,0.9999531
2025-07-09 07:25:01.065,1.598526,5.877968,3.6874297,12.500382,19.692799,0.00772817,0.012800319,79997.555,0.9999529
2025-07-09 07:26:01.065,1.5975418,5.8812714,3.6851597,12.489176,19.67319,0.007719142,0.012787573,80069.336,0.99995285
2025-07-09 07:27:01.065,1.598259,5.8835907,3.686814,12.505961,19.698256,0.0077308384,0.012803866,79961.87,0.9999528
2025-07-09 07:28:01.065,1.598526,5.886406,3.6874304,12.495724,19.680464,0.0077226395,0.012792301,80027.375,0.9999527
2025-07-09 07:29:01.065,1.598259,5.8894196,3.6868148,12.481893,19.656897,0.007711765,0.012776983,80116.055,0.99995255
2025-07-09 07:30:01.065,1.5977783,5.8907547,3.6857064,12.517324,19.711905,0.007737348,0.012812738,79889.27,0.99995255
2025-07-09 07:31:01.065,1.5986862,5.8925095,3.687801,12.516162,19.709034,0.0077360556,0.012810873,79896.695,0.9999525
2025-07-09 07:32:01.065,1.598259,5.894829,3.6868153,12.523704,19.719534,0.007740988,0.012817698,79848.586,0.99995244
2025-07-09 07:33:01.065,1.598259,5.8969727,3.6868155,12.507825,19.693262,0.007728833,0.012800621,79949.95,0.9999524
2025-07-09 07:34:01.065,1.5988312,5.898613,3.688136,12.534799,19.734758,0.00774815,0.012827594,79777.91,0.9999523
2025-07-09 07:35:01.065,1.5980988,5.902008,3.6864464,12.561934,19.775461,0.007767141,0.01285405,79605.57,0.99995226
2025-07-09 07:36:01.065,1.5979462,5.9048233,3.6860952,12.548374,19.752441,0.007756513,0.012839087,79691.6,0.99995214
2025-07-09 07:37:01.065,1.598259,5.9075394,3.6868167,12.558521,19.766802,0.0077632484,0.012848422,79627.21,0.9999521
2025-07-09 07:38:01.065,1.5986862,5.910919,3.6878028,12.581684,19.801247,0.0077793333,0.01287081,79480.62,0.99995196
2025-07-09 07:39:01.065,1.5983887,5.915001,3.6871169,12.578838,19.79434,0.007776222,0.012866321,79498.59,0.99995184
2025-07-09 07:40:01.065,1.598526,5.919739,3.687434,12.584068,19.79975,0.0077788443,0.012869838,79465.555,0.9999517
2025-07-09 07:41:01.065,1.5980988,5.9244843,3.6864488,12.592636,19.810406,0.0077839084,0.012876764,79411.49,0.9999516
2025-07-09 07:42:01.065,1.598526,5.9290314,3.6874347,12.616103,19.844612,0.007799916,0.012898998,79263.78,0.9999515
2025-07-09 07:43:01.065,1.598259,5.932617,3.686819,12.59819,19.8143,0.007785912,0.012879296,79376.48,0.99995136
2025-07-09 07:44:01.065,1.5976791,5.9373627,3.6854827,12.604196,19.82092,0.0077890987,0.012883599,79338.664,0.9999512
2025-07-09 07:45:01.065,1.5832138,5.94104,3.6521144,12.611986,19.830982,0.007793862,0.012890139,79289.66,0.9999511
2025-07-09 07:46:01.065,1.5980988,5.946083,3.6864512,12.599788,19.808802,0.007783672,0.012875722,79366.414,0.99995095
2025-07-09 07:47:01.065,1.5983887,5.9497604,3.6871202,12.617231,19.834034,0.0077954866,0.012892122,79256.69,0.9999509
2025-07-09 07:48:01.065,1.5989532,5.9547043,3.6884232,12.637302,19.862637,0.007808898,0.012910713,79130.81,0.99995077
2025-07-09 07:49:01.065,1.5838242,5.960129,3.6535246,12.658824,19.893225,0.007823246,0.012930596,78996.28,0.9999506
2025-07-09 07:50:01.065,1.5980988,5.9641876,3.686453,12.646221,19.871,0.007813008,0.0129161505,79075.01,0.99995047
2025-07-09 07:51:01.065,1.5838242,5.9676743,3.6535254,12.637775,19.85565,0.0078059547,0.012906172,79127.85,0.9999503
2025-07-09 07:52:01.065,1.5841064,5.9708786,3.6541774,12.658194,19.885817,0.007820054,0.012925781,79000.21,0.9999502
2025-07-09 07:53:01.065,1.5842819,5.9748306,3.6545825,12.670605,19.902954,0.007828118,0.012936921,78922.83,0.99995005
2025-07-09 07:54:01.065,1.5838242,5.9790955,3.653527,12.667165,19.895006,0.007824518,0.012931754,78944.266,0.99994993
2025-07-09 07:55:01.065,1.5841064,5.9833603,3.6541786,12.698219,19.941229,0.007846111,0.012961799,78751.2,0.9999498
2025-07-09 07:56:01.065,1.5833435,5.9869385,3.6524189,12.66187,19.882011,0.007818663,0.012923308,78977.27,0.9999497
2025-07-09 07:57:01.065,1.583519,5.990616,3.6528242,12.699878,19.939493,0.007845476,0.012960671,78740.914,0.9999496
2025-07-09 07:58:01.065,1.5836792,5.9933243,3.6531942,12.722635,19.9736,0.007861403,0.012982841,78600.07,0.9999495
2025-07-09 07:59:01.065,1.5841064,5.99778,3.65418,12.695262,19.927965,0.007840285,0.012953177,78769.55,0.9999494
2025-07-09 08:00:01.065,1.5692368,6.002327,3.6198797,12.7263365,19.97402,0.007861809,0.012983113,78577.21,0.9999492
2025-07-09 08:01:01.065,1.5839462,6.0055313,3.6538112,12.707384,19.94236,0.007847158,0.012962535,78694.41,0.99994916
2025-07-09 08:02:01.065,1.5839462,6.0091095,3.6538117,12.729646,19.975153,0.007862495,0.012983849,78556.78,0.99994904
2025-07-09 08:03:01.065,1.5845337,6.014618,3.6551676,12.719593,19.956083,0.007853756,0.012971454,78618.87,0.99994886
2025-07-09 08:04:01.065,1.5820694,6.020035,3.6494837,12.725573,19.962227,0.007856739,0.012975447,78581.92,0.9999487
2025-07-09 08:05:01.065,1.5842819,6.025444,3.654588,12.725939,19.959564,0.007855628,0.012973717,78579.664,0.99994856
2025-07-09 08:06:01.065,1.5838242,6.032219,3.6535327,12.745877,19.98678,0.007868446,0.012991407,78456.74,0.9999483
2025-07-09 08:07:01.065,1.5842819,6.0390015,3.6545897,12.78423,20.04285,0.00789469,0.013027852,78221.37,0.99994814
2025-07-09 08:08:01.065,1.583519,6.0443115,3.6528296,12.778545,20.030752,0.007889185,0.013019988,78256.17,0.999948
2025-07-09 08:09:01.065,1.5841064,6.0516586,3.654186,12.801758,20.062725,0.007904235,0.013040771,78114.27,0.9999477
2025-07-09 08:10:01.065,1.5845337,6.0585175,3.6551728,12.772513,20.012785,0.007881163,0.0130083095,78293.125,0.9999475
2025-07-09 08:11:01.065,1.583519,6.0671387,3.6528327,12.783133,20.024256,0.0078866985,0.013015767,78228.086,0.99994725
2025-07-09 08:12:01.065,1.5838242,6.075836,3.653538,12.816606,20.071468,0.00790887,0.013046454,78023.78,0.99994695
2025-07-09 08:13:01.065,1.5846634,6.0863724,3.6554751,12.823704,20.076258,0.007911347,0.013049568,77980.59,0.9999466
2025-07-09 08:14:01.065,1.5695648,6.0970993,3.620647,12.838572,20.093088,0.007919431,0.013060507,77890.29,0.9999463
2025-07-09 08:15:01.065,1.5695648,6.108223,3.6206481,12.818353,20.054777,0.007901861,0.013035605,78013.14,0.99994594
2025-07-09 08:16:01.065,1.5690918,6.117874,3.6195586,12.819808,20.051271,0.007900455,0.013033327,78004.29,0.9999456
2025-07-09 08:17:01.065,1.5677872,6.12619,3.6165497,12.821851,20.049484,0.007899816,0.013032165,77991.86,0.9999453
2025-07-09 08:18:01.065,1.5697861,6.134392,3.6211622,12.838927,20.07127,0.007910147,0.013046325,77888.125,0.999945
2025-07-09 08:19:01.065,1.5693741,6.145035,3.6202128,12.83177,20.053709,0.007902222,0.013034911,77931.57,0.9999447
2025-07-09 08:20:01.065,1.5688019,6.153908,3.618894,12.833572,20.051214,0.007901264,0.013033289,77920.625,0.9999444
2025-07-09 08:21:01.065,1.5695648,6.1642456,3.6206553,12.853869,20.076733,0.007913382,0.013049876,77797.586,0.99994403
2025-07-09 08:22:01.065,1.5693741,6.1755447,3.6202164,12.836532,20.042896,0.007897895,0.013027882,77902.664,0.9999437
2025-07-09 08:23:01.065,1.5695648,6.1850967,3.620658,12.868955,20.0878,0.007919017,0.01305707,77706.39,0.9999433
2025-07-09 08:24:01.065,1.570137,6.196785,3.6219788,12.858668,20.064749,0.007908559,0.013042088,77768.55,0.99994296
2025-07-09 08:25:01.065,1.5545578,6.206711,3.5860426,12.854575,20.052431,0.0079030525,0.01303408,77793.31,0.99994254
2025-07-09 08:26:01.065,1.5546265,6.216667,3.5862021,12.870504,20.071327,0.007912077,0.013046362,77697.03,0.99994224
2025-07-09 08:27:01.065,1.5551529,6.22641,3.5874174,12.896433,20.105928,0.007928411,0.013068854,77540.82,0.9999419
2025-07-09 08:28:01.065,1.554985,6.236244,3.5870314,12.878787,20.072538,0.007913092,0.01304715,77647.06,0.9999416
2025-07-09 08:29:01.065,1.5552139,6.2452164,3.5875607,12.8703,20.053955,0.007904645,0.013035071,77698.266,0.99994123
2025-07-09 08:30:01.065,1.5552139,6.2534103,3.5875614,12.890973,20.08127,0.007917549,0.013052826,77573.664,0.999941
2025-07-09 08:31:01.065,1.5551529,6.2615128,3.5874217,12.909953,20.10599,0.007929246,0.013068893,77459.62,0.9999407
2025-07-09 08:32:01.065,1.5551529,6.269905,3.5874228,12.877879,20.051031,0.007903848,0.01303317,77652.54,0.9999404
2025-07-09 08:33:01.065,1.5552139,6.2787704,3.587565,12.911956,20.098791,0.007926291,0.013064214,77447.6,0.99994004
2025-07-09 08:34:01.065,1.5552139,6.2871704,3.5875661,12.92368,20.112017,0.0079326425,0.013072811,77377.336,0.99993974
2025-07-09 08:35:01.065,1.5401154,6.296707,3.5527377,12.943184,20.136662,0.007944338,0.01308883,77260.74,0.99993944
2025-07-09 08:36:01.065,1.5404053,6.3078003,3.553408,12.950217,20.140965,0.007946594,0.013091627,77218.78,0.999939
2025-07-09 08:37:01.065,1.5546265,6.318962,3.5862148,12.957213,20.145166,0.007948806,0.013094358,77177.086,0.99993867
2025-07-09 08:38:01.065,1.5405731,6.3290863,3.553798,12.946915,20.123106,0.00793876,0.013080019,77238.48,0.9999383
2025-07-09 08:39:01.065,1.5406876,6.342766,3.5540636,12.959281,20.134148,0.007944217,0.013087196,77164.77,0.9999378
2025-07-09 08:40:01.065,1.5406876,6.354904,3.5540655,12.959358,20.127018,0.007941168,0.013082562,77164.31,0.9999373
2025-07-09 08:41:01.065,1.5401154,6.36512,3.5527465,12.98366,20.158651,0.00795614,0.013103124,77019.88,0.99993694
2025-07-09 08:42:01.065,1.5404053,6.376198,3.553417,12.97317,20.135752,0.00794572,0.013088238,77082.164,0.9999365
2025-07-09 08:43:01.065,1.5404053,6.38591,3.5534182,12.97254,20.128977,0.007942783,0.013083835,77085.91,0.99993616
2025-07-09 08:44:01.065,1.5399933,6.3939056,3.5524685,12.970612,20.121216,0.00793935,0.01307879,77097.37,0.9999359
2025-07-09 08:45:01.065,1.541275,6.403816,3.5554268,12.968354,20.111809,0.007935191,0.013072675,77110.79,0.9999355
2025-07-09 08:46:01.065,1.5408478,6.415558,3.554443,13.007616,20.165684,0.007960556,0.013107695,76878.04,0.99993503
2025-07-09 08:47:01.065,1.5398254,6.426628,3.552086,13.00923,20.161575,0.007958892,0.013105024,76868.5,0.9999346
2025-07-09 08:48:01.065,1.5262604,6.4362564,3.520795,13.017054,20.167955,0.007962081,0.013109172,76822.3,0.9999343
2025-07-09 08:49:01.065,1.526001,6.447792,3.5201983,13.020569,20.166517,0.007961668,0.013108236,76801.56,0.99993384
2025-07-09 08:50:01.065,1.5254135,6.459053,3.5188446,13.024021,20.165146,0.007961282,0.013107345,76781.2,0.9999334
2025-07-09 08:51:01.065,1.5254135,6.469345,3.5188458,13.040744,20.184895,0.007970716,0.013120182,76682.74,0.9999331
2025-07-09 08:52:01.065,1.5258636,6.480118,3.5198858,13.055659,20.201548,0.007978721,0.013131006,76595.13,0.9999327
2025-07-09 08:53:01.065,1.5254135,6.491646,3.518849,13.035532,20.163534,0.007961259,0.013106297,76713.4,0.99993217
2025-07-09 08:54:01.065,1.5258636,6.500969,3.5198886,13.052161,20.183695,0.007970864,0.013119401,76615.664,0.9999319
2025-07-09 08:55:01.065,1.5255432,6.5122223,3.519151,13.081438,20.222248,0.007989088,0.013144461,76444.195,0.99993145
2025-07-09 08:56:01.065,1.5257187,6.5225067,3.5195572,13.062118,20.186253,0.007972535,0.013121064,76557.266,0.99993104
2025-07-09 08:57:01.065,1.5261307,6.5340347,3.5205092,13.0842495,20.213577,0.007985532,0.013138825,76427.766,0.9999306
2025-07-09 08:58:01.065,1.526001,6.5495987,3.520212,13.090333,20.213692,0.007985928,0.0131389,76392.25,0.99992996
2025-07-09 08:59:01.065,1.5265732,6.5650635,3.521534,13.106811,20.229908,0.007993834,0.01314944,76296.21,0.99992937
2025-07-09 09:00:01.065,1.5261307,6.5786133,3.5205154,13.133326,20.26274,0.008009444,0.013170781,76142.18,0.99992883
2025-07-09 09:01:01.065,1.510994,6.590515,3.4855995,13.137696,20.262377,0.00800954,0.013170545,76116.84,0.99992836
2025-07-09 09:02:01.065,1.5115356,6.605591,3.4868507,13.151933,20.27533,0.008015913,0.013178964,76034.45,0.99992776
2025-07-09 09:03:01.065,1.5115356,6.622383,3.486853,13.173618,20.298723,0.008027198,0.013194171,75909.29,0.99992704
2025-07-09 09:04:01.065,1.4973145,6.641777,3.45405,13.175115,20.28945,0.008023296,0.013188142,75900.664,0.99992627
2025-07-09 09:05:01.065,1.511467,6.6571274,3.4866996,13.206668,20.328861,0.008042021,0.01321376,75719.33,0.9999257
2025-07-09 09:06:01.065,1.4964218,6.675064,3.4519956,13.207183,20.318937,0.008037785,0.013207309,75716.375,0.9999249
2025-07-09 09:07:01.065,1.4973145,6.6909943,3.4540572,13.224756,20.336456,0.0080463085,0.013218696,75615.76,0.9999243
2025-07-09 09:08:01.065,1.4969101,6.707947,3.4531267,13.234309,20.341019,0.008048808,0.0132216625,75561.18,0.9999236
2025-07-09 09:09:01.065,1.4973145,6.7250137,3.4540617,13.241865,20.342438,0.008049846,0.0132225845,75518.06,0.9999229
2025-07-09 09:10:01.065,1.4967728,6.7427444,3.452815,13.248565,20.342148,0.008050097,0.013222396,75479.875,0.9999221
2025-07-09 09:11:01.065,1.4974518,6.7658463,3.4543848,13.252924,20.335064,0.008047294,0.013217791,75455.05,0.9999211
2025-07-09 09:12:01.065,1.4973145,6.787491,3.4540708,13.279308,20.36263,0.0080606295,0.01323571,75305.125,0.99992025
2025-07-09 09:13:01.065,1.482605,6.8079834,3.420142,13.268342,20.333612,0.008047526,0.0132168485,75367.37,0.99991924
2025-07-09 09:14:01.065,1.4818802,6.8298035,3.418473,13.255915,20.3016,0.008033054,0.01319604,75438.02,0.99991834
2025-07-09 09:15:01.065,1.482605,6.853737,3.4201486,13.27764,20.320646,0.008042459,0.01320842,75314.586,0.99991727
2025-07-09 09:16:01.065,1.482338,6.8763275,3.419536,13.304909,20.348942,0.008056151,0.013226812,75160.23,0.9999163
2025-07-09 09:17:01.065,1.4827805,6.8994675,3.4205604,13.308077,20.340038,0.008052485,0.0132210255,75142.336,0.9999153
2025-07-09 09:18:01.065,1.4679108,6.9224243,3.3862615,13.330898,20.361275,0.008062892,0.013234829,75013.7,0.9999143
2025-07-09 09:19:01.065,1.4683685,6.9421997,3.3873203,13.353423,20.383917,0.008073885,0.013249545,74887.164,0.9999134
2025-07-09 09:20:01.065,1.4674835,6.9616013,3.3852818,13.344013,20.358038,0.00806221,0.013232725,74939.98,0.99991256
2025-07-09 09:21:01.065,1.4680862,6.9847336,3.3866756,13.356946,20.36404,0.008065503,0.013236626,74867.414,0.9999114
2025-07-09 09:22:01.065,1.4678345,7.004593,3.3860984,13.366627,20.367022,0.008067314,0.013238564,74813.19,0.99991053
2025-07-09 09:23:01.065,1.467659,7.025421,3.385697,13.37612,20.369139,0.008068739,0.013239941,74760.09,0.9999095
2025-07-09 09:24:01.065,1.4536743,7.0478516,3.353439,13.374974,20.354116,0.00806219,0.013230176,74766.5,0.9999085
2025-07-09 09:25:01.065,1.4533844,7.069809,3.352774,13.406315,20.388796,0.008078851,0.013252717,74591.71,0.9999075
2025-07-09 09:26:01.065,1.4535294,7.0959396,3.3531125,13.405541,20.37216,0.008071621,0.013241904,74596.016,0.99990624
2025-07-09 09:27:01.065,1.4538116,7.118355,3.3537672,13.437344,20.40721,0.008088463,0.013264686,74419.47,0.9999052
2025-07-09 09:28:01.065,1.4535294,7.1416245,3.3531199,13.43911,20.396126,0.008083764,0.013257482,74409.69,0.99990404
2025-07-09 09:29:01.065,1.4391403,7.160782,3.3199291,13.428092,20.368093,0.008071058,0.013239262,74470.74,0.99990314
2025-07-09 09:30:01.065,1.4390259,7.1772842,3.3196678,13.447291,20.387468,0.008080452,0.013251854,74364.42,0.99990237
2025-07-09 09:31:01.065,1.4390259,7.194145,3.3196704,13.4543915,20.388279,0.008081177,0.013252381,74325.17,0.9999015
2025-07-09 09:32:01.065,1.4397583,7.213661,3.3213632,13.490479,20.431423,0.008101745,0.013280424,74126.35,0.9999006
2025-07-09 09:33:01.065,1.4385834,7.232437,3.3186557,13.50398,20.44077,0.008106497,0.013286499,74052.24,0.9998997
2025-07-09 09:34:01.065,1.4392853,7.248909,3.320278,13.49961,20.424427,0.008099195,0.013275878,74076.21,0.9998988
2025-07-09 09:35:01.065,1.4390259,7.265564,3.3196824,13.534673,20.467625,0.008119731,0.013303956,73884.31,0.999898
2025-07-09 09:36:01.065,1.4240341,7.277939,3.2850997,13.547218,20.479275,0.008125434,0.013311529,73815.89,0.99989736
2025-07-09 09:37:01.065,1.4236145,7.287361,3.2841334,13.536811,20.457977,0.008115663,0.013297685,73872.64,0.9998969
2025-07-09 09:38:01.065,1.4247437,7.2953644,3.2867393,13.564633,20.495289,0.008133275,0.013321938,73721.125,0.99989647
2025-07-09 09:39:01.065,1.424614,7.304016,3.2864418,13.564311,20.489687,0.00813083,0.013318297,73722.875,0.99989605
2025-07-09 09:40:01.065,1.424469,7.3148575,3.2861092,13.57256,20.495737,0.008133879,0.0133222295,73678.07,0.9998955
2025-07-09 09:41:01.065,1.424614,7.328186,3.286446,13.555546,20.462177,0.008118454,0.013300416,73770.55,0.99989486
2025-07-09 09:42:01.065,1.4256287,7.344055,3.2887893,13.573023,20.47919,0.00812673,0.013311475,73675.555,0.999894
2025-07-09 09:43:01.065,1.424469,7.357376,3.2861164,13.579779,20.481522,0.008128091,0.013312989,73638.91,0.9998933
2025-07-09 09:44:01.065,1.4243011,7.376877,3.2857323,13.5905485,20.486256,0.008130697,0.013316066,73580.55,0.99989235
2025-07-09 09:45:01.065,1.4099197,7.395775,3.252559,13.6072035,20.500206,0.0081376005,0.013325134,73490.484,0.99989134
2025-07-09 09:46:01.065,1.4102325,7.412689,3.2532835,13.602865,20.4837,0.008130217,0.013314405,73513.92,0.99989045
2025-07-09 09:47:01.065,1.4099197,7.434639,3.2525656,13.61739,20.492636,0.008134833,0.013320213,73435.516,0.9998893
2025-07-09 09:48:01.065,1.4103622,7.45002,3.253589,13.631177,20.504318,0.008140606,0.013327807,73361.234,0.9998885
2025-07-09 09:49:01.065,1.4096756,7.4654083,3.2520072,13.646289,20.517979,0.008147305,0.0133366855,73280,0.99988776
2025-07-09 09:50:01.065,1.4099197,7.4826813,3.2525737,13.657284,20.52433,0.008150619,0.013340814,73221,0.9998869
2025-07-09 09:51:01.065,1.4099197,7.4967346,3.252576,13.674706,20.542225,0.008159275,0.013352446,73127.71,0.9998861
2025-07-09 09:52:01.065,1.4101181,7.512581,3.2530363,13.695375,20.563925,0.008169743,0.013366551,73017.35,0.99988526
2025-07-09 09:53:01.065,1.4101181,7.5295715,3.2530394,13.727484,20.602098,0.008187949,0.013391363,72846.56,0.99988437
2025-07-09 09:54:01.065,1.395401,7.5495834,3.2190917,13.710494,20.564804,0.008170884,0.013367122,72936.83,0.99988323
2025-07-09 09:55:01.065,1.3959961,7.5628586,3.2204666,13.718113,20.568409,0.008172834,0.013369465,72896.32,0.9998826
2025-07-09 09:56:01.065,1.394844,7.5787964,3.217812,13.731545,20.579155,0.008178176,0.013376451,72825.016,0.9998816
2025-07-09 09:57:01.065,1.3961868,7.598343,3.2209127,13.736505,20.575075,0.008176651,0.013373799,72798.73,0.9998806
2025-07-09 09:58:01.065,1.3959961,7.6171875,3.2204762,13.772535,20.61793,0.008197082,0.013401654,72608.27,0.9998796
2025-07-09 09:59:01.065,1.395401,7.6314926,3.2191062,13.764424,20.597363,0.008187729,0.013388285,72651.06,0.99987876
2025-07-09 10:00:01.065,1.381485,7.65329,3.1870065,13.76002,20.577953,0.008179068,0.01337567,72674.31,0.9998776
2025-07-09 10:01:01.065,1.3813171,7.6761093,3.1866233,13.785702,20.602928,0.008191206,0.013391904,72538.93,0.99987626
2025-07-09 10:02:01.065,1.3669586,7.7004547,3.1535032,13.791153,20.596762,0.008188787,0.013387895,72510.25,0.99987495
2025-07-09 10:03:01.065,1.381485,7.7242126,3.187019,13.820744,20.626974,0.008203395,0.013407533,72355.01,0.9998736
2025-07-09 10:04:01.065,1.3667984,7.744652,3.1531415,13.850274,20.659012,0.008218798,0.013428357,72200.734,0.99987245
2025-07-09 10:05:01.065,1.3672485,7.760086,3.1541827,13.850794,20.650707,0.008215204,0.01342296,72198.03,0.9998716
2025-07-09 10:06:01.065,1.3666306,7.7753067,3.15276,13.853054,20.645128,0.00821288,0.013419333,72186.25,0.99987066
2025-07-09 10:07:01.065,1.3671341,7.7920456,3.1539242,13.852791,20.634905,0.008208411,0.013412688,72187.62,0.99986976
2025-07-09 10:08:01.065,1.3673706,7.809067,3.154473,13.86884,20.648813,0.008215252,0.013421729,72104.086,0.99986875
2025-07-09 10:09:01.065,1.3665314,7.8261795,3.1525404,13.866331,20.635035,0.008209121,0.013412773,72117.13,0.99986774
2025-07-09 10:10:01.065,1.3672485,7.8405457,3.1541972,13.878143,20.644182,0.008213681,0.013418719,72055.75,0.99986696
2025-07-09 10:11:01.065,1.3672485,7.854904,3.1542,13.861741,20.611376,0.008198579,0.013397395,72141.01,0.99986607
2025-07-09 10:12:01.065,1.3528671,7.867096,3.1210248,13.8799925,20.63137,0.008208176,0.01341039,72046.15,0.99986535
2025-07-09 10:13:01.065,1.3524551,7.8813705,3.1200771,13.88193,20.625893,0.008205877,0.013406831,72036.09,0.9998645
2025-07-09 10:14:01.065,1.3518372,7.891197,3.1186528,13.873184,20.60715,0.00819728,0.013394647,72081.51,0.999864
2025-07-09 10:15:01.065,1.352272,7.905266,3.119659,13.910584,20.65446,0.008219716,0.0134254,71887.7,0.9998631
2025-07-09 10:16:01.065,1.3520279,7.9211273,3.1190987,13.91159,20.646666,0.00821636,0.013420332,71882.51,0.9998622
2025-07-09 10:17:01.065,1.352272,7.9310455,3.1196637,13.919712,20.652914,0.008219474,0.013424395,71840.57,0.9998616
2025-07-09 10:18:01.065,1.3527374,7.941147,3.1207392,13.920056,20.647514,0.00821713,0.0134208845,71838.79,0.99986094
2025-07-09 10:19:01.065,1.352272,7.9552917,3.1196682,13.940423,20.66944,0.008227674,0.013435136,71733.836,0.99986017
2025-07-09 10:20:01.065,1.3521423,7.9647293,3.1193707,13.9368925,20.658684,0.008222805,0.013428144,71752.01,0.9998596
2025-07-09 10:21:01.065,1.3528671,7.979355,3.1210456,13.968311,20.696688,0.008240897,0.0134528475,71590.62,0.99985874
2025-07-09 10:22:01.065,1.3379288,7.99955,3.0865867,13.943374,20.647936,0.008218416,0.013421158,71718.66,0.9998575
2025-07-09 10:23:01.065,1.3376007,8.021141,3.0858343,13.964927,20.667233,0.008227861,0.013433701,71607.97,0.9998561
2025-07-09 10:24:01.065,1.3382034,8.040398,3.087228,13.976033,20.672415,0.008230647,0.01343707,71551.06,0.999855
2025-07-09 10:25:01.065,1.337326,8.062912,3.0852084,13.977648,20.661661,0.008226017,0.01343008,71542.8,0.9998536
2025-07-09 10:26:01.065,1.3379288,8.084778,3.0866024,14.02105,20.713032,0.008250508,0.013463471,71321.336,0.99985236
2025-07-09 10:27:01.065,1.3234177,8.103821,3.0531292,14.043158,20.734549,0.008260948,0.013477457,71209.055,0.9998511
2025-07-09 10:28:01.065,1.3377914,8.126709,3.086294,14.045858,20.725159,0.0082569625,0.013471353,71195.37,0.99984974
2025-07-09 10:29:01.065,1.3244553,8.150337,3.0555317,14.064463,20.7388,0.008263793,0.013480221,71101.19,0.99984825
2025-07-09 10:30:01.065,1.3228302,8.169083,3.0517862,14.088658,20.763515,0.008275727,0.013496285,70979.08,0.9998471
2025-07-09 10:31:01.065,1.3237,8.182823,3.0537953,14.086832,20.752798,0.008270949,0.013489318,70988.28,0.9998462
2025-07-09 10:32:01.065,1.3229599,8.200989,3.0520916,14.0920315,20.749851,0.008269895,0.013487403,70962.086,0.9998451
2025-07-09 10:33:01.065,1.3092117,8.218391,3.0203779,14.114449,20.772694,0.008280927,0.013502251,70849.38,0.99984396
2025-07-09 10:34:01.065,1.3232727,8.233162,3.0528197,14.126904,20.782394,0.008285742,0.013508556,70786.92,0.999843
2025-07-09 10:35:01.065,1.3235931,8.253471,3.0535626,14.135447,20.783102,0.008286443,0.0135090165,70744.14,0.99984175
2025-07-09 10:36:01.065,1.3084946,8.2730255,3.0187337,14.132815,20.76783,0.008279625,0.0134990895,70757.31,0.99984044
2025-07-09 10:37:01.065,1.3099365,8.293915,3.0220644,14.163214,20.800303,0.008295239,0.013520197,70605.445,0.9998391
2025-07-09 10:38:01.065,1.309082,8.314583,3.0200973,14.146021,20.763018,0.008278106,0.013495962,70691.26,0.99983776
2025-07-09 10:39:01.065,1.3089066,8.336197,3.0196967,14.179674,20.79981,0.008295759,0.013519878,70523.484,0.9998364
2025-07-09 10:40:01.065,1.2941132,8.348221,2.9855702,14.187294,20.803978,0.00829793,0.013522586,70485.6,0.99983555
2025-07-09 10:41:01.065,1.294426,8.365509,2.986295,14.216214,20.836296,0.008313408,0.013543592,70342.22,0.9998345
2025-07-09 10:42:01.065,1.2948456,8.374519,2.9872649,14.194896,20.799805,0.008296437,0.013519873,70447.86,0.9998339
2025-07-09 10:43:01.065,1.294426,8.382973,2.9862986,14.161898,20.746544,0.008271581,0.013485254,70612.01,0.9998333
2025-07-09 10:44:01.065,1.2941132,8.3921585,2.9855788,14.123093,20.684378,0.008242564,0.013444846,70806.02,0.99983263
2025-07-09 10:45:01.065,1.2948456,8.402588,2.9872706,14.123204,20.678509,0.008239991,0.013441031,70805.46,0.999832
2025-07-09 10:46:01.065,1.294426,8.412918,2.9863045,14.109823,20.652952,0.008228176,0.013424419,70872.61,0.99983126
2025-07-09 10:47:01.065,1.2947006,8.425301,2.9869406,14.161052,20.720762,0.008260219,0.013468496,70616.23,0.9998305
2025-07-09 10:48:01.065,1.294426,8.43338,2.9863086,14.111421,20.643482,0.008224085,0.013418263,70864.586,0.9998299
2025-07-09 10:49:01.065,1.2942581,8.445564,2.9859235,14.115567,20.642519,0.008223844,0.013417638,70843.77,0.9998291
2025-07-09 10:50:01.065,1.2936707,8.457115,2.984571,14.143122,20.676146,0.008239828,0.013439495,70705.75,0.9998283
2025-07-09 10:51:01.065,1.294426,8.477089,2.9863174,14.132326,20.648846,0.008227357,0.01342175,70759.76,0.99982697
2025-07-09 10:52:01.065,1.2810974,8.496506,2.9555717,14.135041,20.641626,0.008224299,0.013417058,70746.164,0.99982566
2025-07-09 10:53:01.065,1.2806625,8.521072,2.9545732,14.1195345,20.604864,0.008207465,0.013393162,70823.87,0.999824
2025-07-09 10:54:01.065,1.2803421,8.543289,2.9538383,14.154147,20.642593,0.008225553,0.013417686,70650.67,0.9998225
2025-07-09 10:55:01.065,1.2800751,8.566437,2.9532268,14.161949,20.640661,0.00822504,0.01341643,70611.75,0.99982095
2025-07-09 10:56:01.065,1.2803421,8.589203,2.9538476,14.165916,20.633368,0.008221998,0.01341169,70591.98,0.99981934
2025-07-09 10:57:01.065,1.2657089,8.60437,2.920091,14.201105,20.675896,0.008242224,0.013439333,70417.055,0.9998183
2025-07-09 10:58:01.065,1.2661667,8.621132,2.9211504,14.175791,20.629427,0.008220685,0.0134091275,70542.805,0.99981713
2025-07-09 10:59:01.065,1.2660217,8.638649,2.9208193,14.192263,20.643345,0.008227515,0.013418174,70460.93,0.99981594
2025-07-09 11:00:01.065,1.2507858,8.658768,2.885673,14.238871,20.699568,0.008254255,0.013454719,70230.29,0.9998145
2025-07-09 11:01:01.065,1.2509537,8.684967,2.8860655,14.238185,20.683527,0.008247157,0.013444292,70233.67,0.99981266
2025-07-09 11:02:01.065,1.2513733,8.701057,2.8870368,14.258369,20.703606,0.008256858,0.013457344,70134.25,0.9998116
2025-07-09 11:03:01.065,1.2510834,8.719666,2.8863716,14.276371,20.71905,0.008264423,0.013467382,70045.81,0.9998103
2025-07-09 11:04:01.065,1.2514954,8.737907,2.8873258,14.294683,20.735142,0.008272284,0.013477842,69956.08,0.999809
2025-07-09 11:05:01.065,1.2514954,8.748856,2.887328,14.303899,20.742218,0.00827579,0.013482441,69911.01,0.99980825
2025-07-09 11:06:01.065,1.2510834,8.754555,2.8863785,14.332645,20.780622,0.00829393,0.013507405,69770.79,0.99980783
2025-07-09 11:07:01.065,1.2519531,8.758484,2.8883862,14.321817,20.762665,0.008285558,0.013495732,69823.54,0.99980754
2025-07-09 11:08:01.065,1.2512283,8.763054,2.886715,14.333062,20.776337,0.008292059,0.01350462,69768.766,0.99980724
2025-07-09 11:09:01.065,1.2509537,8.766617,2.8860817,14.327846,20.766727,0.0082876,0.013498372,69794.164,0.999807
2025-07-09 11:10:01.065,1.2514954,8.774826,2.8873334,14.34804,20.791271,0.008299271,0.013514327,69695.93,0.9998064
2025-07-09 11:11:01.065,1.2509537,8.780632,2.8860848,14.335674,20.770016,0.008289378,0.01350051,69756.05,0.999806
2025-07-09 11:12:01.065,1.2503586,8.78997,2.8847141,14.367257,20.810396,0.008308508,0.013526758,69602.71,0.9998053
2025-07-09 11:13:01.065,1.250534,8.795959,2.88512,14.364483,20.802929,0.008305097,0.013521904,69616.15,0.99980485
2025-07-09 11:14:01.065,1.2513733,8.798851,2.8870568,14.381925,20.826525,0.008316237,0.013537242,69531.73,0.9998047
2025-07-09 11:15:01.065,1.2366257,8.799881,2.8530326,14.387169,20.833525,0.008319543,0.013541792,69506.375,0.9998046
2025-07-09 11:16:01.065,1.2366257,8.802124,2.853033,14.38768,20.832973,0.008319321,0.013541433,69503.91,0.99980444
2025-07-09 11:17:01.065,1.2364426,8.803345,2.8526108,14.372749,20.810652,0.008308851,0.013526924,69576.11,0.9998044
2025-07-09 11:18:01.065,1.2367249,8.808014,2.8532631,14.386719,20.828188,0.008317169,0.013538322,69508.555,0.999804
2025-07-09 11:19:01.065,1.2514954,8.813049,2.8873413,14.390814,20.831217,0.008318677,0.013540291,69488.77,0.99980366
2025-07-09 11:20:01.065,1.2367249,8.8174515,2.853265,14.396733,20.83725,0.008321584,0.013544212,69460.2,0.99980336
2025-07-09 11:21:01.065,1.2370224,8.828468,2.8539538,14.422709,20.868492,0.008336449,0.01356452,69335.1,0.99980253
2025-07-09 11:22:01.065,1.2371979,8.844528,2.8543618,14.412459,20.844408,0.008325394,0.013548865,69384.414,0.9998014
2025-07-09 11:23:01.065,1.2371979,8.855827,2.8543637,14.448806,20.890453,0.008347226,0.013578795,69209.875,0.9998007
2025-07-09 11:24:01.065,1.2368546,8.869087,2.8535745,14.46254,20.902658,0.00835318,0.013586728,69144.15,0.99979967
2025-07-09 11:25:01.065,1.2366257,8.883385,2.8530498,14.463418,20.89568,0.008350137,0.013582192,69139.95,0.99979866
2025-07-09 11:26:01.065,1.2367249,8.900459,2.8532822,14.478759,20.907991,0.008356206,0.013590194,69066.695,0.99979734
2025-07-09 11:27:01.065,1.2376251,8.927895,2.8553648,14.494816,20.915352,0.008360113,0.013594979,68990.18,0.9997954
2025-07-09 11:28:01.065,1.2221222,8.954109,2.8196027,14.494897,20.900368,0.008353493,0.013585239,68989.8,0.99979347
2025-07-09 11:29:01.065,1.2234192,8.98172,2.822601,14.515201,20.91374,0.008360228,0.013593931,68893.3,0.9997914
2025-07-09 11:30:01.065,1.2222672,9.016205,2.8199503,14.529552,20.914572,0.008361174,0.013594472,68825.24,0.9997888
2025-07-09 11:31:01.065,1.2079239,9.047714,2.7868648,14.561104,20.941847,0.0083745085,0.0136122005,68676.11,0.9997865
2025-07-09 11:32:01.065,1.2075043,9.086174,2.7859046,14.567149,20.92843,0.0083688125,0.01360348,68647.61,0.9997836
2025-07-09 11:33:01.065,1.2079239,9.127335,2.7868814,14.60772,20.963043,0.008385749,0.0136259785,68456.95,0.9997805
2025-07-09 11:34:01.065,1.2085266,9.163361,2.7882798,14.611811,20.948225,0.008379346,0.013616346,68437.79,0.99977773
2025-07-09 11:35:01.065,1.1937714,9.202156,2.7542453,14.654043,20.986477,0.008397954,0.01364121,68240.555,0.9997747
2025-07-09 11:36:01.065,1.1943665,9.245491,2.7556276,14.672433,20.987934,0.008399317,0.013642157,68155.02,0.99977136
2025-07-09 11:37:01.065,1.1788559,9.280518,2.719849,14.676543,20.973743,0.00839318,0.013632934,68135.94,0.9997686
2025-07-09 11:38:01.065,1.1791458,9.30069,2.7205224,14.690759,20.982506,0.008397616,0.013638629,68070,0.999767
2025-07-09 11:39:01.065,1.1789932,9.325775,2.7201757,14.696856,20.976858,0.008395342,0.013634958,68041.766,0.9997651
2025-07-09 11:40:01.065,1.17939,9.3491745,2.721096,14.698034,20.965168,0.008390196,0.013627359,68036.31,0.9997632
2025-07-09 11:41:01.065,1.1788559,9.370712,2.7198687,14.722609,20.987906,0.008401229,0.013642139,67922.74,0.99976146
2025-07-09 11:42:01.065,1.1793213,9.391411,2.7209466,14.74321,21.005436,0.008409801,0.0136535335,67827.836,0.99975985
2025-07-09 11:43:01.065,1.1644974,9.412956,2.6867495,14.747509,20.999249,0.00840721,0.013649512,67808.06,0.9997581
2025-07-09 11:44:01.065,1.1793213,9.430954,2.7209554,14.774186,21.026941,0.008420524,0.013667512,67685.625,0.99975663
2025-07-09 11:45:01.065,1.1644974,9.449127,2.6867573,14.761524,20.998547,0.008407427,0.013649055,67743.68,0.9997552
2025-07-09 11:46:01.065,1.1649551,9.468796,2.6878178,14.784429,21.019897,0.008417776,0.013662933,67638.734,0.9997536
2025-07-09 11:47:01.065,1.1646729,9.491798,2.6871715,14.798118,21.026226,0.008421101,0.013667047,67576.164,0.99975175
2025-07-09 11:48:01.065,1.1648102,9.509399,2.6874921,14.802431,21.022312,0.008419522,0.013664503,67556.47,0.9997503
2025-07-09 11:49:01.065,1.1504822,9.525894,2.6544378,14.8153715,21.03128,0.008423991,0.013670333,67497.46,0.99974895
2025-07-09 11:50:01.065,1.1503601,9.543785,2.6541598,14.806986,21.009186,0.0084138485,0.013655971,67535.69,0.9997475
2025-07-09 11:51:01.065,1.1508102,9.5589905,2.6552017,14.817437,21.015356,0.0084169805,0.013659981,67488.055,0.99974626
2025-07-09 11:52:01.065,1.1509857,9.570747,2.6556094,14.823242,21.016893,0.00841788,0.013660981,67461.625,0.9997453
2025-07-09 11:53:01.065,1.1503601,9.576767,2.654167,14.83132,21.02492,0.008421748,0.013666198,67424.88,0.99974483
2025-07-09 11:54:01.065,1.1502151,9.578438,2.6538327,14.841687,21.038666,0.00842825,0.013675133,67377.78,0.9997447
2025-07-09 11:55:01.065,1.1503601,9.574821,2.6541667,14.836605,21.033518,0.008425772,0.0136717865,67400.87,0.99974495
2025-07-09 11:56:01.065,1.1503601,9.568245,2.654165,14.825474,21.021482,0.008420004,0.013663964,67451.47,0.9997455
2025-07-09 11:57:01.065,1.1502151,9.560745,2.653829,14.835635,21.040163,0.008428691,0.013676106,67405.27,0.9997461
2025-07-09 11:58:01.065,1.1508102,9.549347,2.6551995,14.846557,21.062157,0.008438884,0.013690402,67355.69,0.9997471
2025-07-09 11:59:01.065,1.1508102,9.536102,2.655197,14.831867,21.048872,0.008432429,0.0136817675,67422.39,0.9997481
2025-07-09 12:00:01.065,1.1509857,9.525154,2.6555994,14.836833,21.062168,0.00843853,0.013690409,67399.83,0.999749
2025-07-09 12:01:01.065,1.1649551,9.515152,2.6878276,14.839226,21.07128,0.008442673,0.0136963315,67388.96,0.99974996
2025-07-09 12:02:01.065,1.1508102,9.503563,2.6551895,14.837474,21.075417,0.008444449,0.013699021,67396.914,0.99975085
2025-07-09 12:03:01.065,1.1649551,9.493835,2.6878233,14.825838,21.064447,0.008439137,0.013691891,67449.81,0.99975157
2025-07-09 12:04:01.065,1.1651001,9.485115,2.6881557,14.852983,21.10801,0.008459524,0.013720206,67326.54,0.9997524
2025-07-09 12:05:01.065,1.1646729,9.47982,2.6871686,14.834904,21.085348,0.008448772,0.013705476,67408.59,0.9997528
2025-07-09 12:06:01.065,1.1651001,9.476303,2.6881537,14.84271,21.098457,0.008454893,0.013713998,67373.14,0.99975306
2025-07-09 12:07:01.065,1.1649551,9.473984,2.6878188,14.820398,21.06807,0.008440542,0.013694245,67474.57,0.99975324
2025-07-09 12:08:01.065,1.1644974,9.47036,2.6867616,14.853862,21.117716,0.0084638735,0.013726516,67322.56,0.99975353
2025-07-09 12:09:01.065,1.1648102,9.469818,2.6874833,14.8466425,21.107763,0.008459181,0.013720047,67355.3,0.9997536
2025-07-09 12:10:01.065,1.1649551,9.47084,2.687818,14.85228,21.11519,0.008462694,0.013724874,67329.734,0.99975353
2025-07-09 12:11:01.065,1.1649551,9.471855,2.6878183,14.86171,21.128017,0.008468751,0.013733211,67287.01,0.9997534
2025-07-09 12:12:01.065,1.1655273,9.476021,2.6891394,14.864225,21.129202,0.008469372,0.013733982,67275.625,0.9997531
2025-07-09 12:13:01.065,1.1646729,9.482704,2.6871693,14.866803,21.129034,0.0084693935,0.013733872,67263.95,0.9997526
2025-07-09 12:14:01.065,1.1651001,9.491234,2.688157,14.88211,21.145891,0.008477463,0.01374483,67194.77,0.9997518
2025-07-09 12:15:01.065,1.1642456,9.502083,2.6861877,14.889568,21.15026,0.008479686,0.01374767,67161.12,0.999751
2025-07-09 12:16:01.065,1.1504822,9.510895,2.6544342,14.882593,21.135302,0.008472771,0.013737946,67192.59,0.99975026
2025-07-09 12:17:01.065,1.1504822,9.517189,2.6544354,14.899165,21.155222,0.008482252,0.013750894,67117.85,0.9997498
2025-07-09 12:18:01.065,1.1508102,9.526176,2.6551945,14.900238,21.15159,0.0084806755,0.013748534,67113.02,0.999749
2025-07-09 12:19:01.065,1.1499176,9.533867,2.6531367,14.910127,21.161217,0.008485325,0.013754791,67068.51,0.99974835
2025-07-09 12:20:01.065,1.1502151,9.539986,2.6538246,14.903905,21.14888,0.0084796045,0.013746773,67096.51,0.9997479
2025-07-09 12:21:01.065,1.1504822,9.547035,2.654442,14.942713,21.199896,0.00850375,0.013779933,66922.25,0.99974734
2025-07-09 12:22:01.065,1.1499176,9.554909,2.6531415,14.919122,21.161913,0.008485968,0.013755244,67028.08,0.9997466
2025-07-09 12:23:01.065,1.1502151,9.566124,2.65383,14.916094,21.151192,0.008481084,0.013748274,67041.68,0.9997457
2025-07-09 12:24:01.065,1.1508102,9.577789,2.6552057,14.919079,21.148743,0.008480103,0.013746683,67028.266,0.9997448
2025-07-09 12:25:01.065,1.1508102,9.585381,2.6552074,14.928292,21.157454,0.008484321,0.013752345,66986.9,0.9997441
2025-07-09 12:26:01.065,1.1492844,9.595856,2.651689,14.944232,21.17404,0.008492295,0.013763126,66915.45,0.9997433
2025-07-09 12:27:01.065,1.136322,9.605942,2.6217837,14.957015,21.186369,0.008498255,0.01377114,66858.26,0.99974245
2025-07-09 12:28:01.065,1.1500549,9.616959,2.6534717,14.9400015,21.155964,0.008484089,0.013751376,66934.4,0.9997415
2025-07-09 12:29:01.065,1.1504822,9.628525,2.6544597,14.961567,21.179876,0.008495528,0.01376692,66837.92,0.9997406
2025-07-09 12:30:01.065,1.1502151,9.636871,2.6538455,14.990916,21.216637,0.008512978,0.013790814,66707.06,0.9997399
2025-07-09 12:31:01.065,1.1506424,9.646408,2.6548338,14.993296,21.214535,0.008512129,0.013789447,66696.48,0.99973905
2025-07-09 12:32:01.065,1.1358948,9.654083,2.6208086,15.003761,21.224941,0.008517147,0.013796212,66649.95,0.99973845
2025-07-09 12:33:01.065,1.1365128,9.6614,2.622236,15.006947,21.22525,0.008517401,0.013796413,66635.805,0.99973786
2025-07-09 12:34:01.065,1.1358948,9.665924,2.6208112,15.0020485,21.215729,0.008512979,0.013790224,66657.56,0.9997375
2025-07-09 12:35:01.065,1.1366348,9.670189,2.6225193,15.021432,21.240694,0.008524813,0.013806451,66571.55,0.9997372
2025-07-09 12:36:01.065,1.1360397,9.674431,2.6211476,14.995069,21.200987,0.0085061565,0.013780641,66688.59,0.9997367
2025-07-09 12:37:01.065,1.1357651,9.677582,2.6205144,15.036801,21.258183,0.008533165,0.013817818,66503.51,0.99973655
2025-07-09 12:38:01.065,1.1360397,9.67952,2.6211486,15.00602,21.213554,0.008512154,0.01378881,66639.92,0.9997363
2025-07-09 12:39:01.065,1.1358948,9.678146,2.6208138,15.00674,21.215359,0.008512985,0.0137899835,66636.73,0.9997364
2025-07-09 12:40:01.065,1.1358948,9.676758,2.6208136,15.0093155,21.219797,0.008515056,0.013792869,66625.29,0.99973655
2025-07-09 12:41:01.065,1.1355972,9.675362,2.6201267,15.01267,21.225338,0.008517651,0.013796469,66610.41,0.99973667
2025-07-09 12:42:01.065,1.1357651,9.67453,2.6205134,15.026311,21.245104,0.008526955,0.013809318,66549.94,0.99973685
2025-07-09 12:43:01.065,1.1365128,9.671753,2.6222382,15.019882,21.237606,0.008523378,0.013804444,66578.42,0.9997371
2025-07-09 12:44:01.065,1.1366348,9.669991,2.6225193,15.03611,21.261562,0.0085346475,0.013820016,66506.56,0.9997372
2025-07-09 12:45:01.065,1.1358948,9.666946,2.6208115,15.006319,21.221184,0.008515567,0.013793769,66638.59,0.9997374
2025-07-09 12:46:01.065,1.136322,9.663528,2.6217964,14.998847,21.212574,0.008511459,0.013788173,66671.79,0.9997377
2025-07-09 12:47:01.065,1.136322,9.660652,2.621796,14.992071,21.204638,0.008507675,0.013783015,66701.92,0.9997379
2025-07-09 12:48:01.065,1.1361771,9.658897,2.6214607,15.013365,21.235762,0.008522321,0.0138032455,66607.32,0.9997381
2025-07-09 12:49:01.065,1.1365128,9.656769,2.622235,15.00782,21.229141,0.008519169,0.013798942,66631.93,0.9997382
2025-07-09 12:50:01.065,1.1361771,9.657684,2.6214607,14.990764,21.20449,0.00850756,0.013782918,66707.74,0.99973816
2025-07-09 12:51:01.065,1.136322,9.660278,2.621796,14.984215,21.19374,0.008502534,0.013775932,66736.9,0.9997379
2025-07-09 12:52:01.065,1.1360397,9.662224,2.6211445,15.010815,21.230247,0.008519771,0.013799662,66618.63,0.9997378
2025-07-09 12:53:01.065,1.1354675,9.664078,2.619825,15.018145,21.23955,0.008524184,0.013805708,66586.125,0.9997377
2025-07-09 12:54:01.065,1.1361771,9.665367,2.6214623,15.002284,21.216383,0.008513277,0.013790649,66656.516,0.9997375
2025-07-09 12:55:01.065,1.1365128,9.667595,2.6222374,14.990156,21.197954,0.008504627,0.01377867,66710.445,0.9997373
2025-07-09 12:56:01.065,1.1360397,9.670555,2.6211464,14.988347,21.1937,0.008502666,0.013775906,66718.5,0.9997371
2025-07-09 12:57:01.065,1.136795,9.673973,2.62289,14.997843,21.205172,0.008508122,0.013783362,66676.26,0.99973685
2025-07-09 12:58:01.065,1.1365128,9.67852,2.6222398,14.980831,21.178516,0.008495625,0.013766035,66751.97,0.99973637
2025-07-09 12:59:01.065,1.1357651,9.685455,2.6205163,14.979427,21.172567,0.0084929215,0.013762169,66758.23,0.99973583
2025-07-09 13:00:01.065,1.136322,9.690811,2.6218023,15.01636,21.221703,0.008516163,0.013794107,66594.03,0.99973536
2025-07-09 13:01:01.065,1.1358948,9.696091,2.620818,15.019991,21.223808,0.008517231,0.0137954755,66577.94,0.99973494
2025-07-09 13:02:01.065,1.1354675,9.700439,2.619833,15.028178,21.232887,0.0085215755,0.013801377,66541.664,0.9997346
2025-07-09 13:03:01.065,1.1357651,9.705345,2.6205206,15.041234,21.24852,0.008529017,0.013811538,66483.91,0.99973416
2025-07-09 13:04:01.065,1.136795,9.711906,2.6228986,15.043765,21.248333,0.008529025,0.013811416,66472.72,0.9997336
2025-07-09 13:05:01.065,1.1355972,9.719406,2.6201363,15.057123,21.2629,0.008536003,0.013820885,66413.75,0.99973303
2025-07-09 13:06:01.065,1.1366348,9.727264,2.6225321,15.055322,21.25585,0.008532796,0.013816303,66421.695,0.9997324
2025-07-09 13:07:01.065,1.1357651,9.733826,2.6205268,15.044783,21.237211,0.008524104,0.013804187,66468.23,0.99973184
2025-07-09 13:08:01.065,1.1360397,9.739372,2.6211617,15.053851,21.246836,0.0085287215,0.013810444,66428.19,0.9997313
2025-07-09 13:09:01.065,1.1214447,9.745293,2.5874884,15.080027,21.280384,0.008544626,0.01383225,66312.88,0.9997308
2025-07-09 13:10:01.065,1.1217575,9.750275,2.588211,15.078261,21.275036,0.008542176,0.013828773,66320.64,0.9997304
2025-07-09 13:11:01.065,1.1217575,9.756287,2.5882123,15.072444,21.263382,0.008536771,0.013821199,66346.24,0.99972993
2025-07-09 13:12:01.065,1.1219025,9.762581,2.588548,15.091336,21.286425,0.008547725,0.013836176,66263.19,0.9997294
2025-07-09 13:13:01.065,1.1217575,9.768028,2.5882149,15.08815,21.278807,0.008544214,0.013831224,66277.18,0.9997289
2025-07-09 13:14:01.065,1.1209869,9.772102,2.5864377,15.075013,21.257948,0.008534437,0.013817667,66334.94,0.99972856
2025-07-09 13:15:01.065,1.1215744,9.777832,2.5877945,15.086587,21.270987,0.008540668,0.013826141,66284.05,0.9997281
2025-07-09 13:16:01.065,1.1217575,9.784111,2.5882185,15.096743,21.281704,0.008545813,0.013833107,66239.45,0.99972755
2025-07-09 13:17:01.065,1.1214447,9.791229,2.5874982,15.090275,21.268513,0.008539694,0.013824533,66267.84,0.99972695
2025-07-09 13:18:01.065,1.1223755,9.798439,2.5896475,15.105449,21.285769,0.008547936,0.01383575,66201.27,0.9997263
2025-07-09 13:19:01.065,1.1219025,9.807495,2.588558,15.097056,21.268759,0.008540046,0.013824693,66238.08,0.9997256
2025-07-09 13:20:01.065,1.1224823,9.81646,2.5898979,15.071869,21.228151,0.008521026,0.013798298,66348.77,0.99972475
2025-07-09 13:21:01.065,1.1215744,9.826431,2.5878055,15.090039,21.248045,0.00853055,0.01381123,66268.88,0.9997239
2025-07-09 13:22:01.065,1.1214447,9.836037,2.5875082,15.126468,21.293839,0.008552285,0.013840996,66109.29,0.9997231
2025-07-09 13:23:01.065,1.1219025,9.8448105,2.5885663,15.040635,21.168016,0.008493073,0.013759212,66486.555,0.9997223
2025-07-09 13:24:01.065,1.1211472,9.853401,2.5868256,15.001522,21.108095,0.008464941,0.013720262,66659.91,0.9997216
2025-07-09 13:25:01.065,1.1222153,9.865318,2.5892928,15.001892,21.101856,0.00846217,0.013716206,66658.26,0.9997205
2025-07-09 13:26:01.065,1.1214447,9.8761215,2.5875173,15.028685,21.13341,0.008477199,0.013736716,66539.42,0.9997196
2025-07-09 13:27:01.065,1.1219025,9.887375,2.588576,15.017547,21.111366,0.008466965,0.013722388,66588.77,0.9997186
2025-07-09 13:28:01.065,1.107605,9.898918,2.55559,15.020414,21.108856,0.008465944,0.013720756,66576.06,0.99971765
2025-07-09 13:29:01.065,1.107605,9.911293,2.5555925,15.012375,21.090551,0.008457487,0.013708858,66611.71,0.9997166
2025-07-09 13:30:01.065,1.107132,9.923752,2.554504,15.022468,21.097677,0.008461022,0.01371349,66566.96,0.99971545
2025-07-09 13:31:01.065,1.1079025,9.937767,2.556285,15.031745,21.102772,0.008463618,0.013716801,66525.875,0.99971426
2025-07-09 13:32:01.065,1.107132,9.954842,2.5545108,15.026681,21.08601,0.008455953,0.013705906,66548.3,0.99971277
2025-07-09 13:33:01.065,1.106987,9.972641,2.5541804,15.041299,21.096458,0.008461123,0.013712698,66483.62,0.99971116
2025-07-09 13:34:01.065,1.106987,9.988419,2.5541837,15.0470915,21.095667,0.008460971,0.013712184,66458.02,0.99970984
2025-07-09 13:35:01.065,1.0925446,10.004456,2.5208642,15.058372,21.102417,0.008464378,0.013716572,66408.24,0.99970835
2025-07-09 13:36:01.065,1.0925446,10.017097,2.5208669,15.049989,21.083538,0.008455643,0.0137043,66445.234,0.9997073
2025-07-09 13:37:01.065,1.0931549,10.027603,2.5222774,15.083669,21.12478,0.00847524,0.013731107,66296.87,0.9997064
2025-07-09 13:38:01.065,1.0935974,10.036179,2.5233004,15.101394,21.144754,0.008484781,0.013744091,66219.055,0.99970555
2025-07-09 13:39:01.065,1.0934296,10.042534,2.5229146,15.110208,21.1535,0.00848899,0.013749775,66180.43,0.999705
2025-07-09 13:40:01.065,1.092392,10.047874,2.5205214,15.11502,21.157215,0.008490819,0.01375219,66159.36,0.9997046
2025-07-09 13:41:01.065,1.0932999,10.050743,2.522617,15.114349,21.154655,0.00848965,0.013750526,66162.29,0.9997043
2025-07-09 13:42:01.065,1.0932999,10.050095,2.522617,15.140986,21.192305,0.008507403,0.0137749985,66045.9,0.99970436
2025-07-09 13:43:01.065,1.0932999,10.048065,2.5226164,15.130643,21.178976,0.008501084,0.013766334,66091.05,0.99970454
2025-07-09 13:44:01.065,1.0932999,10.048706,2.5226166,15.146992,21.201496,0.008511719,0.013780972,66019.71,0.9997045
2025-07-09 13:45:01.065,1.0925446,10.050926,2.5208745,15.156012,21.212862,0.008517112,0.01378836,65980.42,0.9997043
2025-07-09 13:46:01.065,1.0931549,10.053505,2.5222833,15.151877,21.205616,0.008513728,0.0137836505,65998.42,0.99970406
2025-07-09 13:47:01.065,1.092247,10.056999,2.5201893,15.156942,21.210722,0.008516186,0.01378697,65976.37,0.99970376
2025-07-09 13:48:01.065,1.0926971,10.061699,2.5212288,15.194433,21.260517,0.008539744,0.013819337,65813.58,0.99970335
2025-07-09 13:49:01.065,1.0926971,10.066673,2.5212297,15.1917,21.253866,0.008536675,0.013815014,65825.414,0.99970293
2025-07-09 13:50:01.065,1.0925446,10.072121,2.520879,15.194126,21.254168,0.008536894,0.013815209,65814.91,0.99970245
2025-07-09 13:51:01.065,1.0935974,10.077644,2.5233097,15.23081,21.30234,0.0085597,0.013846521,65656.39,0.999702
2025-07-09 13:52:01.065,1.0929871,10.081879,2.521902,15.20468,21.263386,0.0085413745,0.013821201,65769.22,0.9997016
2025-07-09 13:53:01.065,1.0925446,10.085289,2.520882,15.214484,21.27516,0.008546978,0.013828854,65726.84,0.9997013
2025-07-09 13:54:01.065,1.092392,10.088692,2.5205307,15.250992,21.324272,0.008570203,0.013860777,65569.51,0.99970096
2025-07-09 13:55:01.065,1.0931549,10.089798,2.5222914,15.223041,21.284561,0.008551478,0.0138349645,65689.9,0.99970084
2025-07-09 13:56:01.065,1.0928421,10.090538,2.5215697,15.21788,21.276926,0.008547885,0.013830002,65712.17,0.9997008
2025-07-09 13:57:01.065,1.0931549,10.087685,2.522291,15.230454,21.29613,0.008556906,0.013842484,65657.92,0.999701
2025-07-09 13:58:01.065,1.0934296,10.087959,2.5229247,15.223092,21.285679,0.008551979,0.013835691,65689.68,0.999701
2025-07-09 13:59:01.065,1.0932999,10.087227,2.5226252,15.244326,21.315784,0.008566175,0.01385526,65598.18,0.9997011
2025-07-09 14:00:01.065,1.0787201,10.088234,2.4889846,15.244037,21.314808,0.0085657295,0.013854626,65599.42,0.999701
2025-07-09 14:01:01.065,1.0929871,10.086853,2.5219033,15.239246,21.308895,0.008562921,0.013850782,65620.04,0.99970114
2025-07-09 14:02:01.065,1.0928421,10.087227,2.5215688,15.213062,21.27207,0.008545547,0.013826846,65732.984,0.9997011
2025-07-09 14:03:01.065,1.0934296,10.087128,2.5229244,15.207629,21.264528,0.008541988,0.013821944,65756.47,0.9997011
2025-07-09 14:04:01.065,1.0788498,10.085014,2.489283,15.218618,21.281097,0.008549776,0.0138327135,65708.984,0.9997013
2025-07-09 14:05:01.065,1.0926971,10.082161,2.521233,15.218449,21.28248,0.00855039,0.013833612,65709.72,0.9997016
2025-07-09 14:06:01.065,1.0931549,10.080589,2.522289,15.214325,21.277609,0.008548069,0.013830446,65727.53,0.99970174
2025-07-09 14:07:01.065,1.0931549,10.080315,2.522289,15.229733,21.299313,0.00855831,0.013844553,65661.03,0.99970174
2025-07-09 14:08:01.065,1.0931549,10.0809555,2.5222893,15.240971,21.314663,0.008565562,0.013854531,65612.62,0.9997017
2025-07-09 14:09:01.065,1.0931549,10.085205,2.52229,15.227873,21.293928,0.008555833,0.0138410535,65669.055,0.9997013
2025-07-09 14:10:01.065,1.0928421,10.087685,2.521569,15.25922,21.336351,0.008575888,0.013868628,65534.15,0.999701
2025-07-09 14:11:01.065,1.092392,10.087685,2.5205307,15.242625,21.313147,0.008564938,0.013853546,65605.5,0.999701
2025-07-09 14:12:01.065,1.0929871,10.087959,2.5219035,15.249176,21.32215,0.00856919,0.013859398,65577.31,0.999701
2025-07-09 14:13:01.065,1.0928421,10.09063,2.5215697,15.258765,21.334036,0.008574838,0.013867123,65536.1,0.9997008
2025-07-09 14:14:01.065,1.0928421,10.093384,2.5215702,15.2551,21.327345,0.008571718,0.013862775,65551.84,0.99970055
2025-07-09 14:15:01.065,1.0928421,10.095596,2.5215707,15.261863,21.335539,0.008575615,0.013868101,65522.8,0.99970037
2025-07-09 14:16:01.065,1.0929871,10.101501,2.5219066,15.283916,21.362999,0.00858866,0.01388595,65428.258,0.99969983
2025-07-09 14:17:01.065, , , , , , , , , 
2025-07-09 14:18:01.065,1.0926971,10.108223,2.521239,15.286013,21.362095,0.008588322,0.013885361,65419.285,0.99969923
2025-07-09 14:19:01.065,1.078392,10.11145,2.4882329,15.289101,21.36457,0.008589534,0.013886971,65406.07,0.999699
2025-07-09 14:20:01.065,1.0781555,10.114021,2.4876876,15.285098,21.357512,0.008586241,0.013882383,65423.2,0.99969876
2025-07-09 14:21:01.065,1.0928421,10.118355,2.521576,15.2936945,21.367054,0.008590803,0.013888584,65386.426,0.99969834
2025-07-09 14:22:01.065,1.0785446,10.125259,2.488588,15.302642,21.375616,0.0085949395,0.01389415,65348.195,0.9996977
2025-07-09 14:23:01.065,1.0785446,10.132164,2.4885898,15.310077,21.382061,0.00859808,0.01389834,65316.46,0.9996971
2025-07-09 14:24:01.065,1.0787201,10.135208,2.4889948,15.31507,21.3873,0.008600593,0.013901746,65295.164,0.99969685
