Location Properties,,,,,,
Location Name = Device Location,,,,,,
,,,,,,
Report Properties,,,,,,
Start Time = 2025-08-05 08:33:43,,,,,,
Time Offset = -07:00:00,,,,,,
Duration = 00:36:41,,,,,,
Readings = 2202,,,,,,
,,,,,,
Instrument Properties,,,,,,
Device Model = Aqua TROLL 200,,,,,,
Device SN = 840058,,,,,,
,,,,,,
,,,,,,
Date Time,Pressure (psi) (840058),Temperature (°C) (840058),Depth (ft) (840058),Actual Conductivity (µS/cm) (840058),Specific Conductivity (µS/cm) (840058),Marked
8:33:43 AM,13.736328,6.379309,31.68504,18.823612,29.21357,
8:33:44 AM,13.734679,6.37929,31.681234,18.8249,29.215586,
8:33:45 AM,13.733029,6.3792715,31.67743,18.826187,29.217602,
8:33:46 AM,13.742631,6.3798027,31.699577,18.825779,29.216505,
8:33:47 AM,13.742544,6.3798275,31.699379,18.826279,29.21726,
8:33:48 AM,13.742457,6.379852,31.699179,18.82678,29.218018,
8:33:49 AM,13.764424,6.3808775,31.749847,18.82067,29.207645,
8:33:50 AM,13.765861,6.380951,31.75316,18.820389,29.207146,
8:33:51 AM,13.767297,6.381025,31.756474,18.820108,29.206648,
8:33:52 AM,13.736425,6.380508,31.685265,18.81657,29.201603,
8:33:53 AM,13.735201,6.380505,31.682442,18.816229,29.201075,
8:33:54 AM,13.747362,6.381231,31.710493,18.816616,29.20105,
8:33:55 AM,13.747439,6.381265,31.71067,18.81656,29.200935,
8:33:56 AM,13.747517,6.3812995,31.710848,18.816505,29.200819,
8:33:57 AM,13.730458,6.3812184,31.6715,18.813326,29.195953,
8:33:58 AM,13.729766,6.3812327,31.669903,18.813147,29.195662,
8:33:59 AM,13.7290745,6.381247,31.668308,18.812965,29.19537,
8:34:00 AM,13.738009,6.382016,31.68892,18.828554,29.218897,
8:34:01 AM,13.738111,6.38206,31.689152,18.829391,29.220156,
8:34:02 AM,13.753235,6.382081,31.72404,18.829012,29.21955,
8:34:03 AM,13.754377,6.382101,31.726675,18.829357,29.220066,
8:34:04 AM,13.75552,6.382121,31.729311,18.829702,29.220585,
8:34:05 AM,13.733747,6.3828635,31.679087,18.82566,29.21367,
8:34:06 AM,13.732821,6.3829083,31.676952,18.825409,29.213243,
8:34:07 AM,13.731897,6.3829536,31.67482,18.82516,29.212814,
8:34:08 AM,13.7512665,6.3827057,31.719496,18.825209,29.213106,
8:34:09 AM,13.751868,6.38271,31.720886,18.825113,29.212954,
8:34:10 AM,13.754687,6.3831034,31.727388,18.817232,29.20038,
8:34:11 AM,13.7553215,6.3831215,31.72885,18.816751,29.199621,
8:34:12 AM,13.755955,6.3831396,31.73031,18.816273,29.19886,
8:34:13 AM,13.741635,6.383571,31.69728,18.82609,29.21372,
8:34:14 AM,13.740836,6.383607,31.69544,18.826488,29.214308,
8:34:15 AM,13.740038,6.383643,31.693598,18.826887,29.214895,
8:34:16 AM,13.743229,6.384328,31.700958,18.832863,29.22358,
8:34:17 AM,13.743054,6.38438,31.700556,18.833464,29.224466,
8:34:18 AM,13.747171,6.384807,31.710052,18.827868,29.215414,
8:34:19 AM,13.747497,6.3848495,31.710802,18.827663,29.215061,
8:34:20 AM,13.747821,6.3848925,31.71155,18.827461,29.214708,
8:34:21 AM,13.752294,6.384977,31.721867,18.82661,29.213316,
8:34:22 AM,13.752665,6.384993,31.722725,18.82642,29.213007,
8:34:23 AM,13.7530365,6.385009,31.723581,18.82623,29.212696,
8:34:24 AM,13.744796,6.385523,31.704573,18.830011,29.21812,
8:34:25 AM,13.744429,6.3855557,31.703726,18.83021,29.2184,
8:34:26 AM,13.744612,6.3854785,31.70415,18.822384,29.206326,
8:34:27 AM,13.7444315,6.385486,31.703732,18.82199,29.205706,
8:34:28 AM,13.744251,6.3854938,31.703316,18.821596,29.205088,
8:34:29 AM,13.757194,6.386327,31.73317,18.826546,29.212048,
8:34:30 AM,13.757971,6.3863745,31.734962,18.826643,29.212156,
8:34:31 AM,13.758749,6.386422,31.736757,18.82674,29.212265,
8:34:32 AM,13.748982,6.3866787,31.714228,18.824759,29.208967,
8:34:33 AM,13.748736,6.386715,31.713661,18.824762,29.20894,
8:34:34 AM,13.754194,6.3873153,31.72625,18.82052,29.20184,
8:34:35 AM,13.754311,6.3873587,31.726519,18.820206,29.201315,
8:34:36 AM,13.754426,6.3874016,31.726786,18.819893,29.20079,
8:34:37 AM,13.748808,6.3874836,31.713827,18.825808,29.2099,
8:34:38 AM,13.748607,6.387504,31.713364,18.826063,29.210278,
8:34:39 AM,13.748406,6.3875246,31.7129,18.826319,29.210655,
8:34:40 AM,13.749523,6.3874364,31.715477,18.8243,29.207602,
8:34:41 AM,13.749445,6.3874335,31.715296,18.824333,29.207653,
8:34:42 AM,13.745356,6.3878345,31.705864,18.828432,29.213667,
8:34:43 AM,13.7451315,6.387858,31.705347,18.828638,29.213964,
8:34:44 AM,13.744907,6.387881,31.70483,18.828842,29.21426,
8:34:45 AM,13.751264,6.3884797,31.71949,18.841585,29.233519,
8:34:46 AM,13.751542,6.3885255,31.72013,18.842459,29.23483,
8:34:47 AM,13.751821,6.3885717,31.720774,18.84333,29.236143,
8:34:48 AM,13.750763,6.3885665,31.718336,18.835361,29.223785,
8:34:49 AM,13.75086,6.3885818,31.718561,18.83522,29.223555,
8:34:50 AM,13.750456,6.389477,31.717628,18.831524,29.217045,
8:34:51 AM,13.750405,6.3895316,31.71751,18.831114,29.21636,
8:34:52 AM,13.750354,6.389587,31.717392,18.830704,29.215675,
8:34:53 AM,13.754159,6.3895316,31.726168,18.81817,29.196278,
8:34:54 AM,13.754381,6.3895507,31.726679,18.817318,29.194937,
8:34:55 AM,13.754602,6.3895698,31.727192,18.816465,29.193598,
8:34:56 AM,13.7563305,6.3898892,31.73118,18.828419,29.211868,
8:34:57 AM,13.756531,6.3899074,31.731642,18.828798,29.21244,
8:34:58 AM,13.744509,6.3900733,31.703909,18.831276,29.216143,
8:34:59 AM,13.74381,6.390092,31.702297,18.831707,29.216795,
8:35:00 AM,13.743112,6.39011,31.700686,18.832136,29.217445,
8:35:01 AM,13.759111,6.3904457,31.737593,18.832155,29.217184,
8:35:02 AM,13.759765,6.39047,31.7391,18.832218,29.21726,
8:35:03 AM,13.760418,6.3904943,31.740606,18.83228,29.217335,
8:35:04 AM,13.755113,6.3907595,31.728369,18.829737,29.21316,
8:35:05 AM,13.755187,6.390784,31.728542,18.82959,29.212912,
8:35:06 AM,13.754344,6.3915215,31.726595,18.831755,29.21563,
8:35:07 AM,13.754157,6.391573,31.726162,18.831827,29.215698,
8:35:08 AM,13.753969,6.3916245,31.72573,18.8319,29.215765,
8:35:09 AM,13.752361,6.391552,31.722021,18.821281,29.199356,
8:35:10 AM,13.752242,6.391566,31.721748,18.820688,29.198423,
8:35:11 AM,13.752124,6.3915796,31.721474,18.820097,29.197493,
8:35:12 AM,13.757104,6.392417,31.732962,18.828176,29.209303,
8:35:13 AM,13.757351,6.3924646,31.73353,18.828373,29.209568,
8:35:14 AM,13.736673,6.3926663,31.685835,18.838806,29.225578,
8:35:15 AM,13.735487,6.3926983,31.683098,18.839643,29.22685,
8:35:16 AM,13.734301,6.39273,31.68036,18.840483,29.228123,
8:35:17 AM,13.7600765,6.392812,31.739819,18.84149,29.229614,
8:35:18 AM,13.76109,6.3928213,31.742157,18.841818,29.230116,
8:35:19 AM,13.762104,6.3928313,31.744497,18.842146,29.230616,
8:35:20 AM,13.742511,6.3933277,31.6993,18.825024,29.203625,
8:35:21 AM,13.741986,6.3933597,31.698092,18.824049,29.202084,
8:35:22 AM,13.753702,6.3939652,31.725115,18.829004,29.209248,
8:35:23 AM,13.753952,6.3940144,31.72569,18.828913,29.209063,
8:35:24 AM,13.754201,6.3940635,31.726265,18.828821,29.208878,
8:35:25 AM,13.746746,6.394148,31.70907,18.842506,29.230036,
8:35:26 AM,13.746599,6.3941684,31.70873,18.843454,29.23149,
8:35:27 AM,13.746452,6.394189,31.708393,18.844402,29.232943,
8:35:28 AM,13.747705,6.394693,31.711285,18.823988,29.200836,
8:35:29 AM,13.747598,6.3947253,31.711037,18.823109,29.199444,
8:35:30 AM,13.755097,6.395311,31.728334,18.834911,29.217247,
8:35:31 AM,13.755597,6.395359,31.729488,18.835152,29.217577,
8:35:32 AM,13.756098,6.3954077,31.730642,18.835392,29.217909,
8:35:33 AM,13.743605,6.3960013,31.701824,18.839685,29.224054,
8:35:34 AM,13.74304,6.396052,31.700521,18.840242,29.224874,
8:35:35 AM,13.742475,6.3961024,31.699217,18.840801,29.225697,
8:35:36 AM,13.741372,6.396184,31.696676,18.843237,29.229404,
8:35:37 AM,13.740995,6.3962045,31.695807,18.843493,29.229784,
8:35:38 AM,13.7395735,6.3968606,31.692528,18.833426,29.213598,
8:35:39 AM,13.739465,6.3969035,31.692276,18.832867,29.212696,
8:35:40 AM,13.739356,6.396946,31.692024,18.832308,29.211792,
8:35:41 AM,13.739357,6.3967867,31.692026,18.832085,29.211582,
8:35:42 AM,13.739321,6.3967934,31.691942,18.831816,29.21116,
8:35:43 AM,13.7392845,6.3968005,31.691858,18.831547,29.210737,
8:35:44 AM,13.756546,6.397307,31.731676,18.838192,29.220606,
8:35:45 AM,13.757578,6.3973336,31.734056,18.838577,29.221182,
8:35:46 AM,13.751213,6.397595,31.719374,18.837654,29.219526,
8:35:47 AM,13.751231,6.3976235,31.719416,18.837751,29.219652,
8:35:48 AM,13.751249,6.3976517,31.71946,18.837849,29.219778,
8:35:49 AM,13.755929,6.398061,31.730253,18.836441,29.21724,
8:35:50 AM,13.756051,6.3980923,31.730534,18.836332,29.217043,
8:35:51 AM,13.756173,6.3981233,31.730814,18.836224,29.216846,
8:35:52 AM,13.7482195,6.39821,31.712471,18.843554,29.228144,
8:35:53 AM,13.747868,6.398226,31.711658,18.843954,29.22875,
8:35:54 AM,13.73183,6.39839,31.674662,18.845373,29.23081,
8:35:55 AM,13.730648,6.398402,31.671936,18.845633,29.231201,
8:35:56 AM,13.7294655,6.398414,31.669209,18.845892,29.231594,
8:35:57 AM,13.731363,6.398833,31.673586,18.841166,29.2239,
8:35:58 AM,13.731075,6.3988624,31.67292,18.840914,29.223484,
8:35:59 AM,13.730786,6.398892,31.672256,18.840662,29.223068,
8:36:00 AM,13.727372,6.39933,31.664383,18.837309,29.217485,
8:36:01 AM,13.727206,6.3993673,31.664,18.836992,29.21696,
8:36:02 AM,13.736459,6.39962,31.68534,18.844074,29.227732,
8:36:03 AM,13.736944,6.3996463,31.68646,18.844437,29.228268,
8:36:04 AM,13.737429,6.399672,31.687578,18.844797,29.228806,
8:36:05 AM,13.7424135,6.3997655,31.699078,18.840204,29.221601,
8:36:06 AM,13.74295,6.3997774,31.700315,18.840105,29.221437,
8:36:07 AM,13.743487,6.3997893,31.701551,18.840006,29.221273,
8:36:08 AM,13.724529,6.3998594,31.657825,18.843693,29.226929,
8:36:09 AM,13.723542,6.399866,31.655548,18.843798,29.227085,
8:36:10 AM,13.746112,6.400607,31.707607,18.843603,29.226143,
8:36:11 AM,13.747088,6.4006553,31.70986,18.84368,29.226221,
8:36:12 AM,13.748064,6.4007034,31.712112,18.843756,29.226297,
8:36:13 AM,13.743801,6.401053,31.70228,18.841103,29.22188,
8:36:14 AM,13.74413,6.4010935,31.703037,18.840937,29.221586,
8:36:15 AM,13.744458,6.4011335,31.703794,18.840769,29.22129,
8:36:16 AM,13.757339,6.4017115,31.733505,18.845507,29.22814,
8:36:17 AM,13.758003,6.4017553,31.735037,18.84572,29.228432,
8:36:18 AM,13.760057,6.401777,31.739775,18.850857,29.236382,
8:36:19 AM,13.760494,6.4017916,31.740782,18.851288,29.237036,
8:36:20 AM,13.760931,6.4018064,31.741789,18.851717,29.23769,
8:36:21 AM,13.735977,6.401881,31.684229,18.849728,29.234537,
8:36:22 AM,13.734509,6.401886,31.680845,18.849735,29.234547,
8:36:23 AM,13.733043,6.4018908,31.67746,18.849745,29.234554,
8:36:24 AM,13.743562,6.402591,31.701725,18.84687,29.229492,
8:36:25 AM,13.743558,6.4026346,31.701715,18.846653,29.229116,
8:36:26 AM,13.740925,6.402895,31.695642,18.844326,29.225285,
8:36:27 AM,13.741017,6.4029274,31.695854,18.844118,29.224934,
8:36:28 AM,13.741109,6.40296,31.696066,18.84391,29.224585,
8:36:29 AM,13.749062,6.4033685,31.71441,18.83981,29.217867,
8:36:30 AM,13.749476,6.4033995,31.715366,18.839502,29.217365,
8:36:31 AM,13.749891,6.4034305,31.716324,18.839197,29.216864,
8:36:32 AM,13.756567,6.403264,31.731724,18.84338,29.2235,
8:36:33 AM,13.757166,6.403265,31.733105,18.843523,29.22372,
8:36:34 AM,13.74719,6.403754,31.710094,18.856459,29.243357,
8:36:35 AM,13.746719,6.403781,31.709007,18.85736,29.244734,
8:36:36 AM,13.746248,6.4038076,31.707922,18.858263,29.246109,
8:36:37 AM,13.745608,6.4042425,31.706448,18.839508,29.216644,
8:36:38 AM,13.745315,6.4042816,31.70577,18.838678,29.215324,
8:36:39 AM,13.745021,6.4043207,31.705091,18.837849,29.214005,
8:36:40 AM,13.745921,6.404904,31.707165,18.841333,29.218906,
8:36:41 AM,13.745955,6.4049497,31.707245,18.84106,29.218445,
8:36:42 AM,13.743835,6.4049726,31.702356,18.850279,29.232718,
8:36:43 AM,13.743719,6.4049873,31.70209,18.850946,29.23374,
8:36:44 AM,13.743604,6.4050026,31.70182,18.851614,29.234762,
8:36:45 AM,13.756197,6.4051623,31.73087,18.8487,29.230104,
8:36:46 AM,13.756904,6.4051723,31.7325,18.848759,29.230185,
8:36:47 AM,13.757609,6.4051824,31.734129,18.848816,29.230267,
8:36:48 AM,13.739587,6.40587,31.692556,18.847382,29.227448,
8:36:49 AM,13.738813,6.4059153,31.690773,18.847229,29.22717,
8:36:50 AM,13.739555,6.40625,31.692484,18.847479,29.227272,
8:36:51 AM,13.739162,6.4062867,31.691576,18.847466,29.227219,
8:36:52 AM,13.738769,6.406324,31.69067,18.847452,29.227167,
8:36:53 AM,13.748078,6.4066625,31.712143,18.844728,29.222645,
8:36:54 AM,13.748672,6.406691,31.713509,18.844568,29.222372,
8:36:55 AM,13.749264,6.4067197,31.714876,18.844408,29.2221,
8:36:56 AM,13.742095,6.4067206,31.69834,18.849943,29.23068,
8:36:57 AM,13.741898,6.4067297,31.697886,18.850204,29.23108,
8:36:58 AM,13.7417,6.4067383,31.69743,18.850468,29.231478,
8:36:59 AM,13.756947,6.407332,31.7326,18.845888,29.223866,
8:37:00 AM,13.757676,6.4073677,31.734283,18.845755,29.223629,
8:37:01 AM,13.740469,6.40738,31.694592,18.843035,29.2194,
8:37:02 AM,13.739803,6.4073954,31.693056,18.84276,29.218962,
8:37:03 AM,13.739138,6.4074106,31.69152,18.842485,29.218523,
8:37:04 AM,13.75469,6.407322,31.727392,18.845411,29.223135,
8:37:05 AM,13.755214,6.407317,31.728601,18.84552,29.22331,
8:37:06 AM,13.755738,6.407312,31.729809,18.84563,29.223484,
8:37:07 AM,13.736737,6.407838,31.685984,18.849546,29.229097,
8:37:08 AM,13.736008,6.407867,31.684301,18.84985,29.229544,
8:37:09 AM,13.753673,6.4084463,31.725048,18.85407,29.235588,
8:37:10 AM,13.754285,6.408494,31.72646,18.85442,29.23609,
8:37:11 AM,13.754897,6.4085417,31.727873,18.85477,29.236591,
8:37:12 AM,13.752562,6.408886,31.722485,18.847454,29.22495,
8:37:13 AM,13.752856,6.4089212,31.723164,18.847118,29.2244,
8:37:14 AM,13.74743,6.4085264,31.710648,18.853456,29.234568,
8:37:15 AM,13.747019,6.40851,31.7097,18.853674,29.234919,
8:37:16 AM,13.746608,6.4084935,31.70875,18.853891,29.23527,
8:37:17 AM,13.752469,6.409724,31.722273,18.851362,29.230282,
8:37:18 AM,13.752697,6.40979,31.722797,18.851366,29.23023,
8:37:19 AM,13.752924,6.4098563,31.723322,18.851368,29.230179,
8:37:20 AM,13.747143,6.409036,31.709984,18.860739,29.24542,
8:37:21 AM,13.746946,6.4090185,31.70953,18.861235,29.246204,
8:37:22 AM,13.74675,6.4090014,31.709078,18.86173,29.246988,
8:37:23 AM,13.748092,6.4102607,31.712173,18.853756,29.233532,
8:37:24 AM,13.748028,6.4103155,31.712029,18.853527,29.233128,
8:37:25 AM,13.756677,6.4101896,31.731976,18.847212,29.223446,
8:37:26 AM,13.757239,6.410212,31.733273,18.846638,29.222536,
8:37:27 AM,13.757802,6.4102345,31.734571,18.846064,29.221626,
8:37:28 AM,13.75638,6.410547,31.731293,18.86383,29.248903,
8:37:29 AM,13.756515,6.410562,31.731604,18.864727,29.250282,
8:37:30 AM,13.756648,6.410578,31.731913,18.865625,29.25166,
8:37:31 AM,13.745733,6.410937,31.706736,18.863237,29.247643,
8:37:32 AM,13.745064,6.410966,31.705189,18.863533,29.248077,
8:37:33 AM,13.729082,6.4113007,31.668325,18.859417,29.241407,
8:37:34 AM,13.727848,6.4113297,31.66548,18.859106,29.240898,
8:37:35 AM,13.726614,6.4113584,31.662632,18.858793,29.24039,
8:37:36 AM,13.729339,6.4111056,31.668919,18.865034,29.250284,
8:37:37 AM,13.729099,6.411099,31.668364,18.865309,29.250715,
8:37:38 AM,13.728859,6.4110923,31.66781,18.865583,29.251148,
8:37:39 AM,13.738761,6.411676,31.69065,18.859539,29.241272,
8:37:40 AM,13.739397,6.411704,31.692118,18.85934,29.24094,
8:37:41 AM,13.737245,6.4120526,31.687151,18.84682,29.221226,
8:37:42 AM,13.73734,6.4120874,31.687372,18.845915,29.219793,
8:37:43 AM,13.737436,6.4121227,31.687593,18.84501,29.218359,
8:37:44 AM,13.753343,6.4122148,31.724285,18.858868,29.239765,
8:37:45 AM,13.754247,6.412229,31.726372,18.85939,29.240562,
8:37:46 AM,13.755152,6.4122434,31.72846,18.859911,29.24136,
8:37:47 AM,13.73124,6.4128366,31.673302,18.847206,29.221146,
8:37:48 AM,13.730226,6.412874,31.670961,18.846794,29.220472,
8:37:49 AM,13.732791,6.4129667,31.67688,18.848442,29.22295,
8:37:50 AM,13.732376,6.4129868,31.675924,18.848236,29.22261,
8:37:51 AM,13.731962,6.413007,31.674969,18.848028,29.222273,
8:37:52 AM,13.736727,6.413592,31.685959,18.847427,29.220835,
8:37:53 AM,13.737074,6.4136295,31.68676,18.847431,29.220808,
8:37:54 AM,13.737421,6.413667,31.687561,18.847435,29.220781,
8:37:55 AM,13.753711,6.4134984,31.725136,18.843168,29.21431,
8:37:56 AM,13.7547865,6.4135036,31.727617,18.8429,29.213888,
8:37:57 AM,13.747928,6.4136586,31.711796,18.854807,29.23222,
8:37:58 AM,13.747901,6.4136643,31.711735,18.855427,29.233175,
8:37:59 AM,13.747875,6.4136696,31.711676,18.856047,29.234133,
8:38:00 AM,13.727493,6.4146113,31.66466,18.85493,29.231586,
8:38:01 AM,13.726079,6.414673,31.6614,18.855154,29.231876,
8:38:02 AM,13.724666,6.4147344,31.658138,18.855375,29.232168,
8:38:03 AM,13.744292,6.414636,31.703411,18.847237,29.219639,
8:38:04 AM,13.744917,6.4146547,31.704851,18.846733,29.21884,
8:38:05 AM,13.751048,6.414646,31.718992,18.862648,29.24352,
8:38:06 AM,13.751876,6.414644,31.720903,18.863438,29.244747,
8:38:07 AM,13.752704,6.4146414,31.722813,18.864227,29.245974,
8:38:08 AM,13.740167,6.414822,31.693893,18.850357,29.224312,
8:38:09 AM,13.739565,6.4148326,31.692507,18.849924,29.223633,
8:38:10 AM,13.738964,6.4148436,31.69112,18.849491,29.222954,
8:38:11 AM,13.763054,6.415177,31.746687,18.848991,29.221888,
8:38:12 AM,13.764166,6.4152007,31.749252,18.84862,29.22129,
8:38:13 AM,13.74118,6.4156327,31.696232,18.86068,29.23961,
8:38:14 AM,13.740337,6.415667,31.694288,18.861414,29.24072,
8:38:15 AM,13.739494,6.415702,31.692343,18.86215,29.241833,
8:38:16 AM,13.747397,6.416192,31.710573,18.85949,29.237286,
8:38:17 AM,13.747281,6.416232,31.710304,18.859636,29.237478,
8:38:18 AM,13.747166,6.416272,31.710037,18.859783,29.23767,
8:38:19 AM,13.756148,6.416196,31.730759,18.864628,29.245247,
8:38:20 AM,13.75687,6.4162035,31.732424,18.864862,29.245604,
8:38:21 AM,13.761538,6.41669,31.74319,18.86523,29.245754,
8:38:22 AM,13.76203,6.4167175,31.744324,18.865377,29.245958,
8:38:23 AM,13.762521,6.4167457,31.745457,18.865524,29.246162,
8:38:24 AM,13.749886,6.416842,31.716312,18.862267,29.24103,
8:38:25 AM,13.749245,6.41686,31.714834,18.862082,29.240726,
8:38:26 AM,13.748604,6.4168777,31.713358,18.861897,29.240423,
8:38:27 AM,13.730857,6.417471,31.672422,18.864204,29.243486,
8:38:28 AM,13.729494,6.417509,31.669277,18.86426,29.24354,
8:38:29 AM,13.734,6.417363,31.67967,18.867847,29.249228,
8:38:30 AM,13.73386,6.4173684,31.679348,18.868122,29.24965,
8:38:31 AM,13.73372,6.4173737,31.679026,18.868399,29.25007,
8:38:32 AM,13.748,6.417868,31.711964,18.874823,29.259605,
8:38:33 AM,13.748974,6.417894,31.714209,18.875301,29.260324,
8:38:34 AM,13.749948,6.41792,31.716455,18.875778,29.261042,
8:38:35 AM,13.743835,6.417926,31.702356,18.864204,29.243095,
8:38:36 AM,13.743843,6.417939,31.702372,18.863699,29.2423,
8:38:37 AM,13.733987,6.419083,31.67964,18.865461,29.24404,
8:38:38 AM,13.733236,6.419154,31.67791,18.865309,29.243742,
8:38:39 AM,13.732487,6.4192257,31.67618,18.865156,29.243444,
8:38:40 AM,13.744908,6.4192452,31.704832,18.869123,29.249575,
8:38:41 AM,13.745415,6.4192758,31.706,18.869415,29.250002,
8:38:42 AM,13.745921,6.4193063,31.707167,18.869707,29.250427,
8:38:43 AM,13.74913,6.419795,31.714571,18.867441,29.246492,
8:38:44 AM,13.749631,6.4198256,31.715725,18.86741,29.246416,
8:38:45 AM,13.744591,6.4198403,31.7041,18.882294,29.269474,
8:38:46 AM,13.744353,6.4198537,31.703552,18.883158,29.270803,
8:38:47 AM,13.744115,6.4198666,31.703003,18.884024,29.272133,
8:38:48 AM,13.741123,6.4206133,31.696102,18.887312,29.276585,
8:38:49 AM,13.740818,6.4206586,31.695396,18.887886,29.277435,
8:38:50 AM,13.740512,6.420704,31.694693,18.888462,29.278288,
8:38:51 AM,13.7597065,6.420963,31.738964,18.878868,29.263193,
8:38:52 AM,13.760775,6.420997,31.741428,18.87839,29.262419,
8:38:53 AM,13.768776,6.421183,31.759884,18.878906,29.263062,
8:38:54 AM,13.769721,6.4212008,31.762066,18.878714,29.262749,
8:38:55 AM,13.770667,6.421218,31.764246,18.878521,29.262434,
8:38:56 AM,13.7541275,6.4216294,31.726095,18.87632,29.258665,
8:38:57 AM,13.753322,6.4216585,31.724236,18.8762,29.258453,
8:38:58 AM,13.752516,6.421688,31.722378,18.876078,29.25824,
8:38:59 AM,13.7612095,6.421515,31.74243,18.877708,29.260918,
8:39:00 AM,13.761304,6.4215155,31.74265,18.877745,29.260975,
8:39:01 AM,13.741864,6.421509,31.69781,18.891455,29.282232,
8:39:02 AM,13.740841,6.4215045,31.695448,18.892357,29.283634,
8:39:03 AM,13.739818,6.4215,31.693089,18.89326,29.285036,
8:39:04 AM,13.746916,6.422009,31.709463,18.896313,29.289328,
8:39:05 AM,13.746835,6.42204,31.709276,18.896852,29.290138,
8:39:06 AM,13.746754,6.4220705,31.70909,18.897394,29.29095,
8:39:07 AM,13.758581,6.4223313,31.736372,18.95006,29.372355,
8:39:08 AM,13.759449,6.42236,31.738373,18.95328,29.377317,
8:39:09 AM,13.747724,6.4230204,31.711325,19.033653,29.501322,
8:39:10 AM,13.747264,6.4230676,31.710262,19.039871,29.51092,
8:39:11 AM,13.746803,6.4231143,31.709202,19.046091,29.52052,
8:39:12 AM,13.736783,6.4231253,31.686089,19.062965,29.546665,
8:39:13 AM,13.735884,6.4231424,31.684015,19.065996,29.551346,
8:39:14 AM,13.734984,6.42316,31.68194,19.069025,29.556026,
8:39:15 AM,13.735337,6.4236584,31.682755,19.23261,29.809134,
8:39:16 AM,13.735108,6.423689,31.682226,19.24284,29.824963,
8:39:17 AM,13.7348795,6.4237194,31.681698,19.25307,29.840794,
8:39:18 AM,13.730767,6.423719,31.67221,19.556284,30.310751,
8:39:19 AM,13.730526,6.423732,31.671654,19.578035,30.34445,
8:39:20 AM,13.752332,6.424214,31.721954,19.65325,30.460588,
8:39:21 AM,13.753537,6.424243,31.724735,19.664825,30.478506,
8:39:22 AM,13.754743,6.424272,31.727516,19.676401,30.496422,
8:39:23 AM,13.731354,6.4245405,31.673567,19.957865,30.932413,
8:39:24 AM,13.7304945,6.424568,31.671585,19.976389,30.961102,
8:39:25 AM,13.729635,6.424596,31.669603,19.994915,30.989788,
8:39:26 AM,13.740425,6.424929,31.694489,20.853275,32.319824,
8:39:27 AM,13.740494,6.424956,31.694647,20.911201,32.40958,
8:39:28 AM,13.750556,6.425298,31.717857,21.646751,33.549244,
8:39:29 AM,13.7514515,6.4253273,31.719925,21.71257,33.651222,
8:39:30 AM,13.752348,6.425357,31.72199,21.778389,33.753204,
8:39:31 AM,13.765648,6.4251933,31.75267,22.264656,34.50701,
8:39:32 AM,13.766708,6.425192,31.755117,22.312756,34.58156,
8:39:33 AM,13.767768,6.425191,31.757563,22.360853,34.656105,
8:39:34 AM,13.75473,6.4259458,31.727488,23.487043,36.400723,
8:39:35 AM,13.754308,6.4259863,31.726513,23.56695,36.524517,
8:39:36 AM,13.729068,6.4261007,31.668291,23.850607,36.96401,
8:39:37 AM,13.727208,6.4261255,31.664001,23.89493,37.032677,
8:39:38 AM,13.725349,6.426151,31.659712,23.939253,37.101345,
8:39:39 AM,13.745707,6.4262233,31.706673,25.216301,39.08045,
8:39:40 AM,13.746292,6.4262304,31.708023,25.29998,39.210125,
8:39:41 AM,13.746878,6.4262376,31.709375,25.38366,39.339806,
8:39:42 AM,13.729783,6.4266567,31.669943,25.527918,39.562885,
8:39:43 AM,13.72925,6.4266834,31.668713,25.568903,39.626373,
8:39:44 AM,13.761086,6.4268575,31.74215,25.860079,40.077423,
8:39:45 AM,13.762627,6.4268785,31.745703,25.881277,40.110252,
8:39:46 AM,13.764168,6.426899,31.749256,25.902477,40.14308,
8:39:47 AM,13.74434,6.42699,31.70352,27.851442,43.163425,
8:39:48 AM,13.743945,6.427,31.70261,27.97666,43.357475,
8:39:49 AM,13.743551,6.4270096,31.7017,28.101877,43.55152,
8:39:50 AM,13.746478,6.427601,31.70845,28.210545,43.719166,
8:39:51 AM,13.746163,6.4276385,31.707726,28.266747,43.80622,
8:39:52 AM,13.7502,6.4279017,31.717037,28.43607,44.06828,
8:39:53 AM,13.750534,6.427932,31.717806,28.448946,44.088192,
8:39:54 AM,13.750867,6.427962,31.718576,28.46182,44.10811,
8:39:55 AM,13.738079,6.4282193,31.689077,29.99321,46.48099,
8:39:56 AM,13.737403,6.4282413,31.687517,30.090292,46.631413,
8:39:57 AM,13.736727,6.4282637,31.685957,30.187374,46.781834,
8:39:58 AM,13.742478,6.428512,31.699224,30.383299,47.08511,
8:39:59 AM,13.742501,6.4285336,31.699278,30.43393,47.163544,
8:40:00 AM,13.765003,6.4286184,31.75118,29.70195,46.02908,
8:40:01 AM,13.766535,6.4286294,31.754715,29.661194,45.965904,
8:40:02 AM,13.768066,6.428641,31.758247,29.62044,45.902733,
8:40:03 AM,13.748697,6.4290605,31.713572,30.621618,47.453667,
8:40:04 AM,13.7481,6.429088,31.712196,30.663355,47.518307,
8:40:05 AM,13.747504,6.4291153,31.71082,30.705091,47.582947,
8:40:06 AM,13.727627,6.4287753,31.66497,30.716557,47.601192,
8:40:07 AM,13.725968,6.428766,31.661144,30.741879,47.64045,
8:40:08 AM,13.730652,6.429584,31.671946,30.849463,47.80601,
8:40:09 AM,13.730485,6.4296265,31.671562,30.855743,47.815685,
8:40:10 AM,13.730319,6.429669,31.671177,30.862026,47.82536,
8:40:11 AM,13.749043,6.429855,31.714369,31.011583,48.05686,
8:40:12 AM,13.7502985,6.429887,31.717264,31.02336,48.07506,
8:40:13 AM,13.7515545,6.429919,31.72016,31.035133,48.093266,
8:40:14 AM,13.742679,6.430073,31.699688,30.978418,48.005157,
8:40:15 AM,13.742625,6.430087,31.699564,30.978909,48.005894,
8:40:16 AM,13.75459,6.4300084,31.727163,30.91983,47.914455,
8:40:17 AM,13.755115,6.430008,31.728374,30.914888,47.9068,
8:40:18 AM,13.75564,6.430007,31.729586,30.909948,47.899143,
8:40:19 AM,13.732742,6.4305058,31.676767,30.65489,47.503197,
8:40:20 AM,13.73164,6.4305344,31.674223,30.637836,47.47673,
8:40:21 AM,13.730536,6.430563,31.671679,30.620783,47.450264,
8:40:22 AM,13.747704,6.4309916,31.711279,30.412537,47.126965,
8:40:23 AM,13.748135,6.4310303,31.712275,30.393545,47.09748,
8:40:24 AM,13.752387,6.4308877,31.722082,30.070864,46.597656,
8:40:25 AM,13.753059,6.430889,31.723633,30.045982,46.559097,
8:40:26 AM,13.753732,6.43089,31.725183,30.0211,46.52054,
8:40:27 AM,13.731913,6.4315424,31.674856,30.051218,46.56631,
8:40:28 AM,13.730691,6.431578,31.672037,30.04495,46.55655,
8:40:29 AM,13.729468,6.431614,31.669218,30.038683,46.546787,
8:40:30 AM,13.731274,6.431792,31.673382,29.809292,46.191093,
8:40:31 AM,13.730833,6.431819,31.672365,29.796202,46.17077,
8:40:32 AM,13.7343645,6.4317474,31.680511,29.509542,45.726673,
8:40:33 AM,13.734626,6.431747,31.681114,29.486723,45.69131,
8:40:34 AM,13.734887,6.431747,31.681717,29.463902,45.655945,
8:40:35 AM,13.751678,6.4325767,31.720448,28.975403,44.897892,
8:40:36 AM,13.75281,6.4326267,31.723057,28.938265,44.84028,
8:40:37 AM,13.75394,6.432677,31.725664,28.901125,44.78266,
8:40:38 AM,13.737335,6.4326816,31.687365,28.511524,44.178963,
8:40:39 AM,13.736788,6.4327035,31.686102,28.475372,44.122917,
8:40:40 AM,13.738977,6.4326115,31.69115,28.20771,43.708294,
8:40:41 AM,13.738724,6.4326057,31.690565,28.18191,43.668324,
8:40:42 AM,13.73847,6.4326,31.68998,28.15611,43.628357,
8:40:43 AM,13.746734,6.433431,31.709042,27.819231,43.105297,
8:40:44 AM,13.747299,6.4334793,31.710346,27.792175,43.063313,
8:40:45 AM,13.747865,6.433528,31.711653,27.76512,43.021328,
8:40:46 AM,13.733911,6.433466,31.679462,27.748928,42.996315,
8:40:47 AM,13.73329,6.4334836,31.678032,27.739292,42.98136,
8:40:48 AM,13.741106,6.4339657,31.69606,27.499828,42.609715,
8:40:49 AM,13.741274,6.433994,31.69645,27.484467,42.585876,
8:40:50 AM,13.741443,6.4340224,31.696836,27.469105,42.56204,
8:40:51 AM,13.738697,6.434204,31.690504,27.08295,41.96348,
8:40:52 AM,13.738738,6.434228,31.6906,27.05331,41.917526,
8:40:53 AM,13.73878,6.4342513,31.690695,27.02367,41.871574,
8:40:54 AM,13.74705,6.434914,31.709774,26.7823,41.496773,
8:40:55 AM,13.747478,6.4349585,31.710758,26.757969,41.459015,
8:40:56 AM,13.747572,6.434906,31.710976,26.694916,41.361385,
8:40:57 AM,13.747775,6.4349184,31.711445,26.6854,41.346622,
8:40:58 AM,13.747979,6.434931,31.711916,26.675882,41.331863,
8:40:59 AM,13.743953,6.435003,31.70263,26.379164,40.872036,
8:41:00 AM,13.743706,6.4350057,31.702059,26.359613,40.841743,
8:41:01 AM,13.743459,6.435008,31.701488,26.340065,40.81145,
8:41:02 AM,13.744215,6.435178,31.703232,26.687593,41.349705,
8:41:03 AM,13.74416,6.43519,31.703102,26.700748,41.370068,
8:41:04 AM,13.73924,6.4354467,31.691755,26.137753,40.497463,
8:41:05 AM,13.738953,6.435467,31.691093,26.110914,40.455856,
8:41:06 AM,13.738665,6.435487,31.69043,26.084076,40.41425,
8:41:07 AM,13.758637,6.4356556,31.7365,25.575167,39.625557,
8:41:08 AM,13.75973,6.4356723,31.739021,25.529821,39.55528,
8:41:09 AM,13.760823,6.435689,31.74154,25.484476,39.485004,
8:41:10 AM,13.744674,6.4365306,31.704288,25.172415,39.00053,
8:41:11 AM,13.744213,6.4365854,31.703226,25.140736,38.951385,
8:41:12 AM,13.737902,6.4364614,31.688671,24.840096,38.485737,
8:41:13 AM,13.737121,6.4364734,31.686869,24.814066,38.445393,
8:41:14 AM,13.73634,6.4364853,31.685066,24.788034,38.40505,
8:41:15 AM,13.75432,6.436796,31.726543,24.989353,38.716602,
8:41:16 AM,13.755258,6.4368114,31.728704,24.994148,38.724014,
8:41:17 AM,13.756194,6.4368267,31.730865,24.998941,38.731422,
8:41:18 AM,13.750468,6.4373417,31.717655,24.486525,37.93695,
8:41:19 AM,13.750569,6.4373803,31.717888,24.460716,37.896923,
8:41:20 AM,13.75067,6.437419,31.71812,24.434908,37.85689,
8:41:21 AM,13.762093,6.4372435,31.744469,24.20189,37.496075,
8:41:22 AM,13.76263,6.4372463,31.74571,24.175198,37.454712,
8:41:23 AM,13.736541,6.437904,31.68553,24.136717,37.394367,
8:41:24 AM,13.735234,6.43794,31.682518,24.128824,37.3821,
8:41:25 AM,13.733928,6.437976,31.679504,24.120932,37.36983,
8:41:26 AM,13.755537,6.43824,31.729347,23.907152,37.038338,
8:41:27 AM,13.756207,6.4382725,31.730894,23.893055,37.016464,
8:41:28 AM,13.727414,6.4384494,31.664478,23.680931,36.687637,
8:41:29 AM,13.726163,6.4384665,31.661592,23.6625,36.659065,
8:41:30 AM,13.724912,6.438483,31.658707,23.64407,36.630493,
8:41:31 AM,13.73702,6.438649,31.686632,23.420969,36.28468,
8:41:32 AM,13.737032,6.4386635,31.686663,23.402071,36.255386,
8:41:33 AM,13.737044,6.4386783,31.686691,23.383173,36.22609,
8:41:34 AM,13.7529745,6.438678,31.723438,23.307095,36.10823,
8:41:35 AM,13.754233,6.438682,31.72634,23.296787,36.092255,
8:41:36 AM,13.746975,6.4393253,31.709597,23.270712,36.051174,
8:41:37 AM,13.746886,6.439365,31.709393,23.267357,36.045933,
8:41:38 AM,13.746798,6.4394045,31.709188,23.264,36.04069,
8:41:39 AM,13.73309,6.439769,31.67757,23.149443,35.86283,
8:41:40 AM,13.732052,6.439807,31.675175,23.141745,35.850864,
8:41:41 AM,13.731014,6.439845,31.672781,23.134045,35.838898,
8:41:42 AM,13.743492,6.4402547,31.701567,22.881912,35.44787,
8:41:43 AM,13.743887,6.4402885,31.702477,22.8638,35.419773,
8:41:44 AM,13.750901,6.440227,31.718655,22.755661,35.25231,
8:41:45 AM,13.751633,6.4402328,31.720343,22.743032,35.23274,
8:41:46 AM,13.752363,6.440239,31.722029,22.730402,35.21317,
8:41:47 AM,13.750719,6.440646,31.718235,22.313461,34.56684,
8:41:48 AM,13.750788,6.4406695,31.718393,22.285389,34.52333,
8:41:49 AM,13.750856,6.4406924,31.718552,22.257317,34.47982,
8:41:50 AM,13.724976,6.4407735,31.658855,22.31976,34.576466,
8:41:51 AM,13.723386,6.4407883,31.655188,22.312885,34.5658,
8:41:52 AM,13.721796,6.4408035,31.65152,22.306011,34.555134,
8:41:53 AM,13.739655,6.4409847,31.69271,22.20798,34.403088,
8:41:54 AM,13.740045,6.440998,31.693611,22.203365,34.395927,
8:41:55 AM,13.739251,6.441323,31.691784,21.982817,34.053944,
8:41:56 AM,13.739617,6.441347,31.692627,21.966793,34.029095,
8:41:57 AM,13.739984,6.4413714,31.693472,21.950768,34.004246,
8:41:58 AM,13.756663,6.441714,31.731947,21.835545,33.82541,
8:41:59 AM,13.757643,6.441743,31.734207,21.823038,33.806007,
8:42:00 AM,13.758623,6.4417715,31.736467,21.810532,33.786606,
8:42:01 AM,13.757209,6.441602,31.733204,21.753592,33.698563,
8:42:02 AM,13.757556,6.4416013,31.734005,21.747057,33.688442,
8:42:03 AM,13.73436,6.4418335,31.6805,21.604958,33.468086,
8:42:04 AM,13.732959,6.441843,31.677269,21.595058,33.452744,
8:42:05 AM,13.731557,6.441853,31.674036,21.585157,33.437397,
8:42:06 AM,13.727012,6.4421196,31.66355,21.504509,33.312202,
8:42:07 AM,13.726193,6.4421415,31.661661,21.49615,33.29923,
8:42:08 AM,13.725375,6.442164,31.659775,21.48779,33.28626,
8:42:09 AM,13.730872,6.4421573,31.672455,21.450788,33.22895,
8:42:10 AM,13.73107,6.4421644,31.67291,21.446404,33.22215,
8:42:11 AM,13.742287,6.442744,31.698784,21.177141,32.804478,
8:42:12 AM,13.743095,6.44278,31.700651,21.159508,32.77713,
8:42:13 AM,13.743905,6.442816,31.702518,21.141874,32.74978,
8:42:14 AM,13.744044,6.4428234,31.70284,21.155432,32.77077,
8:42:15 AM,13.74434,6.442839,31.703522,21.149303,32.761265,
8:42:16 AM,13.744636,6.4428544,31.704203,21.143177,32.75176,
8:42:17 AM,13.746953,6.4430985,31.709549,21.060467,32.623398,
8:42:18 AM,13.747107,6.443114,31.709904,21.055643,32.615913,
8:42:19 AM,13.74732,6.443362,31.710396,20.959015,32.465996,
8:42:20 AM,13.747395,6.4433837,31.710567,20.950989,32.45354,
8:42:21 AM,13.747469,6.4434047,31.710737,20.942963,32.44109,
8:42:22 AM,13.737782,6.443585,31.68839,20.902107,32.37763,
8:42:23 AM,13.737205,6.443602,31.687061,20.8972,32.37001,
8:42:24 AM,13.736629,6.4436193,31.685732,20.892292,32.362392,
8:42:25 AM,13.742148,6.4438505,31.698463,20.82494,32.257843,
8:42:26 AM,13.742222,6.4438686,31.698633,20.81987,32.24997,
8:42:27 AM,13.74515,6.4444633,31.705389,20.673658,32.022926,
8:42:28 AM,13.745456,6.4445057,31.706095,20.662998,32.006374,
8:42:29 AM,13.745763,6.444548,31.706802,20.65234,31.989822,
8:42:30 AM,13.7429,6.444975,31.7002,20.752922,32.145218,
8:42:31 AM,13.742799,6.445016,31.699966,20.755295,32.148853,
8:42:32 AM,13.742699,6.4450574,31.699732,20.757666,32.152485,
8:42:33 AM,13.742083,6.445389,31.698313,20.638826,31.968098,
8:42:34 AM,13.741977,6.44542,31.698069,20.63432,31.961088,
8:42:35 AM,13.74143,6.44567,31.696808,20.562248,31.849222,
8:42:36 AM,13.741383,6.445694,31.6967,20.55498,31.837942,
8:42:37 AM,13.741336,6.445718,31.69659,20.547712,31.82666,
8:42:38 AM,13.729371,6.4454722,31.668991,20.461954,31.694057,
8:42:39 AM,13.7286415,6.4454637,31.667309,20.455008,31.683304,
8:42:40 AM,13.727913,6.4454556,31.665628,20.44806,31.672552,
8:42:41 AM,13.730212,6.4457874,31.67093,20.431374,31.646397,
8:42:42 AM,13.730048,6.4458013,31.670553,20.428135,31.641365,
8:42:43 AM,13.739475,6.445811,31.692297,20.368935,31.549664,
8:42:44 AM,13.740111,6.4458194,31.693764,20.364864,31.543348,
8:42:45 AM,13.740747,6.445828,31.69523,20.360792,31.537035,
8:42:46 AM,13.75646,6.4462423,31.73148,20.31494,31.465628,
8:42:47 AM,13.757645,6.4462676,31.734211,20.310669,31.45899,
8:42:48 AM,13.758829,6.4462924,31.736944,20.3064,31.452354,
8:42:49 AM,13.750471,6.4460444,31.717663,20.178461,31.254417,
8:42:50 AM,13.750386,6.44604,31.717466,20.169683,31.240828,
8:42:51 AM,13.759144,6.4466133,31.737665,20.161247,31.22723,
8:42:52 AM,13.759482,6.4466424,31.738447,20.157671,31.221664,
8:42:53 AM,13.759821,6.4466715,31.739227,20.154095,31.216099,
8:42:54 AM,13.749269,6.4465957,31.71489,20.130522,31.179657,
8:42:55 AM,13.748847,6.446605,31.713917,20.12889,31.17712,
8:42:56 AM,13.7484255,6.4466147,31.712944,20.127256,31.174582,
8:42:57 AM,13.734439,6.447031,31.680681,20.04022,31.03939,
8:42:58 AM,13.733337,6.447054,31.67814,20.034391,31.03034,
8:42:59 AM,13.748519,6.447306,31.71316,20.01383,30.998266,
8:43:00 AM,13.749125,6.447332,31.714556,20.010483,30.993057,
8:43:01 AM,13.74973,6.4473577,31.715952,20.007135,30.987848,
8:43:02 AM,13.737384,6.447357,31.687475,19.968134,30.927443,
8:43:03 AM,13.737014,6.4473634,31.686623,19.965237,30.922949,
8:43:04 AM,13.736644,6.44737,31.68577,19.96234,30.918457,
8:43:05 AM,13.751997,6.4480524,31.721182,19.940578,30.884129,
8:43:06 AM,13.752584,6.448093,31.722538,19.938251,30.880487,
8:43:07 AM,13.746378,6.447946,31.708221,19.89109,30.807579,
8:43:08 AM,13.746356,6.447953,31.708172,19.887665,30.802265,
8:43:09 AM,13.746335,6.44796,31.708122,19.884237,30.79695,
8:43:10 AM,13.740708,6.4482074,31.695145,19.827135,30.708284,
8:43:11 AM,13.740209,6.4482183,31.69399,19.82252,30.701124,
8:43:12 AM,13.739709,6.4482293,31.692839,19.817902,30.693964,
8:43:13 AM,13.75011,6.448404,31.71683,19.778774,30.633207,
8:43:14 AM,13.750585,6.4484205,31.717926,19.774988,30.627327,
8:43:15 AM,13.750037,6.4486732,31.716663,19.724169,30.54839,
8:43:16 AM,13.750245,6.448693,31.717142,19.720081,30.54204,
8:43:17 AM,13.750453,6.4487123,31.717623,19.715992,30.535688,
8:43:18 AM,13.7392845,6.449384,31.691858,19.749395,30.586817,
8:43:19 AM,13.738603,6.449431,31.690285,19.750086,30.587843,
8:43:20 AM,13.737921,6.449477,31.688713,19.750774,30.588867,
8:43:21 AM,13.756734,6.4498224,31.73211,19.761269,30.60481,
8:43:22 AM,13.757597,6.44986,31.734098,19.762672,30.606949,
8:43:23 AM,13.749433,6.450198,31.715267,19.686098,30.488049,
8:43:24 AM,13.749393,6.4502273,31.715176,19.68162,30.481087,
8:43:25 AM,13.749354,6.4502563,31.715086,19.67714,30.474125,
8:43:26 AM,13.74649,6.4501743,31.708477,19.63542,30.409588,
8:43:27 AM,13.746116,6.4501777,31.707615,19.63099,30.402723,
8:43:28 AM,13.745741,6.450181,31.70675,19.62656,30.395859,
8:43:29 AM,13.750834,6.4500866,31.7185,19.60143,30.357025,
8:43:30 AM,13.751069,6.450079,31.719042,19.598839,30.35302,
8:43:31 AM,13.739506,6.450323,31.692368,19.592484,30.342958,
8:43:32 AM,13.73891,6.450336,31.690992,19.591467,30.341372,
8:43:33 AM,13.738313,6.450349,31.689617,19.590448,30.339783,
8:43:34 AM,13.743249,6.4513593,31.701,19.547329,30.2721,
8:43:35 AM,13.743255,6.4514265,31.701015,19.54456,30.26775,
8:43:36 AM,13.743261,6.4514937,31.701029,19.541788,30.263401,
8:43:37 AM,13.742495,6.451591,31.699263,19.526718,30.239971,
8:43:38 AM,13.74257,6.451623,31.699436,19.524721,30.23685,
8:43:39 AM,13.750046,6.4521813,31.71668,19.536983,30.255342,
8:43:40 AM,13.750485,6.452218,31.717693,19.5374,30.255953,
8:43:41 AM,13.750925,6.452255,31.718708,19.537815,30.256563,
8:43:42 AM,13.746586,6.452187,31.708698,19.489841,30.182331,
8:43:43 AM,13.746511,6.452197,31.708529,19.487247,30.178305,
8:43:44 AM,13.746437,6.452207,31.708357,19.484652,30.174276,
8:43:45 AM,13.742447,6.4526215,31.699154,19.46049,30.136488,
8:43:46 AM,13.742102,6.452645,31.698359,19.45783,30.132349,
8:43:47 AM,13.746745,6.4527483,31.709068,19.482294,30.170143,
8:43:48 AM,13.746942,6.4527645,31.70952,19.483248,30.171604,
8:43:49 AM,13.747137,6.452781,31.709972,19.4842,30.173065,
8:43:50 AM,13.748595,6.4528513,31.713335,19.42454,30.08061,
8:43:51 AM,13.748801,6.452858,31.71381,19.421543,30.075966,
8:43:52 AM,13.749007,6.4528646,31.714285,19.418547,30.07132,
8:43:53 AM,13.735001,6.4534674,31.681978,19.435844,30.09757,
8:43:54 AM,13.734213,6.4535046,31.68016,19.435354,30.096779,
8:43:55 AM,13.748599,6.4532876,31.713345,19.368746,29.993824,
8:43:56 AM,13.749162,6.453288,31.714643,19.36507,29.98813,
8:43:57 AM,13.749724,6.453289,31.715942,19.361393,29.982437,
8:43:58 AM,13.735282,6.453279,31.682625,19.359552,29.979597,
8:43:59 AM,13.734766,6.453273,31.681437,19.35778,29.97686,
8:44:00 AM,13.73425,6.453266,31.680246,19.35601,29.974121,
8:44:01 AM,13.747216,6.45377,31.710157,19.33999,29.948866,
8:44:02 AM,13.747638,6.4538007,31.71113,19.338959,29.947243,
8:44:03 AM,13.744986,6.4540663,31.705008,19.307438,29.898193,
8:44:04 AM,13.745145,6.454095,31.705376,19.30507,29.894505,
8:44:05 AM,13.745304,6.4541235,31.705744,19.302706,29.890816,
8:44:06 AM,13.748935,6.454123,31.714119,19.308273,29.899437,
8:44:07 AM,13.749087,6.45413,31.714472,19.307816,29.898724,
8:44:08 AM,13.749241,6.454137,31.714825,19.307358,29.898008,
8:44:09 AM,13.758394,6.4552283,31.73594,19.300549,29.8865,
8:44:10 AM,13.759034,6.455293,31.737415,19.300264,29.886002,
8:44:11 AM,13.745127,6.4554133,31.705336,19.265951,29.832764,
8:44:12 AM,13.744478,6.4554462,31.703838,19.26365,29.829172,
8:44:13 AM,13.743829,6.4554796,31.702341,19.26135,29.82558,
8:44:14 AM,13.745726,6.4556365,31.706718,19.253872,29.813864,
8:44:15 AM,13.745488,6.455649,31.70617,19.252556,29.811815,
8:44:16 AM,13.745251,6.455661,31.70562,19.25124,29.809765,
8:44:17 AM,13.752845,6.456347,31.723137,19.238594,29.789577,
8:44:18 AM,13.753341,6.456392,31.72428,19.237633,29.78805,
8:44:19 AM,13.743968,6.4560027,31.702663,19.234734,29.783905,
8:44:20 AM,13.743563,6.4559946,31.701729,19.234245,29.783155,
8:44:21 AM,13.743157,6.455987,31.700794,19.233757,29.782406,
8:44:22 AM,13.758182,6.4567294,31.735449,19.229483,29.775133,
8:44:23 AM,13.758868,6.456765,31.737032,19.229153,29.774591,
8:44:24 AM,13.759555,6.4568005,31.738615,19.228823,29.77405,
8:44:25 AM,13.748297,6.457156,31.712648,19.199486,29.728312,
8:44:26 AM,13.748013,6.4571967,31.711992,19.197624,29.725393,
8:44:27 AM,13.741399,6.457362,31.696735,19.20011,29.729095,
8:44:28 AM,13.740718,6.4573803,31.695166,19.199575,29.728252,
8:44:29 AM,13.740038,6.457399,31.693598,19.199041,29.72741,
8:44:30 AM,13.736831,6.4576497,31.686197,19.195618,29.72189,
8:44:31 AM,13.736473,6.457669,31.685373,19.195482,29.721663,
8:44:32 AM,13.736116,6.4576883,31.68455,19.195347,29.721436,
8:44:33 AM,13.741856,6.457862,31.697788,19.174852,29.68955,
8:44:34 AM,13.742108,6.4578786,31.698372,19.173548,29.687517,
8:44:35 AM,13.743168,6.458454,31.700817,19.165792,29.675,
8:44:36 AM,13.743365,6.458494,31.701271,19.164837,29.673485,
8:44:37 AM,13.743562,6.4585342,31.701727,19.163883,29.671972,
8:44:38 AM,13.742678,6.4582095,31.699684,19.155827,29.659788,
8:44:39 AM,13.742648,6.4582043,31.699615,19.155151,29.658745,
8:44:40 AM,13.742619,6.458199,31.699547,19.154474,29.657701,
8:44:41 AM,13.735023,6.4587884,31.682028,19.154646,29.65745,
8:44:42 AM,13.734549,6.4588156,31.680935,19.154444,29.657114,
8:44:43 AM,13.755316,6.4590745,31.728836,19.150352,29.650553,
8:44:44 AM,13.756428,6.4591045,31.731401,19.150103,29.650139,
8:44:45 AM,13.75754,6.4591346,31.733967,19.149853,29.649725,
8:44:46 AM,13.740666,6.459136,31.695045,19.140617,29.635426,
8:44:47 AM,13.740165,6.459142,31.693888,19.139952,29.63439,
8:44:48 AM,13.739662,6.4591484,31.692728,19.139288,29.633356,
8:44:49 AM,13.745198,6.459815,31.7055,19.146362,29.643724,
8:44:50 AM,13.745107,6.459855,31.705288,19.14655,29.643978,
8:44:51 AM,13.751132,6.4602194,31.719189,19.13338,29.623272,
8:44:52 AM,13.751651,6.4602575,31.720385,19.13273,29.62223,
8:44:53 AM,13.752169,6.460296,31.721579,19.132078,29.62119,
8:44:54 AM,13.743231,6.4605346,31.700962,19.129755,29.617382,
8:44:55 AM,13.742841,6.460558,31.700062,19.12928,29.616627,
8:44:56 AM,13.74245,6.4605813,31.699162,19.128805,29.61587,
8:44:57 AM,13.7601595,6.460412,31.74001,19.113907,29.59295,
8:44:58 AM,13.761007,6.4604077,31.741964,19.112947,29.591469,
8:44:59 AM,13.749038,6.461217,31.714357,19.110268,29.586615,
8:45:00 AM,13.748729,6.461263,31.713644,19.109743,29.585762,
8:45:01 AM,13.748419,6.461309,31.712929,19.109219,29.58491,
8:45:02 AM,13.745836,6.461077,31.70697,19.096588,29.565557,
8:45:03 AM,13.745377,6.461083,31.705912,19.09575,29.564257,
8:45:04 AM,13.744918,6.4610887,31.704851,19.094913,29.562954,
8:45:05 AM,13.742937,6.4615874,31.700283,19.091362,29.557018,
8:45:06 AM,13.742755,6.4616113,31.699863,19.090822,29.556164,
8:45:07 AM,13.751773,6.4619536,31.720665,19.085737,29.54799,
8:45:08 AM,13.752291,6.461987,31.72186,19.085339,29.547344,
8:45:09 AM,13.75281,6.46202,31.723057,19.08494,29.5467,
8:45:10 AM,13.73874,6.4621162,31.690603,19.07915,29.537651,
8:45:11 AM,13.738114,6.4621305,31.689161,19.078669,29.536896,
8:45:12 AM,13.73749,6.462145,31.68772,19.07819,29.536139,
8:45:13 AM,13.736872,6.462214,31.686295,19.08003,29.53893,
8:45:14 AM,13.736483,6.4622207,31.685396,19.079992,29.538864,
8:45:15 AM,13.7473955,6.4625497,31.71057,19.06356,29.513136,
8:45:16 AM,13.748066,6.462572,31.712114,19.062588,29.511612,
8:45:17 AM,13.748735,6.462594,31.71366,19.061617,29.510088,
8:45:18 AM,13.752131,6.463188,31.72149,19.058302,29.504438,
8:45:19 AM,13.75261,6.4632325,31.722595,19.057692,29.503456,
8:45:20 AM,13.753089,6.4632773,31.7237,19.057081,29.502474,
8:45:21 AM,13.749847,6.4630256,31.716225,19.058088,29.504251,
8:45:22 AM,13.7497425,6.463026,31.715984,19.058062,29.50421,
8:45:23 AM,13.767636,6.4634204,31.757257,19.055998,29.500671,
8:45:24 AM,13.768682,6.4634395,31.759668,19.05589,29.500484,
8:45:25 AM,13.769727,6.463458,31.762077,19.055779,29.500298,
8:45:26 AM,13.751339,6.4632144,31.719666,19.046564,29.486246,
8:45:27 AM,13.750656,6.463209,31.71809,19.045944,29.48529,
8:45:28 AM,13.749973,6.4632044,31.716516,19.045324,29.484335,
8:45:29 AM,13.748745,6.463964,31.713682,19.045557,29.484032,
8:45:30 AM,13.748202,6.464003,31.712431,19.045332,29.483652,
8:45:31 AM,13.747659,6.4640427,31.711178,19.045109,29.48327,
8:45:32 AM,13.75001,6.463962,31.716599,19.05305,29.495634,
8:45:33 AM,13.7501,6.4639764,31.716808,19.053509,29.496334,
8:45:34 AM,13.746738,6.4642177,31.709053,19.05005,29.49077,
8:45:35 AM,13.746578,6.46423,31.708685,19.050024,29.490719,
8:45:36 AM,13.746419,6.464243,31.708315,19.049997,29.490665,
8:45:37 AM,13.747707,6.4649386,31.711287,19.049704,29.489603,
8:45:38 AM,13.747702,6.464987,31.711275,19.049603,29.489403,
8:45:39 AM,13.747696,6.4650345,31.711262,19.0495,29.489202,
8:45:40 AM,13.745585,6.465029,31.706396,19.046457,29.484499,
8:45:41 AM,13.745494,6.4650464,31.706184,19.046272,29.484196,
8:45:42 AM,13.747527,6.4657736,31.71087,19.040781,29.475065,
8:45:43 AM,13.747601,6.4658184,31.711042,19.040373,29.474394,
8:45:44 AM,13.747675,6.465863,31.711214,19.039965,29.473722,
8:45:45 AM,13.744835,6.466121,31.704664,19.033354,29.463264,
8:45:46 AM,13.744717,6.466155,31.70439,19.032818,29.462406,
8:45:47 AM,13.744597,6.466189,31.704117,19.032284,29.461548,
8:45:48 AM,13.743531,6.4658337,31.701654,19.028126,29.45542,
8:45:49 AM,13.743398,6.4658203,31.701345,19.027706,29.454782,
8:45:50 AM,13.746423,6.466476,31.708324,19.025043,29.450092,
8:45:51 AM,13.746583,6.4665084,31.708696,19.024778,29.449652,
8:45:52 AM,13.746744,6.4665403,31.709066,19.024513,29.449213,
8:45:53 AM,13.741505,6.466389,31.69698,19.017437,29.438393,
8:45:54 AM,13.741266,6.4663963,31.696428,19.016943,29.437622,
8:45:55 AM,13.741027,6.466404,31.695879,19.01645,29.436852,
8:45:56 AM,13.741932,6.4673257,31.697966,19.00383,29.416512,
8:45:57 AM,13.741854,6.4673767,31.697786,19.002901,29.415031,
8:45:58 AM,13.755456,6.4683228,31.729162,19.01444,29.432068,
8:45:59 AM,13.756312,6.468403,31.731136,19.014847,29.432629,
8:46:00 AM,13.757169,6.4684825,31.73311,19.015253,29.433187,
8:46:01 AM,13.734364,6.46755,31.680508,19.013594,29.431433,
8:46:02 AM,13.733348,6.4675183,31.678165,19.013786,29.431759,
8:46:03 AM,13.732332,6.467487,31.675823,19.013977,29.432083,
8:46:04 AM,13.739065,6.4680576,31.691355,19.001465,29.412214,
8:46:05 AM,13.738908,6.4680696,31.69099,19.000685,29.410997,
8:46:06 AM,13.743902,6.4683414,31.702509,19.00147,29.411978,
8:46:07 AM,13.744377,6.4683723,31.703606,19.001225,29.41157,
8:46:08 AM,13.744853,6.468403,31.704702,19.000978,29.411163,
8:46:09 AM,13.755371,6.468565,31.728966,18.99807,29.40652,
8:46:10 AM,13.756129,6.4685817,31.730715,18.997913,29.406261,
8:46:11 AM,13.756888,6.4685984,31.732466,18.997755,29.406002,
8:46:12 AM,13.739065,6.4685936,31.691353,19.014816,29.432417,
8:46:13 AM,13.738288,6.468598,31.68956,19.015745,29.43385,
8:46:14 AM,13.739775,6.469008,31.69299,19.008919,29.422926,
8:46:15 AM,13.7394495,6.4690332,31.692238,19.008902,29.422878,
8:46:16 AM,13.739123,6.4690585,31.691486,19.008884,29.42283,
8:46:17 AM,13.728768,6.4692316,31.667603,19.006222,29.418556,
8:46:18 AM,13.728184,6.469252,31.666252,19.00589,29.418024,
8:46:19 AM,13.727598,6.469273,31.664904,19.005558,29.41749,
8:46:20 AM,13.742839,6.469957,31.700058,19.00419,29.414783,
8:46:21 AM,13.74347,6.4700017,31.701513,19.004042,29.414515,
8:46:22 AM,13.739585,6.47002,31.692553,19.001442,29.410475,
8:46:23 AM,13.739708,6.4700375,31.692837,19.001247,29.410158,
8:46:24 AM,13.739831,6.4700546,31.693121,19.001053,29.409842,
8:46:25 AM,13.749584,6.470553,31.715616,18.989845,29.392061,
8:46:26 AM,13.750079,6.470584,31.716757,18.9891,29.39088,
8:46:27 AM,13.750574,6.4706144,31.7179,18.988354,29.3897,
8:46:28 AM,13.751397,6.4708652,31.719797,18.99852,29.405216,
8:46:29 AM,13.751699,6.4708934,31.720495,18.998825,29.405663,
8:46:30 AM,13.7366905,6.471224,31.685875,19.007181,29.41831,
8:46:31 AM,13.7357855,6.47125,31.683786,19.007929,29.419443,
8:46:32 AM,13.7348795,6.4712763,31.681698,19.008675,29.420576,
8:46:33 AM,13.75941,6.471279,31.738281,18.995049,29.399483,
8:46:34 AM,13.760477,6.4712877,31.740744,18.994453,29.398554,
8:46:35 AM,13.761544,6.4712963,31.743206,18.993858,29.397625,
8:46:36 AM,13.729903,6.4717402,31.67022,18.995092,29.39915,
8:46:37 AM,13.72856,6.4717674,31.667122,18.994846,29.398746,
8:46:38 AM,13.746331,6.471849,31.708113,18.990442,29.391857,
8:46:39 AM,13.746626,6.471865,31.708792,18.990211,29.391487,
8:46:40 AM,13.74692,6.471881,31.70947,18.989983,29.391117,
8:46:41 AM,13.743245,6.4726243,31.700994,18.99905,29.404507,
8:46:42 AM,13.743461,6.472671,31.701492,18.999487,29.405142,
8:46:43 AM,13.743676,6.4727182,31.701988,18.999924,29.405777,
8:46:44 AM,13.752315,6.4732428,31.721918,18.996012,29.399267,
8:46:45 AM,13.752734,6.473293,31.722883,18.996008,29.399218,
8:46:46 AM,13.730942,6.4733067,31.672617,18.994547,29.396944,
8:46:47 AM,13.729811,6.47332,31.670006,18.994362,29.396646,
8:46:48 AM,13.728679,6.4733334,31.667395,18.994177,29.396349,
8:46:49 AM,13.757778,6.473665,31.73452,18.989435,29.388723,
8:46:50 AM,13.758985,6.4736857,31.7373,18.989113,29.388206,
8:46:51 AM,13.76019,6.4737062,31.740082,18.98879,29.38769,
8:46:52 AM,13.747673,6.473533,31.71121,18.985636,29.382956,
8:46:53 AM,13.747659,6.4735312,31.711178,18.985325,29.382479,
8:46:54 AM,13.75214,6.473772,31.721514,18.97713,29.369587,
8:46:55 AM,13.7521105,6.4737825,31.721443,18.976551,29.36868,
8:46:56 AM,13.75208,6.4737935,31.721375,18.97597,29.367771,
8:46:57 AM,13.758607,6.4740515,31.736427,18.980219,29.374123,
8:46:58 AM,13.759118,6.474073,31.737606,18.980268,29.374182,
8:46:59 AM,13.759628,6.474095,31.738785,18.980318,29.374239,
8:47:00 AM,13.748709,6.473674,31.713598,18.98973,29.38917,
8:47:01 AM,13.748227,6.473655,31.712486,18.99039,29.390207,
8:47:02 AM,13.733998,6.474621,31.679665,18.974348,29.364546,
8:47:03 AM,13.732864,6.4746704,31.67705,18.973576,29.363308,
8:47:04 AM,13.731731,6.47472,31.674435,18.972803,29.362068,
8:47:05 AM,13.7461815,6.4743276,31.707767,18.971605,29.360554,
8:47:06 AM,13.746698,6.4743285,31.70896,18.971127,29.359812,
8:47:07 AM,13.747215,6.474329,31.710154,18.970648,29.359072,
8:47:08 AM,13.735988,6.4752445,31.684254,18.973276,29.362345,
8:47:09 AM,13.735677,6.4752893,31.683537,18.973394,29.362488,
8:47:10 AM,13.7461815,6.475241,31.707767,18.966352,29.351631,
8:47:11 AM,13.746558,6.4752603,31.708637,18.965971,29.351027,
8:47:12 AM,13.746935,6.4752793,31.709507,18.965591,29.35042,
8:47:13 AM,13.74019,6.4758472,31.693947,18.964468,29.34819,
8:47:14 AM,13.740053,6.47588,31.69363,18.964222,29.34778,
8:47:15 AM,13.739916,6.475913,31.693316,18.963976,29.347372,
8:47:16 AM,13.735533,6.4755774,31.683207,18.972067,29.36018,
8:47:17 AM,13.7351055,6.4755716,31.68222,18.972519,29.360886,
8:47:18 AM,13.73917,6.475478,31.691595,18.965015,29.349356,
8:47:19 AM,13.739322,6.4754643,31.691944,18.964746,29.34895,
8:47:20 AM,13.739473,6.47545,31.692293,18.964476,29.348545,
8:47:21 AM,13.749677,6.4761105,31.71583,18.966265,29.350742,
8:47:22 AM,13.750397,6.4761486,31.717491,18.966187,29.350588,
8:47:23 AM,13.751117,6.4761863,31.719152,18.966108,29.350433,
8:47:24 AM,13.762377,6.476546,31.745127,18.960733,29.341805,
8:47:25 AM,13.76331,6.476584,31.74728,18.960455,29.341341,
8:47:26 AM,13.719312,6.476096,31.645788,18.981022,29.37359,
8:47:27 AM,13.716857,6.476074,31.640125,18.982162,29.375374,
8:47:28 AM,13.714402,6.4760523,31.634464,18.983303,29.37716,
8:47:29 AM,13.736539,6.476454,31.685524,18.973183,29.361147,
8:47:30 AM,13.736769,6.4764657,31.686056,18.973087,29.360992,
8:47:31 AM,13.7369995,6.4764776,31.686586,18.972994,29.360836,
8:47:32 AM,13.736664,6.477094,31.685814,18.966246,29.34986,
8:47:33 AM,13.7371855,6.4771404,31.687017,18.965601,29.34882,
8:47:34 AM,13.752884,6.477489,31.723228,18.979801,29.370491,
8:47:35 AM,13.7538185,6.4775248,31.725386,18.98053,29.371588,
8:47:36 AM,13.754753,6.47756,31.727541,18.981258,29.372686,
8:47:37 AM,13.722144,6.4778967,31.652323,18.963179,29.344416,
8:47:38 AM,13.720519,6.477926,31.648573,18.962416,29.34321,
8:47:39 AM,13.718894,6.477955,31.644823,18.961653,29.342005,
8:47:40 AM,13.736047,6.478375,31.68439,18.954323,29.3303,
8:47:41 AM,13.736218,6.478409,31.684786,18.953417,29.328867,
8:47:42 AM,13.744973,6.4787493,31.70498,18.95991,29.33862,
8:47:43 AM,13.74592,6.4787803,31.707167,18.96014,29.33895,
8:47:44 AM,13.746866,6.4788113,31.70935,18.960371,29.33928,
8:47:45 AM,13.739047,6.4789815,31.69131,18.964075,29.344862,
8:47:46 AM,13.738778,6.4790006,31.690691,18.964462,29.345446,
8:47:47 AM,13.738508,6.479019,31.69007,18.964851,29.34603,
8:47:48 AM,13.750971,6.479264,31.718815,18.960657,29.339329,
8:47:49 AM,13.751517,6.479283,31.720076,18.960505,29.339075,
8:47:50 AM,13.736951,6.4795427,31.686476,18.96076,29.339245,
8:47:51 AM,13.736344,6.4795647,31.685076,18.96068,29.339102,
8:47:52 AM,13.735738,6.4795866,31.683678,18.9606,29.338959,
8:47:53 AM,13.75684,6.47959,31.732353,18.964233,29.344578,
8:47:54 AM,13.757749,6.4795966,31.734451,18.964462,29.344925,
8:47:55 AM,13.758658,6.4796033,31.73655,18.96469,29.345274,
8:47:56 AM,13.753015,6.479942,31.72353,18.959723,29.337294,
8:47:57 AM,13.75321,6.4799623,31.72398,18.959517,29.33696,
8:47:58 AM,13.744679,6.48078,31.704304,18.954044,29.327782,
8:47:59 AM,13.744006,6.480839,31.702751,18.953588,29.327024,
8:48:00 AM,13.743333,6.4808974,31.701199,18.95313,29.326267,
8:48:01 AM,13.745498,6.4810777,31.70619,18.957144,29.332321,
8:48:02 AM,13.745416,6.481109,31.706001,18.957253,29.33246,
8:48:03 AM,13.745335,6.4811406,31.705812,18.95736,29.3326,
8:48:04 AM,13.755114,6.4813833,31.72837,18.95792,29.333256,
8:48:05 AM,13.755746,6.481403,31.72983,18.958052,29.333443,
8:48:06 AM,13.749206,6.481663,31.714745,18.958504,29.333916,
8:48:07 AM,13.749024,6.481685,31.714329,18.958542,29.333956,
8:48:08 AM,13.748843,6.481707,31.713911,18.958578,29.333996,
8:48:09 AM,13.755197,6.481632,31.728563,18.964285,29.342888,
8:48:10 AM,13.755415,6.4816337,31.729065,18.964643,29.34344,
8:48:11 AM,13.755632,6.4816356,31.729567,18.965,29.343992,
8:48:12 AM,13.737143,6.482221,31.686918,18.961384,29.33789,
8:48:13 AM,13.7362,6.4822545,31.684746,18.961315,29.337751,
8:48:14 AM,13.74801,6.482603,31.711985,18.960974,29.336924,
8:48:15 AM,13.748304,6.4826384,31.712666,18.960867,29.336725,
8:48:16 AM,13.748599,6.482674,31.713345,18.96076,29.336529,
8:48:17 AM,13.732411,6.4833345,31.676006,18.965704,29.343607,
8:48:18 AM,13.731731,6.483383,31.674437,18.965998,29.344019,
8:48:19 AM,13.731051,6.4834323,31.672867,18.96629,29.34443,
8:48:20 AM,13.748939,6.4835215,31.714127,18.95885,29.332842,
8:48:21 AM,13.749596,6.483544,31.715643,18.95853,29.332329,
8:48:22 AM,13.758501,6.484041,31.736185,18.948982,29.317125,
8:48:23 AM,13.75948,6.4840736,31.738445,18.948217,29.315912,
8:48:24 AM,13.76046,6.4841065,31.740704,18.947453,29.314701,
8:48:25 AM,13.757472,6.4837065,31.733812,18.959944,29.334373,
8:48:26 AM,13.757503,6.483694,31.733883,18.960472,29.335203,
8:48:27 AM,13.757534,6.483682,31.733955,18.961,29.336031,
8:48:28 AM,13.734311,6.484258,31.68039,18.969112,29.348078,
8:48:29 AM,13.732852,6.4842825,31.677023,18.96991,29.34929,
8:48:30 AM,13.73987,6.484616,31.693209,18.970617,29.3501,
8:48:31 AM,13.739763,6.48465,31.692963,18.970842,29.350418,
8:48:32 AM,13.7396555,6.484685,31.692715,18.971067,29.350737,
8:48:33 AM,13.730187,6.4853644,31.670876,18.9702,29.348804,
8:48:34 AM,13.729783,6.4854145,31.669943,18.97016,29.348698,
8:48:35 AM,13.729379,6.4854646,31.669012,18.970118,29.34859,
8:48:36 AM,13.746469,6.485384,31.70843,18.972713,29.352676,
8:48:37 AM,13.747238,6.485397,31.710203,18.972847,29.352873,
8:48:38 AM,13.741572,6.4855537,31.697138,18.973572,29.353857,
8:48:39 AM,13.741628,6.4855614,31.697264,18.973679,29.354015,
8:48:40 AM,13.741683,6.485569,31.697392,18.973783,29.354172,
8:48:41 AM,13.7739315,6.48591,31.771776,18.965206,29.340605,
8:48:42 AM,13.775767,6.4859347,31.77601,18.964695,29.339792,
8:48:43 AM,13.777603,6.4859595,31.780245,18.964184,29.33898,
8:48:44 AM,13.747677,6.4859605,31.711218,18.972174,29.35134,
8:48:45 AM,13.746722,6.4859695,31.709015,18.97243,29.351728,
8:48:46 AM,13.750204,6.487024,31.717045,18.968979,29.345474,
8:48:47 AM,13.74971,6.4870896,31.715906,18.968952,29.345379,
8:48:48 AM,13.749216,6.4871554,31.714767,18.968927,29.345282,
8:48:49 AM,13.7486,6.4872603,31.713346,18.975807,29.355831,
8:48:50 AM,13.748665,6.4872932,31.713493,18.976135,29.356312,
8:48:51 AM,13.748729,6.487326,31.713642,18.976465,29.35679,
8:48:52 AM,13.746,6.48731,31.70735,18.9627,29.33551,
8:48:53 AM,13.745818,6.4873123,31.70693,18.962051,29.334505,
8:48:54 AM,13.764248,6.4876337,31.74944,18.964981,29.33876,
8:48:55 AM,13.765333,6.4876537,31.751944,18.964836,29.33852,
8:48:56 AM,13.766419,6.4876738,31.75445,18.964693,29.33828,
8:48:57 AM,13.741724,6.487518,31.697485,18.96269,29.33532,
8:48:58 AM,13.740683,6.4875164,31.695082,18.962648,29.335255,
8:48:59 AM,13.73964,6.487515,31.692678,18.962606,29.335192,
8:49:00 AM,13.735995,6.487674,31.684273,18.968512,29.344187,
8:49:01 AM,13.735157,6.48768,31.682339,18.96881,29.344645,
8:49:02 AM,13.741795,6.487937,31.697649,18.967419,29.34227,
8:49:03 AM,13.742147,6.487957,31.698463,18.96747,29.34233,
8:49:04 AM,13.7425,6.487977,31.699276,18.96752,29.34239,
8:49:05 AM,13.75333,6.4877267,31.724257,18.967123,29.341993,
8:49:06 AM,13.754165,6.4877176,31.726183,18.967058,29.341902,
8:49:07 AM,13.754999,6.487709,31.72811,18.966995,29.34181,
8:49:08 AM,13.742605,6.488463,31.699518,18.968346,29.34325,
8:49:09 AM,13.74214,6.488502,31.698446,18.968418,29.343327,
8:49:10 AM,13.75444,6.488779,31.72682,18.972902,29.350021,
8:49:11 AM,13.754914,6.4888144,31.727913,18.973213,29.350471,
8:49:12 AM,13.755389,6.4888496,31.729008,18.973522,29.350922,
8:49:13 AM,13.752734,6.489094,31.722883,18.977188,29.35638,
8:49:14 AM,13.752887,6.489115,31.723234,18.977524,29.35688,
8:49:15 AM,13.753039,6.4891367,31.723587,18.97786,29.357382,
8:49:16 AM,13.752805,6.489644,31.723045,18.97414,29.351187,
8:49:17 AM,13.752725,6.489681,31.72286,18.97401,29.350956,
8:49:18 AM,13.733011,6.489463,31.67739,18.973248,29.349962,
8:49:19 AM,13.731782,6.489461,31.674553,18.973112,29.349756,
8:49:20 AM,13.730552,6.4894595,31.671715,18.972979,29.349548,
8:49:21 AM,13.752122,6.4898624,31.721472,18.971159,29.346386,
8:49:22 AM,13.752946,6.489881,31.723373,18.971031,29.34617,
8:49:23 AM,13.75377,6.4899,31.725275,18.970903,29.345955,
8:49:24 AM,13.740405,6.490155,31.694443,18.979797,29.359495,
8:49:25 AM,13.740153,6.4901805,31.693863,18.98028,29.360218,
8:49:26 AM,13.7399025,6.4902062,31.693283,18.980762,29.360943,
8:49:27 AM,13.748185,6.4900355,31.712387,18.97286,29.34887,
8:49:28 AM,13.748351,6.490032,31.712772,18.972616,29.348495,
8:49:29 AM,13.753844,6.490518,31.725445,18.981524,29.361853,
8:49:30 AM,13.75439,6.4905443,31.726704,18.981888,29.362392,
8:49:31 AM,13.754935,6.4905705,31.72796,18.98225,29.36293,
8:49:32 AM,13.740595,6.4913297,31.694881,18.977488,29.354902,
8:49:33 AM,13.739883,6.4913874,31.69324,18.977432,29.354769,
8:49:34 AM,13.739171,6.491445,31.691597,18.977379,29.354633,
8:49:35 AM,13.748487,6.4914384,31.713085,18.970352,29.343771,
8:49:36 AM,13.748685,6.4914575,31.713541,18.969826,29.342941,
8:49:37 AM,13.748313,6.491455,31.712685,18.973608,29.348793,
8:49:38 AM,13.748512,6.491455,31.713146,18.973679,29.348904,
8:49:39 AM,13.748712,6.491455,31.713606,18.97375,29.349012,
8:49:40 AM,13.727149,6.4917946,31.663868,18.976112,29.352371,
8:49:41 AM,13.725843,6.4918146,31.660856,18.976349,29.35272,
8:49:42 AM,13.724539,6.491835,31.657846,18.976585,29.353067,
8:49:43 AM,13.742215,6.492183,31.69862,18.972942,29.347134,
8:49:44 AM,13.742711,6.4922123,31.699762,18.97279,29.34687,
8:49:45 AM,13.743291,6.4923816,31.701101,18.971947,29.34542,
8:49:46 AM,13.743742,6.4923997,31.70214,18.971813,29.345196,
8:49:47 AM,13.744193,6.4924183,31.70318,18.971678,29.344973,
8:49:48 AM,13.736206,6.492419,31.684757,18.973597,29.347939,
8:49:49 AM,13.735733,6.4924226,31.683666,18.973692,29.348083,
8:49:50 AM,13.73526,6.492427,31.682575,18.973787,29.348228,
8:49:51 AM,13.733491,6.492519,31.678495,18.968647,29.340197,
8:49:52 AM,13.733185,6.4925246,31.67779,18.968391,29.339798,
8:49:53 AM,13.746133,6.4928513,31.707657,18.973894,29.348024,
8:49:54 AM,13.746881,6.492873,31.709381,18.974108,29.348337,
8:49:55 AM,13.747628,6.4928956,31.711105,18.974323,29.34865,
8:49:56 AM,13.746842,6.493736,31.709293,18.980335,29.357222,
8:49:57 AM,13.747117,6.493795,31.709927,18.980837,29.357944,
8:49:58 AM,13.747391,6.4938536,31.710558,18.981337,29.358667,
8:49:59 AM,13.74052,6.493597,31.69471,18.9718,29.34414,
8:50:00 AM,13.7401,6.4936037,31.69374,18.97139,29.3435,
8:50:01 AM,13.758338,6.493841,31.735807,18.970278,29.341574,
8:50:02 AM,13.759315,6.49385,31.738062,18.969988,29.341118,
8:50:03 AM,13.760291,6.493859,31.740314,18.969696,29.34066,
8:50:04 AM,13.742623,6.4939513,31.69956,18.967865,29.337746,
8:50:05 AM,13.742036,6.4939632,31.698204,18.967728,29.337523,
8:50:06 AM,13.741447,6.493975,31.696848,18.96759,29.337301,
8:50:07 AM,13.753798,6.494484,31.725338,18.960234,29.325481,
8:50:08 AM,13.754103,6.4945164,31.72604,18.95975,29.324703,
8:50:09 AM,13.736097,6.494851,31.684507,18.966991,29.335617,
8:50:10 AM,13.735282,6.494884,31.682625,18.96727,29.336018,
8:50:11 AM,13.734466,6.494917,31.680742,18.967546,29.336418,
8:50:12 AM,13.728728,6.494837,31.66751,18.971792,29.343054,
8:50:13 AM,13.727921,6.4948406,31.665648,18.972233,29.34373,
8:50:14 AM,13.727114,6.4948444,31.663786,18.972673,29.34441,
8:50:15 AM,13.740171,6.4955297,31.693903,18.978374,29.352633,
8:50:16 AM,13.740805,6.4955697,31.695364,18.978827,29.353298,
8:50:17 AM,13.743139,6.4956636,31.700748,18.979568,29.354364,
8:50:18 AM,13.743592,6.4956865,31.701796,18.979753,29.354631,
8:50:19 AM,13.744046,6.495709,31.702843,18.97994,29.3549,
8:50:20 AM,13.736497,6.496125,31.685429,18.974045,29.34542,
8:50:21 AM,13.7361,6.496153,31.684513,18.97371,29.344875,
8:50:22 AM,13.735703,6.4961805,31.6836,18.973372,29.34433,
8:50:23 AM,13.739147,6.4965115,31.691542,18.979353,29.353294,
8:50:24 AM,13.739162,6.4965415,31.691576,18.979557,29.353582,
8:50:25 AM,13.739785,6.4970527,31.693012,18.971786,29.341125,
8:50:26 AM,13.739904,6.4970913,31.693289,18.971453,29.340574,
8:50:27 AM,13.740025,6.4971304,31.693565,18.971119,29.340025,
8:50:28 AM,13.746067,6.497051,31.707506,18.968777,29.336468,
8:50:29 AM,13.746444,6.497058,31.708374,18.968443,29.335945,
8:50:30 AM,13.7468195,6.4970655,31.709242,18.96811,29.335423,
8:50:31 AM,13.739564,6.4977393,31.692505,18.987387,29.364656,
8:50:32 AM,13.739279,6.4977775,31.691847,18.988483,29.36632,
8:50:33 AM,13.738994,6.497816,31.691189,18.98958,29.367985,
8:50:34 AM,13.75106,6.4979877,31.71902,18.980541,29.353851,
8:50:35 AM,13.751577,6.498015,31.720215,18.980507,29.353775,
8:50:36 AM,13.741224,6.498333,31.696333,18.969093,29.335848,
8:50:37 AM,13.740882,6.498356,31.695543,18.968203,29.33445,
8:50:38 AM,13.74054,6.498379,31.694754,18.967312,29.333054,
8:50:39 AM,13.734012,6.4985595,31.679695,18.970097,29.337204,
8:50:40 AM,13.733362,6.498578,31.678196,18.969995,29.337032,
8:50:41 AM,13.732712,6.4985967,31.676697,18.969894,29.33686,
8:50:42 AM,13.745689,6.49868,31.706635,18.967424,29.332966,
8:50:43 AM,13.746288,6.49869,31.708015,18.967344,29.332836,
8:50:44 AM,13.737551,6.498782,31.687859,18.969316,29.335806,
8:50:45 AM,13.737316,6.4987903,31.68732,18.969376,29.33589,
8:50:46 AM,13.7370825,6.498798,31.68678,18.969433,29.335974,
8:50:47 AM,13.757875,6.499209,31.734741,18.980076,29.352076,
8:50:48 AM,13.758913,6.499236,31.737135,18.980768,29.353125,
8:50:49 AM,13.759951,6.4992633,31.739529,18.98146,29.354172,
8:50:50 AM,13.745007,6.4997735,31.705057,18.976187,29.345572,
8:50:51 AM,13.744638,6.4998145,31.70421,18.976143,29.345467,
8:50:52 AM,13.752761,6.4999113,31.722946,18.97872,29.349367,
8:50:53 AM,13.752894,6.4999294,31.723253,18.97875,29.3494,
8:50:54 AM,13.753027,6.4999475,31.72356,18.97878,29.349432,
8:50:55 AM,13.738955,6.50036,31.691097,18.976027,29.344814,
8:50:56 AM,13.738305,6.500387,31.6896,18.975924,29.344631,
8:50:57 AM,13.737657,6.500415,31.688103,18.975822,29.34445,
8:50:58 AM,13.745924,6.5005054,31.707174,18.983976,29.356981,
8:50:59 AM,13.74606,6.500521,31.70749,18.984394,29.357613,
8:51:00 AM,13.743352,6.50003,31.70124,18.977062,29.3467,
8:51:01 AM,13.743387,6.500002,31.701323,18.976807,29.346329,
8:51:02 AM,13.7434225,6.499974,31.701403,18.97655,29.345957,
8:51:03 AM,13.753477,6.5002213,31.724598,18.979435,29.350206,
8:51:04 AM,13.754016,6.5002236,31.72584,18.979424,29.350187,
8:51:05 AM,13.754555,6.500226,31.727083,18.979412,29.350168,
8:51:06 AM,13.748239,6.5004873,31.712513,18.975775,29.344315,
8:51:07 AM,13.74812,6.5005093,31.71224,18.97563,29.344072,
8:51:08 AM,13.75162,6.500607,31.720312,18.969242,29.334108,
8:51:09 AM,13.751685,6.500619,31.720463,18.96876,29.333351,
8:51:10 AM,13.75175,6.500631,31.720613,18.968275,29.332592,
8:51:11 AM,13.743637,6.5005374,31.701902,18.974344,29.34206,
8:51:12 AM,13.743237,6.5005345,31.700977,18.974552,29.342382,
8:51:13 AM,13.742835,6.500531,31.700052,18.974758,29.342705,
8:51:14 AM,13.747496,6.500623,31.7108,18.971413,29.33745,
8:51:15 AM,13.747566,6.500626,31.710962,18.971363,29.337372,
8:51:16 AM,13.742042,6.5012703,31.698221,18.968489,29.332369,
8:51:17 AM,13.741813,6.5013123,31.697691,18.96823,29.33193,
8:51:18 AM,13.741583,6.5013547,31.697163,18.96797,29.331491,
8:51:19 AM,13.741366,6.5015306,31.69666,18.973692,29.340189,
8:51:20 AM,13.741212,6.501558,31.696304,18.973965,29.340588,
8:51:21 AM,13.741058,6.5015845,31.695948,18.974236,29.340984,
8:51:22 AM,13.742495,6.5016627,31.69926,18.9828,29.354158,
8:51:23 AM,13.742573,6.5016723,31.699442,18.983454,29.35516,
8:51:24 AM,13.743742,6.502005,31.70214,18.975786,29.343016,
8:51:25 AM,13.743847,6.5020275,31.702381,18.975513,29.342575,
8:51:26 AM,13.743951,6.5020504,31.702621,18.97524,29.342133,
8:51:27 AM,13.730977,6.502479,31.672697,18.972113,29.336927,
8:51:28 AM,13.730221,6.5025134,31.670952,18.97173,29.336304,
8:51:29 AM,13.729465,6.5025477,31.669207,18.971346,29.335682,
8:51:30 AM,13.750769,6.5027127,31.71835,18.968079,29.330486,
8:51:31 AM,13.751696,6.5027337,31.72049,18.967804,29.330044,
8:51:32 AM,13.74533,6.5027394,31.705803,18.968252,29.33073,
8:51:33 AM,13.745426,6.5027437,31.706024,18.9682,29.33065,
8:51:34 AM,13.7455225,6.502748,31.706245,18.968151,29.330568,
8:51:35 AM,13.7346525,6.503499,31.681175,18.97431,29.33944,
8:51:36 AM,13.733822,6.5035443,31.679258,18.974697,29.339998,
8:51:37 AM,13.73299,6.50359,31.677341,18.975082,29.340555,
8:51:38 AM,13.747323,6.50386,31.7104,18.978872,29.346182,
8:51:39 AM,13.747898,6.503895,31.711725,18.979254,29.34674,
8:51:40 AM,13.726476,6.504058,31.662312,18.969538,29.331575,
8:51:41 AM,13.725484,6.504074,31.660027,18.969025,29.330767,
8:51:42 AM,13.724493,6.504091,31.65774,18.96851,29.329958,
8:51:43 AM,13.745873,6.5045004,31.707058,18.970448,29.3326,
8:51:44 AM,13.746626,6.5045295,31.708796,18.97032,29.332375,
8:51:45 AM,13.747379,6.5045586,31.710531,18.97019,29.332151,
8:51:46 AM,13.730755,6.50474,31.672186,18.971308,29.333721,
8:51:47 AM,13.7303095,6.5047617,31.671158,18.971418,29.333874,
8:51:48 AM,13.745101,6.50493,31.705276,18.96792,29.328321,
8:51:49 AM,13.745628,6.504945,31.706491,18.967722,29.328003,
8:51:50 AM,13.746155,6.5049596,31.707708,18.967525,29.327684,
8:51:51 AM,13.751455,6.5053763,31.719933,18.964874,29.323223,
8:51:52 AM,13.752163,6.505406,31.721565,18.964622,29.322811,
8:51:53 AM,13.752871,6.5054355,31.723198,18.964373,29.322397,
8:51:54 AM,13.737954,6.5052686,31.688787,18.96292,29.320295,
8:51:55 AM,13.737207,6.5052695,31.687067,18.962765,29.320053,
8:51:56 AM,13.73955,6.5057545,31.692469,18.964586,29.322453,
8:51:57 AM,13.73935,6.5057807,31.692009,18.964664,29.32255,
8:51:58 AM,13.739151,6.505807,31.691551,18.964743,29.322647,
8:51:59 AM,13.728417,6.5058193,31.666792,18.961407,29.317482,
8:52:00 AM,13.727829,6.505832,31.665436,18.961252,29.317228,
8:52:01 AM,13.7272415,6.505845,31.664078,18.961096,29.316977,
8:52:02 AM,13.752381,6.5068445,31.722069,18.963285,29.319496,
8:52:03 AM,13.753604,6.5069046,31.724888,18.963331,29.319515,
8:52:04 AM,13.738846,6.506867,31.690847,18.968512,29.327559,
8:52:05 AM,13.738524,6.5068884,31.690105,18.968887,29.32812,
8:52:06 AM,13.738202,6.5069094,31.689362,18.969261,29.328678,
8:52:07 AM,13.734963,6.5071363,31.68189,18.98113,29.346834,
8:52:08 AM,13.734386,6.507149,31.68056,18.981981,29.348139,
8:52:09 AM,13.7338085,6.5071616,31.67923,18.982832,29.349443,
8:52:10 AM,13.743218,6.507678,31.700935,18.958385,29.311197,
8:52:11 AM,13.743687,6.5077143,31.702015,18.957254,29.309418,
8:52:12 AM,13.726077,6.5079727,31.661392,18.967491,29.32502,
8:52:13 AM,13.725188,6.5080004,31.659342,18.967573,29.325123,
8:52:14 AM,13.724299,6.5080285,31.657291,18.967655,29.325226,
8:52:15 AM,13.730467,6.5083666,31.671518,18.979786,29.343689,
8:52:16 AM,13.730393,6.508394,31.67135,18.980803,29.345238,
8:52:17 AM,13.730321,6.5084205,31.671183,18.981817,29.346786,
8:52:18 AM,13.728327,6.508515,31.666582,18.9831,29.348688,
8:52:19 AM,13.728359,6.508529,31.666658,18.983486,29.34927,
8:52:20 AM,13.747812,6.509342,31.71153,18.98119,29.345016,
8:52:21 AM,13.748968,6.5093946,31.714197,18.981075,29.344795,
8:52:22 AM,13.750125,6.5094476,31.716864,18.98096,29.344572,
8:52:23 AM,13.74338,6.5092254,31.701305,18.984228,29.349815,
8:52:24 AM,13.743458,6.509232,31.701487,18.98437,29.350027,
8:52:25 AM,13.743536,6.509239,31.701666,18.98451,29.350237,
8:52:26 AM,13.757742,6.5095487,31.734434,18.980576,29.343887,
8:52:27 AM,13.758413,6.5095615,31.735983,18.980427,29.343645,
8:52:28 AM,13.744074,6.5100555,31.702908,18.981256,29.344498,
8:52:29 AM,13.743502,6.510094,31.701586,18.981218,29.344404,
8:52:30 AM,13.7429285,6.510133,31.700266,18.981178,29.34431,
8:52:31 AM,13.735656,6.5104856,31.683489,18.988035,29.354607,
8:52:32 AM,13.73483,6.5105195,31.681583,18.988482,29.355268,
8:52:33 AM,13.734004,6.510554,31.67968,18.98893,29.35593,
8:52:34 AM,13.745279,6.5103827,31.705688,18.975996,29.33608,
8:52:35 AM,13.745764,6.5103817,31.706804,18.975397,29.335157,
8:52:36 AM,13.738563,6.510203,31.690193,18.994698,29.365149,
8:52:37 AM,13.738374,6.5101876,31.689756,18.995596,29.366552,
8:52:38 AM,13.738184,6.510173,31.689322,18.996496,29.367956,
8:52:39 AM,13.752522,6.5107646,31.722393,19.002623,29.376915,
8:52:40 AM,13.753212,6.510796,31.723986,19.003489,29.378227,
8:52:41 AM,13.753902,6.510828,31.725576,19.004354,29.37954,
8:52:42 AM,13.742009,6.5115,31.698143,18.998987,29.370657,
8:52:43 AM,13.741659,6.511555,31.697336,18.998823,29.370354,
8:52:44 AM,13.741309,6.5116105,31.69653,18.99866,29.370052,
8:52:45 AM,13.746519,6.5115986,31.708544,18.997005,29.36751,
8:52:46 AM,13.746532,6.5116153,31.708576,18.996784,29.367153,
8:52:47 AM,13.748472,6.511952,31.71305,19.000725,29.372952,
8:52:48 AM,13.748718,6.511973,31.71362,19.000929,29.37325,
8:52:49 AM,13.748964,6.511994,31.714186,19.001133,29.373547,
8:52:50 AM,13.731319,6.512426,31.673487,19.002222,29.374855,
8:52:51 AM,13.7303095,6.51246,31.671158,19.002388,29.37508,
8:52:52 AM,13.7293,6.5124946,31.668829,19.002552,29.375303,
8:52:53 AM,13.745015,6.512563,31.705078,19.001225,29.373196,
8:52:54 AM,13.745493,6.5125785,31.706179,19.001177,29.37311,
8:52:55 AM,13.746301,6.512988,31.708042,18.99425,29.362043,
8:52:56 AM,13.746718,6.5130153,31.709005,18.9938,29.361326,
8:52:57 AM,13.747136,6.513042,31.709969,18.99335,29.360607,
8:52:58 AM,13.745967,6.5137277,31.707273,18.991585,29.35728,
8:52:59 AM,13.745916,6.513779,31.707157,18.991304,29.356806,
8:53:00 AM,13.745866,6.5138307,31.70704,18.991026,29.356329,
8:53:01 AM,13.741014,6.513826,31.695848,18.989048,29.353277,
8:53:02 AM,13.740702,6.513843,31.695127,18.98888,29.353003,
8:53:03 AM,13.748547,6.5139117,31.713224,18.99402,29.36089,
8:53:04 AM,13.748911,6.513916,31.714066,18.994284,29.361294,
8:53:05 AM,13.749276,6.5139203,31.714905,18.994549,29.361698,
8:53:06 AM,13.749268,6.5143447,31.714886,19.00544,29.378166,
8:53:07 AM,13.749465,6.5143714,31.715342,19.006216,29.379341,
8:53:08 AM,13.749663,6.5143986,31.7158,19.00699,29.380514,
8:53:09 AM,13.746767,6.5138917,31.70912,18.999456,29.369308,
8:53:10 AM,13.7466,6.513872,31.708735,18.99928,29.369055,
8:53:11 AM,13.748696,6.5148363,31.713568,19.000284,29.369772,
8:53:12 AM,13.74876,6.5148835,31.713715,19.000166,29.369549,
8:53:13 AM,13.748823,6.5149302,31.713861,19.00005,29.369326,
8:53:14 AM,13.737686,6.515213,31.688173,19.007126,29.380016,
8:53:15 AM,13.737069,6.5152545,31.686749,19.007576,29.380676,
8:53:16 AM,13.736451,6.5152955,31.685326,19.008026,29.381336,
8:53:17 AM,13.724526,6.5159607,31.657816,19.005575,29.376972,
8:53:18 AM,13.723539,6.516008,31.65554,19.00561,29.376984,
8:53:19 AM,13.732613,6.516026,31.676468,19.010979,29.385267,
8:53:20 AM,13.732888,6.516043,31.677105,19.011253,29.385675,
8:53:21 AM,13.733165,6.5160604,31.677742,19.011526,29.386084,
8:53:22 AM,13.734916,6.5159793,31.681782,19.014536,29.390808,
8:53:23 AM,13.7352495,6.515975,31.68255,19.014854,29.391302,
8:53:24 AM,13.735582,6.51597,31.683321,19.015171,29.391798,
8:53:25 AM,13.726962,6.5165596,31.663435,19.012016,29.386412,
8:53:26 AM,13.726501,6.5165925,31.662373,19.011911,29.386219,
8:53:27 AM,13.734632,6.5170193,31.681124,19.012613,29.386934,
8:53:28 AM,13.734933,6.5170593,31.68182,19.012585,29.386856,
8:53:29 AM,13.735234,6.5170994,31.682516,19.012556,29.386778,
8:53:30 AM,13.739468,6.5174384,31.69228,19.00859,29.380352,
8:53:31 AM,13.739928,6.5174694,31.693342,19.00837,29.379982,
8:53:32 AM,13.740389,6.517501,31.694405,19.00815,29.379614,
8:53:33 AM,13.737672,6.5173187,31.688139,19.013233,29.387632,
8:53:34 AM,13.737624,6.517317,31.68803,19.013432,29.387938,
8:53:35 AM,13.7508745,6.517962,31.718592,19.005688,29.375412,
8:53:36 AM,13.751638,6.517998,31.720354,19.005325,29.374819,
8:53:37 AM,13.752403,6.5180345,31.722118,19.004963,29.374228,
8:53:38 AM,13.740289,6.517887,31.694176,19.014088,29.388458,
8:53:39 AM,13.7399,6.5178947,31.693277,19.014439,29.388992,
8:53:40 AM,13.739511,6.5179024,31.69238,19.014788,29.389526,
8:53:41 AM,13.730111,6.518577,31.670698,19.012531,29.385454,
8:53:42 AM,13.729259,6.518614,31.668732,19.012625,29.385567,
8:53:43 AM,13.761035,6.5188746,31.74203,19.010784,29.382494,
8:53:44 AM,13.762777,6.518907,31.746048,19.010614,29.382202,
8:53:45 AM,13.764519,6.5189395,31.750065,19.010443,29.381912,
8:53:46 AM,13.754633,6.5189357,31.727262,19.000925,29.367203,
8:53:47 AM,13.754846,6.5189424,31.727755,19.000309,29.366245,
8:53:48 AM,13.755058,6.5189486,31.728245,18.999693,29.365288,
8:53:49 AM,13.753184,6.5187755,31.72392,19.00813,29.378477,
8:53:50 AM,13.752847,6.518766,31.723143,19.008385,29.378881,
8:53:51 AM,13.746655,6.5192556,31.70886,19.02044,29.397087,
8:53:52 AM,13.746241,6.5192823,31.707903,19.02139,29.398537,
8:53:53 AM,13.745826,6.5193095,31.706945,19.022345,29.399984,
8:53:54 AM,13.741226,6.5201426,31.696337,19.005192,29.372753,
8:53:55 AM,13.740788,6.5202055,31.695328,19.004477,29.371593,
8:53:56 AM,13.740352,6.520268,31.69432,19.003761,29.370434,
8:53:57 AM,13.748574,6.520185,31.713287,19.00471,29.371971,
8:53:58 AM,13.748944,6.520201,31.71414,19.00435,29.371405,
8:53:59 AM,13.738063,6.521023,31.689041,19.004148,29.370378,
8:54:00 AM,13.737586,6.5210714,31.687943,19.00417,29.370367,
8:54:01 AM,13.73711,6.52112,31.686842,19.004189,29.370356,
8:54:02 AM,13.758315,6.521554,31.735756,19.008333,29.376383,
8:54:03 AM,13.759321,6.521601,31.738077,19.008577,29.37672,
8:54:04 AM,13.760327,6.521648,31.740396,19.008821,29.377058,
8:54:05 AM,13.730793,6.5221415,31.672272,19.002966,29.367582,
8:54:06 AM,13.729579,6.522182,31.669472,19.002726,29.367174,
8:54:07 AM,13.744056,6.5221252,31.702864,19.002308,29.366575,
8:54:08 AM,13.744248,6.5221334,31.703308,19.002144,29.366314,
8:54:09 AM,13.744441,6.522142,31.703753,19.00198,29.366055,
8:54:10 AM,13.740479,6.5224595,31.694616,19.003693,29.368427,
8:54:11 AM,13.740611,6.522477,31.69492,19.003786,29.368557,
8:54:12 AM,13.740743,6.522495,31.695223,19.00388,29.368687,
8:54:13 AM,13.74459,6.5226746,31.704096,19.006899,29.373198,
8:54:14 AM,13.7447195,6.522693,31.704393,19.007118,29.373522,
8:54:15 AM,13.738753,6.5227823,31.690634,18.995783,29.355925,
8:54:16 AM,13.738482,6.522792,31.690008,18.995153,29.354944,
8:54:17 AM,13.738212,6.5228014,31.689383,18.994522,29.353962,
8:54:18 AM,13.732672,6.523218,31.676605,19.00627,29.371754,
8:54:19 AM,13.732184,6.523246,31.675482,19.006693,29.372383,
8:54:20 AM,13.731698,6.523273,31.67436,19.007116,29.373014,
8:54:21 AM,13.753068,6.5235176,31.723652,19.004639,29.368973,
8:54:22 AM,13.754191,6.523543,31.726244,19.004784,29.369175,
8:54:23 AM,13.755093,6.524049,31.728323,19.005913,29.370481,
8:54:24 AM,13.755649,6.5240855,31.729605,19.005917,29.370457,
8:54:25 AM,13.756205,6.5241227,31.730886,19.005922,29.370432,
8:54:26 AM,13.768657,6.5245533,31.759611,19.014053,29.382626,
8:54:27 AM,13.769429,6.524592,31.761393,19.014576,29.383398,
8:54:28 AM,13.770202,6.524631,31.763174,19.015097,29.384169,
8:54:29 AM,13.747329,6.5247054,31.710413,19.007004,29.371597,
8:54:30 AM,13.746304,6.524721,31.70805,19.006733,29.371166,
8:54:31 AM,13.750331,6.5253787,31.71734,19.002707,29.364374,
8:54:32 AM,13.750052,6.5254216,31.716698,19.00227,29.363659,
8:54:33 AM,13.749774,6.5254645,31.716057,19.001831,29.362944,
8:54:34 AM,13.724417,6.5253105,31.657566,19.009827,29.375437,
8:54:35 AM,13.722995,6.525318,31.654285,19.010212,29.376024,
8:54:36 AM,13.721572,6.525326,31.651003,19.010595,29.37661,
8:54:37 AM,13.74117,6.5252166,31.696207,19.01234,29.3794,
8:54:38 AM,13.741688,6.5252066,31.697403,19.012642,29.379877,
8:54:39 AM,13.737642,6.5259547,31.68807,19.01534,29.383398,
8:54:40 AM,13.737859,6.5259986,31.688568,19.015547,29.383677,
8:54:41 AM,13.738075,6.5260425,31.689068,19.01575,29.383955,
8:54:42 AM,13.744147,6.5265546,31.703075,19.00971,29.374178,
8:54:43 AM,13.744409,6.526604,31.703678,19.009413,29.373674,
8:54:44 AM,13.744669,6.5266542,31.704279,19.009115,29.37317,
8:54:45 AM,13.752137,6.526557,31.721504,18.99934,29.358149,
8:54:46 AM,13.752731,6.526565,31.722876,18.998615,29.357021,
8:54:47 AM,13.753325,6.5265727,31.724247,18.99789,29.355896,
8:54:48 AM,13.733688,6.526903,31.678951,19.010515,29.375118,
8:54:49 AM,13.732763,6.526921,31.676819,19.010983,29.375826,
8:54:50 AM,13.7443495,6.5276017,31.703543,19.011936,29.376709,
8:54:51 AM,13.744634,6.5276513,31.704199,19.012272,29.377182,
8:54:52 AM,13.744918,6.527701,31.704855,19.012606,29.377657,
8:54:53 AM,13.75471,6.5275393,31.72744,19.007996,29.370674,
8:54:54 AM,13.755604,6.527547,31.729502,19.007738,29.37027,
8:54:55 AM,13.756497,6.527555,31.731562,19.00748,29.369864,
8:54:56 AM,13.749409,6.5283,31.715212,19.005589,29.366295,
8:54:57 AM,13.74925,6.5283403,31.714848,19.005363,29.365911,
8:54:58 AM,13.739481,6.528687,31.692312,19.005726,29.366173,
8:54:59 AM,13.73874,6.5287256,31.690603,19.005701,29.3661,
8:55:00 AM,13.737999,6.5287642,31.688894,19.005676,29.36603,
8:55:01 AM,13.742139,6.5285172,31.698444,19.010147,29.37315,
8:55:02 AM,13.742148,6.528511,31.698467,19.010418,29.373573,
8:55:03 AM,13.742159,6.528505,31.69849,19.010687,29.373995,
8:55:04 AM,13.752401,6.529175,31.722113,19.010647,29.373354,
8:55:05 AM,13.753101,6.529208,31.723728,19.010752,29.373486,
8:55:06 AM,13.735062,6.5295486,31.682117,19.014975,29.379717,
8:55:07 AM,13.734161,6.5295854,31.680042,19.015234,29.380085,
8:55:08 AM,13.733262,6.529622,31.677965,19.015493,29.380453,
8:55:09 AM,13.735347,6.529216,31.682775,19.008764,29.370409,
8:55:10 AM,13.735012,6.529199,31.682003,19.00846,29.369951,
8:55:11 AM,13.734676,6.5291824,31.68123,19.008154,29.369493,
8:55:12 AM,13.755818,6.529265,31.729996,19.018967,29.38613,
8:55:13 AM,13.757134,6.5292597,31.733032,19.019445,29.386873,
8:55:14 AM,13.758451,6.5292544,31.736069,19.019924,29.387617,
8:55:15 AM,13.7347145,6.5292645,31.681316,19.020685,29.388786,
8:55:16 AM,13.733854,6.529267,31.679333,19.021,29.38927,
8:55:17 AM,13.743302,6.529587,31.701128,19.021093,29.389137,
8:55:18 AM,13.743327,6.5296063,31.701185,19.021116,29.389154,
8:55:19 AM,13.743352,6.529626,31.701242,19.02114,29.389174,
8:55:20 AM,13.76316,6.5302176,31.746931,19.0259,29.396017,
8:55:21 AM,13.7645855,6.5302615,31.75022,19.02619,29.396425,
8:55:22 AM,13.766011,6.530305,31.753508,19.02648,29.396835,
8:55:23 AM,13.732589,6.530735,31.676414,19.029873,29.401705,
8:55:24 AM,13.73113,6.5307755,31.673048,19.030193,29.402166,
8:55:25 AM,13.743253,6.531777,31.701012,19.021292,29.387543,
8:55:26 AM,13.743215,6.531849,31.700924,19.020828,29.386765,
8:55:27 AM,13.743177,6.5319204,31.700838,19.020365,29.385986,
8:55:28 AM,13.741149,6.53143,31.696161,19.023764,29.391663,
8:55:29 AM,13.741332,6.531426,31.69658,19.023743,29.391634,
8:55:30 AM,13.741514,6.531422,31.697002,19.023722,29.391607,
8:55:31 AM,13.7357645,6.531819,31.683739,19.034071,29.407251,
8:55:32 AM,13.735375,6.531831,31.68284,19.034758,29.408304,
8:55:33 AM,13.76313,6.5326743,31.746862,19.0281,29.397282,
8:55:34 AM,13.764705,6.532736,31.750492,19.02793,29.396967,
8:55:35 AM,13.766278,6.5327973,31.754122,19.027761,29.396652,
8:55:36 AM,13.733719,6.53297,31.67902,19.017204,29.380196,
8:55:37 AM,13.732483,6.5330014,31.67617,19.016407,29.378935,
8:55:38 AM,13.731247,6.5330334,31.673319,19.01561,29.377676,
8:55:39 AM,13.746844,6.532928,31.709295,19.016253,29.378761,
8:55:40 AM,13.746979,6.532927,31.709606,19.016024,29.378408,
8:55:41 AM,13.745136,6.5335836,31.705359,19.022774,29.388268,
8:55:42 AM,13.745411,6.533622,31.705992,19.0232,29.388893,
8:55:43 AM,13.745686,6.53366,31.706627,19.023624,29.389517,
8:55:44 AM,13.756385,6.5341773,31.731304,19.028046,29.395895,
8:55:45 AM,13.756982,6.534225,31.732681,19.02848,29.396528,
8:55:46 AM,13.757579,6.5342727,31.734058,19.028917,29.39716,
8:55:47 AM,13.724247,6.535123,31.657171,19.025785,29.391582,
8:55:48 AM,13.72256,6.535187,31.65328,19.02572,29.391426,
8:55:49 AM,13.737244,6.535619,31.687151,19.019909,29.382074,
8:55:50 AM,13.737359,6.5356655,31.687416,19.019482,29.381376,
8:55:51 AM,13.7374735,6.5357127,31.687681,19.019056,29.380676,
8:55:52 AM,13.743688,6.5361342,31.702013,19.024431,29.388613,
8:55:53 AM,13.744431,6.5361705,31.70373,19.024607,29.388853,
8:55:54 AM,13.745174,6.5362067,31.705444,19.024782,29.389093,
8:55:55 AM,13.745971,6.5365324,31.707281,19.024826,29.388878,
8:55:56 AM,13.746179,6.536563,31.707762,19.02496,29.389057,
8:55:57 AM,13.74585,6.53657,31.707003,19.02757,29.393085,
8:55:58 AM,13.745857,6.5365787,31.70702,19.027729,29.393324,
8:55:59 AM,13.745864,6.536587,31.707037,19.02789,29.393562,
8:56:00 AM,13.758034,6.5373344,31.735107,19.017612,29.37704,
8:56:01 AM,13.758758,6.5373797,31.736778,19.017061,29.37615,
8:56:02 AM,13.759482,6.537425,31.73845,19.01651,29.37526,
8:56:03 AM,13.751094,6.5375237,31.719099,19.02673,29.390963,
8:56:04 AM,13.750909,6.5375485,31.718674,19.027073,29.39147,
8:56:05 AM,13.749322,6.537802,31.715012,19.02374,29.386103,
8:56:06 AM,13.749027,6.5378203,31.714333,19.023777,29.386143,
8:56:07 AM,13.7487335,6.5378385,31.713655,19.023813,29.386183,
8:56:08 AM,13.729384,6.5378413,31.669024,19.030455,29.396437,
8:56:09 AM,13.728181,6.537848,31.666246,19.030767,29.396917,
8:56:10 AM,13.726977,6.5378547,31.66347,19.031082,29.397398,
8:56:11 AM,13.736636,6.538351,31.685751,19.024687,29.387089,
8:56:12 AM,13.73671,6.5383806,31.68592,19.024479,29.386742,
8:56:13 AM,13.745861,6.5388093,31.707027,19.017183,29.3751,
8:56:14 AM,13.746645,6.5388474,31.708836,19.016586,29.374144,
8:56:15 AM,13.747428,6.5388856,31.710644,19.015987,29.373188,
8:56:16 AM,13.754593,6.5387955,31.72717,19.019508,29.378702,
8:56:17 AM,13.755251,6.5388007,31.72869,19.019539,29.378746,
8:56:18 AM,13.755909,6.538806,31.730206,19.019571,29.37879,
8:56:19 AM,13.742734,6.5387163,31.699816,19.027477,29.391079,
8:56:20 AM,13.742145,6.538709,31.698456,19.028028,29.391937,
8:56:21 AM,13.741065,6.539037,31.695967,19.017801,29.375858,
8:56:22 AM,13.740692,6.5390553,31.695105,19.017359,29.37516,
8:56:23 AM,13.740318,6.5390735,31.694244,19.016918,29.374462,
8:56:24 AM,13.754425,6.5393343,31.726784,19.01091,29.364954,
8:56:25 AM,13.7552595,6.539358,31.728706,19.01029,29.363976,
8:56:26 AM,13.756093,6.5393825,31.73063,19.009668,29.362997,
8:56:27 AM,13.75617,6.5400596,31.730808,19.00968,29.362427,
8:56:28 AM,13.756536,6.540107,31.73165,19.009523,29.362143,
8:56:29 AM,13.743439,6.540366,31.701443,19.018702,29.376097,
8:56:30 AM,13.742635,6.5403986,31.699587,19.019262,29.376934,
8:56:31 AM,13.741831,6.5404305,31.697733,19.019823,29.377773,
8:56:32 AM,13.749007,6.540766,31.714287,19.030594,29.39412,
8:56:33 AM,13.749111,6.5407925,31.714527,19.031477,29.395458,
8:56:34 AM,13.749216,6.540819,31.714767,19.032358,29.396797,
8:56:35 AM,13.755105,6.540648,31.728352,19.023361,29.383049,
8:56:36 AM,13.755628,6.5406466,31.729557,19.02311,29.38266,
8:56:37 AM,13.747638,6.5408874,31.71113,19.028225,29.390354,
8:56:38 AM,13.747277,6.5408983,31.710299,19.028334,29.390512,
8:56:39 AM,13.746917,6.5409093,31.709467,19.02844,29.390669,
8:56:40 AM,13.74459,6.541591,31.704098,19.030916,29.3939,
8:56:41 AM,13.744247,6.5416384,31.703306,19.031197,29.394293,
8:56:42 AM,13.743905,6.5416856,31.702517,19.031477,29.394684,
8:56:43 AM,13.740478,6.541848,31.69461,19.036827,29.40281,
8:56:44 AM,13.7402115,6.5418754,31.693996,19.037209,29.403374,
8:56:45 AM,13.749467,6.5417233,31.715345,19.021246,29.378849,
8:56:46 AM,13.749954,6.5417175,31.716469,19.020388,29.377531,
8:56:47 AM,13.750441,6.5417123,31.717594,19.019531,29.376211,
8:56:48 AM,13.731479,6.5425344,31.673855,19.030075,29.391783,
8:56:49 AM,13.730567,6.54258,31.671751,19.030308,29.392103,
8:56:50 AM,13.729655,6.542626,31.66965,19.03054,29.392424,
8:56:51 AM,13.7459345,6.542386,31.707197,19.025885,29.385439,
8:56:52 AM,13.746423,6.5423927,31.708324,19.025867,29.385406,
8:56:53 AM,13.743163,6.542791,31.700806,19.021866,29.37888,
8:56:54 AM,13.743353,6.5428095,31.701244,19.021502,29.378302,
8:56:55 AM,13.743544,6.542828,31.701683,19.02114,29.377724,
8:56:56 AM,13.741954,6.5434995,31.698015,19.021095,29.377075,
8:56:57 AM,13.741773,6.5435505,31.697598,19.020994,29.376875,
8:56:58 AM,13.741591,6.543601,31.69718,19.020893,29.376677,
8:56:59 AM,13.740018,6.544119,31.693552,19.031828,29.393118,
8:57:00 AM,13.739887,6.5441666,31.693249,19.032475,29.394073,
8:57:01 AM,13.742703,6.5439315,31.699745,19.034096,29.39678,
8:57:02 AM,13.742839,6.543929,31.700056,19.034452,29.397331,
8:57:03 AM,13.742973,6.543927,31.700369,19.034807,29.397882,
8:57:04 AM,13.742831,6.544339,31.70004,19.038048,29.40253,
8:57:05 AM,13.742893,6.5443583,31.700184,19.038284,29.402878,
8:57:06 AM,13.742954,6.5443773,31.700325,19.038519,29.403225,
8:57:07 AM,13.754037,6.5447283,31.725885,19.040789,29.406427,
8:57:08 AM,13.754693,6.5447598,31.7274,19.04101,29.406742,
8:57:09 AM,13.7400875,6.545171,31.69371,19.033014,29.394035,
8:57:10 AM,13.739444,6.545204,31.692226,19.032574,29.393324,
8:57:11 AM,13.7388,6.5452375,31.69074,19.032131,29.392612,
8:57:12 AM,13.73364,6.545816,31.678837,19.03571,29.39764,
8:57:13 AM,13.732959,6.545861,31.677267,19.035717,29.397615,
8:57:14 AM,13.732278,6.545905,31.675697,19.035727,29.39759,
8:57:15 AM,13.749374,6.546339,31.715132,19.037504,29.399958,
8:57:16 AM,13.750291,6.5463796,31.717245,19.037695,29.400217,
8:57:17 AM,13.7471,6.5458245,31.709887,19.04309,29.409033,
8:57:18 AM,13.747321,6.5458007,31.710398,19.043465,29.409628,
8:57:19 AM,13.747541,6.5457764,31.710907,19.043837,29.410223,
8:57:20 AM,13.76453,6.546516,31.750092,19.042116,29.406927,
8:57:21 AM,13.765484,6.5465465,31.75229,19.042147,29.40695,
8:57:22 AM,13.766438,6.5465775,31.75449,19.04218,29.406971,
8:57:23 AM,13.74749,6.5465956,31.710789,19.041847,29.406443,
8:57:24 AM,13.746798,6.5466156,31.70919,19.041786,29.406332,
8:57:25 AM,13.730333,6.5467706,31.671213,19.039606,29.402828,
8:57:26 AM,13.728862,6.54678,31.66782,19.039465,29.402603,
8:57:27 AM,13.72739,6.5467896,31.664425,19.039326,29.402376,
8:57:28 AM,13.746789,6.5471287,31.70917,19.04898,29.416996,
8:57:29 AM,13.747559,6.5471535,31.710943,19.049513,29.417795,
8:57:30 AM,13.748328,6.547178,31.712717,19.050045,29.418596,
8:57:31 AM,13.728974,6.547689,31.668076,19.049765,29.41772,
8:57:32 AM,13.728301,6.5477285,31.666523,19.049992,29.418037,
8:57:33 AM,13.765038,6.5476685,31.751265,19.06488,29.441082,
8:57:34 AM,13.766852,6.5476766,31.755451,19.065794,29.442486,
8:57:35 AM,13.768668,6.5476847,31.759638,19.066708,29.443892,
8:57:36 AM,13.756247,6.548258,31.730986,19.109854,29.510017,
8:57:37 AM,13.756425,6.5482907,31.731398,19.112852,29.514618,
8:57:38 AM,13.756602,6.548324,31.731808,19.115849,29.519218,
8:57:39 AM,13.742187,6.548077,31.698551,19.153877,29.578157,
8:57:40 AM,13.741025,6.548077,31.695871,19.157246,29.583359,
8:57:41 AM,13.749214,6.5481524,31.714764,19.229156,29.694344,
8:57:42 AM,13.749404,6.548151,31.715202,19.234507,29.702606,
8:57:43 AM,13.749594,6.5481496,31.715641,19.239857,29.710869,
8:57:44 AM,13.756958,6.548811,31.732624,19.214426,29.671017,
8:57:45 AM,13.757617,6.5488534,31.734146,19.214674,29.671364,
8:57:46 AM,13.758277,6.5488954,31.735668,19.214922,29.671711,
8:57:47 AM,13.749915,6.5493245,31.71638,19.488743,30.094162,
8:57:48 AM,13.749604,6.549367,31.715662,19.504467,30.118406,
8:57:49 AM,13.757576,6.5493045,31.734053,19.594324,30.257215,
8:57:50 AM,13.757876,6.5493107,31.734745,19.60636,30.275795,
8:57:51 AM,13.758177,6.549317,31.73544,19.618395,30.294376,
8:57:52 AM,13.751171,6.5498962,31.719278,19.92577,30.76849,
8:57:53 AM,13.750949,6.54993,31.718765,19.946632,30.800674,
8:57:54 AM,13.750726,6.5499635,31.71825,19.967495,30.832859,
8:57:55 AM,13.755507,6.5495496,31.729279,20.092623,31.026457,
8:57:56 AM,13.755616,6.5495396,31.72953,20.10797,31.050163,
8:57:57 AM,13.738391,6.55033,31.689798,20.499868,31.654585,
8:57:58 AM,13.737438,6.5503693,31.6876,20.527088,31.696579,
8:57:59 AM,13.736485,6.5504084,31.6854,20.554306,31.738573,
8:58:00 AM,13.7347355,6.550352,31.681364,20.962463,32.368874,
8:58:01 AM,13.734193,6.550369,31.680113,20.996965,32.422134,
8:58:02 AM,13.73365,6.5503855,31.678862,21.031467,32.475395,
8:58:03 AM,13.737046,6.551137,31.686697,21.88165,33.787437,
8:58:04 AM,13.737202,6.551181,31.687056,21.943205,33.882446,
8:58:05 AM,13.741627,6.551206,31.69726,22.340471,34.49584,
8:58:06 AM,13.741977,6.5512257,31.698069,22.38532,34.56507,
8:58:07 AM,13.742327,6.551245,31.698875,22.430172,34.634304,
8:58:08 AM,13.7539625,6.551974,31.725716,22.508677,34.754772,
8:58:09 AM,13.754782,6.5520186,31.727606,22.523157,34.777084,
8:58:10 AM,13.755601,6.5520635,31.729496,22.537638,34.799397,
8:58:11 AM,13.736711,6.552756,31.68592,23.101788,35.669746,
8:58:12 AM,13.735879,6.552816,31.684002,23.137796,35.72528,
8:58:13 AM,13.739487,6.5531693,31.692324,23.82531,36.786438,
8:58:14 AM,13.739266,6.553207,31.691816,23.881424,36.873035,
8:58:15 AM,13.739045,6.553245,31.691307,23.937536,36.959637,
8:58:16 AM,13.732017,6.553498,31.675095,25.348364,39.137665,
8:58:17 AM,13.731688,6.5535216,31.674335,25.451424,39.296764,
8:58:18 AM,13.731358,6.5535455,31.673574,25.554485,39.45586,
8:58:19 AM,13.740773,6.5540566,31.695292,26.0181,40.17107,
8:58:20 AM,13.741152,6.5540934,31.696165,26.081758,40.26931,
8:58:21 AM,13.741529,6.5542755,31.697037,26.632538,41.119476,
8:58:22 AM,13.741774,6.554299,31.697601,26.677399,41.188713,
8:58:23 AM,13.742019,6.554322,31.698166,26.722261,41.257954,
8:58:24 AM,13.750906,6.554572,31.718666,27.201649,41.997787,
8:58:25 AM,13.751452,6.5545917,31.719925,27.244553,42.064007,
8:58:26 AM,13.751998,6.554611,31.721186,27.287458,42.130226,
8:58:27 AM,13.755649,6.5546117,31.729605,27.642542,42.678455,
8:58:28 AM,13.756093,6.554618,31.730629,27.676115,42.73028,
8:58:29 AM,13.763978,6.555416,31.748817,28.678595,44.277008,
8:58:30 AM,13.764553,6.555466,31.750145,28.749737,44.38678,
8:58:31 AM,13.765129,6.5555162,31.751472,28.82088,44.496555,
8:58:32 AM,13.73998,6.555712,31.693462,29.021683,44.806316,
8:58:33 AM,13.738642,6.555744,31.690376,29.0592,44.864197,
8:58:34 AM,13.737303,6.5557766,31.68729,29.09672,44.92208,
8:58:35 AM,13.74633,6.5561066,31.708109,28.948257,44.692436,
8:58:36 AM,13.746237,6.556132,31.707893,28.944887,44.6872,
8:58:37 AM,13.746143,6.5561566,31.70768,28.941517,44.68196,
8:58:38 AM,13.745561,6.55554,31.706337,29.54228,45.610294,
8:58:39 AM,13.745734,6.555513,31.706738,29.574347,45.65984,
8:58:40 AM,13.729969,6.5562396,31.670372,29.857561,46.0961,
8:58:41 AM,13.728988,6.556269,31.668108,29.889036,46.144653,
8:58:42 AM,13.728005,6.5562987,31.665842,29.920511,46.193207,
8:58:43 AM,13.761471,6.5562406,31.743034,29.950785,46.24003,
8:58:44 AM,13.763101,6.556255,31.746798,29.959774,46.253887,
8:58:45 AM,13.7409525,6.5562553,31.695705,30.247757,46.698494,
8:58:46 AM,13.7403755,6.556253,31.694378,30.26644,46.72734,
8:58:47 AM,13.7397995,6.556251,31.693048,30.285124,46.756187,
8:58:48 AM,13.7428255,6.5566573,31.700026,29.697294,45.84811,
8:58:49 AM,13.742442,6.556682,31.699142,29.668484,45.803596,
8:58:50 AM,13.74206,6.556707,31.69826,29.639671,45.75908,
8:58:51 AM,13.740273,6.55722,31.69414,30.013622,46.3357,
8:58:52 AM,13.740245,6.557261,31.694073,30.021175,46.347305,
8:58:53 AM,13.740215,6.557302,31.694006,30.028728,46.35891,
8:58:54 AM,13.752868,6.5572944,31.72319,29.956848,46.24795,
8:58:55 AM,13.753561,6.5573072,31.72479,29.961668,46.255375,
8:58:56 AM,13.750344,6.5579715,31.717371,29.878471,46.126034,
8:58:57 AM,13.750447,6.558012,31.71761,29.871458,46.11515,
8:58:58 AM,13.750551,6.558053,31.71785,29.864443,46.104263,
8:58:59 AM,13.75823,6.557896,31.73556,29.732958,45.901493,
8:59:00 AM,13.758612,6.557904,31.736439,29.723005,45.886116,
8:59:01 AM,13.758992,6.557911,31.737318,29.713053,45.870743,
8:59:02 AM,13.746362,6.558147,31.708183,29.479929,45.510532,
8:59:03 AM,13.745816,6.5581574,31.706924,29.462757,45.48401,
8:59:04 AM,13.740689,6.5587463,31.6951,29.412458,45.40557,
8:59:05 AM,13.740077,6.5587883,31.693687,29.403797,45.392143,
8:59:06 AM,13.739465,6.5588303,31.692276,29.395136,45.378716,
8:59:07 AM,13.751217,6.558909,31.719383,29.21514,45.100742,
8:59:08 AM,13.751791,6.558929,31.720709,29.203012,45.081993,
8:59:09 AM,13.752366,6.5589485,31.722033,29.190884,45.063244,
8:59:10 AM,13.745182,6.559364,31.705462,28.98157,44.739567,
8:59:11 AM,13.745049,6.559391,31.705156,28.96454,44.71324,
8:59:12 AM,13.737528,6.5598245,31.687809,28.847237,44.53159,
8:59:13 AM,13.7369,6.5598607,31.686361,28.835085,44.51278,
8:59:14 AM,13.736273,6.5598974,31.684914,28.822931,44.49397,
8:59:15 AM,13.747214,6.560234,31.710152,28.637197,44.206818,
8:59:16 AM,13.74769,6.5602655,31.711248,28.622988,44.18484,
8:59:17 AM,13.748166,6.5602965,31.712347,28.608776,44.162865,
8:59:18 AM,13.752607,6.56037,31.72259,28.411928,43.858894,
8:59:19 AM,13.753144,6.5603833,31.723827,28.395388,43.833344,
8:59:20 AM,13.722008,6.560958,31.652008,28.224428,43.568707,
8:59:21 AM,13.720203,6.560995,31.647846,28.209185,43.545124,
8:59:22 AM,13.718399,6.5610323,31.643684,28.19394,43.521545,
8:59:23 AM,13.752129,6.5609674,31.721487,28.028807,43.266716,
8:59:24 AM,13.753369,6.560978,31.724348,28.014507,43.244633,
8:59:25 AM,13.754609,6.560989,31.72721,28.000208,43.222546,
8:59:26 AM,13.743845,6.5616546,31.70238,27.870628,43.02168,
8:59:27 AM,13.744044,6.5616927,31.702837,27.85857,43.003014,
8:59:28 AM,13.751725,6.5621223,31.720556,27.394085,42.285492,
8:59:29 AM,13.751931,6.562165,31.721033,27.362423,42.236565,
8:59:30 AM,13.752138,6.5622067,31.72151,27.330763,42.187637,
8:59:31 AM,13.748441,6.5622845,31.712976,27.218155,42.01372,
8:59:32 AM,13.748417,6.5622997,31.712923,27.199629,41.985107,
8:59:33 AM,13.748394,6.5623155,31.71287,27.181103,41.95649,
8:59:34 AM,13.729694,6.5623074,31.669737,26.876328,41.48605,
8:59:35 AM,13.7285,6.5623093,31.666985,26.855072,41.45324,
8:59:36 AM,13.73444,6.5627275,31.680685,27.056643,41.763866,
8:59:37 AM,13.734373,6.562753,31.68053,27.06175,41.77172,
8:59:38 AM,13.734306,6.5627794,31.680376,27.066858,41.77957,
8:59:39 AM,13.743522,6.56329,31.701632,26.577902,41.02422,
8:59:40 AM,13.744227,6.5633316,31.70326,26.553686,40.98679,
8:59:41 AM,13.744934,6.563373,31.70489,26.52947,40.949364,
8:59:42 AM,13.749521,6.5632915,31.715471,26.202177,40.444267,
8:59:43 AM,13.750027,6.5633,31.716639,26.170542,40.395424,
8:59:44 AM,13.759158,6.563531,31.7377,26.033365,40.183414,
8:59:45 AM,13.759831,6.5635433,31.739254,26.01728,40.158573,
8:59:46 AM,13.760505,6.5635557,31.740807,26.001196,40.13373,
8:59:47 AM,13.744048,6.563813,31.702847,25.784437,39.79885,
8:59:48 AM,13.74329,6.5638347,31.701097,25.767862,39.773243,
8:59:49 AM,13.742532,6.563856,31.699348,25.751287,39.747635,
8:59:50 AM,13.744553,6.564286,31.704014,25.8649,39.922497,
8:59:51 AM,13.744263,6.564318,31.703342,25.86588,39.92397,
8:59:52 AM,13.754467,6.565228,31.726883,25.406168,39.213356,
8:59:53 AM,13.755145,6.5652943,31.728445,25.380505,39.173668,
8:59:54 AM,13.755823,6.5653605,31.73001,25.354843,39.13398,
8:59:55 AM,13.73955,6.565298,31.69247,24.996943,38.58165,
8:59:56 AM,13.738826,6.565317,31.690802,24.963737,38.53038,
8:59:57 AM,13.738102,6.565336,31.689133,24.930534,38.479107,
8:59:58 AM,13.763176,6.565554,31.746967,24.778675,38.244476,
8:59:59 AM,13.764251,6.565566,31.749447,24.760248,38.216022,
9:00:00 AM,13.7522,6.5656633,31.72165,24.545557,37.88455,
9:00:01 AM,13.752068,6.565675,31.721344,24.52869,37.858505,
9:00:02 AM,13.751935,6.565686,31.721037,24.511826,37.832462,
9:00:03 AM,13.741542,6.566018,31.697065,24.48486,37.79047,
9:00:04 AM,13.740612,6.5660405,31.694921,24.477951,37.77978,
9:00:05 AM,13.739682,6.5660634,31.692778,24.471045,37.769096,
9:00:06 AM,13.73917,6.566413,31.691595,24.300657,37.50573,
9:00:07 AM,13.7388735,6.566442,31.690908,24.28983,37.488987,
9:00:08 AM,13.738754,6.567019,31.690638,24.308863,37.517727,
9:00:09 AM,13.7387295,6.567063,31.69058,24.306028,37.5133,
9:00:10 AM,13.738704,6.5671067,31.690521,24.303194,37.50888,
9:00:11 AM,13.7387085,6.5672865,31.690533,24.056667,37.128204,
9:00:12 AM,13.738706,6.567312,31.690525,24.04221,37.10586,
9:00:13 AM,13.738702,6.5673375,31.690517,24.027752,37.08352,
9:00:14 AM,13.74785,6.5673256,31.711618,23.767746,36.682247,
9:00:15 AM,13.748391,6.5673304,31.712866,23.745987,36.64866,
9:00:16 AM,13.755669,6.5674005,31.729652,24.02685,37.082058,
9:00:17 AM,13.75633,6.5674047,31.731176,24.037851,37.099033,
9:00:18 AM,13.75699,6.5674095,31.7327,24.048853,37.11601,
9:00:19 AM,13.75452,6.56767,31.727003,23.469404,36.22143,
9:00:20 AM,13.75455,6.5676875,31.727072,23.441097,36.177727,
9:00:21 AM,13.7545805,6.567705,31.72714,23.412792,36.13402,
9:00:22 AM,13.735869,6.5683002,31.68398,23.362228,36.05535,
9:00:23 AM,13.734705,6.568342,31.681295,23.344358,36.027725,
9:00:24 AM,13.76525,6.568937,31.751755,23.38961,36.096928,
9:00:25 AM,13.766695,6.5689874,31.755087,23.391256,36.099415,
9:00:26 AM,13.76814,6.569038,31.75842,23.3929,36.1019,
9:00:27 AM,13.748335,6.5687904,31.712736,22.98366,35.470585,
9:00:28 AM,13.747913,6.568791,31.711763,22.96005,35.43415,
9:00:29 AM,13.747491,6.568791,31.710789,22.93644,35.397713,
9:00:30 AM,13.746364,6.569115,31.708189,22.95003,35.418346,
9:00:31 AM,13.7458105,6.5691285,31.706913,22.940443,35.40354,
9:00:32 AM,13.741406,6.5700417,31.696754,22.689856,35.015873,
9:00:33 AM,13.741124,6.570106,31.6961,22.674747,34.99249,
9:00:34 AM,13.740841,6.5701704,31.695448,22.65964,34.96911,
9:00:35 AM,13.746782,6.570111,31.709154,22.674675,34.99237,
9:00:36 AM,13.747028,6.5701303,31.70972,22.669218,34.98393,
9:00:37 AM,13.747274,6.57015,31.710289,22.663761,34.975487,
9:00:38 AM,13.744464,6.5703735,31.703806,22.448547,34.64313,
9:00:39 AM,13.744447,6.5703855,31.703766,22.436104,34.623917,
9:00:40 AM,13.744158,6.5703225,31.7031,22.360918,34.507954,
9:00:41 AM,13.744073,6.5703244,31.702902,22.351194,34.492947,
9:00:42 AM,13.743987,6.5703263,31.702705,22.341469,34.47794,
9:00:43 AM,13.747962,6.5710707,31.711876,22.259344,34.350445,
9:00:44 AM,13.7481985,6.5711145,31.712421,22.25254,34.3399,
9:00:45 AM,13.748435,6.5711584,31.712969,22.245737,34.329357,
9:00:46 AM,13.750368,6.57151,31.717424,22.096725,34.09905,
9:00:47 AM,13.750586,6.5715504,31.717926,22.085632,34.08189,
9:00:48 AM,13.750856,6.5715575,31.718552,22.026834,33.991146,
9:00:49 AM,13.750919,6.571566,31.718697,22.019634,33.98003,
9:00:50 AM,13.750982,6.571575,31.718842,22.012436,33.96891,
9:00:51 AM,13.723687,6.5716577,31.65588,21.8522,33.721554,
9:00:52 AM,13.722028,6.571663,31.652054,21.840958,33.704205,
9:00:53 AM,13.720368,6.571668,31.648226,21.829716,33.68685,
9:00:54 AM,13.741934,6.571917,31.69797,21.667744,33.436657,
9:00:55 AM,13.742497,6.5719337,31.699268,21.654,33.41543,
9:00:56 AM,13.731961,6.572345,31.674967,21.641636,33.395943,
9:00:57 AM,13.7318,6.5723763,31.674597,21.637106,33.388924,
9:00:58 AM,13.73164,6.5724077,31.674225,21.632576,33.381905,
9:00:59 AM,13.726785,6.572505,31.663027,21.612595,33.350975,
9:01:00 AM,13.726211,6.5725217,31.661703,21.61112,33.348682,
9:01:01 AM,13.725637,6.572538,31.660381,21.609648,33.346394,
9:01:02 AM,13.75734,6.572955,31.73351,21.464617,33.12219,
9:01:03 AM,13.759094,6.572983,31.737555,21.455463,33.108032,
9:01:04 AM,13.755606,6.5727496,31.729506,21.403772,33.0285,
9:01:05 AM,13.75613,6.5727453,31.730717,21.397167,33.01831,
9:01:06 AM,13.756655,6.572741,31.731926,21.390562,33.00812,
9:01:07 AM,13.740155,6.573148,31.693867,21.284101,32.843445,
9:01:08 AM,13.739062,6.573167,31.691345,21.276379,32.831512,
9:01:09 AM,13.737969,6.5731854,31.688826,21.268658,32.819576,
9:01:10 AM,13.729138,6.5738745,31.668457,21.09626,32.55289,
9:01:11 AM,13.7282,6.5739255,31.666292,21.083258,32.532776,
9:01:12 AM,13.726916,6.573785,31.663332,21.152985,32.640507,
9:01:13 AM,13.72663,6.573792,31.662672,21.1532,32.64083,
9:01:14 AM,13.726344,6.5737996,31.66201,21.153414,32.641155,
9:01:15 AM,13.730647,6.5741997,31.671936,21.11516,32.58174,
9:01:16 AM,13.73088,6.5742207,31.672474,21.114586,32.580837,
9:01:17 AM,13.7311125,6.5742416,31.67301,21.11401,32.57993,
9:01:18 AM,13.735337,6.5747657,31.682755,20.97891,32.370964,
9:01:19 AM,13.735696,6.574807,31.683584,20.969887,32.357002,
9:01:20 AM,13.758457,6.574907,31.736084,20.84247,32.1603,
9:01:21 AM,13.759964,6.5749254,31.739561,20.831442,32.14327,
9:01:22 AM,13.761472,6.5749435,31.743038,20.820415,32.126236,
9:01:23 AM,13.740064,6.575185,31.693655,20.820656,32.126377,
9:01:24 AM,13.73934,6.575202,31.691986,20.817486,32.12147,
9:01:25 AM,13.738616,6.5752187,31.690317,20.814314,32.11656,
9:01:26 AM,13.732207,6.5759063,31.675533,20.774036,32.05376,
9:01:27 AM,13.731297,6.575953,31.673433,20.771547,32.049877,
9:01:28 AM,13.743763,6.5756392,31.702188,20.758196,32.02957,
9:01:29 AM,13.744398,6.575636,31.703653,20.75637,32.026756,
9:01:30 AM,13.745034,6.5756326,31.70512,20.754545,32.023945,
9:01:31 AM,13.756542,6.575962,31.731668,20.626364,31.825853,
9:01:32 AM,13.757556,6.575974,31.734007,20.618261,31.813343,
9:01:33 AM,13.75857,6.575986,31.736345,20.61016,31.800833,
9:01:34 AM,13.76332,6.5760827,31.747301,20.536236,31.686678,
9:01:35 AM,13.7639,6.5760965,31.74864,20.528568,31.674833,
9:01:36 AM,13.744779,6.5767455,31.704535,20.448135,31.550125,
9:01:37 AM,13.743709,6.5767875,31.702065,20.44144,31.539757,
9:01:38 AM,13.742638,6.57683,31.699596,20.434744,31.529387,
9:01:39 AM,13.751003,6.5771008,31.718891,20.429148,31.520498,
9:01:40 AM,13.751028,6.577133,31.718948,20.426802,31.516848,
9:01:41 AM,13.751053,6.577166,31.719006,20.424456,31.513197,
9:01:42 AM,13.740848,6.5769825,31.695467,20.364319,31.420582,
9:01:43 AM,13.740445,6.5769787,31.694536,20.360544,31.414762,
9:01:44 AM,13.740476,6.577534,31.694605,20.393253,31.464712,
9:01:45 AM,13.740228,6.5775647,31.694035,20.393839,31.46559,
9:01:46 AM,13.739981,6.577595,31.693464,20.394426,31.466465,
9:01:47 AM,13.740814,6.5774446,31.695385,20.349527,31.397331,
9:01:48 AM,13.740869,6.5774493,31.69551,20.347647,31.394423,
9:01:49 AM,13.740924,6.5774546,31.695637,20.345764,31.391516,
9:01:50 AM,13.745559,6.577958,31.706331,20.374514,31.435408,
9:01:51 AM,13.7458515,6.5779843,31.707008,20.375074,31.436249,
9:01:52 AM,13.726647,6.578165,31.662708,20.351885,31.400303,
9:01:53 AM,13.725552,6.578188,31.660181,20.351122,31.399103,
9:01:54 AM,13.724456,6.5782113,31.657652,20.350357,31.397903,
9:01:55 AM,13.75877,6.578303,31.736805,20.19466,31.157597,
9:01:56 AM,13.76036,6.578313,31.740473,20.184591,31.142054,
9:01:57 AM,13.7619505,6.578323,31.744143,20.174524,31.126513,
9:01:58 AM,13.742489,6.578983,31.699251,20.117697,31.038233,
9:01:59 AM,13.742199,6.5790243,31.698582,20.110369,31.026886,
9:02:00 AM,13.747581,6.578727,31.710995,20.067152,30.960484,
9:02:01 AM,13.747451,6.578723,31.710695,20.063177,30.954353,
9:02:02 AM,13.747321,6.5787196,31.710396,20.0592,30.948223,
9:02:03 AM,13.739566,6.578794,31.692509,20.134747,31.06471,
9:02:04 AM,13.739243,6.5787907,31.691763,20.13827,31.070148,
9:02:05 AM,13.738919,6.578787,31.691015,20.141792,31.075588,
9:02:06 AM,13.751825,6.5793843,31.720787,19.9473,30.774975,
9:02:07 AM,13.752398,6.5794215,31.722105,19.937601,30.759977,
9:02:08 AM,13.75297,6.579459,31.723425,19.927902,30.74498,
9:02:09 AM,13.742104,6.5793753,31.698362,19.963108,30.799372,
9:02:10 AM,13.74179,6.5793853,31.69764,19.96028,30.795,
9:02:11 AM,13.7302265,6.5796227,31.670965,19.910158,30.717455,
9:02:12 AM,13.729295,6.579635,31.668818,19.908066,30.714216,
9:02:13 AM,13.728364,6.579647,31.66667,19.905973,30.710978,
9:02:14 AM,13.757828,6.579896,31.734629,19.969152,30.808224,
9:02:15 AM,13.759278,6.579916,31.737976,19.971657,30.81207,
9:02:16 AM,13.742137,6.5801144,31.698439,19.858097,30.636694,
9:02:17 AM,13.741568,6.5801325,31.697126,19.851618,30.62668,
9:02:18 AM,13.740999,6.5801506,31.695814,19.845137,30.616665,
9:02:19 AM,13.730315,6.5803075,31.67117,19.86088,30.640812,
9:02:20 AM,13.729096,6.5803223,31.668358,19.858334,30.63687,
9:02:21 AM,13.727879,6.580337,31.665548,19.855787,30.632929,
9:02:22 AM,13.759968,6.580501,31.739569,19.826199,30.587132,
9:02:23 AM,13.761589,6.5805154,31.743309,19.824562,30.584595,
9:02:24 AM,13.758461,6.5805917,31.736092,19.789097,30.529812,
9:02:25 AM,13.759019,6.5806007,31.73738,19.786087,30.52516,
9:02:26 AM,13.759577,6.5806093,31.738667,19.783077,30.520508,
9:02:27 AM,13.743338,6.5805373,31.701206,19.714695,30.415075,
9:02:28 AM,13.74226,6.580535,31.698723,19.709646,30.40729,
9:02:29 AM,13.741183,6.5805326,31.69624,19.704597,30.399504,
9:02:30 AM,13.745973,6.581126,31.707287,19.726118,30.432167,
9:02:31 AM,13.745852,6.58116,31.70701,19.725647,30.431412,
9:02:32 AM,13.75345,6.581507,31.724535,19.72328,30.42745,
9:02:33 AM,13.754037,6.5815425,31.725887,19.723652,30.427992,
9:02:34 AM,13.754623,6.5815783,31.72724,19.724022,30.428532,
9:02:35 AM,13.746025,6.581905,31.707409,19.644867,30.306126,
9:02:36 AM,13.745687,6.581933,31.706627,19.639965,30.298538,
9:02:37 AM,13.745348,6.581961,31.705845,19.635063,30.29095,
9:02:38 AM,13.73651,6.5824685,31.68546,19.697666,30.387074,
9:02:39 AM,13.735765,6.5825076,31.68374,19.699406,30.389723,
9:02:40 AM,13.735021,6.582546,31.682022,19.701147,30.392372,
9:02:41 AM,13.738611,6.5822062,31.690308,19.591702,30.223837,
9:02:42 AM,13.738591,6.5821996,31.69026,19.586786,30.216263,
9:02:43 AM,13.7522,6.582832,31.721651,19.574394,30.19658,
9:02:44 AM,13.7530985,6.5828624,31.723722,19.57102,30.191349,
9:02:45 AM,13.753996,6.5828924,31.725792,19.567646,30.18612,
9:02:46 AM,13.744472,6.5825753,31.703823,19.569242,30.188864,
9:02:47 AM,13.744217,6.582571,31.703236,19.569023,30.18853,
9:02:48 AM,13.745718,6.583046,31.7067,19.544868,30.150845,
9:02:49 AM,13.745567,6.583067,31.70635,19.543377,30.148525,
9:02:50 AM,13.745418,6.583088,31.706003,19.541885,30.146204,
9:02:51 AM,13.747017,6.583445,31.709696,19.499844,30.081036,
9:02:52 AM,13.747152,6.5834785,31.710005,19.496672,30.07611,
9:02:53 AM,13.747287,6.5835123,31.710316,19.493498,30.071184,
9:02:54 AM,13.74112,6.5832486,31.696093,19.510693,30.097942,
9:02:55 AM,13.74079,6.583242,31.695332,19.510647,30.097878,
9:02:56 AM,13.734192,6.5839624,31.680113,19.494265,30.071968,
9:02:57 AM,13.733639,6.5840006,31.678839,19.493664,30.071007,
9:02:58 AM,13.733086,6.584039,31.677563,19.493063,30.070045,
9:02:59 AM,13.747339,6.583977,31.710438,19.453695,30.009375,
9:03:00 AM,13.748058,6.5839915,31.712097,19.45086,30.004984,
9:03:01 AM,13.748777,6.5840054,31.713755,19.44802,30.000595,
9:03:02 AM,13.754802,6.584502,31.72765,19.440098,29.987932,
9:03:03 AM,13.7555275,6.5845304,31.729324,19.438612,29.985615,
9:03:04 AM,13.756254,6.5845585,31.731,19.437126,29.983297,
9:03:05 AM,13.745714,6.584732,31.70669,19.425476,29.965178,
9:03:06 AM,13.745264,6.5847554,31.70565,19.424538,29.96371,
9:03:07 AM,13.738265,6.5850105,31.689507,19.435574,29.980507,
9:03:08 AM,13.7376,6.5850306,31.687975,19.435942,29.981056,
9:03:09 AM,13.736937,6.58505,31.686443,19.43631,29.981606,
9:03:10 AM,13.74168,6.5853066,31.697384,19.408518,29.938509,
9:03:11 AM,13.741792,6.5853286,31.697641,19.407108,29.936316,
9:03:12 AM,13.747707,6.5855694,31.711288,19.391928,29.912687,
9:03:13 AM,13.74819,6.5855904,31.712402,19.390308,29.910172,
9:03:14 AM,13.748673,6.5856113,31.713518,19.38869,29.907656,
9:03:15 AM,13.74233,6.5862045,31.698883,19.379662,29.893206,
9:03:16 AM,13.742089,6.586247,31.698328,19.378738,29.891747,
9:03:17 AM,13.741848,6.586289,31.697773,19.377817,29.890287,
9:03:18 AM,13.748434,6.5866346,31.712965,19.379873,29.893154,
9:03:19 AM,13.748671,6.5866704,31.713509,19.37976,29.892948,
9:03:20 AM,13.748906,6.586706,31.714054,19.379648,29.892742,
9:03:21 AM,13.755018,6.5864334,31.728151,19.371862,29.880976,
9:03:22 AM,13.755527,6.5864277,31.729324,19.371468,29.88037,
9:03:23 AM,13.750533,6.5865,31.717806,19.351976,29.85024,
9:03:24 AM,13.75033,6.5864997,31.717337,19.350538,29.848024,
9:03:25 AM,13.750127,6.586499,31.716867,19.3491,29.845806,
9:03:26 AM,13.747404,6.587427,31.710588,19.334686,29.822758,
9:03:27 AM,13.747092,6.5874853,31.709871,19.333282,29.820541,
9:03:28 AM,13.746781,6.5875435,31.709152,19.331879,29.818323,
9:03:29 AM,13.754861,6.5875435,31.727789,19.342665,29.83496,
9:03:30 AM,13.755256,6.5875673,31.7287,19.34289,29.835289,
9:03:31 AM,13.739473,6.5881376,31.692293,19.321272,29.801443,
9:03:32 AM,13.738693,6.588173,31.690495,19.320185,29.799736,
9:03:33 AM,13.737913,6.588208,31.688694,19.319098,29.798027,
9:03:34 AM,13.745557,6.587798,31.706326,19.312235,29.787804,
9:03:35 AM,13.745613,6.587788,31.706455,19.311277,29.786335,
9:03:36 AM,13.745668,6.5877786,31.706585,19.31032,29.784866,
9:03:37 AM,13.751547,6.587422,31.720142,19.290981,29.75535,
9:03:38 AM,13.752075,6.587391,31.721361,19.289644,29.753315,
9:03:39 AM,13.734103,6.587874,31.679907,19.288595,29.751274,
9:03:40 AM,13.733135,6.5878954,31.677673,19.288055,29.750423,
9:03:41 AM,13.732166,6.587917,31.67544,19.287516,29.74957,
9:03:42 AM,13.749948,6.5888553,31.716454,19.281849,29.74001,
9:03:43 AM,13.750562,6.588924,31.71787,19.281477,29.739374,
9:03:44 AM,13.751176,6.588992,31.71929,19.281103,29.738739,
9:03:45 AM,13.746508,6.588204,31.70852,19.288586,29.750967,
9:03:46 AM,13.746672,6.5881815,31.708899,19.288874,29.751432,
9:03:47 AM,13.756264,6.58907,31.731026,19.25629,29.700397,
9:03:48 AM,13.756736,6.5891066,31.732113,19.254467,29.697556,
9:03:49 AM,13.757207,6.589143,31.7332,19.252645,29.694714,
9:03:50 AM,13.732734,6.5890803,31.676746,19.244755,29.682594,
9:03:51 AM,13.731518,6.5890994,31.673943,19.243458,29.680578,
9:03:52 AM,13.730303,6.5891185,31.671139,19.24216,29.678562,
9:03:53 AM,13.739949,6.5890164,31.693392,19.239084,29.673908,
9:03:54 AM,13.739917,6.5890093,31.693316,19.238678,29.673286,
9:03:55 AM,13.734388,6.5895815,31.680565,19.235846,29.668417,
9:03:56 AM,13.734285,6.589615,31.680328,19.23558,29.66798,
9:03:57 AM,13.734183,6.589648,31.68009,19.235315,29.667543,
9:03:58 AM,13.745766,6.5899177,31.706808,19.230045,29.65918,
9:03:59 AM,13.746323,6.5899487,31.708092,19.229656,29.65855,
9:04:00 AM,13.746879,6.589979,31.709375,19.229265,29.657923,
9:04:01 AM,13.73741,6.58988,31.687534,19.230751,29.660301,
9:04:02 AM,13.737154,6.5898814,31.686945,19.2307,29.660221,
9:04:03 AM,13.74857,6.590205,31.71328,19.216877,29.638617,
9:04:04 AM,13.749067,6.5902233,31.714426,19.216043,29.637316,
9:04:05 AM,13.749564,6.5902414,31.715574,19.215212,29.636017,
9:04:06 AM,13.748589,6.5905056,31.71332,19.204836,29.619783,
9:04:07 AM,13.748832,6.59053,31.71388,19.20385,29.61824,
9:04:08 AM,13.749075,6.590554,31.714441,19.202864,29.6167,
9:04:09 AM,13.736083,6.590966,31.684473,19.21346,29.632685,
9:04:10 AM,13.735308,6.5909977,31.682686,19.213802,29.63318,
9:04:11 AM,13.740604,6.591258,31.694902,19.21204,29.630236,
9:04:12 AM,13.740638,6.591284,31.69498,19.212166,29.63041,
9:04:13 AM,13.740672,6.5913095,31.695059,19.212294,29.630583,
9:04:14 AM,13.745377,6.5913944,31.705912,19.203371,29.616749,
9:04:15 AM,13.745795,6.5914063,31.706879,19.20279,29.615843,
9:04:16 AM,13.746215,6.591418,31.707846,19.20221,29.614937,
9:04:17 AM,13.725542,6.59176,31.66016,19.200682,29.612282,
9:04:18 AM,13.72443,6.5917826,31.657597,19.200369,29.611778,
9:04:19 AM,13.731849,6.592284,31.67471,19.1871,29.59088,
9:04:20 AM,13.731808,6.5923233,31.674614,19.186255,29.58954,
9:04:21 AM,13.731767,6.592362,31.67452,19.185408,29.588202,
9:04:22 AM,13.753222,6.5921955,31.72401,19.202871,29.61528,
9:04:23 AM,13.754699,6.592198,31.727415,19.203594,29.616392,
9:04:24 AM,13.756175,6.5922008,31.73082,19.204317,29.617504,
9:04:25 AM,13.735199,6.5927715,31.682434,19.180641,29.580494,
9:04:26 AM,13.734502,6.5928016,31.680826,19.179678,29.57898,
9:04:27 AM,13.742525,6.5927477,31.699333,19.176943,29.574808,
9:04:28 AM,13.742529,6.5927577,31.699345,19.17621,29.573671,
9:04:29 AM,13.742534,6.592768,31.699354,19.175478,29.572533,
9:04:30 AM,13.752259,6.593348,31.721786,19.175844,29.572596,
9:04:31 AM,13.753049,6.5933814,31.723608,19.1758,29.572498,
9:04:32 AM,13.753838,6.5934143,31.725428,19.175756,29.572401,
9:04:33 AM,13.751671,6.5935907,31.720428,19.167267,29.559155,
9:04:34 AM,13.751786,6.593616,31.720694,19.166765,29.558357,
9:04:35 AM,13.744566,6.5933876,31.704042,19.166183,29.55766,
9:04:36 AM,13.744071,6.5933776,31.7029,19.165947,29.557304,
9:04:37 AM,13.743576,6.5933676,31.701757,19.16571,29.556948,
9:04:38 AM,13.764509,6.593934,31.750046,19.17239,29.566755,
9:04:39 AM,13.765585,6.5939627,31.752525,19.172777,29.56733,
9:04:40 AM,13.76666,6.593991,31.755007,19.173166,29.567904,
9:04:41 AM,13.741111,6.5941634,31.696072,19.16422,29.553959,
9:04:42 AM,13.740111,6.5941877,31.693768,19.163855,29.553371,
9:04:43 AM,13.737185,6.5946846,31.687016,19.16546,29.555418,
9:04:44 AM,13.736394,6.594719,31.685192,19.165348,29.555216,
9:04:45 AM,13.735603,6.5947537,31.683369,19.165236,29.555012,
9:04:46 AM,13.748182,6.5946836,31.712383,19.1737,29.568123,
9:04:47 AM,13.748883,6.5946918,31.714,19.174261,29.568977,
9:04:48 AM,13.749585,6.5947003,31.715618,19.17482,29.569834,
9:04:49 AM,13.739785,6.5952024,31.693014,19.18173,29.580053,
9:04:50 AM,13.739521,6.5952306,31.692404,19.182358,29.580997,
9:04:51 AM,13.745967,6.5950084,31.707272,19.185762,29.586443,
9:04:52 AM,13.74613,6.5950065,31.70765,19.186134,29.587019,
9:04:53 AM,13.746294,6.595005,31.708027,19.186506,29.587595,
9:04:54 AM,13.752548,6.5958214,31.722456,19.179657,29.57632,
9:04:55 AM,13.753093,6.5958657,31.723713,19.179321,29.575766,
9:04:56 AM,13.753638,6.59591,31.72497,19.178988,29.575209,
9:04:57 AM,13.744309,6.596088,31.70345,19.183428,29.5819,
9:04:58 AM,13.7439165,6.59612,31.702543,19.183517,29.58201,
9:04:59 AM,13.754067,6.5969415,31.72596,19.168835,29.558655,
9:05:00 AM,13.754474,6.596996,31.726896,19.16804,29.55738,
9:05:01 AM,13.754881,6.5970507,31.727835,19.167244,29.556107,
9:05:02 AM,13.740265,6.5973988,31.69412,19.17408,29.566343,
9:05:03 AM,13.739633,6.5974402,31.692661,19.174128,29.566383,
9:05:04 AM,13.738999,6.5974817,31.691202,19.174177,29.566423,
9:05:05 AM,13.757928,6.59756,31.734861,19.170044,29.55998,
9:05:06 AM,13.758694,6.5975738,31.73663,19.169964,29.559845,
9:05:07 AM,13.735251,6.5973325,31.682556,19.17374,29.565878,
9:05:08 AM,13.734282,6.5973196,31.680319,19.173864,29.56608,
9:05:09 AM,13.733313,6.597307,31.678082,19.173988,29.566282,
9:05:10 AM,13.759515,6.5972996,31.738523,19.164745,29.552036,
9:05:11 AM,13.760534,6.597293,31.740875,19.164274,29.551317,
9:05:12 AM,13.761554,6.5972867,31.743227,19.163805,29.550598,
9:05:13 AM,13.753806,6.598054,31.725355,19.181475,29.577175,
9:05:14 AM,13.754001,6.5981,31.725803,19.182312,29.578424,
9:05:15 AM,13.749002,6.5984554,31.714275,19.175299,29.567303,
9:05:16 AM,13.74849,6.5984955,31.713095,19.1753,29.567272,
9:05:17 AM,13.747978,6.598536,31.711912,19.175303,29.56724,
9:05:18 AM,13.747824,6.598451,31.711554,19.172813,29.563478,
9:05:19 AM,13.74769,6.5984545,31.711248,19.172487,29.562971,
9:05:20 AM,13.747558,6.598458,31.710941,19.172161,29.562466,
9:05:21 AM,13.75414,6.598949,31.726122,19.164255,29.549845,
9:05:22 AM,13.754523,6.598976,31.727007,19.163723,29.549002,
9:05:23 AM,13.740622,6.599321,31.694942,19.176287,29.568073,
9:05:24 AM,13.739918,6.599354,31.69332,19.176872,29.568947,
9:05:25 AM,13.739214,6.5993867,31.691696,19.177458,29.569822,
9:05:26 AM,13.756652,6.5995545,31.731918,19.159595,29.542133,
9:05:27 AM,13.757357,6.599573,31.733545,19.158833,29.54094,
9:05:28 AM,13.758061,6.5995917,31.73517,19.15807,29.539747,
9:05:29 AM,13.740744,6.600105,31.695225,19.162312,29.545843,
9:05:30 AM,13.740142,6.6001396,31.693836,19.16212,29.545519,
9:05:31 AM,13.74759,6.6003194,31.711018,19.162066,29.545275,
9:05:32 AM,13.747635,6.6003428,31.71112,19.162174,29.545424,
9:05:33 AM,13.74768,6.6003656,31.711224,19.162285,29.545574,
9:05:34 AM,13.750102,6.60053,31.716812,19.156248,29.536125,
9:05:35 AM,13.750444,6.6005445,31.717602,19.155878,29.535542,
9:05:36 AM,13.750787,6.6005588,31.718393,19.155508,29.534958,
9:05:37 AM,13.74497,6.6008997,31.704971,19.158033,29.538557,
9:05:38 AM,13.744683,6.6009245,31.70431,19.158031,29.538534,
9:05:39 AM,13.744396,6.600949,31.703648,19.158031,29.538511,
9:05:40 AM,13.730022,6.6008506,31.670494,19.158934,29.539988,
9:05:41 AM,13.729048,6.6008534,31.668245,19.159044,29.540155,
9:05:42 AM,13.736902,6.6014237,31.686363,19.159678,29.540634,
9:05:43 AM,13.737054,6.6014566,31.686714,19.159735,29.540693,
9:05:44 AM,13.7372055,6.6014895,31.687063,19.159792,29.540752,
9:05:45 AM,13.75228,6.6014996,31.721834,19.162071,29.544256,
9:05:46 AM,13.753386,6.6015143,31.724384,19.162224,29.54448,
9:05:47 AM,13.754491,6.6015296,31.726933,19.162376,29.544703,
9:05:48 AM,13.747604,6.602128,31.711052,19.153803,29.530964,
9:05:49 AM,13.747587,6.6021643,31.711012,19.153357,29.530245,
9:05:50 AM,13.754968,6.6025066,31.728033,19.154623,29.5319,
9:05:51 AM,13.755264,6.6025424,31.728718,19.1545,29.531677,
9:05:52 AM,13.755562,6.6025777,31.729404,19.154375,29.531456,
9:05:53 AM,13.745538,6.602913,31.706284,19.148205,29.521652,
9:05:54 AM,13.745128,6.6029415,31.70534,19.14787,29.521109,
9:05:55 AM,13.744719,6.60297,31.704393,19.147532,29.520565,
9:05:56 AM,13.732635,6.6028714,31.67652,19.147287,29.520273,
9:05:57 AM,13.731679,6.6028743,31.674314,19.147116,29.520006,
9:05:58 AM,13.749395,6.603373,31.715181,19.139269,29.507475,
9:05:59 AM,13.750219,6.603402,31.717083,19.138777,29.506693,
9:06:00 AM,13.751044,6.6034307,31.718983,19.138287,29.505909,
9:06:01 AM,13.744689,6.6041036,31.704325,19.141232,29.509863,
9:06:02 AM,13.744762,6.604157,31.704496,19.141207,29.509779,
9:06:03 AM,13.744837,6.6042104,31.704668,19.141182,29.509695,
9:06:04 AM,13.746384,6.6041284,31.708235,19.151262,29.52531,
9:06:05 AM,13.746327,6.6041408,31.708105,19.151926,29.52632,
9:06:06 AM,13.728767,6.6043763,31.6676,19.156902,29.533789,
9:06:07 AM,13.727741,6.604389,31.665234,19.15744,29.534607,
9:06:08 AM,13.726714,6.604402,31.662865,19.157978,29.535425,
9:06:09 AM,13.74797,6.604652,31.711895,19.15036,29.523462,
9:06:10 AM,13.748804,6.6046724,31.71382,19.150028,29.522932,
9:06:11 AM,13.749639,6.6046934,31.715744,19.149696,29.522402,
9:06:12 AM,13.742985,6.6055565,31.700396,19.13856,29.50448,
9:06:13 AM,13.743104,6.6056147,31.700672,19.137705,29.503113,
9:06:14 AM,13.726844,6.605634,31.663162,19.142794,29.51094,
9:06:15 AM,13.725676,6.6056566,31.66047,19.142836,29.510988,
9:06:16 AM,13.724508,6.605679,31.657774,19.14288,29.511034,
9:06:17 AM,13.748509,6.6055875,31.713137,19.139538,29.505964,
9:06:18 AM,13.749565,6.6055827,31.715572,19.139458,29.505846,
9:06:19 AM,13.750621,6.6055775,31.718006,19.139378,29.505728,
9:06:20 AM,13.7658415,6.606423,31.753119,19.14144,29.50817,
9:06:21 AM,13.76735,6.606471,31.756598,19.141474,29.50818,
9:06:22 AM,13.74984,6.605924,31.716206,19.136734,29.50135,
9:06:23 AM,13.749117,6.6059103,31.714539,19.136492,29.50099,
9:06:24 AM,13.748394,6.6058965,31.71287,19.13625,29.50063,
9:06:25 AM,13.730225,6.6064577,31.67096,19.143549,29.51139,
9:06:26 AM,13.728694,6.6064777,31.667429,19.143866,29.511862,
9:06:27 AM,13.727164,6.6064973,31.6639,19.144182,29.512333,
9:06:28 AM,13.729124,6.606515,31.668423,19.13703,29.501293,
9:06:29 AM,13.728779,6.60653,31.667625,19.136782,29.500898,
9:06:30 AM,13.737622,6.607033,31.688026,19.144117,29.51177,
9:06:31 AM,13.738204,6.607064,31.689367,19.14439,29.512161,
9:06:32 AM,13.738785,6.6070943,31.690706,19.14466,29.512554,
9:06:33 AM,13.743799,6.6072645,31.702274,19.138279,29.502567,
9:06:34 AM,13.74432,6.6072874,31.703474,19.138075,29.502234,
9:06:35 AM,13.74484,6.60731,31.704674,19.13787,29.5019,
9:06:36 AM,13.754261,6.6077228,31.726406,19.153503,29.525639,
9:06:37 AM,13.754955,6.607752,31.728006,19.154278,29.526808,
9:06:38 AM,13.749991,6.6085057,31.716557,19.147415,29.515572,
9:06:39 AM,13.749915,6.608562,31.71638,19.147373,29.515457,
9:06:40 AM,13.749839,6.6086183,31.716204,19.14733,29.515343,
9:06:41 AM,13.740426,6.608632,31.694492,19.13692,29.499285,
9:06:42 AM,13.739728,6.6086516,31.692883,19.136114,29.498024,
9:06:43 AM,13.73903,6.608671,31.691275,19.135307,29.496765,
9:06:44 AM,13.742356,6.6083183,31.698946,19.139875,29.504114,
9:06:45 AM,13.742306,6.6082983,31.69883,19.139874,29.504128,
9:06:46 AM,13.74826,6.6090236,31.712563,19.144184,29.510141,
9:06:47 AM,13.748708,6.6090617,31.713596,19.144556,29.510681,
9:06:48 AM,13.749156,6.6091003,31.71463,19.144928,29.51122,
9:06:49 AM,13.738833,6.6095166,31.690819,19.14265,29.50735,
9:06:50 AM,13.738359,6.609561,31.689726,19.142622,29.507267,
9:06:51 AM,13.737885,6.6096053,31.688633,19.142593,29.507183,
9:06:52 AM,13.759223,6.6093507,31.737848,19.13429,29.494608,
9:06:53 AM,13.760244,6.6093464,31.740206,19.13374,29.493763,
9:06:54 AM,13.731764,6.610068,31.674513,19.131279,29.489342,
9:06:55 AM,13.730532,6.610106,31.671669,19.130932,29.488773,
9:06:56 AM,13.729299,6.6101446,31.668825,19.130585,29.488205,
9:06:57 AM,13.74814,6.610258,31.712286,19.145485,29.511074,
9:06:58 AM,13.748586,6.610283,31.713312,19.146338,29.512363,
9:06:59 AM,13.74903,6.6103077,31.71434,19.147188,29.513653,
9:07:00 AM,13.744452,6.610114,31.703781,19.142056,29.505913,
9:07:01 AM,13.744662,6.610106,31.704264,19.142134,29.506039,
9:07:02 AM,13.743873,6.6107593,31.702444,19.1473,29.513435,
9:07:03 AM,13.743705,6.6107955,31.702055,19.147497,29.51371,
9:07:04 AM,13.743536,6.6108317,31.701668,19.147696,29.513983,
9:07:05 AM,13.718831,6.6110125,31.64468,19.134066,29.492817,
9:07:06 AM,13.717315,6.61104,31.641184,19.133371,29.491724,
9:07:07 AM,13.715799,6.6110673,31.637688,19.132677,29.49063,
9:07:08 AM,13.7388115,6.611649,31.690767,19.146692,29.511728,
9:07:09 AM,13.73955,6.6116886,31.692472,19.14718,29.512447,
9:07:10 AM,13.757969,6.611624,31.734959,19.142508,29.505299,
9:07:11 AM,13.759654,6.6116333,31.738846,19.142553,29.505358,
9:07:12 AM,13.761339,6.6116433,31.742733,19.142597,29.505419,
9:07:13 AM,13.733992,6.61223,31.67965,19.143396,29.506142,
9:07:14 AM,13.732791,6.612263,31.67688,19.143324,29.505999,
9:07:15 AM,13.731589,6.612297,31.67411,19.143251,29.505857,
9:07:16 AM,13.734338,6.6125464,31.680449,19.14801,29.512978,
9:07:17 AM,13.733821,6.6125765,31.679256,19.148315,29.51342,
9:07:18 AM,13.742531,6.612513,31.699347,19.141417,29.502844,
9:07:19 AM,13.74315,6.612515,31.700773,19.141098,29.502352,
9:07:20 AM,13.743769,6.612517,31.7022,19.140778,29.501858,
9:07:21 AM,13.753246,6.6128426,31.724062,19.137653,29.49676,
9:07:22 AM,13.754041,6.6128607,31.725895,19.137287,29.49618,
9:07:23 AM,13.754835,6.612879,31.727728,19.136923,29.4956,
9:07:24 AM,13.731056,6.6130514,31.672878,19.131084,29.486452,
9:07:25 AM,13.729889,6.61307,31.670185,19.130655,29.485775,
9:07:26 AM,13.751322,6.6131597,31.719624,19.131695,29.487297,
9:07:27 AM,13.752098,6.613169,31.721415,19.13162,29.487175,
9:07:28 AM,13.752874,6.6131787,31.723206,19.131546,29.487051,
9:07:29 AM,13.742734,6.6132517,31.699816,19.13481,29.492022,
9:07:30 AM,13.742667,6.6132584,31.699663,19.135036,29.492365,
9:07:31 AM,13.742601,6.613265,31.69951,19.135263,29.492708,
9:07:32 AM,13.735015,6.6137857,31.68201,19.136156,29.493633,
9:07:33 AM,13.734314,6.6138186,31.680393,19.136292,29.493813,
9:07:34 AM,13.733613,6.6138515,31.678778,19.136427,29.493992,
9:07:35 AM,13.743974,6.6141057,31.702673,19.129307,29.482798,
9:07:36 AM,13.74439,6.614134,31.703634,19.128914,29.482166,
9:07:37 AM,13.749598,6.614373,31.715647,19.127565,29.479881,
9:07:38 AM,13.750146,6.6143937,31.716911,19.127316,29.479479,
9:07:39 AM,13.750695,6.6144137,31.718178,19.127066,29.479074,
9:07:40 AM,13.752976,6.6142483,31.723442,19.130741,29.484884,
9:07:41 AM,13.753243,6.6142435,31.724058,19.130936,29.485188,
9:07:42 AM,13.736791,6.614325,31.686106,19.129663,29.48316,
9:07:43 AM,13.735825,6.614326,31.683878,19.129677,29.48318,
9:07:44 AM,13.7348585,6.6143265,31.68165,19.12969,29.4832,
9:07:45 AM,13.746294,6.6149077,31.708027,19.125305,29.475933,
9:07:46 AM,13.746569,6.6149445,31.70866,19.12501,29.475447,
9:07:47 AM,13.746843,6.6149817,31.709293,19.124714,29.474958,
9:07:48 AM,13.748884,6.6148214,31.714003,19.129654,29.482712,
9:07:49 AM,13.749286,6.614826,31.714928,19.129843,29.483,
9:07:50 AM,13.751524,6.615563,31.72009,19.131681,29.485191,
9:07:51 AM,13.751699,6.6156044,31.720495,19.131914,29.485516,
9:07:52 AM,13.751875,6.615646,31.7209,19.132149,29.48584,
9:07:53 AM,13.743143,6.61606,31.700762,19.131538,29.484543,
9:07:54 AM,13.742667,6.616103,31.699663,19.131546,29.484518,
9:07:55 AM,13.742191,6.616147,31.698566,19.131554,29.484491,
9:07:56 AM,13.744994,6.6167426,31.705029,19.13215,29.484894,
9:07:57 AM,13.744941,6.616789,31.704905,19.132172,29.484886,
9:07:58 AM,13.749422,6.616733,31.715244,19.131401,29.483746,
9:07:59 AM,13.74977,6.6167436,31.716047,19.131369,29.483685,
9:08:00 AM,13.750118,6.616754,31.71685,19.131336,29.483624,
9:08:01 AM,13.747502,6.616748,31.710815,19.127186,29.477234,
9:08:02 AM,13.747455,6.616746,31.710707,19.126913,29.476816,
9:08:03 AM,13.747408,6.6167436,31.710598,19.126642,29.476398,
9:08:04 AM,13.748874,6.617422,31.71398,19.132107,29.484234,
9:08:05 AM,13.748898,6.617462,31.714033,19.132328,29.484539,
9:08:06 AM,13.733681,6.617966,31.678932,19.115763,29.458572,
9:08:07 AM,13.732779,6.618013,31.676851,19.114868,29.457155,
9:08:08 AM,13.731876,6.61806,31.67477,19.113976,29.455738,
9:08:09 AM,13.7514,6.6180696,31.719805,19.113739,29.455366,
9:08:10 AM,13.752225,6.618082,31.721706,19.113314,29.4547,
9:08:11 AM,13.753049,6.618095,31.723608,19.112888,29.454033,
9:08:12 AM,13.742829,6.6177464,31.700035,19.120865,29.466627,
9:08:13 AM,13.74272,6.617726,31.699783,19.121334,29.467367,
9:08:14 AM,13.751721,6.6184506,31.720545,19.121983,29.46774,
9:08:15 AM,13.752027,6.6184874,31.72125,19.122204,29.468048,
9:08:16 AM,13.752333,6.618524,31.721956,19.122425,29.468359,
9:08:17 AM,13.738434,6.618711,31.689896,19.127089,29.475382,
9:08:18 AM,13.737812,6.6187406,31.688463,19.127384,29.475815,
9:08:19 AM,13.737191,6.61877,31.68703,19.127682,29.476246,
9:08:20 AM,13.761702,6.618856,31.743567,19.12922,29.47854,
9:08:21 AM,13.762828,6.618866,31.746164,19.12943,29.478857,
9:08:22 AM,13.73432,6.619255,31.680408,19.118307,29.46138,
9:08:23 AM,13.733137,6.619282,31.67768,19.11765,29.460342,
9:08:24 AM,13.731954,6.619308,31.67495,19.116991,29.459305,
9:08:25 AM,13.739762,6.6197367,31.69296,19.124662,29.470757,
9:08:26 AM,13.739513,6.6197724,31.692387,19.124851,29.471014,
9:08:27 AM,13.7392645,6.619808,31.691813,19.125038,29.471272,
9:08:28 AM,13.753512,6.619982,31.72468,19.122047,29.46651,
9:08:29 AM,13.754559,6.620003,31.72709,19.122059,29.466513,
9:08:30 AM,13.753123,6.620498,31.72378,19.120367,29.463472,
9:08:31 AM,13.753352,6.6205335,31.724306,19.120184,29.46316,
9:08:32 AM,13.753581,6.6205683,31.724834,19.12,29.462849,
9:08:33 AM,13.729685,6.6207433,31.669714,19.121607,29.465174,
9:08:34 AM,13.728183,6.620766,31.66625,19.121664,29.465242,
9:08:35 AM,13.726681,6.6207895,31.662786,19.121721,29.46531,
9:08:36 AM,13.730414,6.620697,31.671396,19.127283,29.473957,
9:08:37 AM,13.730034,6.620696,31.670519,19.127655,29.474531,
9:08:38 AM,13.726824,6.621181,31.663116,19.128185,29.47493,
9:08:39 AM,13.726722,6.621209,31.66288,19.128347,29.475155,
9:08:40 AM,13.72662,6.6212373,31.662645,19.12851,29.47538,
9:08:41 AM,13.763283,6.6219187,31.747213,19.122564,29.465631,
9:08:42 AM,13.765441,6.6219726,31.752192,19.122211,29.46504,
9:08:43 AM,13.767599,6.6220264,31.757172,19.12186,29.46445,
9:08:44 AM,13.726854,6.6222687,31.663187,19.130392,29.477388,
9:08:45 AM,13.725344,6.6223006,31.659704,19.130753,29.477917,
9:08:46 AM,13.722695,6.6222405,31.653595,19.12716,29.472427,
9:08:47 AM,13.721559,6.6222425,31.650974,19.127136,29.472393,
9:08:48 AM,13.720423,6.6222444,31.648354,19.127115,29.472357,
9:08:49 AM,13.746693,6.6227317,31.708946,19.121681,29.463562,
9:08:50 AM,13.748252,6.62276,31.712543,19.121254,29.46288,
9:08:51 AM,13.74981,6.622788,31.716139,19.120827,29.462198,
9:08:52 AM,13.748893,6.6232166,31.714022,19.123503,29.46595,
9:08:53 AM,13.749496,6.623255,31.715414,19.123526,29.465952,
9:08:54 AM,13.743759,6.623919,31.70218,19.120903,29.461334,
9:08:55 AM,13.743366,6.6239705,31.701273,19.120802,29.461136,
9:08:56 AM,13.742973,6.6240215,31.700367,19.120703,29.460938,
9:08:57 AM,13.724817,6.6237097,31.65849,19.127459,29.471617,
9:08:58 AM,13.723562,6.623707,31.655594,19.127804,29.47215,
9:08:59 AM,13.722307,6.623704,31.652699,19.12815,29.472687,
9:09:00 AM,13.7519455,6.6241035,31.721064,19.124895,29.467325,
9:09:01 AM,13.753262,6.6241198,31.7241,19.12487,29.467274,
9:09:02 AM,13.754579,6.624136,31.727137,19.124846,29.467222,
9:09:03 AM,13.753019,6.6245804,31.723537,19.12425,29.465918,
9:09:04 AM,13.753664,6.6246166,31.725025,19.124138,29.465714,
9:09:05 AM,13.743256,6.624462,31.701017,19.12004,29.459536,
9:09:06 AM,13.74258,6.624463,31.699461,19.119778,29.459131,
9:09:07 AM,13.741904,6.624464,31.697903,19.119516,29.458727,
9:09:08 AM,13.7438,6.6250424,31.702274,19.125278,29.4671,
9:09:09 AM,13.743654,6.6250734,31.701937,19.125519,29.467445,
9:09:10 AM,13.743508,6.6251044,31.7016,19.125761,29.46779,
9:09:11 AM,13.746126,6.625015,31.707642,19.123558,29.464476,
9:09:12 AM,13.746318,6.6250243,31.708084,19.123571,29.464487,
9:09:13 AM,13.76155,6.625692,31.743217,19.118061,29.455418,
9:09:14 AM,13.762539,6.6257305,31.745499,19.117672,29.454782,
9:09:15 AM,13.763529,6.6257696,31.747782,19.117281,29.454147,
9:09:16 AM,13.745503,6.625614,31.706203,19.122772,29.462746,
9:09:17 AM,13.744808,6.6256223,31.704601,19.122963,29.463032,
9:09:18 AM,13.744114,6.62563,31.702997,19.123154,29.463318,
9:09:19 AM,13.739564,6.625859,31.692505,19.121244,29.460178,
9:09:20 AM,13.7388525,6.625869,31.690863,19.121265,29.460203,
9:09:21 AM,13.732484,6.626124,31.67617,19.12176,29.460745,
9:09:22 AM,13.73199,6.6261454,31.675032,19.121744,29.4607,
9:09:23 AM,13.731497,6.626167,31.673895,19.121727,29.460655,
9:09:24 AM,13.740952,6.6266737,31.695702,19.124666,29.464743,
9:09:25 AM,13.741355,6.626711,31.696632,19.124855,29.465002,
9:09:26 AM,13.741758,6.6267476,31.697563,19.125044,29.465263,
9:09:27 AM,13.744455,6.626914,31.703787,19.125826,29.466324,
9:09:28 AM,13.744848,6.626937,31.70469,19.125948,29.46649,
9:09:29 AM,13.744712,6.6272707,31.704376,19.13256,29.476393,
9:09:30 AM,13.744765,6.627295,31.704502,19.132984,29.477022,
9:09:31 AM,13.74482,6.6273193,31.704626,19.133406,29.477652,
9:09:32 AM,13.7424755,6.627324,31.699219,19.130245,29.472776,
9:09:33 AM,13.7423315,6.6273327,31.698887,19.130219,29.472729,
9:09:34 AM,13.7421875,6.6273413,31.698555,19.130192,29.47268,
9:09:35 AM,13.749155,6.627504,31.714626,19.131742,29.474926,
9:09:36 AM,13.749503,6.6275134,31.71543,19.131756,29.47494,
9:09:37 AM,13.733844,6.627596,31.679308,19.135992,29.481396,
9:09:38 AM,13.733057,6.627605,31.677494,19.136288,29.481842,
9:09:39 AM,13.73227,6.627614,31.675678,19.136583,29.482288,
9:09:40 AM,13.73096,6.628028,31.672655,19.13475,29.479109,
9:09:41 AM,13.730496,6.628055,31.671587,19.13474,29.47907,
9:09:42 AM,13.730034,6.6280828,31.670519,19.134731,29.47903,
9:09:43 AM,13.751957,6.6286097,31.721088,19.126848,29.466425,
9:09:44 AM,13.753212,6.6286516,31.723984,19.126337,29.465601,
9:09:45 AM,13.739343,6.6288233,31.691992,19.13297,29.475676,
9:09:46 AM,13.739027,6.628846,31.691265,19.13318,29.47598,
9:09:47 AM,13.738712,6.628869,31.690538,19.133392,29.476284,
9:09:48 AM,13.749119,6.6289573,31.714542,19.135342,29.479212,
9:09:49 AM,13.749442,6.628967,31.71529,19.13562,29.479631,
9:09:50 AM,13.749766,6.6289763,31.716038,19.135899,29.480051,
9:09:51 AM,13.734118,6.6294,31.679941,19.122362,29.45883,
9:09:52 AM,13.73348,6.6294274,31.67847,19.121613,29.457653,
9:09:53 AM,13.745892,6.6294384,31.707098,19.123137,29.459993,
9:09:54 AM,13.746275,6.629449,31.707983,19.122913,29.459637,
9:09:55 AM,13.746658,6.62946,31.708868,19.122688,29.459282,
9:09:56 AM,13.719254,6.629867,31.645653,19.11886,29.45303,
9:09:57 AM,13.717889,6.6298923,31.642506,19.118664,29.452707,
9:09:58 AM,13.716524,6.629917,31.639357,19.11847,29.452385,
9:09:59 AM,13.742219,6.629662,31.698627,19.127058,29.46584,
9:10:00 AM,13.743045,6.6296573,31.700533,19.127468,29.466475,
9:10:01 AM,13.73118,6.6301427,31.673166,19.131365,29.472055,
9:10:02 AM,13.731066,6.6301665,31.672903,19.131811,29.472721,
9:10:03 AM,13.730951,6.6301904,31.672638,19.132256,29.473387,
9:10:04 AM,13.75185,6.630461,31.720844,19.136814,29.480175,
9:10:05 AM,13.7528105,6.63049,31.723057,19.137188,29.480726,
9:10:06 AM,13.75377,6.6305184,31.725271,19.137562,29.481277,
9:10:07 AM,13.751474,6.630678,31.719976,19.128,29.466406,
9:10:08 AM,13.751871,6.630695,31.72089,19.12756,29.465714,
9:10:09 AM,13.740394,6.6306157,31.694416,19.138367,29.482431,
9:10:10 AM,13.739625,6.6306148,31.692644,19.138815,29.483122,
9:10:11 AM,13.738856,6.630614,31.69087,19.139263,29.483812,
9:10:12 AM,13.739593,6.631351,31.692572,19.134953,29.476532,
9:10:13 AM,13.739348,6.631394,31.692009,19.134968,29.476519,
9:10:14 AM,13.739105,6.6314363,31.691446,19.134983,29.476505,
9:10:15 AM,13.739985,6.631444,31.693474,19.138496,29.48191,
9:10:16 AM,13.740047,6.631463,31.693619,19.1386,29.482054,
9:10:17 AM,13.738945,6.631959,31.691074,19.129194,29.467134,
9:10:18 AM,13.738893,6.6319895,31.690954,19.128704,29.466356,
9:10:19 AM,13.73884,6.63202,31.690834,19.128216,29.465576,
9:10:20 AM,13.750612,6.6323633,31.717987,19.139566,29.482763,
9:10:21 AM,13.751304,6.6323967,31.719582,19.140026,29.48344,
9:10:22 AM,13.751994,6.63243,31.721176,19.140484,29.48412,
9:10:23 AM,13.729953,6.632518,31.670334,19.143526,29.488728,
9:10:24 AM,13.72895,6.6325316,31.668018,19.143995,29.48944,
