Location Properties,,,,,,
Location Name = Device Location,,,,,,
,,,,,,
Report Properties,,,,,,
Start Time = 2025-07-31 08:09:26,,,,,,
Time Offset = -07:00:00,,,,,,
Duration = 00:28:44,,,,,,
Readings = 1724,,,,,,
,,,,,,
Instrument Properties,,,,,,
Device Model = Aqua TROLL 200,,,,,,
Device SN = 840058,,,,,,
,,,,,,
,,,,,,
Date Time,Pressure (psi) (840058),Temperature (°C) (840058),Depth (ft) (840058),Actual Conductivity (µS/cm) (840058),Specific Conductivity (µS/cm) (840058),Marked
7/31/2025 8:09,13.777572,6.7771835,31.780174,18.758839,28.773687,
7/31/2025 8:09,13.777572,6.7771835,31.780174,18.758839,28.773687,
7/31/2025 8:09,13.777572,6.7771835,31.780174,18.758839,28.773687,
7/31/2025 8:09,13.777572,6.7771835,31.780174,18.758839,28.773687,
7/31/2025 8:09,13.809508,6.777287,31.853842,18.661043,28.623594,
7/31/2025 8:09,13.812511,6.7772965,31.86077,18.651848,28.60948,
7/31/2025 8:09,13.79325,6.7772813,31.81634,18.64208,28.594511,
7/31/2025 8:09,13.793246,6.777284,31.816332,18.637802,28.587948,
7/31/2025 8:09,13.793243,6.777287,31.816324,18.633524,28.581385,
7/31/2025 8:09,13.78178,6.777197,31.789883,18.641775,28.594116,
7/31/2025 8:09,13.780793,6.7771916,31.787605,18.641409,28.59356,
7/31/2025 8:09,13.779806,6.7771864,31.785328,18.641045,28.593002,
7/31/2025 8:09,13.795735,6.7775216,31.822071,18.59478,28.52176,
7/31/2025 8:09,13.796404,6.7775393,31.823612,18.592146,28.517704,
7/31/2025 8:09,13.797507,6.7777133,31.82616,18.564112,28.47456,
7/31/2025 8:09,13.797938,6.777732,31.827152,18.561285,28.470207,
7/31/2025 8:09,13.798368,6.7777505,31.828146,18.558456,28.465855,
7/31/2025 8:09,13.792972,6.7779155,31.815697,18.454538,28.306322,
7/31/2025 8:09,13.792666,6.77793,31.814995,18.44755,28.295588,
7/31/2025 8:09,13.792362,6.777944,31.814291,18.44056,28.284855,
7/31/2025 8:09,13.78439,6.7777,31.795902,18.28319,28.043674,
7/31/2025 8:09,13.783784,6.7776895,31.794504,18.271177,28.025257,
7/31/2025 8:09,13.801438,6.77719,31.835228,18.288525,28.052277,
7/31/2025 8:09,13.802343,6.7771535,31.837317,18.285902,28.048285,
7/31/2025 8:09,13.803249,6.777117,31.839405,18.28328,28.044292,
7/31/2025 8:09,13.7901745,6.777274,31.809246,18.203901,27.92241,
7/31/2025 8:09,13.789829,6.777271,31.808449,18.19956,27.915754,
7/31/2025 8:09,13.789484,6.777268,31.807652,18.19522,27.909098,
7/31/2025 8:09,13.795292,6.777959,31.821049,18.127533,27.804714,
7/31/2025 8:09,13.795313,6.778003,31.821096,18.12147,27.795376,
7/31/2025 8:09,13.794495,6.777702,31.819208,18.06148,27.703604,
7/31/2025 8:09,13.794591,6.777699,31.81943,18.056202,27.69551,
7/31/2025 8:09,13.794687,6.777696,31.81965,18.050924,27.687416,
7/31/2025 8:10,13.803499,6.777683,31.83998,17.991856,27.596827,
7/31/2025 8:10,13.80401,6.7776747,31.84116,17.986774,27.58904,
7/31/2025 8:10,13.8045225,6.777666,31.84234,17.981695,27.581257,
7/31/2025 8:10,13.783332,6.7774096,31.793459,17.995262,27.602274,
7/31/2025 8:10,13.782297,6.777394,31.791073,17.994518,27.601149,
7/31/2025 8:10,13.804639,6.7771463,31.842607,17.929062,27.500944,
7/31/2025 8:10,13.805522,6.777125,31.844646,17.925314,27.495213,
7/31/2025 8:10,13.806405,6.7771034,31.846684,17.921566,27.489481,
7/31/2025 8:10,13.798535,6.777766,31.82853,17.836744,27.358847,
7/31/2025 8:10,13.798627,6.7778006,31.82874,17.829945,27.348389,
7/31/2025 8:10,13.7987175,6.7778344,31.82895,17.823145,27.33793,
7/31/2025 8:10,13.779973,6.777509,31.785715,17.81145,27.320251,
7/31/2025 8:10,13.778666,6.7775064,31.7827,17.808567,27.315834,
7/31/2025 8:10,13.807366,6.7774954,31.848902,17.763958,27.247417,
7/31/2025 8:10,13.808716,6.777487,31.852015,17.76091,27.242748,
7/31/2025 8:10,13.810065,6.777478,31.855127,17.75786,27.23808,
7/31/2025 8:10,13.78457,6.7779737,31.796318,17.702265,27.152407,
7/31/2025 8:10,13.783763,6.778003,31.794458,17.69779,27.14552,
7/31/2025 8:10,13.782957,6.778033,31.792599,17.693316,27.138632,
7/31/2025 8:10,13.81403,6.7781143,31.864271,17.687975,27.130379,
7/31/2025 8:10,13.815269,6.7781315,31.86713,17.686243,27.127708,
7/31/2025 8:10,13.792361,6.7779727,31.81429,17.656519,27.082241,
7/31/2025 8:10,13.791705,6.7779646,31.812775,17.654554,27.079233,
7/31/2025 8:10,13.791048,6.7779565,31.811262,17.65259,27.076227,
7/31/2025 8:10,13.804574,6.777952,31.842459,17.624958,27.033848,
7/31/2025 8:10,13.804813,6.777948,31.84301,17.622534,27.030132,
7/31/2025 8:10,13.805053,6.7779436,31.843563,17.62011,27.026417,
7/31/2025 8:10,13.81555,6.7778726,31.867777,17.589796,26.979979,
7/31/2025 8:10,13.816514,6.7778683,31.870003,17.587273,26.976114,
7/31/2025 8:10,13.80735,6.7781873,31.848864,17.614637,27.01783,
7/31/2025 8:10,13.807019,6.778205,31.848099,17.615602,27.019299,
7/31/2025 8:10,13.806688,6.778223,31.847336,17.61657,27.020767,
7/31/2025 8:10,13.782669,6.778397,31.791933,17.553827,26.924393,
7/31/2025 8:10,13.780966,6.7784157,31.788004,17.550665,26.919529,
7/31/2025 8:10,13.779263,6.7784343,31.784075,17.547503,26.914663,
7/31/2025 8:10,13.797999,6.7790213,31.827293,17.554588,26.92507,
7/31/2025 8:10,13.798496,6.779061,31.828442,17.553394,26.923206,
7/31/2025 8:10,13.783968,6.7785974,31.794928,17.509886,26.856836,
7/31/2025 8:10,13.783505,6.7785826,31.793861,17.507372,26.852995,
7/31/2025 8:10,13.783044,6.7785673,31.792795,17.504858,26.849152,
7/31/2025 8:10,13.772159,6.7788014,31.767687,17.487282,26.82201,
7/31/2025 8:10,13.771123,6.778804,31.765299,17.485113,26.818682,
7/31/2025 8:10,13.770088,6.778806,31.76291,17.482944,26.815355,
7/31/2025 8:10,13.797553,6.778394,31.826265,17.503048,26.846512,
7/31/2025 8:10,13.798911,6.7783756,31.829397,17.503782,26.847654,
7/31/2025 8:10,13.809269,6.779006,31.853289,17.430822,26.735252,
7/31/2025 8:10,13.810553,6.779035,31.85625,17.426752,26.728985,
7/31/2025 8:10,13.811836,6.779064,31.859211,17.42268,26.722717,
7/31/2025 8:10,13.800529,6.779175,31.833126,17.39849,26.685528,
7/31/2025 8:10,13.800091,6.7791977,31.832117,17.395176,26.680426,
7/31/2025 8:10,13.799653,6.77922,31.831108,17.391861,26.675322,
7/31/2025 8:10,13.796312,6.780042,31.823402,17.409142,26.701187,
7/31/2025 8:10,13.795835,6.780094,31.822302,17.409533,26.701746,
7/31/2025 8:10,13.791805,6.7796474,31.813007,17.355736,26.619583,
7/31/2025 8:10,13.791486,6.7796392,31.812271,17.3528,26.615088,
7/31/2025 8:10,13.791166,6.779631,31.811533,17.349867,26.610594,
7/31/2025 8:10,13.812045,6.77952,31.859692,17.320925,26.56629,
7/31/2025 8:10,13.813229,6.779502,31.862423,17.317814,26.56153,
7/31/2025 8:10,13.814412,6.779484,31.865152,17.314701,26.55677,
7/31/2025 8:10,13.796525,6.7802544,31.823893,17.305763,26.542463,
7/31/2025 8:11,13.795993,6.7802973,31.822664,17.304478,26.540459,
7/31/2025 8:11,13.802645,6.780646,31.838009,17.28255,26.50656,
7/31/2025 8:11,13.802632,6.780685,31.83798,17.280964,26.504097,
7/31/2025 8:11,13.80262,6.7807245,31.837954,17.279379,26.501635,
7/31/2025 8:11,13.821835,6.7804847,31.882275,17.260176,26.472364,
7/31/2025 8:11,13.823172,6.7804785,31.885359,17.258465,26.469746,
7/31/2025 8:11,13.824509,6.7804728,31.888445,17.256754,26.467129,
7/31/2025 8:11,13.771228,6.7807994,31.765543,17.255194,26.464481,
7/31/2025 8:11,13.768496,6.780813,31.75924,17.254612,26.46358,
7/31/2025 8:11,13.8043785,6.780663,31.842009,17.235907,26.435007,
7/31/2025 8:11,13.805317,6.780662,31.844172,17.234718,26.433184,
7/31/2025 8:11,13.806254,6.7806606,31.846334,17.233528,26.43136,
7/31/2025 8:11,13.803006,6.7810664,31.838844,17.220676,26.411337,
7/31/2025 8:11,13.803712,6.7810874,31.840471,17.21943,26.40941,
7/31/2025 8:11,13.804419,6.781108,31.8421,17.218185,26.407482,
7/31/2025 8:11,13.796812,6.780439,31.824556,17.202244,26.38355,
7/31/2025 8:11,13.796266,6.7804084,31.823298,17.200954,26.381598,
7/31/2025 8:11,13.795334,6.7809525,31.821144,17.196817,26.374832,
7/31/2025 8:11,13.79511,6.78097,31.820627,17.19618,26.37384,
7/31/2025 8:11,13.794886,6.7809877,31.82011,17.195543,26.37285,
7/31/2025 8:11,13.806744,6.7812552,31.847466,17.174936,26.341038,
7/31/2025 8:11,13.807441,6.7812853,31.849073,17.17359,26.338951,
7/31/2025 8:11,13.808138,6.7813153,31.850681,17.172243,26.336863,
7/31/2025 8:11,13.786305,6.781385,31.800322,17.202503,26.383217,
7/31/2025 8:11,13.785282,6.781396,31.79796,17.203812,26.385216,
7/31/2025 8:11,13.79923,6.7814894,31.830133,17.161049,26.31956,
7/31/2025 8:11,13.799572,6.781497,31.830923,17.159115,26.316587,
7/31/2025 8:11,13.799914,6.781504,31.831713,17.157183,26.313618,
7/31/2025 8:11,13.795552,6.782089,31.82165,17.137714,26.28331,
7/31/2025 8:11,13.795644,6.7821274,31.82186,17.135443,26.279795,
7/31/2025 8:11,13.795735,6.7821655,31.822071,17.133171,26.276281,
7/31/2025 8:11,13.779902,6.781911,31.785551,17.124203,26.262724,
7/31/2025 8:11,13.778845,6.781911,31.78311,17.123167,26.261135,
7/31/2025 8:11,13.817903,6.782307,31.873203,17.110546,26.241476,
7/31/2025 8:11,13.819975,6.7823257,31.877983,17.109543,26.239922,
7/31/2025 8:11,13.822047,6.782344,31.882761,17.108538,26.238367,
7/31/2025 8:11,13.797307,6.7823563,31.825695,17.114298,26.247189,
7/31/2025 8:11,13.796786,6.7823668,31.824493,17.114338,26.247242,
7/31/2025 8:11,13.796266,6.7823777,31.823292,17.114378,26.247295,
7/31/2025 8:11,13.780373,6.7823715,31.786636,17.100325,26.225748,
7/31/2025 8:11,13.778813,6.7823715,31.783037,17.099636,26.224693,
7/31/2025 8:11,13.777253,6.7823715,31.77944,17.09895,26.223639,
7/31/2025 8:11,13.797555,6.7823715,31.826267,17.098427,26.22284,
7/31/2025 8:11,13.7983465,6.7823715,31.828094,17.09805,26.22226,
7/31/2025 8:11,13.789394,6.7831182,31.807446,17.088066,26.206377,
7/31/2025 8:11,13.789308,6.783164,31.807245,17.087442,26.205385,
7/31/2025 8:11,13.78922,6.7832103,31.807043,17.086817,26.204391,
7/31/2025 8:11,13.801005,6.782793,31.834229,17.063774,26.16937,
7/31/2025 8:11,13.801484,6.7827873,31.835333,17.062134,26.16686,
7/31/2025 8:11,13.801962,6.7827816,31.836435,17.060493,26.16435,
7/31/2025 8:11,13.794778,6.783026,31.819864,17.052662,26.152151,
7/31/2025 8:11,13.794656,6.7830305,31.819582,17.051605,26.150526,
7/31/2025 8:11,13.808437,6.783204,31.851374,17.06436,26.169954,
7/31/2025 8:11,13.80912,6.783221,31.85295,17.064957,26.170856,
7/31/2025 8:11,13.809803,6.7832375,31.854523,17.065554,26.171759,
7/31/2025 8:11,13.795127,6.7828116,31.820667,17.032778,26.12182,
7/31/2025 8:11,13.794608,6.7827907,31.819471,17.031149,26.119339,
7/31/2025 8:11,13.794089,6.7827697,31.818274,17.02952,26.116858,
7/31/2025 8:11,13.776681,6.7833686,31.77812,17.067236,26.174238,
7/31/2025 8:11,13.775292,6.7833934,31.774916,17.068665,26.176407,
7/31/2025 8:12,13.793422,6.783658,31.816736,17.034208,26.123367,
7/31/2025 8:12,13.794124,6.7836885,31.818354,17.033007,26.1215,
7/31/2025 8:12,13.794825,6.783719,31.819973,17.031805,26.119633,
7/31/2025 8:12,13.799918,6.7832947,31.83172,17.013397,26.091728,
7/31/2025 8:12,13.800677,6.783276,31.833471,17.011427,26.08872,
7/31/2025 8:12,13.801436,6.7832575,31.835222,17.009455,26.08571,
7/31/2025 8:12,13.792676,6.7835083,31.815018,17.006582,26.081116,
7/31/2025 8:12,13.7923,6.7835126,31.81415,17.005926,26.080107,
7/31/2025 8:12,13.802809,6.7836847,31.838387,17.004408,26.077646,
7/31/2025 8:12,13.803257,6.783701,31.83942,17.004225,26.077354,
7/31/2025 8:12,13.803705,6.7837176,31.840452,17.004044,26.07706,
7/31/2025 8:12,13.781305,6.783464,31.788786,17.001616,26.073528,
7/31/2025 8:12,13.780224,6.783453,31.786293,17.001429,26.073252,
7/31/2025 8:12,13.779143,6.783442,31.7838,17.001242,26.072973,
7/31/2025 8:12,13.800615,6.7836,31.833328,16.993122,26.060402,
7/31/2025 8:12,13.801307,6.7836027,31.834923,16.992582,26.059572,
7/31/2025 8:12,13.786484,6.7838626,31.80073,16.989,26.05388,
7/31/2025 8:12,13.786073,6.783882,31.799784,16.988592,26.053238,
7/31/2025 8:12,13.785663,6.7839017,31.798836,16.988182,26.052595,
7/31/2025 8:12,13.785206,6.783738,31.797785,16.979885,26.039995,
7/31/2025 8:12,13.7848,6.783735,31.796846,16.979292,26.03909,
7/31/2025 8:12,13.784392,6.7837315,31.79591,16.978699,26.038183,
7/31/2025 8:12,13.81066,6.784146,31.856497,16.970385,26.025118,
7/31/2025 8:12,13.812191,6.7841663,31.860027,16.969675,26.024014,
7/31/2025 8:12,13.805325,6.783684,31.84419,16.966293,26.019194,
7/31/2025 8:12,13.805513,6.7836637,31.844627,16.965885,26.018583,
7/31/2025 8:12,13.805702,6.783644,31.845064,16.965477,26.017973,
7/31/2025 8:12,13.798804,6.7843018,31.829151,16.95888,26.007353,
7/31/2025 8:12,13.798217,6.784329,31.827795,16.958395,26.00659,
7/31/2025 8:12,13.797628,6.7843566,31.826439,16.957912,26.005827,
7/31/2025 8:12,13.784422,6.784554,31.795977,16.979548,26.038855,
7/31/2025 8:12,13.783469,6.784582,31.793777,16.98065,26.040525,
7/31/2025 8:12,13.769787,6.7847466,31.762217,16.966478,26.01867,
7/31/2025 8:12,13.768636,6.784761,31.759562,16.966124,26.018112,
7/31/2025 8:12,13.767485,6.7847757,31.756907,16.965769,26.017557,
7/31/2025 8:12,13.805832,6.7846107,31.84536,16.953472,25.998825,
7/31/2025 8:12,13.807821,6.784605,31.849949,16.952374,25.997145,
7/31/2025 8:12,13.809811,6.784599,31.854538,16.951273,25.995462,
7/31/2025 8:12,13.796265,6.785185,31.823294,16.948378,25.990574,
7/31/2025 8:12,13.796445,6.785215,31.82371,16.947886,25.989796,
7/31/2025 8:12,13.801825,6.785401,31.836119,16.947672,25.98933,
7/31/2025 8:12,13.801835,6.7854257,31.836143,16.947582,25.989172,
7/31/2025 8:12,13.8018465,6.785451,31.836166,16.94749,25.989014,
7/31/2025 8:12,13.799137,6.785528,31.82992,16.940077,25.977587,
7/31/2025 8:12,13.799111,6.7855372,31.829859,16.939621,25.97688,
7/31/2025 8:12,13.799085,6.785547,31.829798,16.939163,25.976171,
7/31/2025 8:12,13.788164,6.785198,31.804607,16.941668,25.980276,
7/31/2025 8:12,13.787448,6.78518,31.802958,16.941624,25.98022,
7/31/2025 8:12,13.805531,6.785007,31.844666,16.945763,25.986704,
7/31/2025 8:12,13.806388,6.7849884,31.846643,16.946075,25.987198,
7/31/2025 8:12,13.807246,6.78497,31.848623,16.946388,25.98769,
7/31/2025 8:12,13.79813,6.785223,31.827597,16.933657,25.96797,
7/31/2025 8:12,13.7980385,6.785234,31.827383,16.932993,25.966944,
7/31/2025 8:12,13.797946,6.7852445,31.827171,16.93233,25.965918,
7/31/2025 8:12,13.793293,6.785162,31.816439,16.927317,25.958296,
7/31/2025 8:12,13.792799,6.7851634,31.815298,16.926702,25.957352,
7/31/2025 8:12,13.804924,6.785813,31.843267,16.922674,25.950684,
7/31/2025 8:12,13.805568,6.7858505,31.844751,16.922314,25.950102,
7/31/2025 8:12,13.8062105,6.785888,31.846235,16.921953,25.949518,
7/31/2025 8:12,13.805348,6.7854123,31.844244,16.921423,25.949066,
7/31/2025 8:13,13.805596,6.785399,31.844816,16.92129,25.948874,
7/31/2025 8:13,13.805843,6.785386,31.845387,16.921158,25.94868,
7/31/2025 8:13,13.796923,6.7861233,31.82481,16.91683,25.941483,
7/31/2025 8:13,13.796378,6.7861547,31.823553,16.916557,25.94104,
7/31/2025 8:13,13.808011,6.785861,31.850388,16.92268,25.950651,
7/31/2025 8:13,13.808522,6.7858605,31.851568,16.922953,25.95107,
7/31/2025 8:13,13.809033,6.78586,31.852749,16.923225,25.95149,
7/31/2025 8:13,13.789375,6.7865944,31.8074,16.91613,25.940052,
7/31/2025 8:13,13.788483,6.786631,31.805342,16.915857,25.939606,
7/31/2025 8:13,13.787591,6.7866683,31.803284,16.915583,25.939157,
7/31/2025 8:13,13.79578,6.7870245,31.822176,16.904076,25.921242,
7/31/2025 8:13,13.79577,6.787064,31.822153,16.903217,25.919895,
7/31/2025 8:13,13.796585,6.7870727,31.824034,16.90112,25.916674,
7/31/2025 8:13,13.796834,6.7870812,31.824608,16.900723,25.916058,
7/31/2025 8:13,13.797083,6.7870903,31.825182,16.900326,25.915443,
7/31/2025 8:13,13.805504,6.786994,31.844606,16.889803,25.89938,
7/31/2025 8:13,13.806031,6.7869883,31.845823,16.889116,25.898329,
7/31/2025 8:13,13.806559,6.7869825,31.847038,16.888428,25.897278,
7/31/2025 8:13,13.791852,6.786813,31.813114,16.9019,25.918066,
7/31/2025 8:13,13.791198,6.7868004,31.811605,16.902426,25.91888,
7/31/2025 8:13,13.785726,6.786309,31.798983,16.896114,25.909576,
7/31/2025 8:13,13.785047,6.786275,31.797417,16.896053,25.909508,
7/31/2025 8:13,13.784368,6.786241,31.79585,16.89599,25.90944,
7/31/2025 8:13,13.802586,6.7869,31.837872,16.887878,25.8965,
7/31/2025 8:13,13.80359,6.786929,31.840187,16.887222,25.895472,
7/31/2025 8:13,13.804593,6.786958,31.842505,16.886566,25.894442,
7/31/2025 8:13,13.79624,6.786966,31.823235,16.890097,25.89985,
7/31/2025 8:13,13.7962265,6.786984,31.823204,16.890093,25.89983,
7/31/2025 8:13,13.811049,6.7868176,31.857395,16.887508,25.895992,
7/31/2025 8:13,13.811772,6.7868075,31.859064,16.887426,25.895874,
7/31/2025 8:13,13.812495,6.7867975,31.860731,16.887344,25.895758,
7/31/2025 8:13,13.784513,6.7868805,31.796186,16.890995,25.901293,
7/31/2025 8:13,13.783199,6.7868814,31.793156,16.89115,25.901527,
7/31/2025 8:13,13.781885,6.7868824,31.790123,16.891304,25.901764,
7/31/2025 8:13,13.809047,6.786967,31.852776,16.887403,25.895718,
7/31/2025 8:13,13.809953,6.786974,31.854866,16.887264,25.895498,
7/31/2025 8:13,13.791631,6.786814,31.812605,16.883533,25.8899,
7/31/2025 8:13,13.791147,6.7868066,31.811491,16.88321,25.88941,
7/31/2025 8:13,13.790664,6.7867985,31.810375,16.882887,25.88892,
7/31/2025 8:13,13.803176,6.787137,31.839233,16.87242,25.872614,
7/31/2025 8:13,13.803458,6.7871532,31.839884,16.871698,25.871494,
7/31/2025 8:13,13.8037405,6.7871695,31.840536,16.870975,25.870375,
7/31/2025 8:13,13.79898,6.7869134,31.829557,16.878094,25.881485,
7/31/2025 8:13,13.799003,6.7869062,31.829609,16.878256,25.881739,
7/31/2025 8:13,13.812426,6.787067,31.860573,16.877872,25.88103,
7/31/2025 8:13,13.813129,6.7870708,31.862196,16.87802,25.881252,
7/31/2025 8:13,13.813833,6.7870746,31.86382,16.878168,25.881475,
7/31/2025 8:13,13.810475,6.7871666,31.856071,16.871834,25.871693,
7/31/2025 8:13,13.810611,6.787176,31.856384,16.871439,25.871082,
7/31/2025 8:13,13.810747,6.787186,31.856697,16.871046,25.87047,
7/31/2025 8:13,13.8110285,6.787184,31.857346,16.88598,25.893373,
7/31/2025 8:13,13.8109665,6.7871857,31.857203,16.88671,25.894487,
7/31/2025 8:13,13.78039,6.787425,31.786674,16.884748,25.891302,
7/31/2025 8:13,13.778513,6.78744,31.782345,16.884977,25.891644,
7/31/2025 8:13,13.776635,6.7874546,31.778015,16.885208,25.891985,
7/31/2025 8:13,13.802493,6.7879615,31.837658,16.879313,25.882559,
7/31/2025 8:13,13.8032875,6.787998,31.83949,16.878902,25.881903,
7/31/2025 8:13,13.804082,6.788035,31.841324,16.878492,25.881245,
7/31/2025 8:13,13.791536,6.7876916,31.812386,16.878445,25.88143,
7/31/2025 8:13,13.79143,6.7876844,31.812141,16.878294,25.881205,
7/31/2025 8:14,13.798544,6.7878346,31.828548,16.875309,25.876514,
7/31/2025 8:14,13.798671,6.787836,31.828842,16.875122,25.876228,
7/31/2025 8:14,13.798799,6.787837,31.829136,16.874937,25.875942,
7/31/2025 8:14,13.800857,6.7881804,31.833883,16.87201,25.871193,
7/31/2025 8:14,13.801165,6.788205,31.834595,16.871756,25.870787,
7/31/2025 8:14,13.801472,6.78823,31.835304,16.871504,25.87038,
7/31/2025 8:14,13.796205,6.7882295,31.823153,16.867002,25.86348,
7/31/2025 8:14,13.795949,6.788238,31.822563,16.866663,25.862951,
7/31/2025 8:14,13.799255,6.7884,31.83019,16.86599,25.8618,
7/31/2025 8:14,13.799345,6.78841,31.830399,16.865847,25.86157,
7/31/2025 8:14,13.799436,6.78842,31.830606,16.865702,25.861341,
7/31/2025 8:14,13.791337,6.788167,31.811928,16.863619,25.85834,
7/31/2025 8:14,13.790933,6.7881556,31.810995,16.86348,25.858131,
7/31/2025 8:14,13.790528,6.788144,31.810062,16.863338,25.857924,
7/31/2025 8:14,13.804188,6.7886577,31.84157,16.855833,25.846027,
7/31/2025 8:14,13.804803,6.788682,31.84299,16.85533,25.845238,
7/31/2025 8:14,13.812088,6.7886977,31.85979,16.85787,25.849121,
7/31/2025 8:14,13.812868,6.788711,31.86159,16.85785,25.84908,
7/31/2025 8:14,13.813648,6.7887244,31.86339,16.857828,25.849035,
7/31/2025 8:14,13.783124,6.7886333,31.79298,16.86059,25.85334,
7/31/2025 8:14,13.781453,6.788628,31.789125,16.860823,25.8537,
7/31/2025 8:14,13.779781,6.788623,31.78527,16.861055,25.854061,
7/31/2025 8:14,13.804657,6.788454,31.84265,16.85894,25.850948,
7/31/2025 8:14,13.805368,6.788442,31.84429,16.858885,25.850872,
7/31/2025 8:14,13.79723,6.7883525,31.825518,16.859455,25.851814,
7/31/2025 8:14,13.797318,6.788343,31.825724,16.859442,25.8518,
7/31/2025 8:14,13.797407,6.7883334,31.825928,16.859428,25.851788,
7/31/2025 8:14,13.812879,6.788915,31.861616,16.855267,25.844965,
7/31/2025 8:14,13.813591,6.7889476,31.863258,16.855032,25.844582,
7/31/2025 8:14,13.814303,6.7889805,31.864902,16.854797,25.844198,
7/31/2025 8:14,13.79646,6.7885604,31.823744,16.856455,25.847055,
7/31/2025 8:14,13.795759,6.7885494,31.822128,16.856453,25.847061,
7/31/2025 8:14,13.791568,6.7890286,31.812458,16.854498,25.8437,
7/31/2025 8:14,13.790862,6.789048,31.810831,16.85442,25.843565,
7/31/2025 8:14,13.790157,6.7890673,31.809204,16.854342,25.843431,
7/31/2025 8:14,13.783759,6.789248,31.794445,16.852007,25.839714,
7/31/2025 8:14,13.783264,6.789271,31.793304,16.851816,25.839405,
7/31/2025 8:14,13.78277,6.789294,31.792164,16.851625,25.839094,
7/31/2025 8:14,13.809747,6.788954,31.854391,16.851654,25.8394,
7/31/2025 8:14,13.811161,6.7889385,31.857655,16.851597,25.839321,
7/31/2025 8:14,13.789961,6.789486,31.808752,16.845577,25.829676,
7/31/2025 8:14,13.789241,6.789513,31.807093,16.845201,25.829079,
7/31/2025 8:14,13.788522,6.78954,31.805431,16.844824,25.82848,
7/31/2025 8:14,13.805178,6.78907,31.843851,16.852577,25.840725,
7/31/2025 8:14,13.8056135,6.7890563,31.844856,16.852888,25.841211,
7/31/2025 8:14,13.806049,6.7890425,31.84586,16.853199,25.8417,
7/31/2025 8:14,13.806201,6.789024,31.84621,16.847502,25.832977,
7/31/2025 8:14,13.806611,6.7890115,31.847157,16.847345,25.832747,
7/31/2025 8:14,13.790172,6.789486,31.809237,16.850067,25.83656,
7/31/2025 8:14,13.789122,6.789516,31.806816,16.850094,25.836578,
7/31/2025 8:14,13.788073,6.7895455,31.804396,16.85012,25.836597,
7/31/2025 8:14,13.784699,6.7901406,31.796616,16.848284,25.83333,
7/31/2025 8:14,13.784072,6.7901893,31.79517,16.848244,25.833231,
7/31/2025 8:14,13.783445,6.7902374,31.793724,16.848202,25.83313,
7/31/2025 8:14,13.807256,6.7899895,31.848646,16.848946,25.834461,
7/31/2025 8:14,13.808575,6.78999,31.851688,16.848944,25.834457,
7/31/2025 8:14,13.788293,6.790059,31.804907,16.850359,25.836575,
7/31/2025 8:14,13.7875595,6.7900577,31.803215,16.850468,25.836742,
7/31/2025 8:14,13.786826,6.790056,31.801523,16.850574,25.836908,
7/31/2025 8:14,13.800731,6.790394,31.833595,16.849312,25.834715,
7/31/2025 8:15,13.801044,6.7904162,31.834318,16.84927,25.834635,
7/31/2025 8:15,13.801359,6.7904387,31.835043,16.84923,25.834555,
7/31/2025 8:15,13.796386,6.790608,31.823572,16.844221,25.826748,
7/31/2025 8:15,13.796437,6.7906265,31.823692,16.843893,25.826231,
7/31/2025 8:15,13.789973,6.790872,31.80878,16.84062,25.821028,
7/31/2025 8:15,13.789437,6.7908916,31.807545,16.840302,25.820524,
7/31/2025 8:15,13.788902,6.7909107,31.80631,16.839981,25.82002,
7/31/2025 8:15,13.790309,6.790915,31.809555,16.841057,25.821663,
7/31/2025 8:15,13.790231,6.7909217,31.809378,16.841042,25.821636,
7/31/2025 8:15,13.7901535,6.790928,31.809198,16.841026,25.821608,
7/31/2025 8:15,13.8027315,6.791259,31.83821,16.843529,25.825193,
7/31/2025 8:15,13.803522,6.7912793,31.840033,16.843704,25.825449,
7/31/2025 8:15,13.794997,6.79097,31.82037,16.852983,25.839912,
7/31/2025 8:15,13.79476,6.7909584,31.819822,16.85362,25.840897,
7/31/2025 8:15,13.794523,6.790947,31.819275,16.854258,25.84188,
7/31/2025 8:15,13.801935,6.7911,31.836372,16.853645,25.840826,
7/31/2025 8:15,13.802169,6.7911015,31.83691,16.85384,25.841124,
7/31/2025 8:15,13.802402,6.791103,31.837448,16.854036,25.841421,
7/31/2025 8:15,13.785779,6.7915244,31.799107,16.83811,25.816685,
7/31/2025 8:15,13.784972,6.7915535,31.797245,16.837145,25.815182,
7/31/2025 8:15,13.803038,6.791569,31.838917,16.849857,25.834661,
7/31/2025 8:15,13.803768,6.7915797,31.840601,16.85028,25.835304,
7/31/2025 8:15,13.804499,6.79159,31.842287,16.850704,25.835945,
7/31/2025 8:15,13.801833,6.791509,31.836136,16.841248,25.821507,
7/31/2025 8:15,13.802133,6.7915044,31.836826,16.840998,25.821125,
7/31/2025 8:15,13.802431,6.7914996,31.837517,16.840748,25.820745,
7/31/2025 8:15,13.810299,6.791759,31.855665,16.851131,25.836473,
7/31/2025 8:15,13.810704,6.7917724,31.8566,16.851515,25.83705,
7/31/2025 8:15,13.81111,6.791786,31.857534,16.851898,25.837626,
7/31/2025 8:15,13.786073,6.791952,31.799784,16.843838,25.825142,
7/31/2025 8:15,13.784807,6.7919683,31.796865,16.843624,25.824802,
7/31/2025 8:15,13.79646,6.7919707,31.823742,16.84085,25.820549,
7/31/2025 8:15,13.796576,6.791975,31.824009,16.84049,25.819992,
7/31/2025 8:15,13.796691,6.7919793,31.824276,16.840128,25.819433,
7/31/2025 8:15,13.796929,6.7920637,31.824825,16.839283,25.818077,
7/31/2025 8:15,13.79723,6.792069,31.82552,16.839163,25.817888,
7/31/2025 8:15,13.797531,6.792074,31.826214,16.839043,25.817701,
7/31/2025 8:15,13.808958,6.7921696,31.852571,16.846687,25.829346,
7/31/2025 8:15,13.809637,6.7921777,31.854137,16.847109,25.829987,
7/31/2025 8:15,13.803877,6.792585,31.84085,16.846064,25.828077,
7/31/2025 8:15,13.803801,6.792612,31.840677,16.846178,25.828234,
7/31/2025 8:15,13.803724,6.7926393,31.840502,16.846294,25.82839,
7/31/2025 8:15,13.784272,6.79231,31.795631,16.8571,25.845205,
7/31/2025 8:15,13.782962,6.792301,31.792608,16.857723,25.846167,
7/31/2025 8:15,13.781651,6.7922916,31.789585,16.858345,25.84713,
7/31/2025 8:15,13.800395,6.792539,31.832819,16.847517,25.83034,
7/31/2025 8:15,13.800991,6.7925453,31.834192,16.847162,25.829792,
7/31/2025 8:15,13.784484,6.7928753,31.796116,16.844406,25.825315,
7/31/2025 8:15,13.783891,6.792902,31.794748,16.843987,25.824654,
7/31/2025 8:15,13.783298,6.792928,31.793379,16.843569,25.82399,
7/31/2025 8:15,13.801776,6.7925158,31.836006,16.850285,25.834602,
7/31/2025 8:15,13.802458,6.792499,31.83758,16.850618,25.835127,
7/31/2025 8:15,13.80314,6.792483,31.839151,16.850952,25.835651,
7/31/2025 8:15,13.781079,6.7929835,31.788265,16.844559,25.825466,
7/31/2025 8:15,13.78024,6.793003,31.78633,16.844347,25.825129,
7/31/2025 8:15,13.792687,6.792771,31.815042,16.83852,25.816372,
7/31/2025 8:15,13.792916,6.7927685,31.81557,16.838015,25.8156,
7/31/2025 8:15,13.793146,6.7927666,31.8161,16.83751,25.814825,
7/31/2025 8:15,13.806983,6.7933474,31.848019,16.839052,25.816751,
7/31/2025 8:15,13.808125,6.7933764,31.85065,16.838999,25.816648,
7/31/2025 8:16,13.809267,6.7934055,31.853285,16.838947,25.816547,
7/31/2025 8:16,13.791003,6.793414,31.811157,16.845848,25.827118,
7/31/2025 8:16,13.790273,6.7934294,31.809471,16.84629,25.827785,
7/31/2025 8:16,13.786843,6.7933416,31.80156,16.846571,25.828281,
7/31/2025 8:16,13.786203,6.7933364,31.800083,16.84675,25.828562,
7/31/2025 8:16,13.785563,6.793331,31.798609,16.84693,25.828842,
7/31/2025 8:16,13.806979,6.793583,31.84801,16.848412,25.830921,
7/31/2025 8:16,13.808176,6.793596,31.850769,16.848509,25.831062,
7/31/2025 8:16,13.809372,6.793609,31.853529,16.848606,25.831202,
7/31/2025 8:16,13.807441,6.793524,31.849073,16.846355,25.827816,
7/31/2025 8:16,13.807863,6.7935247,31.85005,16.846264,25.827673,
7/31/2025 8:16,13.793506,6.7936845,31.816929,16.846758,25.82831,
7/31/2025 8:16,13.7925825,6.793692,31.814798,16.846735,25.82827,
7/31/2025 8:16,13.791658,6.7937,31.812668,16.846712,25.82823,
7/31/2025 8:16,13.806876,6.794043,31.847769,16.843777,25.82347,
7/31/2025 8:16,13.807429,6.794068,31.849045,16.843613,25.8232,
7/31/2025 8:16,13.807982,6.7940927,31.85032,16.84345,25.82293,
7/31/2025 8:16,13.796035,6.794009,31.822762,16.836395,25.812176,
7/31/2025 8:16,13.795705,6.794013,31.822,16.835905,25.81142,
7/31/2025 8:16,13.805539,6.7944136,31.844688,16.845406,25.825684,
7/31/2025 8:16,13.805856,6.7944365,31.845419,16.845821,25.826305,
7/31/2025 8:16,13.806173,6.7944593,31.84615,16.84624,25.826925,
7/31/2025 8:16,13.809051,6.7940545,31.852787,16.834875,25.80981,
7/31/2025 8:16,13.809473,6.79404,31.853762,16.83443,25.809143,
7/31/2025 8:16,13.809896,6.7940264,31.854738,16.833988,25.808474,
7/31/2025 8:16,13.788641,6.794097,31.805706,16.844196,25.824072,
7/31/2025 8:16,13.787466,6.7940907,31.802996,16.844515,25.824564,
7/31/2025 8:16,13.816151,6.7945056,31.869162,16.842377,25.820974,
7/31/2025 8:16,13.817417,6.794533,31.872084,16.842491,25.821125,
7/31/2025 8:16,13.818684,6.79456,31.875004,16.842604,25.821278,
7/31/2025 8:16,13.802595,6.794646,31.837894,16.850988,25.834068,
7/31/2025 8:16,13.802353,6.794661,31.837336,16.851437,25.834747,
7/31/2025 8:16,13.802111,6.794677,31.836777,16.851887,25.835424,
7/31/2025 8:16,13.7846365,6.7953544,31.79647,16.839771,25.816336,
7/31/2025 8:16,13.783226,6.7953963,31.793219,16.839281,25.815552,
7/31/2025 8:16,13.800138,6.7950873,31.83223,16.845732,25.825676,
7/31/2025 8:16,13.800814,6.7950835,31.833786,16.84586,25.825874,
7/31/2025 8:16,13.801489,6.7950797,31.835342,16.845987,25.826073,
7/31/2025 8:16,13.786098,6.7949758,31.79984,16.84601,25.826185,
7/31/2025 8:16,13.785618,6.7949615,31.798733,16.846184,25.826464,
7/31/2025 8:16,13.785137,6.7949467,31.797626,16.84636,25.826742,
7/31/2025 8:16,13.794848,6.7957335,31.820026,16.843481,25.821737,
7/31/2025 8:16,13.795046,6.7957773,31.82048,16.843317,25.821451,
7/31/2025 8:16,13.797469,6.795961,31.826073,16.847317,25.827444,
7/31/2025 8:16,13.797855,6.795991,31.826963,16.847496,25.827698,
7/31/2025 8:16,13.798242,6.7960205,31.827854,16.847677,25.827953,
7/31/2025 8:16,13.794732,6.796095,31.819757,16.847477,25.827589,
7/31/2025 8:16,13.794578,6.796104,31.819403,16.847563,25.827717,
7/31/2025 8:16,13.794423,6.796113,31.819046,16.84765,25.827843,
7/31/2025 8:16,13.782887,6.7962794,31.792437,16.849375,25.830359,
7/31/2025 8:16,13.78212,6.796292,31.790665,16.849472,25.8305,
7/31/2025 8:16,13.80212,6.796953,31.836798,16.85108,25.832466,
7/31/2025 8:16,13.803079,6.7969975,31.839008,16.851221,25.83265,
7/31/2025 8:16,13.804038,6.7970424,31.84122,16.851362,25.83283,
7/31/2025 8:16,13.793335,6.7967205,31.816534,16.843,25.820253,
7/31/2025 8:16,13.793195,6.7967176,31.816212,16.842535,25.819546,
7/31/2025 8:16,13.793055,6.7967153,31.815887,16.842072,25.818836,
7/31/2025 8:16,13.800264,6.7968683,31.83252,16.832674,25.80431,
7/31/2025 8:16,13.8004265,6.7968698,31.832893,16.831911,25.803139,
7/31/2025 8:16,13.798359,6.7967134,31.828125,16.8364,25.81014,
7/31/2025 8:17,13.7984085,6.7967076,31.828238,16.836458,25.810236,
7/31/2025 8:17,13.798457,6.796702,31.828352,16.83652,25.810333,
7/31/2025 8:17,13.806014,6.7966113,31.845781,16.841114,25.817446,
7/31/2025 8:17,13.806416,6.796602,31.846706,16.841507,25.818056,
7/31/2025 8:17,13.806817,6.796592,31.847631,16.8419,25.818665,
7/31/2025 8:17,13.773694,6.7969394,31.77123,16.837526,25.811699,
7/31/2025 8:17,13.771921,6.7969575,31.767141,16.837385,25.811468,
7/31/2025 8:17,13.780943,6.7971373,31.787952,16.844524,25.822275,
7/31/2025 8:17,13.780724,6.797157,31.787445,16.844868,25.822784,
7/31/2025 8:17,13.780503,6.797176,31.786938,16.84521,25.823296,
7/31/2025 8:17,13.7784395,6.797248,31.782177,16.845873,25.824257,
7/31/2025 8:17,13.77855,6.7972565,31.782433,16.846096,25.824593,
7/31/2025 8:17,13.778661,6.7972655,31.782686,16.84632,25.82493,
7/31/2025 8:17,13.793862,6.797262,31.81775,16.84104,25.81684,
7/31/2025 8:17,13.794709,6.797264,31.819704,16.84075,25.816391,
7/31/2025 8:17,13.792164,6.79768,31.813833,16.847012,25.825678,
7/31/2025 8:17,13.79237,6.797705,31.81431,16.847277,25.826065,
7/31/2025 8:17,13.792576,6.797731,31.814785,16.847542,25.826452,
7/31/2025 8:17,13.777597,6.797898,31.780233,16.849756,25.82972,
7/31/2025 8:17,13.776627,6.7979183,31.777994,16.850048,25.830153,
7/31/2025 8:17,13.775657,6.797939,31.775757,16.85034,25.830584,
7/31/2025 8:17,13.795653,6.797844,31.821882,16.843668,25.820429,
7/31/2025 8:17,13.796449,6.797843,31.823717,16.843336,25.81992,
7/31/2025 8:17,13.806174,6.798009,31.846151,16.85282,25.834332,
7/31/2025 8:17,13.8072405,6.798017,31.84861,16.853258,25.835,
7/31/2025 8:17,13.808307,6.7980256,31.851068,16.853697,25.835667,
7/31/2025 8:17,13.797186,6.7981086,31.825418,16.841513,25.816923,
7/31/2025 8:17,13.796757,6.798118,31.824427,16.841022,25.816164,
7/31/2025 8:17,13.796327,6.798127,31.823435,16.84053,25.815403,
7/31/2025 8:17,13.788076,6.7983866,31.804405,16.847744,25.826265,
7/31/2025 8:17,13.787319,6.798404,31.80266,16.847864,25.826437,
7/31/2025 8:17,13.778835,6.7990627,31.78309,16.84894,25.827587,
7/31/2025 8:17,13.778122,6.79911,31.781445,16.849178,25.827919,
7/31/2025 8:17,13.777408,6.7991567,31.779799,16.849419,25.82825,
7/31/2025 8:17,13.78774,6.798928,31.803629,16.847748,25.825863,
7/31/2025 8:17,13.788149,6.7989306,31.804571,16.847672,25.825745,
7/31/2025 8:17,13.788558,6.7989335,31.805515,16.847595,25.825624,
7/31/2025 8:17,13.781323,6.798992,31.78883,16.841682,25.816517,
7/31/2025 8:17,13.781149,6.7989902,31.788427,16.841291,25.815918,
7/31/2025 8:17,13.789362,6.7987404,31.807371,16.848278,25.826817,
7/31/2025 8:17,13.789694,6.7987266,31.808136,16.848572,25.827276,
7/31/2025 8:17,13.790026,6.7987127,31.808903,16.848864,25.827734,
7/31/2025 8:17,13.804304,6.7992887,31.841835,16.85866,25.84232,
7/31/2025 8:17,13.805376,6.7993174,31.844309,16.85943,25.843477,
7/31/2025 8:17,13.806449,6.7993455,31.846783,16.860199,25.844635,
7/31/2025 8:17,13.786326,6.7995243,31.80037,16.835857,25.807184,
7/31/2025 8:17,13.785499,6.799549,31.79846,16.834665,25.805338,
7/31/2025 8:17,13.79408,6.799554,31.81825,16.836771,25.808563,
7/31/2025 8:17,13.794139,6.799558,31.818388,16.836332,25.807886,
7/31/2025 8:17,13.794198,6.799562,31.818525,16.835892,25.807209,
7/31/2025 8:17,13.799578,6.7997255,31.830933,16.83875,25.81147,
7/31/2025 8:17,13.800124,6.7997355,31.832193,16.838982,25.811817,
7/31/2025 8:17,13.800671,6.7997456,31.833454,16.839212,25.812162,
7/31/2025 8:17,13.78757,6.799673,31.803236,16.841516,25.815746,
7/31/2025 8:17,13.786929,6.799673,31.801758,16.84172,25.816061,
7/31/2025 8:17,13.782228,6.7998323,31.790916,16.846718,25.8236,
7/31/2025 8:17,13.781632,6.7998405,31.789541,16.847082,25.824152,
7/31/2025 8:17,13.781037,6.7998486,31.788168,16.847446,25.824705,
7/31/2025 8:17,13.807953,6.7998524,31.850252,16.83816,25.810465,
7/31/2025 8:17,13.809466,6.7998567,31.853745,16.837723,25.809793,
7/31/2025 8:18,13.81098,6.799861,31.857235,16.837286,25.80912,
7/31/2025 8:18,13.791721,6.7997637,31.812815,16.82419,25.789122,
7/31/2025 8:18,13.791256,6.799758,31.811739,16.823181,25.787577,
7/31/2025 8:18,13.792138,6.800415,31.813774,16.840229,25.813213,
7/31/2025 8:18,13.791735,6.8004537,31.812841,16.84098,25.814335,
7/31/2025 8:18,13.79133,6.800492,31.81191,16.84173,25.815456,
7/31/2025 8:18,13.8027115,6.800764,31.838161,16.84214,25.815876,
7/31/2025 8:18,13.803429,6.8007975,31.839817,16.842598,25.816553,
7/31/2025 8:18,13.804145,6.8008304,31.84147,16.843056,25.81723,
7/31/2025 8:18,13.8047,6.8008204,31.84275,16.839293,25.811468,
7/31/2025 8:18,13.805018,6.800827,31.843483,16.839085,25.811148,
7/31/2025 8:18,13.807565,6.8011503,31.849358,16.842566,25.816238,
7/31/2025 8:18,13.8077345,6.8011703,31.849749,16.842701,25.81643,
7/31/2025 8:18,13.807903,6.8011904,31.85014,16.842834,25.81662,
7/31/2025 8:18,13.806454,6.80094,31.846794,16.842068,25.815634,
7/31/2025 8:18,13.80643,6.800933,31.846739,16.84211,25.815704,
7/31/2025 8:18,13.806407,6.800926,31.846685,16.842152,25.815775,
7/31/2025 8:18,13.782955,6.801422,31.792591,16.841566,25.814499,
7/31/2025 8:18,13.781526,6.8014455,31.789293,16.841513,25.8144,
7/31/2025 8:18,13.791654,6.8012295,31.812654,16.832829,25.801254,
7/31/2025 8:18,13.791732,6.8012276,31.812836,16.832277,25.800411,
7/31/2025 8:18,13.79181,6.801226,31.813017,16.831728,25.79957,
7/31/2025 8:18,13.800771,6.8018694,31.833687,16.829702,25.795979,
7/31/2025 8:18,13.801577,6.801903,31.835546,16.829361,25.79543,
7/31/2025 8:18,13.802382,6.801936,31.837404,16.829018,25.79488,
7/31/2025 8:18,13.782402,6.8022094,31.791317,16.846725,25.821815,
7/31/2025 8:18,13.781442,6.802242,31.789103,16.847723,25.823318,
7/31/2025 8:18,13.788507,6.801753,31.805399,16.850746,25.828323,
7/31/2025 8:18,13.78848,6.8017287,31.805336,16.851345,25.82926,
7/31/2025 8:18,13.788452,6.801705,31.805273,16.851946,25.830198,
7/31/2025 8:18,13.800286,6.801619,31.83257,16.853235,25.83224,
7/31/2025 8:18,13.801188,6.8016014,31.834652,16.853384,25.832481,
7/31/2025 8:18,13.802092,6.801584,31.836733,16.853533,25.832724,
7/31/2025 8:18,13.802509,6.8024454,31.837698,16.854445,25.83347,
7/31/2025 8:18,13.8028345,6.802494,31.838448,16.854538,25.833572,
7/31/2025 8:18,13.786609,6.8021936,31.801022,16.848104,25.82394,
7/31/2025 8:18,13.785613,6.8021946,31.798725,16.847727,25.82336,
7/31/2025 8:18,13.784617,6.802196,31.796427,16.847351,25.822783,
7/31/2025 8:18,13.784258,6.80268,31.795599,16.847828,25.823147,
7/31/2025 8:18,13.783826,6.8027015,31.794603,16.847692,25.822924,
7/31/2025 8:18,13.783395,6.802723,31.793608,16.847559,25.822702,
7/31/2025 8:18,13.803205,6.802642,31.8393,16.847263,25.82231,
7/31/2025 8:18,13.8043785,6.802649,31.842009,16.847254,25.82229,
7/31/2025 8:18,13.816544,6.8033752,31.87007,16.842836,25.814972,
7/31/2025 8:18,13.817764,6.803418,31.872883,16.842554,25.814505,
7/31/2025 8:18,13.818984,6.803461,31.875698,16.84227,25.814037,
7/31/2025 8:18,13.789713,6.8035707,31.808182,16.841652,25.81301,
7/31/2025 8:18,13.788236,6.803596,31.804773,16.841505,25.812763,
7/31/2025 8:18,13.786758,6.803621,31.801367,16.841356,25.812515,
7/31/2025 8:18,13.788254,6.8037763,31.804813,16.852596,25.82963,
7/31/2025 8:18,13.787607,6.8037887,31.803322,16.853245,25.830612,
7/31/2025 8:18,13.772874,6.8037047,31.769339,16.847252,25.821491,
7/31/2025 8:18,13.771998,6.8037033,31.76732,16.847132,25.82131,
7/31/2025 8:18,13.771123,6.803702,31.7653,16.847013,25.821129,
7/31/2025 8:18,13.80622,6.803699,31.846256,16.84542,25.818691,
7/31/2025 8:18,13.807978,6.8036966,31.85031,16.845165,25.8183,
7/31/2025 8:18,13.809735,6.803694,31.854364,16.844908,25.817907,
7/31/2025 8:18,13.795406,6.804038,31.821312,16.841413,25.81229,
7/31/2025 8:18,13.795434,6.804058,31.821377,16.841164,25.811892,
7/31/2025 8:18,13.811705,6.804476,31.858906,16.836834,25.80494,
7/31/2025 8:19,13.812362,6.8045096,31.860422,16.836481,25.804373,
7/31/2025 8:19,13.813019,6.8045435,31.861938,16.836128,25.803804,
7/31/2025 8:19,13.792498,6.8050504,31.814604,16.84378,25.815155,
7/31/2025 8:19,13.791663,6.8050914,31.81268,16.84414,25.815672,
7/31/2025 8:19,13.790829,6.8051324,31.810755,16.844498,25.81619,
7/31/2025 8:19,13.78704,6.8050447,31.802013,16.83788,25.806112,
7/31/2025 8:19,13.786297,6.8050523,31.800299,16.837679,25.805801,
7/31/2025 8:19,13.7828,6.805372,31.792234,16.83834,25.806574,
7/31/2025 8:19,13.782508,6.8053904,31.79156,16.838226,25.806385,
7/31/2025 8:19,13.782215,6.8054085,31.790886,16.838112,25.806194,
7/31/2025 8:19,13.807424,6.805748,31.849031,16.84978,25.82382,
7/31/2025 8:19,13.808849,6.8057766,31.852324,16.8505,25.824903,
7/31/2025 8:19,13.810276,6.805805,31.855614,16.851221,25.825987,
7/31/2025 8:19,13.802448,6.8061433,31.837555,16.850546,25.824697,
7/31/2025 8:19,13.802587,6.8061724,31.837873,16.85079,25.82505,
7/31/2025 8:19,13.814321,6.806184,31.864943,16.850525,25.824635,
7/31/2025 8:19,13.814841,6.806193,31.866142,16.850485,25.824566,
7/31/2025 8:19,13.815362,6.8062015,31.867342,16.850443,25.824495,
7/31/2025 8:19,13.8003235,6.806533,31.832655,16.850595,25.824476,
7/31/2025 8:19,13.799701,6.8065534,31.83122,16.850597,25.824463,
7/31/2025 8:19,13.799079,6.806574,31.829784,16.850597,25.82445,
7/31/2025 8:19,13.795282,6.8068247,31.821028,16.842972,25.812572,
7/31/2025 8:19,13.794678,6.806848,31.819632,16.842522,25.811867,
7/31/2025 8:19,13.793826,6.806858,31.817669,16.840242,25.808365,
7/31/2025 8:19,13.793696,6.8068643,31.81737,16.839926,25.807875,
7/31/2025 8:19,13.793568,6.8068705,31.817072,16.83961,25.807383,
7/31/2025 8:19,13.794439,6.806463,31.819082,16.843168,25.813148,
7/31/2025 8:19,13.794476,6.8064375,31.819164,16.843338,25.813425,
7/31/2025 8:19,13.794512,6.806412,31.819248,16.843506,25.813704,
7/31/2025 8:19,13.804227,6.8071656,31.841658,16.839903,25.807613,
7/31/2025 8:19,13.804834,6.8072004,31.84306,16.839777,25.807392,
7/31/2025 8:19,13.79077,6.807545,31.810616,16.847586,25.819101,
7/31/2025 8:19,13.790131,6.8075843,31.809143,16.84798,25.819677,
7/31/2025 8:19,13.789493,6.807624,31.80767,16.848375,25.820253,
7/31/2025 8:19,13.798915,6.8076277,31.829405,16.843508,25.81279,
7/31/2025 8:19,13.799144,6.8076363,31.829935,16.843401,25.812622,
7/31/2025 8:19,13.799374,6.807645,31.830463,16.843296,25.812452,
7/31/2025 8:19,13.803979,6.8078876,31.841087,16.847082,25.818071,
7/31/2025 8:19,13.804498,6.8079023,31.842283,16.847185,25.818216,
7/31/2025 8:19,13.802583,6.80807,31.837866,16.848755,25.820496,
7/31/2025 8:19,13.802566,6.8080864,31.837828,16.848946,25.820774,
7/31/2025 8:19,13.802548,6.8081026,31.837788,16.849134,25.821053,
7/31/2025 8:19,13.794346,6.8081064,31.818867,16.846468,25.816963,
7/31/2025 8:19,13.793791,6.8081107,31.817585,16.84634,25.816763,
7/31/2025 8:19,13.793236,6.808115,31.816305,16.84621,25.816563,
7/31/2025 8:19,13.798188,6.8087068,31.827728,16.839214,25.805393,
7/31/2025 8:19,13.798275,6.8087425,31.827929,16.838726,25.804619,
7/31/2025 8:19,13.798362,6.8087783,31.828129,16.83824,25.803844,
7/31/2025 8:19,13.809574,6.8085284,31.853992,16.847357,25.818007,
7/31/2025 8:19,13.810349,6.808529,31.85578,16.847712,25.818548,
7/31/2025 8:19,13.7857485,6.808931,31.799034,16.84691,25.817017,
7/31/2025 8:19,13.784505,6.8089495,31.796165,16.847073,25.817251,
7/31/2025 8:19,13.783261,6.8089685,31.793297,16.847235,25.817488,
7/31/2025 8:19,13.800288,6.809225,31.832573,16.847612,25.817871,
7/31/2025 8:19,13.800691,6.809251,31.833502,16.847614,25.817856,
7/31/2025 8:19,13.801093,6.809276,31.83443,16.847618,25.81784,
7/31/2025 8:19,13.796053,6.809186,31.822805,16.849934,25.82146,
7/31/2025 8:19,13.796172,6.809188,31.82308,16.850082,25.821686,
7/31/2025 8:19,13.8013735,6.8095894,31.835075,16.843227,25.810879,
7/31/2025 8:19,13.801564,6.8096123,31.835516,16.842863,25.8103,
7/31/2025 8:20,13.801756,6.809635,31.835957,16.842497,25.809721,
7/31/2025 8:20,13.781511,6.8099756,31.789263,16.8509,25.822344,
7/31/2025 8:20,13.78043,6.810006,31.786768,16.85123,25.822828,
7/31/2025 8:20,13.779348,6.8100367,31.784273,16.851562,25.82331,
7/31/2025 8:20,13.7823305,6.809859,31.791153,16.840204,25.80604,
7/31/2025 8:20,13.781993,6.8098574,31.790375,16.839745,25.805336,
7/31/2025 8:20,13.795842,6.810106,31.822319,16.841661,25.808086,
7/31/2025 8:20,13.796761,6.8101172,31.824436,16.841509,25.807844,
7/31/2025 8:20,13.797678,6.8101287,31.826553,16.841356,25.807602,
7/31/2025 8:20,13.802592,6.8107142,31.837889,16.848454,25.818035,
7/31/2025 8:20,13.803236,6.8107557,31.839373,16.848928,25.818731,
7/31/2025 8:20,13.80388,6.810797,31.840858,16.849403,25.819427,
7/31/2025 8:20,13.803617,6.811392,31.84025,16.839132,25.803242,
7/31/2025 8:20,13.80374,6.811442,31.840536,16.838707,25.802551,
7/31/2025 8:20,13.817826,6.8117814,31.87303,16.841166,25.806063,
7/31/2025 8:20,13.818692,6.8118167,31.875027,16.841076,25.805899,
7/31/2025 8:20,13.819557,6.8118515,31.877024,16.840988,25.805737,
7/31/2025 8:20,13.788219,6.811104,31.804737,16.839697,25.804323,
7/31/2025 8:20,13.786694,6.8110676,31.801218,16.839682,25.804325,
7/31/2025 8:20,13.785168,6.8110313,31.797699,16.839666,25.804329,
7/31/2025 8:20,13.811779,6.8116994,31.859081,16.840004,25.804342,
7/31/2025 8:20,13.812561,6.8117204,31.860886,16.83999,25.804304,
7/31/2025 8:20,13.805376,6.8117414,31.844313,16.847975,25.816525,
7/31/2025 8:20,13.805571,6.8117585,31.844759,16.84847,25.81727,
7/31/2025 8:20,13.805765,6.8117757,31.845207,16.848967,25.818016,
7/31/2025 8:20,13.793724,6.812272,31.817434,16.847557,25.815483,
7/31/2025 8:20,13.792818,6.8123026,31.815346,16.847672,25.815636,
7/31/2025 8:20,13.791912,6.812333,31.813255,16.847784,25.815786,
7/31/2025 8:20,13.792383,6.8125052,31.81434,16.844284,25.810291,
7/31/2025 8:20,13.792108,6.8125286,31.813705,16.844046,25.80991,
7/31/2025 8:20,13.79059,6.8122983,31.810205,16.84435,25.810553,
7/31/2025 8:20,13.790504,6.8122883,31.810007,16.84429,25.810467,
7/31/2025 8:20,13.790419,6.8122783,31.809809,16.84423,25.810383,
7/31/2025 8:20,13.775848,6.8124375,31.776201,16.85448,25.825966,
7/31/2025 8:20,13.774923,6.8124413,31.774069,16.855112,25.82693,
7/31/2025 8:20,13.773999,6.8124456,31.771936,16.855743,25.827892,
7/31/2025 8:20,13.789295,6.8125253,31.807219,16.862347,25.837955,
7/31/2025 8:20,13.789823,6.812534,31.808434,16.863003,25.838953,
7/31/2025 8:20,13.786759,6.8125353,31.801367,16.85825,25.831669,
7/31/2025 8:20,13.786927,6.812537,31.801754,16.858114,25.83146,
7/31/2025 8:20,13.787096,6.812539,31.802143,16.85798,25.831253,
7/31/2025 8:20,13.791646,6.813042,31.812641,16.84881,25.81682,
7/31/2025 8:20,13.791841,6.8130727,31.81309,16.848137,25.815767,
7/31/2025 8:20,13.792035,6.813103,31.813538,16.847466,25.814714,
7/31/2025 8:20,13.812428,6.813618,31.860579,16.857475,25.829662,
7/31/2025 8:20,13.813745,6.813661,31.863611,16.857826,25.83017,
7/31/2025 8:20,13.816507,6.8136773,31.869986,16.856565,25.828226,
7/31/2025 8:20,13.817148,6.81369,31.871464,16.856716,25.828447,
7/31/2025 8:20,13.81779,6.813703,31.872944,16.856867,25.828669,
7/31/2025 8:20,13.818164,6.813771,31.87381,16.854605,25.825151,
7/31/2025 8:20,13.818253,6.813775,31.874014,16.854433,25.824886,
7/31/2025 8:20,13.818341,6.8137794,31.874218,16.854261,25.82462,
7/31/2025 8:20,13.794843,6.814375,31.820013,16.848658,25.815582,
7/31/2025 8:20,13.793469,6.814412,31.816843,16.84827,25.814959,
7/31/2025 8:20,13.801484,6.814592,31.835331,16.851944,25.820454,
7/31/2025 8:20,13.801426,6.8146167,31.835197,16.85204,25.82058,
7/31/2025 8:20,13.801368,6.814642,31.835064,16.852133,25.820704,
7/31/2025 8:20,13.781234,6.8148956,31.78862,16.844463,25.808762,
7/31/2025 8:20,13.780231,6.8149157,31.78631,16.844097,25.808186,
7/31/2025 8:20,13.77923,6.814935,31.783998,16.84373,25.80761,
7/31/2025 8:21,13.78347,6.8151913,31.793781,16.842432,25.805426,
7/31/2025 8:21,13.783216,6.8152127,31.793198,16.842163,25.804998,
7/31/2025 8:21,13.790022,6.815137,31.808895,16.842949,25.80626,
7/31/2025 8:21,13.790548,6.8151383,31.810108,16.84297,25.80629,
7/31/2025 8:21,13.791075,6.8151393,31.811323,16.84299,25.80632,
7/31/2025 8:21,13.793686,6.815645,31.817345,16.844398,25.808096,
7/31/2025 8:21,13.794013,6.815674,31.818098,16.844505,25.808237,
7/31/2025 8:21,13.79434,6.815703,31.818853,16.84461,25.808376,
7/31/2025 8:21,13.783369,6.8155184,31.793549,16.846634,25.811617,
7/31/2025 8:21,13.782785,6.8155203,31.7922,16.846792,25.811857,
7/31/2025 8:21,13.801939,6.8157654,31.836384,16.841871,25.804136,
7/31/2025 8:21,13.802853,6.8157763,31.83849,16.84162,25.803741,
7/31/2025 8:21,13.803766,6.815787,31.840597,16.841368,25.803347,
7/31/2025 8:21,13.804206,6.8159604,31.841612,16.845211,25.809103,
7/31/2025 8:21,13.8047085,6.8159776,31.84277,16.845324,25.809261,
7/31/2025 8:21,13.80521,6.8159943,31.843927,16.845436,25.809422,
7/31/2025 8:21,13.794466,6.815562,31.819145,16.844591,25.808456,
7/31/2025 8:21,13.793855,6.815541,31.817736,16.84464,25.808546,
7/31/2025 8:21,13.785132,6.8164287,31.797615,16.84106,25.802391,
7/31/2025 8:21,13.784349,6.816475,31.795807,16.840815,25.80198,
7/31/2025 8:21,13.7835655,6.816521,31.794,16.840569,25.801565,
7/31/2025 8:21,13.79268,6.816208,31.815025,16.84184,25.803751,
7/31/2025 8:21,13.793006,6.8162127,31.815775,16.841824,25.803722,
7/31/2025 8:21,13.793331,6.816217,31.816525,16.841808,25.803694,
7/31/2025 8:21,13.8003025,6.8161936,31.832607,16.844633,25.808043,
7/31/2025 8:21,13.800938,6.816185,31.834072,16.844831,25.808352,
7/31/2025 8:21,13.796902,6.816509,31.824764,16.844673,25.807865,
7/31/2025 8:21,13.796812,6.816529,31.824556,16.844728,25.807934,
7/31/2025 8:21,13.796722,6.816549,31.82435,16.844784,25.808004,
7/31/2025 8:21,13.800221,6.8173947,31.83242,16.849636,25.8148,
7/31/2025 8:21,13.800331,6.8174543,31.832674,16.849926,25.815199,
7/31/2025 8:21,13.800441,6.8175135,31.832926,16.850216,25.815598,
7/31/2025 8:21,13.81071,6.8175945,31.856613,16.84972,25.814777,
7/31/2025 8:21,13.811403,6.817621,31.858213,16.849815,25.814903,
7/31/2025 8:21,13.8115835,6.8180323,31.858627,16.846159,25.80899,
7/31/2025 8:21,13.811829,6.81806,31.859194,16.845919,25.808601,
7/31/2025 8:21,13.812075,6.818087,31.85976,16.845678,25.808212,
7/31/2025 8:21,13.800472,6.817929,31.832996,16.849556,25.814276,
7/31/2025 8:21,13.79977,6.8179297,31.831377,16.849699,25.814491,
7/31/2025 8:21,13.799068,6.8179307,31.829758,16.84984,25.814707,
7/31/2025 8:21,13.776382,6.818514,31.77743,16.84438,25.8059,
7/31/2025 8:21,13.774743,6.818545,31.773647,16.844152,25.805527,
7/31/2025 8:21,13.792936,6.8180814,31.815615,16.84507,25.807285,
7/31/2025 8:21,13.79351,6.818067,31.816938,16.844994,25.80718,
7/31/2025 8:21,13.794085,6.818053,31.818264,16.84492,25.807076,
7/31/2025 8:21,13.811932,6.818365,31.859432,16.842447,25.803053,
7/31/2025 8:21,13.81348,6.818373,31.863003,16.84232,25.802849,
7/31/2025 8:21,13.815028,6.818381,31.866575,16.84219,25.802647,
7/31/2025 8:21,13.792945,6.8189015,31.815636,16.847383,25.81021,
7/31/2025 8:21,13.792099,6.8189406,31.813684,16.847626,25.810553,
7/31/2025 8:21,13.772403,6.8186264,31.768251,16.855705,25.823166,
7/31/2025 8:21,13.770674,6.818619,31.764263,16.856327,25.824125,
7/31/2025 8:21,13.768946,6.8186116,31.760277,16.856949,25.825083,
7/31/2025 8:21,13.782168,6.819101,31.790777,16.850328,25.814571,
7/31/2025 8:21,13.78248,6.819123,31.791498,16.850128,25.81425,
7/31/2025 8:21,13.782792,6.8191442,31.792217,16.84993,25.813929,
7/31/2025 8:21,13.793168,6.8195724,31.81615,16.855541,25.822203,
7/31/2025 8:21,13.794106,6.81961,31.818312,16.855713,25.822435,
7/31/2025 8:21,13.799748,6.819223,31.83133,16.85065,25.814976,
7/31/2025 8:21,13.800331,6.8192086,31.832672,16.850473,25.814714,
7/31/2025 8:22,13.800914,6.8191943,31.834015,16.850296,25.814453,
7/31/2025 8:22,13.801977,6.8197556,31.83647,16.84518,25.806189,
7/31/2025 8:22,13.802182,6.81978,31.83694,16.84474,25.805498,
7/31/2025 8:22,13.802386,6.819804,31.837414,16.844301,25.804806,
7/31/2025 8:22,13.795298,6.8204126,31.821062,16.843756,25.803513,
7/31/2025 8:22,13.794911,6.8204627,31.820171,16.843592,25.803223,
7/31/2025 8:22,13.804793,6.8200707,31.842964,16.856373,25.823101,
7/31/2025 8:22,13.805251,6.8200603,31.844019,16.857159,25.824312,
7/31/2025 8:22,13.805708,6.8200493,31.845072,16.857944,25.825525,
7/31/2025 8:22,13.784957,6.8203726,31.797209,16.859125,25.827085,
7/31/2025 8:22,13.783954,6.820382,31.794895,16.859524,25.82769,
7/31/2025 8:22,13.78295,6.820391,31.792582,16.859922,25.828295,
7/31/2025 8:22,13.78742,6.8200603,31.802893,16.856283,25.822971,
7/31/2025 8:22,13.787165,6.8200483,31.802303,16.856106,25.822706,
7/31/2025 8:22,13.797835,6.8203664,31.826916,16.85652,25.823103,
7/31/2025 8:22,13.798612,6.820378,31.828705,16.856466,25.823011,
7/31/2025 8:22,13.799388,6.8203897,31.830496,16.856413,25.82292,
7/31/2025 8:22,13.802462,6.820657,31.837587,16.847242,25.80867,
7/31/2025 8:22,13.802916,6.820681,31.838634,16.846697,25.807817,
7/31/2025 8:22,13.8033695,6.8207054,31.839682,16.846153,25.806963,
7/31/2025 8:22,13.801626,6.8206086,31.83566,16.854296,25.81951,
7/31/2025 8:22,13.801607,6.8206096,31.835615,16.854548,25.819897,
7/31/2025 8:22,13.79651,6.820697,31.823856,16.851086,25.814528,
7/31/2025 8:22,13.796156,6.8207,31.823042,16.851065,25.814493,
7/31/2025 8:22,13.795802,6.820703,31.822226,16.851044,25.814459,
7/31/2025 8:22,13.795111,6.821364,31.820631,16.853865,25.81828,
7/31/2025 8:22,13.794941,6.8214064,31.82024,16.853945,25.81837,
7/31/2025 8:22,13.794771,6.821449,31.819847,16.854027,25.818464,
7/31/2025 8:22,13.789204,6.8214545,31.807007,16.843805,25.802803,
7/31/2025 8:22,13.788852,6.8214717,31.806194,16.84327,25.801966,
7/31/2025 8:22,13.793628,6.8213882,31.81721,16.842495,25.800842,
7/31/2025 8:22,13.793792,6.821383,31.817589,16.842205,25.800402,
7/31/2025 8:22,13.793956,6.8213778,31.817966,16.841915,25.799961,
7/31/2025 8:22,13.77281,6.8222833,31.769192,16.851591,25.814102,
7/31/2025 8:22,13.7716465,6.8223367,31.766508,16.852163,25.81494,
7/31/2025 8:22,13.770483,6.8223896,31.763824,16.852736,25.815777,
7/31/2025 8:22,13.78432,6.8222337,31.795738,16.859531,25.826302,
7/31/2025 8:22,13.784609,6.8222475,31.796408,16.86018,25.827286,
7/31/2025 8:22,13.796607,6.8223324,31.82408,16.849945,25.811543,
7/31/2025 8:22,13.797686,6.822334,31.826567,16.849464,25.810806,
7/31/2025 8:22,13.798764,6.8223352,31.829056,16.848986,25.81007,
7/31/2025 8:22,13.80091,6.822574,31.834007,16.851892,25.814344,
7/31/2025 8:22,13.801337,6.822591,31.834993,16.851807,25.814201,
7/31/2025 8:22,13.8017645,6.8226075,31.83598,16.85172,25.814056,
7/31/2025 8:22,13.79657,6.8227034,31.823997,16.852365,25.814972,
7/31/2025 8:22,13.79632,6.8227153,31.823421,16.852474,25.815128,
7/31/2025 8:22,13.816318,6.823042,31.869549,16.84503,25.80348,
7/31/2025 8:22,13.817454,6.8230643,31.872171,16.844572,25.802761,
7/31/2025 8:22,13.81859,6.823087,31.874792,16.844114,25.802044,
7/31/2025 8:22,13.798003,6.8230934,31.827303,16.845434,25.80406,
7/31/2025 8:22,13.797262,6.823102,31.825596,16.845324,25.803885,
7/31/2025 8:22,13.796522,6.8231106,31.823889,16.845213,25.803709,
7/31/2025 8:22,13.785164,6.8231845,31.797688,16.849598,25.81037,
7/31/2025 8:22,13.78398,6.8231893,31.794958,16.849886,25.810806,
7/31/2025 8:22,13.782797,6.823194,31.792229,16.850174,25.811243,
7/31/2025 8:22,13.798889,6.823708,31.829344,16.849554,25.809904,
7/31/2025 8:22,13.799525,6.8237395,31.830812,16.849625,25.80999,
7/31/2025 8:22,13.798327,6.8240113,31.82805,16.853369,25.81552,
7/31/2025 8:22,13.79861,6.82404,31.828703,16.853586,25.815832,
7/31/2025 8:22,13.798893,6.8240685,31.829355,16.853804,25.816145,
7/31/2025 8:23,13.802228,6.8241377,31.83705,16.839712,25.794504,
7/31/2025 8:23,13.802387,6.8241487,31.837418,16.838987,25.793386,
7/31/2025 8:23,13.8025465,6.8241596,31.837784,16.838263,25.792269,
7/31/2025 8:23,13.808013,6.8238125,31.850393,16.850216,25.810839,
7/31/2025 8:23,13.808429,6.8237934,31.85135,16.850616,25.811466,
7/31/2025 8:23,13.7667675,6.8242774,31.755255,16.84141,25.797,
7/31/2025 8:23,13.764347,6.8242984,31.749672,16.841156,25.796597,
7/31/2025 8:23,13.761928,6.8243194,31.74409,16.8409,25.796192,
7/31/2025 8:23,13.802249,6.8244267,31.837097,16.846397,25.80453,
7/31/2025 8:23,13.80362,6.8244452,31.840261,16.846502,25.804676,
7/31/2025 8:23,13.804992,6.824464,31.843424,16.84661,25.804825,
7/31/2025 8:23,13.784205,6.8247924,31.795475,16.835482,25.787535,
7/31/2025 8:23,13.783976,6.824815,31.794945,16.834965,25.786724,
7/31/2025 8:23,13.787048,6.8249803,31.802032,16.836103,25.788343,
7/31/2025 8:23,13.786734,6.8249984,31.801306,16.835909,25.788029,
7/31/2025 8:23,13.786419,6.825017,31.80058,16.835712,25.787716,
7/31/2025 8:23,13.801443,6.8249288,31.835238,16.838608,25.792217,
7/31/2025 8:23,13.802428,6.8249273,31.83751,16.83881,25.79253,
7/31/2025 8:23,13.803412,6.8249264,31.83978,16.839014,25.792841,
7/31/2025 8:23,13.773629,6.825445,31.77108,16.838045,25.790966,
7/31/2025 8:23,13.772252,6.825474,31.767904,16.838058,25.790966,
7/31/2025 8:23,13.804127,6.8254876,31.841429,16.851826,25.812044,
7/31/2025 8:23,13.805368,6.825501,31.844294,16.852644,25.813286,
7/31/2025 8:23,13.80661,6.8255143,31.847157,16.85346,25.814528,
7/31/2025 8:23,13.774657,6.825508,31.77345,16.86991,25.839727,
7/31/2025 8:23,13.773509,6.825508,31.770802,16.87125,25.841782,
7/31/2025 8:23,13.77236,6.825508,31.76815,16.872591,25.843836,
7/31/2025 8:23,13.808828,6.825339,31.852274,16.855307,25.817488,
7/31/2025 8:23,13.810164,6.825329,31.855354,16.854723,25.816599,
7/31/2025 8:23,13.791188,6.826064,31.811583,16.857805,25.820765,
7/31/2025 8:23,13.790898,6.8261046,31.810915,16.857595,25.820414,
7/31/2025 8:23,13.790609,6.8261456,31.810247,16.857386,25.82006,
7/31/2025 8:23,13.803793,6.8259034,31.840656,16.899424,25.884632,
7/31/2025 8:23,13.804118,6.825907,31.841406,16.902054,25.88866,
7/31/2025 8:23,13.804443,6.8259106,31.842155,16.904684,25.892687,
7/31/2025 8:23,13.809147,6.8260646,31.853008,16.967085,25.988144,
7/31/2025 8:23,13.809764,6.826068,31.854431,16.971851,25.995443,
7/31/2025 8:23,13.800387,6.826391,31.832802,17.06859,26.143368,
7/31/2025 8:23,13.79992,6.826415,31.831724,17.07598,26.154667,
7/31/2025 8:23,13.799453,6.826439,31.830647,17.083366,26.165964,
7/31/2025 8:23,13.769595,6.826284,31.761774,17.178251,26.311415,
7/31/2025 8:23,13.7675495,6.8262825,31.757057,17.186424,26.323935,
7/31/2025 8:23,13.765505,6.826281,31.75234,17.194597,26.336452,
7/31/2025 8:23,13.804522,6.8264365,31.842337,17.47271,26.76231,
7/31/2025 8:23,13.806032,6.826442,31.845821,17.491552,26.791166,
7/31/2025 8:23,13.809574,6.826376,31.853992,17.910406,27.432764,
7/31/2025 8:23,13.810687,6.8263755,31.85656,17.942892,27.482523,
7/31/2025 8:23,13.811799,6.826375,31.859125,17.97538,27.532284,
7/31/2025 8:23,13.787536,6.8267775,31.80316,18.033821,27.621468,
7/31/2025 8:23,13.786153,6.8268,31.79997,18.048046,27.643238,
7/31/2025 8:23,13.78477,6.8268223,31.796782,18.062271,27.665009,
7/31/2025 8:23,13.799933,6.826826,31.831757,19.191145,29.394037,
7/31/2025 8:23,13.800217,6.8268366,31.832409,19.25932,29.498447,
7/31/2025 8:23,13.8152275,6.827253,31.867035,19.97976,30.601534,
7/31/2025 8:23,13.816511,6.8272786,31.869995,20.050814,30.71034,
7/31/2025 8:23,13.817794,6.8273044,31.872955,20.121868,30.819147,
7/31/2025 8:23,13.788275,6.8274837,31.804865,20.276285,31.05549,
7/31/2025 8:23,13.786876,6.827505,31.801638,20.303839,31.097673,
7/31/2025 8:23,13.785477,6.8275266,31.79841,20.331392,31.139856,
7/31/2025 8:23,13.780971,6.8276873,31.788015,20.521866,31.431442,
7/31/2025 8:24,13.77997,6.827702,31.785707,20.537977,31.456104,
7/31/2025 8:24,13.799502,6.827141,31.830763,21.856474,33.476078,
7/31/2025 8:24,13.800606,6.8271103,31.83331,21.942528,33.60791,
7/31/2025 8:24,13.80171,6.82708,31.835855,22.02858,33.73974,
7/31/2025 8:24,13.794108,6.8280554,31.818321,22.44671,34.379177,
7/31/2025 8:24,13.794142,6.8280997,31.818398,22.50527,34.468822,
7/31/2025 8:24,13.794176,6.8281446,31.818476,22.563828,34.558464,
7/31/2025 8:24,13.802586,6.827913,31.837873,22.953178,35.155025,
7/31/2025 8:24,13.802903,6.827924,31.838606,22.987883,35.208168,
7/31/2025 8:24,13.8078785,6.828076,31.850082,23.530428,36.038967,
7/31/2025 8:24,13.808393,6.8280797,31.851269,23.573658,36.105175,
7/31/2025 8:24,13.808907,6.8280835,31.852453,23.61689,36.171383,
7/31/2025 8:24,13.785664,6.8286724,31.79884,24.79859,37.980606,
7/31/2025 8:24,13.784385,6.8287115,31.79589,24.883617,38.110786,
7/31/2025 8:24,13.783107,6.828751,31.792942,24.968643,38.240967,
7/31/2025 8:24,13.789793,6.8284073,31.808365,24.924595,38.17389,
7/31/2025 8:24,13.789603,6.828402,31.807926,24.952538,38.216694,
7/31/2025 8:24,13.795916,6.8285527,31.822487,25.392334,38.890102,
7/31/2025 8:24,13.796465,6.828554,31.823755,25.418636,38.930386,
7/31/2025 8:24,13.797014,6.8285556,31.825022,25.444939,38.970665,
7/31/2025 8:24,13.7935915,6.828562,31.817125,26.287455,40.261032,
7/31/2025 8:24,13.793546,6.828566,31.81702,26.348835,40.355034,
7/31/2025 8:24,13.7935,6.8285704,31.816914,26.410213,40.449036,
7/31/2025 8:24,13.78755,6.82909,31.80319,26.756754,40.97916,
7/31/2025 8:24,13.787113,6.8291216,31.802181,26.798601,41.043213,
7/31/2025 8:24,13.789176,6.8290567,31.806942,26.953419,41.2804,
7/31/2025 8:24,13.789162,6.829066,31.80691,26.971174,41.307583,
7/31/2025 8:24,13.789147,6.8290744,31.806877,26.988928,41.334763,
7/31/2025 8:24,13.80713,6.8292313,31.848356,27.255547,41.742912,
7/31/2025 8:24,13.808269,6.8292394,31.850983,27.275572,41.77357,
7/31/2025 8:24,13.809407,6.829247,31.853611,27.295595,41.804226,
7/31/2025 8:24,13.800247,6.8291626,31.83248,27.439945,42.02541,
7/31/2025 8:24,13.800159,6.8291616,31.832277,27.455462,42.049175,
7/31/2025 8:24,13.804583,6.829159,31.842478,27.521772,42.150738,
7/31/2025 8:24,13.804639,6.8291564,31.84261,27.529285,42.162247,
7/31/2025 8:24,13.804695,6.829154,31.84274,27.536797,42.17375,
7/31/2025 8:24,13.777148,6.829738,31.779198,27.517511,42.143494,
7/31/2025 8:24,13.775582,6.8297734,31.775585,27.517982,42.144173,
7/31/2025 8:24,13.774016,6.829809,31.771973,27.518452,42.144848,
7/31/2025 8:24,13.762066,6.8295565,31.744408,27.40583,41.97268,
7/31/2025 8:24,13.760647,6.8295565,31.741137,27.398722,41.961792,
7/31/2025 8:24,13.797225,6.829793,31.82551,27.14072,41.56637,
7/31/2025 8:24,13.799205,6.8298016,31.830076,27.122158,41.53793,
7/31/2025 8:24,13.801185,6.8298106,31.834644,27.103596,41.50949,
7/31/2025 8:24,13.77285,6.8298182,31.769281,27.089853,41.48843,
7/31/2025 8:24,13.772059,6.8298244,31.767458,27.082523,41.477196,
7/31/2025 8:24,13.771268,6.829831,31.765635,27.075193,41.465965,
7/31/2025 8:24,13.808128,6.829988,31.85066,26.772522,41.00223,
7/31/2025 8:24,13.809615,6.8299975,31.85409,26.754026,40.973896,
7/31/2025 8:24,13.777689,6.830165,31.780443,26.573399,40.697063,
7/31/2025 8:24,13.776602,6.8301787,31.777937,26.555008,40.66888,
7/31/2025 8:24,13.775515,6.830193,31.775429,26.536617,40.6407,
7/31/2025 8:24,13.803558,6.8306174,31.840117,26.316265,40.30273,
7/31/2025 8:24,13.80444,6.830647,31.84215,26.298437,40.275394,
7/31/2025 8:24,13.805322,6.830677,31.844183,26.28061,40.248055,
7/31/2025 8:24,13.806249,6.8309274,31.846325,26.084145,39.94688,
7/31/2025 8:24,13.807005,6.830953,31.848066,26.066702,39.92014,
7/31/2025 8:24,13.789246,6.8313746,31.807102,26.004383,39.824207,
7/31/2025 8:24,13.78815,6.8314066,31.804573,25.995867,39.811127,
7/31/2025 8:24,13.787053,6.8314385,31.802044,25.987349,39.798046,
7/31/2025 8:25,13.791464,6.8312798,31.812218,25.555246,39.13649,
7/31/2025 8:25,13.791284,6.8312807,31.811802,25.527534,39.094048,
7/31/2025 8:25,13.791103,6.8312817,31.811386,25.499823,39.05161,
7/31/2025 8:25,13.790194,6.8312726,31.809288,25.432692,38.948814,
7/31/2025 8:25,13.790241,6.8312683,31.809399,25.417646,38.925777,
7/31/2025 8:25,13.819951,6.831831,31.87793,24.995693,38.27895,
7/31/2025 8:25,13.821758,6.831866,31.8821,24.968063,38.236595,
7/31/2025 8:25,13.823566,6.8319006,31.88627,24.940432,38.194244,
7/31/2025 8:25,13.803269,6.8318334,31.83945,24.821295,38.011868,
7/31/2025 8:25,13.80279,6.8318434,31.838345,24.803448,37.984524,
7/31/2025 8:25,13.802309,6.8318534,31.837236,24.7856,37.95718,
7/31/2025 8:25,13.78657,6.831674,31.800932,24.58944,37.65698,
7/31/2025 8:25,13.785134,6.831662,31.79762,24.574507,37.63412,
7/31/2025 8:25,13.776958,6.831734,31.77876,24.419039,37.395954,
7/31/2025 8:25,13.776099,6.8317347,31.77678,24.404644,37.37391,
7/31/2025 8:25,13.775241,6.8317356,31.774797,24.390251,37.351864,
7/31/2025 8:25,13.776857,6.8319883,31.778528,24.096994,36.902496,
7/31/2025 8:25,13.776752,6.8320055,31.778284,24.075449,36.86948,
7/31/2025 8:25,13.776647,6.832022,31.778042,24.053902,36.836468,
7/31/2025 8:25,13.805259,6.832544,31.844038,23.78024,36.416817,
7/31/2025 8:25,13.807008,6.832581,31.848074,23.75637,36.380226,
7/31/2025 8:25,13.791477,6.832255,31.81225,23.681042,36.26521,
7/31/2025 8:25,13.791193,6.8322473,31.811594,23.669907,36.248165,
7/31/2025 8:25,13.790909,6.832239,31.810938,23.65877,36.231117,
7/31/2025 8:25,13.774636,6.8326483,31.773403,23.282759,35.65487,
7/31/2025 8:25,13.7732525,6.8326645,31.77021,23.258087,35.61707,
7/31/2025 8:25,13.771869,6.832681,31.76702,23.233414,35.579273,
7/31/2025 8:25,13.779799,6.8326178,31.785313,22.730028,34.808456,
7/31/2025 8:25,13.779858,6.8326244,31.785446,22.690422,34.7478,
7/31/2025 8:25,13.7977705,6.8322086,31.826767,22.502771,34.46085,
7/31/2025 8:25,13.799065,6.8321815,31.829752,22.479391,34.425076,
7/31/2025 8:25,13.800358,6.832154,31.832735,22.45601,34.389297,
7/31/2025 8:25,13.7882185,6.8328037,31.804731,22.334887,34.20316,
7/31/2025 8:25,13.7879305,6.832833,31.804068,22.322958,34.18486,
7/31/2025 8:25,13.7876425,6.832862,31.803402,22.31103,34.166565,
7/31/2025 8:25,13.765422,6.832876,31.752146,22.200544,33.997356,
7/31/2025 8:25,13.763801,6.8328934,31.748407,22.1907,33.982265,
7/31/2025 8:25,13.797189,6.8328934,31.825424,22.071905,33.800346,
7/31/2025 8:25,13.79875,6.8328934,31.829025,22.061907,33.785034,
7/31/2025 8:25,13.800311,6.8328934,31.832628,22.051907,33.769722,
7/31/2025 8:25,13.775849,6.83315,31.776203,21.790066,33.368496,
7/31/2025 8:25,13.775213,6.8331656,31.774734,21.771204,33.339596,
7/31/2025 8:25,13.774576,6.8331814,31.773266,21.752344,33.3107,
7/31/2025 8:25,13.790853,6.8332577,31.810808,21.551996,33.003822,
7/31/2025 8:25,13.791204,6.8332686,31.81162,21.533415,32.975357,
7/31/2025 8:25,13.78909,6.8330393,31.806744,21.372599,32.729305,
7/31/2025 8:25,13.789353,6.8330264,31.807352,21.357956,32.706898,
7/31/2025 8:25,13.789617,6.8330135,31.807959,21.343315,32.68449,
7/31/2025 8:25,13.821377,6.833493,31.881218,21.039051,32.218094,
7/31/2025 8:25,13.823232,6.8335166,31.885496,21.016682,32.18382,
7/31/2025 8:25,13.825086,6.8335395,31.889774,20.994312,32.14954,
7/31/2025 8:25,13.792857,6.8338137,31.815434,21.346447,32.688515,
7/31/2025 8:25,13.79171,6.833842,31.812788,21.359941,32.709152,
7/31/2025 8:25,13.798798,6.8340898,31.829136,20.855085,31.93582,
7/31/2025 8:25,13.798452,6.834111,31.828339,20.832207,31.900764,
7/31/2025 8:25,13.798107,6.8341327,31.827543,20.809326,31.86571,
7/31/2025 8:25,13.792541,6.8346334,31.814701,20.570692,31.499826,
7/31/2025 8:25,13.792389,6.83467,31.814352,20.543463,31.458092,
7/31/2025 8:25,13.792238,6.8347063,31.814005,20.516232,31.416359,
7/31/2025 8:25,13.79685,6.83471,31.824646,20.351852,31.164642,
7/31/2025 8:26,13.796983,6.834723,31.82495,20.335947,31.140278,
7/31/2025 8:26,13.789115,6.835047,31.806803,20.458055,31.326965,
7/31/2025 8:26,13.788735,6.8350673,31.805927,20.46181,31.332693,
7/31/2025 8:26,13.788356,6.8350873,31.805052,20.46556,31.33842,
7/31/2025 8:26,13.796547,6.834766,31.823944,20.241468,30.995564,
7/31/2025 8:26,13.796843,6.8347545,31.824625,20.231047,30.979614,
7/31/2025 8:26,13.797138,6.834743,31.825308,20.220623,30.963663,
7/31/2025 8:26,13.793859,6.835068,31.817741,19.982958,30.59944,
7/31/2025 8:26,13.793867,6.8350797,31.817762,19.96313,30.569067,
7/31/2025 8:26,13.776923,6.8355737,31.778677,19.802378,30.32247,
7/31/2025 8:26,13.775786,6.8356123,31.776054,19.786957,30.298824,
7/31/2025 8:26,13.77465,6.835651,31.773432,19.771538,30.275179,
7/31/2025 8:26,13.7849865,6.8354173,31.797276,19.740438,30.227766,
7/31/2025 8:26,13.785192,6.8354154,31.797749,19.734612,30.218843,
7/31/2025 8:26,13.785396,6.8354135,31.798222,19.728783,30.20992,
7/31/2025 8:26,13.78547,6.8357444,31.798393,19.6054,30.0207,
7/31/2025 8:26,13.78573,6.835758,31.798994,19.597143,30.008041,
7/31/2025 8:26,13.802666,6.8363295,31.838058,19.524527,29.89635,
7/31/2025 8:26,13.80371,6.836373,31.840467,19.517069,29.884895,
7/31/2025 8:26,13.804755,6.8364162,31.842876,19.509613,29.87344,
7/31/2025 8:26,13.800756,6.836264,31.833652,19.384588,29.68213,
7/31/2025 8:26,13.800941,6.836269,31.834078,19.375246,29.667822,
7/31/2025 8:26,13.801126,6.836274,31.834503,19.365904,29.653513,
7/31/2025 8:26,13.783813,6.8360143,31.794573,19.284985,29.529833,
7/31/2025 8:26,13.782676,6.835995,31.791948,19.276947,29.51754,
7/31/2025 8:26,13.796354,6.836385,31.823502,19.183294,29.3738,
7/31/2025 8:26,13.796803,6.8364034,31.824537,19.17559,29.361988,
7/31/2025 8:26,13.797253,6.8364215,31.825573,19.167885,29.350176,
7/31/2025 8:26,13.805915,6.836191,31.845554,19.221033,29.431753,
7/31/2025 8:26,13.806794,6.836187,31.84758,19.221958,29.433172,
7/31/2025 8:26,13.8076725,6.8361826,31.849607,19.222883,29.434593,
7/31/2025 8:26,13.811251,6.8366666,31.85786,18.998053,29.089918,
7/31/2025 8:26,13.811684,6.8366895,31.85886,18.986013,29.071465,
7/31/2025 8:26,13.78591,6.83712,31.799408,18.940035,29.000696,
7/31/2025 8:26,13.784372,6.8371587,31.795862,18.93193,28.988253,
7/31/2025 8:26,13.782836,6.8371973,31.792316,18.923826,28.975811,
7/31/2025 8:26,13.779649,6.8371186,31.784966,18.851452,28.865059,
7/31/2025 8:26,13.778792,6.837125,31.782991,18.846046,28.856775,
7/31/2025 8:26,13.777937,6.8371305,31.781017,18.840641,28.848494,
7/31/2025 8:26,13.796246,6.8369484,31.823248,18.750263,28.710262,
7/31/2025 8:26,13.797259,6.8369355,31.825586,18.742966,28.6991,
7/31/2025 8:26,13.798167,6.837339,31.82768,18.722921,28.668072,
7/31/2025 8:26,13.79865,6.83736,31.828794,18.719566,28.662916,
7/31/2025 8:26,13.799132,6.8373804,31.829906,18.716211,28.657763,
7/31/2025 8:26,13.782888,6.8376436,31.792437,18.608494,28.492607,
7/31/2025 8:26,13.781901,6.83767,31.790161,18.601404,28.48173,
7/31/2025 8:26,13.780915,6.837696,31.787886,18.594315,28.470854,
7/31/2025 8:26,13.799434,6.8380256,31.830603,18.44545,28.242643,
7/31/2025 8:26,13.800118,6.838052,31.832182,18.433805,28.224794,
7/31/2025 8:26,13.813005,6.8376675,31.86191,18.354033,28.102966,
7/31/2025 8:26,13.814247,6.837651,31.864775,18.345634,28.09012,
7/31/2025 8:26,13.815489,6.837634,31.86764,18.337234,28.077272,
7/31/2025 8:26,13.802392,6.8377867,31.837427,18.319336,28.049742,
7/31/2025 8:26,13.801908,6.837786,31.83631,18.316322,28.045128,
7/31/2025 8:26,13.801423,6.8377852,31.835192,18.313309,28.040514,
7/31/2025 8:26,13.801436,6.8381267,31.83522,18.296528,28.014542,
7/31/2025 8:26,13.801111,6.838151,31.834473,18.295029,28.012228,
7/31/2025 8:26,13.802817,6.8380814,31.838408,18.177193,27.83186,
7/31/2025 8:26,13.802937,6.8380847,31.838684,18.169363,27.819866,
7/31/2025 8:26,13.803056,6.838088,31.838959,18.161533,27.807875,
7/31/2025 8:27,13.781719,6.837921,31.789743,18.115416,27.7374,
7/31/2025 8:27,13.780459,6.8379087,31.786837,18.1096,27.728508,
7/31/2025 8:27,13.779199,6.8378963,31.783928,18.103786,27.719616,
7/31/2025 8:27,13.812366,6.8376484,31.860434,18.050735,27.638584,
7/31/2025 8:27,13.813813,6.8376293,31.863771,18.04634,27.631874,
7/31/2025 8:27,13.815261,6.8376102,31.867111,18.041948,27.625162,
7/31/2025 8:27,13.790795,6.8383756,31.810675,17.989956,27.544937,
7/31/2025 8:27,13.790182,6.838414,31.809261,17.985455,27.538015,
7/31/2025 8:27,13.797222,6.8384347,31.825502,17.973476,27.519657,
7/31/2025 8:27,13.797072,6.8384542,31.825157,17.971478,27.51658,
7/31/2025 8:27,13.796922,6.8384733,31.82481,17.969479,27.513504,
7/31/2025 8:27,13.807806,6.8385425,31.849915,17.968632,27.51215,
7/31/2025 8:27,13.808634,6.838547,31.851824,17.96826,27.51158,
7/31/2025 8:27,13.809461,6.838552,31.853731,17.96789,27.511007,
7/31/2025 8:27,13.802324,6.8388186,31.837269,17.880447,27.376913,
7/31/2025 8:27,13.802173,6.838836,31.83692,17.87521,27.36888,
7/31/2025 8:27,13.794768,6.8392477,31.819841,17.810522,27.269503,
7/31/2025 8:27,13.794148,6.839279,31.818413,17.804457,27.260195,
7/31/2025 8:27,13.793529,6.8393106,31.816982,17.798393,27.250885,
7/31/2025 8:27,13.787738,6.8394785,31.803627,17.793177,27.242762,
7/31/2025 8:27,13.787205,6.839499,31.802395,17.791199,27.239717,
7/31/2025 8:27,13.786671,6.8395195,31.801165,17.78922,27.236673,
7/31/2025 8:27,13.784651,6.8393416,31.796505,17.766048,27.201338,
7/31/2025 8:27,13.784377,6.839336,31.795872,17.764452,27.198896,
7/31/2025 8:27,13.794321,6.839749,31.818811,17.733177,27.150686,
7/31/2025 8:27,13.794878,6.8397703,31.820095,17.730673,27.146833,
7/31/2025 8:27,13.795435,6.839792,31.82138,17.728168,27.142982,
7/31/2025 8:27,13.806739,6.8394685,31.847454,17.713139,27.120228,
7/31/2025 8:27,13.807664,6.83946,31.849586,17.711443,27.117638,
7/31/2025 8:27,13.808589,6.839451,31.85172,17.709745,27.115046,
7/31/2025 8:27,13.796196,6.839439,31.823135,17.828539,27.29694,
7/31/2025 8:27,13.795752,6.839431,31.822111,17.835182,27.307116,
7/31/2025 8:27,13.79314,6.8400846,31.816086,17.67879,27.06715,
7/31/2025 8:27,13.792688,6.8401246,31.815044,17.672028,27.056767,
7/31/2025 8:27,13.792236,6.8401647,31.814001,17.665268,27.046383,
7/31/2025 8:27,13.778703,6.840508,31.782784,17.672016,27.056442,
7/31/2025 8:27,13.777821,6.840545,31.78075,17.668488,27.051012,
7/31/2025 8:27,13.776939,6.8405824,31.778717,17.66496,27.045582,
7/31/2025 8:27,13.812441,6.840311,31.860605,17.569923,26.90029,
7/31/2025 8:27,13.81418,6.8403044,31.864618,17.564396,26.891832,
7/31/2025 8:27,13.793874,6.8407006,31.817776,17.621693,26.979242,
7/31/2025 8:27,13.793462,6.8407187,31.816828,17.622883,26.98105,
7/31/2025 8:27,13.793051,6.840737,31.815878,17.624073,26.982859,
7/31/2025 8:27,13.778318,6.8402543,31.781897,17.518085,26.82097,
7/31/2025 8:27,13.776921,6.8402357,31.778673,17.513159,26.813442,
7/31/2025 8:27,13.775523,6.8402166,31.775448,17.508232,26.805914,
7/31/2025 8:27,13.785217,6.840463,31.79781,17.464514,26.738783,
7/31/2025 8:27,13.785406,6.8404655,31.798244,17.459257,26.730734,
7/31/2025 8:27,13.77712,6.8407083,31.779129,17.447641,26.712759,
7/31/2025 8:27,13.776831,6.840729,31.778463,17.445915,26.7101,
7/31/2025 8:27,13.776542,6.8407497,31.777796,17.444191,26.707443,
7/31/2025 8:27,13.784526,6.840845,31.796213,17.428171,26.682844,
7/31/2025 8:27,13.784803,6.840857,31.796854,17.426897,26.680885,
7/31/2025 8:27,13.785081,6.8408685,31.797495,17.425623,26.678925,
7/31/2025 8:27,13.799649,6.8414655,31.831099,17.385187,26.616549,
7/31/2025 8:27,13.800707,6.841503,31.833538,17.382383,26.612228,
7/31/2025 8:27,13.804639,6.8415217,31.84261,17.380825,26.609827,
7/31/2025 8:27,13.805218,6.8415365,31.843946,17.379782,26.608221,
7/31/2025 8:27,13.805797,6.841552,31.845282,17.37874,26.606613,
7/31/2025 8:27,13.815916,6.8417106,31.86862,17.338852,26.545425,
7/31/2025 8:28,13.81662,6.8417206,31.870245,17.336435,26.541718,
7/31/2025 8:28,13.817324,6.84173,31.871868,17.334019,26.538012,
7/31/2025 8:28,13.8001175,6.841732,31.83218,17.322367,26.52017,
7/31/2025 8:28,13.799352,6.8417363,31.830416,17.320665,26.517561,
7/31/2025 8:28,13.798064,6.841736,31.827444,17.300694,26.486986,
7/31/2025 8:28,13.797572,6.841736,31.826311,17.2992,26.4847,
7/31/2025 8:28,13.797081,6.841736,31.825176,17.297707,26.482412,
7/31/2025 8:28,13.798728,6.8418093,31.828976,17.298733,26.483925,
7/31/2025 8:28,13.798795,6.8418136,31.829128,17.298294,26.483252,
7/31/2025 8:28,13.798861,6.841818,31.829279,17.297857,26.482578,
7/31/2025 8:28,13.783885,6.842076,31.794739,17.2758,26.44861,
7/31/2025 8:28,13.783038,6.8420925,31.792784,17.27451,26.44662,
7/31/2025 8:28,13.797645,6.842262,31.826477,17.272837,26.44393,
7/31/2025 8:28,13.7981825,6.842278,31.827719,17.272205,26.44295,
7/31/2025 8:28,13.798721,6.842294,31.82896,17.271574,26.441969,
7/31/2025 8:28,13.780847,6.8420434,31.78773,17.250605,26.410065,
7/31/2025 8:28,13.780132,6.8420324,31.786081,17.249298,26.408073,
7/31/2025 8:28,13.779418,6.8420215,31.784433,17.247993,26.406082,
7/31/2025 8:28,13.794714,6.8424573,31.819715,17.23067,26.379225,
7/31/2025 8:28,13.7951765,6.8424773,31.820782,17.2291,26.376804,
7/31/2025 8:28,13.7789345,6.8424897,31.78332,17.220583,26.363756,
7/31/2025 8:28,13.778308,6.8425007,31.781872,17.219645,26.362309,
7/31/2025 8:28,13.77768,6.842512,31.780426,17.218706,26.360863,
7/31/2025 8:28,13.780203,6.842586,31.786243,17.209333,26.346462,
7/31/2025 8:28,13.779945,6.842591,31.785648,17.20855,26.345259,
7/31/2025 8:28,13.779687,6.8425956,31.785051,17.207766,26.344055,
7/31/2025 8:28,13.784283,6.8428445,31.795654,17.189798,26.316353,
7/31/2025 8:28,13.784608,6.8428607,31.796404,17.1885,26.314354,
7/31/2025 8:28,13.783327,6.8434353,31.79345,17.177677,26.297342,
7/31/2025 8:28,13.783343,6.843477,31.793488,17.176592,26.295649,
7/31/2025 8:28,13.7833605,6.843518,31.793526,17.175507,26.293957,
7/31/2025 8:28,13.797847,6.8432937,31.826942,17.158354,26.267868,
7/31/2025 8:28,13.798695,6.8432946,31.828897,17.15704,26.265858,
7/31/2025 8:28,13.799542,6.8432956,31.830853,17.155727,26.263845,
7/31/2025 8:28,13.789684,6.8431873,31.808117,17.145935,26.248938,
7/31/2025 8:28,13.789475,6.843176,31.807632,17.1449,26.247362,
7/31/2025 8:28,13.807788,6.8436546,31.84987,17.128864,26.222446,
7/31/2025 8:28,13.808685,6.843682,31.851942,17.127638,26.220549,
7/31/2025 8:28,13.809583,6.843709,31.854012,17.126411,26.218649,
7/31/2025 8:28,13.791005,6.8439775,31.811163,17.131876,26.226809,
7/31/2025 8:28,13.790349,6.844006,31.809649,17.131798,26.22667,
7/31/2025 8:28,13.789693,6.844034,31.808136,17.131721,26.22653,
7/31/2025 8:28,13.795579,6.8444567,31.821712,17.11463,26.200039,
7/31/2025 8:28,13.795462,6.8444886,31.821442,17.11375,26.19867,
7/31/2025 8:28,13.783232,6.8440866,31.793232,17.129843,26.223616,
7/31/2025 8:28,13.782616,6.8440714,31.791811,17.130444,26.224545,
7/31/2025 8:28,13.782,6.8440566,31.79039,17.131042,26.225475,
7/31/2025 8:28,13.78526,6.8443036,31.79791,17.10728,26.188908,
7/31/2025 8:28,13.78514,6.8443084,31.797634,17.106266,26.18735,
7/31/2025 8:28,13.785021,6.8443127,31.797358,17.10525,26.18579,
7/31/2025 8:28,13.807577,6.84466,31.849386,17.088434,26.159784,
7/31/2025 8:28,13.808977,6.8446865,31.852617,17.086851,26.15734,
7/31/2025 8:28,13.797832,6.844613,31.826908,17.075075,26.139368,
7/31/2025 8:28,13.797652,6.844616,31.826492,17.073963,26.137665,
7/31/2025 8:28,13.797472,6.8446193,31.826078,17.072853,26.135962,
7/31/2025 8:28,13.7858715,6.844451,31.79932,17.082403,26.150711,
7/31/2025 8:28,13.784886,6.8444386,31.797047,17.082674,26.151134,
7/31/2025 8:28,13.7839,6.8444266,31.794773,17.082945,26.151558,
7/31/2025 8:28,13.794539,6.8451037,31.819311,17.071974,26.134245,
7/31/2025 8:28,13.794891,6.8451405,31.820124,17.071535,26.133543,
7/31/2025 8:29,13.809613,6.84532,31.854082,17.056211,26.109951,
7/31/2025 8:29,13.810779,6.845348,31.85677,17.05499,26.10806,
7/31/2025 8:29,13.811944,6.845375,31.859459,17.05377,26.10617,
7/31/2025 8:29,13.799391,6.8455415,31.830503,17.044746,26.092232,
7/31/2025 8:29,13.799005,6.8455563,31.829613,17.043814,26.090792,
7/31/2025 8:29,13.798619,6.845571,31.828722,17.04288,26.08935,
7/31/2025 8:29,13.799113,6.8452263,31.829863,17.030739,26.071028,
7/31/2025 8:29,13.798835,6.8452106,31.829222,17.029781,26.069574,
7/31/2025 8:29,13.780913,6.8458543,31.787882,17.02633,26.063803,
7/31/2025 8:29,13.779816,6.8458867,31.785349,17.02583,26.063013,
7/31/2025 8:29,13.778717,6.8459187,31.782816,17.02533,26.062222,
7/31/2025 8:29,13.790937,6.8459334,31.811007,17.02911,26.067997,
7/31/2025 8:29,13.791217,6.845951,31.81165,17.029255,26.068207,
7/31/2025 8:29,13.791496,6.8459687,31.812294,17.0294,26.068415,
7/31/2025 8:29,13.79453,6.8461227,31.819292,17.035143,26.077085,
7/31/2025 8:29,13.795006,6.8461328,31.82039,17.035572,26.077736,
7/31/2025 8:29,13.78391,6.8459764,31.794794,17.015945,26.047813,
7/31/2025 8:29,13.7832775,6.8459706,31.793337,17.014853,26.046144,
7/31/2025 8:29,13.782645,6.8459644,31.791878,17.01376,26.044476,
7/31/2025 8:29,13.806504,6.8463764,31.84691,16.999231,26.021921,
7/31/2025 8:29,13.807664,6.8463974,31.849586,16.997847,26.019785,
7/31/2025 8:29,13.808825,6.8464184,31.852262,16.996462,26.01765,
7/31/2025 8:29,13.803679,6.845927,31.840397,17.008207,26.036003,
7/31/2025 8:29,13.803973,6.8459077,31.841074,17.008522,26.036499,
7/31/2025 8:29,13.792726,6.8466916,31.815128,16.98309,25.996975,
7/31/2025 8:29,13.791905,6.846728,31.813236,16.981798,25.994968,
7/31/2025 8:29,13.791085,6.846764,31.811346,16.980507,25.992964,
7/31/2025 8:29,13.789799,6.8464584,31.808378,16.982544,25.996313,
7/31/2025 8:29,13.789444,6.8464594,31.80756,16.982033,25.995531,
7/31/2025 8:29,13.789088,6.846461,31.80674,16.981522,25.99475,
7/31/2025 8:29,13.794852,6.846948,31.820036,16.991852,26.01019,
7/31/2025 8:29,13.795157,6.8469696,31.82074,16.992512,26.011183,
7/31/2025 8:29,13.802833,6.847311,31.838444,16.984362,25.99845,
7/31/2025 8:29,13.803442,6.847344,31.839851,16.984085,25.998,
7/31/2025 8:29,13.804052,6.847377,31.841259,16.983807,25.99755,
7/31/2025 8:29,13.79724,6.8474703,31.825544,16.972925,25.980824,
7/31/2025 8:29,13.797026,6.847484,31.82505,16.97206,25.979485,
7/31/2025 8:29,13.796812,6.8474984,31.824556,16.971191,25.978148,
7/31/2025 8:29,13.7886305,6.8475814,31.805681,16.969942,25.976171,
7/31/2025 8:29,13.787976,6.847589,31.804173,16.969593,25.97563,
7/31/2025 8:29,13.802228,6.8476686,31.83705,16.973728,25.981897,
7/31/2025 8:29,13.802914,6.847676,31.83863,16.973951,25.982237,
7/31/2025 8:29,13.8036,6.847683,31.840214,16.974176,25.982574,
7/31/2025 8:29,13.800112,6.8477697,31.832165,16.960752,25.961962,
7/31/2025 8:29,13.800255,6.847777,31.832495,16.960041,25.960865,
7/31/2025 8:29,13.800397,6.847784,31.832823,16.959328,25.959768,
7/31/2025 8:29,13.806048,6.8477836,31.84586,16.962784,25.96506,
7/31/2025 8:29,13.806299,6.847786,31.846437,16.962648,25.964853,
7/31/2025 8:29,13.784963,6.847947,31.797222,16.966911,25.971254,
7/31/2025 8:29,13.783778,6.847957,31.79449,16.967262,25.971783,
7/31/2025 8:29,13.782595,6.847967,31.79176,16.967611,25.972313,
7/31/2025 8:29,13.800136,6.848208,31.832224,16.957949,25.957336,
7/31/2025 8:29,13.800665,6.8482265,31.833445,16.957466,25.956585,
7/31/2025 8:29,13.801194,6.848245,31.834665,16.956984,25.955832,
7/31/2025 8:29,13.81285,6.848413,31.86155,16.955858,25.95398,
7/31/2025 8:29,13.813983,6.848429,31.864162,16.955547,25.953493,
7/31/2025 8:29,13.783447,6.848364,31.793728,16.955593,25.953615,
7/31/2025 8:29,13.781811,6.848364,31.789951,16.955574,25.953587,
7/31/2025 8:29,13.780173,6.848364,31.786177,16.955555,25.953558,
7/31/2025 8:29,13.777984,6.848854,31.781126,16.95713,25.955595,
7/31/2025 8:30,13.777078,6.8488817,31.779036,16.957228,25.955723,
7/31/2025 8:30,13.776171,6.84891,31.776945,16.957325,25.95585,
7/31/2025 8:30,13.805335,6.848582,31.844215,16.938858,25.927832,
7/31/2025 8:30,13.807009,6.8485746,31.848074,16.937796,25.926212,
7/31/2025 8:30,13.784377,6.8489757,31.795872,16.94493,25.936825,
7/31/2025 8:30,13.783642,6.848993,31.794178,16.944939,25.936827,
7/31/2025 8:30,13.7829075,6.8490095,31.792482,16.944948,25.936829,
7/31/2025 8:30,13.77556,6.8495083,31.775534,16.945843,25.93782,
7/31/2025 8:30,13.774532,6.849549,31.77316,16.946085,25.938158,
7/31/2025 8:30,13.773503,6.8495893,31.77079,16.946325,25.938498,
7/31/2025 8:30,13.791694,6.849253,31.81275,16.947607,25.940716,
7/31/2025 8:30,13.79259,6.849246,31.814816,16.947706,25.940872,
7/31/2025 8:30,13.782561,6.8493185,31.791685,16.94745,25.940424,
7/31/2025 8:30,13.782363,6.849315,31.791227,16.947466,25.940454,
7/31/2025 8:30,13.782165,6.849312,31.79077,16.947483,25.940483,
7/31/2025 8:30,13.7908325,6.849889,31.810762,16.94135,25.930655,
7/31/2025 8:30,13.791111,6.8499265,31.811403,16.940966,25.930038,
7/31/2025 8:30,13.7913885,6.8499637,31.812044,16.940582,25.92942,
7/31/2025 8:30,13.792835,6.8500485,31.815382,16.940788,25.929674,
7/31/2025 8:30,13.793147,6.8500686,31.8161,16.940641,25.929436,
7/31/2025 8:30,13.8007765,6.850155,31.8337,16.938358,25.925875,
7/31/2025 8:30,13.801279,6.850162,31.83486,16.938223,25.925661,
7/31/2025 8:30,13.801782,6.850169,31.83602,16.938086,25.925447,
7/31/2025 8:30,13.812778,6.8504267,31.861385,16.93814,25.925335,
7/31/2025 8:30,13.813641,6.850445,31.863373,16.938087,25.92524,
7/31/2025 8:30,13.814502,6.8504624,31.865362,16.938032,25.925142,
7/31/2025 8:30,13.805303,6.8504643,31.844141,16.937927,25.924978,
7/31/2025 8:30,13.805035,6.850471,31.843523,16.937922,25.924965,
7/31/2025 8:30,13.81449,6.8511205,31.865332,16.927847,25.909056,
7/31/2025 8:30,13.814861,6.851161,31.866188,16.927217,25.90806,
7/31/2025 8:30,13.815233,6.8512015,31.867046,16.926586,25.907064,
7/31/2025 8:30,13.804263,6.851374,31.841745,16.930557,25.91301,
7/31/2025 8:30,13.803842,6.851401,31.840773,16.930544,25.91297,
7/31/2025 8:30,13.803419,6.8514276,31.839798,16.93053,25.91293,
7/31/2025 8:30,13.784348,6.8515873,31.795805,16.933218,25.916922,
7/31/2025 8:30,13.782933,6.8516016,31.792543,16.933474,25.917305,
7/31/2025 8:30,13.777592,6.8516083,31.780224,16.924923,25.904211,
7/31/2025 8:30,13.776824,6.8516126,31.778452,16.924446,25.903479,
7/31/2025 8:30,13.776056,6.851617,31.77668,16.92397,25.902744,
7/31/2025 8:30,13.809655,6.851616,31.854181,16.92559,25.905228,
7/31/2025 8:30,13.811589,6.851616,31.85864,16.925472,25.905048,
7/31/2025 8:30,13.813522,6.851616,31.863102,16.925356,25.90487,
7/31/2025 8:30,13.808283,6.851783,31.851015,16.922794,25.90082,
7/31/2025 8:30,13.808818,6.851793,31.85225,16.92268,25.900637,
7/31/2025 8:30,13.809352,6.851803,31.853481,16.922567,25.900455,
7/31/2025 8:30,13.790116,6.8520617,31.80911,16.9191,25.894955,
7/31/2025 8:30,13.788884,6.8520813,31.806269,16.918829,25.894526,
7/31/2025 8:30,13.79606,6.852087,31.82282,16.919289,25.895226,
7/31/2025 8:30,13.796057,6.852093,31.822815,16.919235,25.89514,
7/31/2025 8:30,13.796055,6.8521,31.82281,16.919182,25.895052,
7/31/2025 8:30,13.784156,6.8526115,31.795362,16.919664,25.895403,
7/31/2025 8:30,13.783611,6.8526425,31.794104,16.919704,25.895441,
7/31/2025 8:30,13.783066,6.8526735,31.792847,16.919743,25.895477,
7/31/2025 8:30,13.785625,6.8522387,31.79875,16.918617,25.894081,
7/31/2025 8:30,13.785467,6.8522263,31.798386,16.918562,25.894007,
7/31/2025 8:30,13.778302,6.8525386,31.781858,16.926353,25.905695,
7/31/2025 8:30,13.777923,6.8525476,31.780985,16.926804,25.90638,
7/31/2025 8:30,13.777544,6.8525567,31.780111,16.927256,25.907063,
7/31/2025 8:30,13.783968,6.8533278,31.794926,16.916142,25.88947,
7/31/2025 8:30,13.78417,6.8533816,31.795393,16.915672,25.88871,
7/31/2025 8:31,13.784372,6.853436,31.79586,16.915201,25.887949,
7/31/2025 8:31,13.796138,6.8529215,31.823,16.908224,25.877659,
7/31/2025 8:31,13.796988,6.852911,31.82496,16.907537,25.876616,
7/31/2025 8:31,13.801239,6.8534555,31.834764,16.91698,25.890656,
7/31/2025 8:31,13.801775,6.853477,31.836,16.917395,25.891273,
7/31/2025 8:31,13.802311,6.8534985,31.837236,16.91781,25.891893,
7/31/2025 8:31,13.8029375,6.8538604,31.838686,16.905525,25.872818,
7/31/2025 8:31,13.803085,6.853896,31.839027,16.905025,25.872025,
7/31/2025 8:31,13.803233,6.8539314,31.839369,16.904524,25.871233,
7/31/2025 8:31,13.801037,6.8533225,31.8343,16.913155,25.884901,
7/31/2025 8:31,13.800931,6.8532963,31.834055,16.913357,25.88523,
7/31/2025 8:31,13.796762,6.853676,31.824444,16.905554,25.873,
7/31/2025 8:31,13.796459,6.853685,31.823744,16.905285,25.872581,
7/31/2025 8:31,13.796156,6.853694,31.823044,16.905018,25.872166,
7/31/2025 8:31,13.795427,6.8541274,31.821363,16.91504,25.887178,
7/31/2025 8:31,13.7952795,6.854163,31.821022,16.915447,25.887775,
7/31/2025 8:31,13.795132,6.8541985,31.82068,16.915855,25.888372,
7/31/2025 8:31,13.799858,6.8540235,31.831581,16.91515,25.887424,
7/31/2025 8:31,13.800116,6.8540244,31.832174,16.915361,25.887747,
7/31/2025 8:31,13.810163,6.8546886,31.855352,16.913023,25.883667,
7/31/2025 8:31,13.81089,6.854726,31.857029,16.91286,25.883389,
7/31/2025 8:31,13.811617,6.8547626,31.858707,16.912697,25.88311,
7/31/2025 8:31,13.792313,6.8551016,31.814178,16.90628,25.873034,
7/31/2025 8:31,13.791406,6.855139,31.812084,16.905836,25.872324,
7/31/2025 8:31,13.790499,6.8551764,31.809992,16.905392,25.871616,
7/31/2025 8:31,13.796331,6.8549066,31.823446,16.91339,25.884062,
7/31/2025 8:31,13.796194,6.8549,31.82313,16.913696,25.884537,
7/31/2025 8:31,13.779343,6.8547287,31.784262,16.908447,25.876633,
7/31/2025 8:31,13.778446,6.854712,31.782194,16.908312,25.876436,
7/31/2025 8:31,13.777551,6.8546953,31.780127,16.908175,25.87624,
7/31/2025 8:31,13.799387,6.855353,31.830492,16.910149,25.878763,
7/31/2025 8:31,13.800274,6.855388,31.832539,16.910133,25.878714,
7/31/2025 8:31,13.801161,6.8554235,31.834585,16.910118,25.878666,
7/31/2025 8:31,13.793404,6.855262,31.816692,16.915693,25.88732,
7/31/2025 8:31,13.793493,6.855269,31.816902,16.916067,25.887888,
7/31/2025 8:31,13.792688,6.855931,31.815044,16.913446,25.883375,
7/31/2025 8:31,13.792451,6.8559675,31.814497,16.91341,25.883293,
7/31/2025 8:31,13.792214,6.8560047,31.81395,16.913376,25.883211,
7/31/2025 8:31,13.774263,6.8565116,31.772543,16.905266,25.870413,
7/31/2025 8:31,13.773154,6.8565593,31.769985,16.904705,25.86952,
7/31/2025 8:31,13.772045,6.856607,31.767427,16.904144,25.868626,
7/31/2025 8:31,13.791504,6.856094,31.812311,16.911892,25.88087,
7/31/2025 8:31,13.792188,6.856077,31.813889,16.912138,25.881264,
7/31/2025 8:31,13.783555,6.8564634,31.793976,16.90752,25.873901,
7/31/2025 8:31,13.783479,6.856476,31.793798,16.907415,25.873732,
7/31/2025 8:31,13.7834015,6.8564878,31.793621,16.90731,25.873564,
7/31/2025 8:31,13.793949,6.8570776,31.817951,16.905924,25.870996,
7/31/2025 8:31,13.794364,6.857123,31.818909,16.905724,25.870655,
7/31/2025 8:31,13.794779,6.8571687,31.819864,16.905521,25.870312,
7/31/2025 8:31,13.774031,6.8573403,31.772005,16.90475,25.869,
7/31/2025 8:31,13.773069,6.8573656,31.769789,16.904667,25.868855,
7/31/2025 8:31,13.806453,6.8577056,31.846794,16.908533,25.87451,
7/31/2025 8:31,13.808001,6.8577304,31.850363,16.908749,25.874823,
7/31/2025 8:31,13.809548,6.8577557,31.853933,16.908964,25.875134,
7/31/2025 8:31,13.804445,6.857504,31.842161,16.908926,25.875267,
7/31/2025 8:31,13.804974,6.857497,31.843382,16.909021,25.875416,
7/31/2025 8:31,13.805502,6.857491,31.8446,16.909115,25.875565,
7/31/2025 8:31,13.803849,6.857989,31.84079,16.91188,25.879421,
7/31/2025 8:31,13.803635,6.8580127,31.840294,16.912048,25.879658,
7/31/2025 8:31,13.790882,6.858272,31.810877,16.909035,25.874853,
7/31/2025 8:32,13.790076,6.8583,31.80902,16.908918,25.874653,
7/31/2025 8:32,13.78927,6.8583283,31.807161,16.908802,25.874454,
7/31/2025 8:32,13.807513,6.8587446,31.849241,16.910006,25.875982,
7/31/2025 8:32,13.808302,6.858776,31.851059,16.910004,25.875956,
7/31/2025 8:32,13.809091,6.8588076,31.852879,16.910002,25.875929,
7/31/2025 8:32,13.796043,6.85872,31.822783,16.907375,25.871975,
7/31/2025 8:32,13.795719,6.8587255,31.822035,16.907248,25.871777,
7/31/2025 8:32,13.798615,6.859208,31.828714,16.899687,25.859838,
7/31/2025 8:32,13.798475,6.859236,31.82839,16.899155,25.859005,
7/31/2025 8:32,13.798335,6.859264,31.828066,16.898624,25.85817,
7/31/2025 8:32,13.783483,6.859037,31.79381,16.888317,25.84257,
7/31/2025 8:32,13.782659,6.8590355,31.791908,16.887503,25.841324,
7/31/2025 8:32,13.781835,6.8590336,31.790007,16.886688,25.84008,
7/31/2025 8:32,13.792219,6.8596153,31.81396,16.89186,25.847553,
7/31/2025 8:32,13.792457,6.8596444,31.814508,16.8919,25.847593,
7/31/2025 8:32,13.805084,6.860217,31.843637,16.8905,25.845016,
7/31/2025 8:32,13.8061075,6.860266,31.845997,16.890533,25.845032,
7/31/2025 8:32,13.807131,6.8603153,31.848358,16.890568,25.845047,
7/31/2025 8:32,13.7988205,6.8602514,31.829187,16.89521,25.852201,
7/31/2025 8:32,13.798627,6.8602614,31.828741,16.895456,25.85257,
7/31/2025 8:32,13.798432,6.860272,31.828293,16.895702,25.85294,
7/31/2025 8:32,13.776021,6.8605037,31.776598,16.894266,25.850567,
7/31/2025 8:32,13.774484,6.8605165,31.77305,16.894299,25.850607,
7/31/2025 8:32,13.791041,6.8607764,31.811243,16.893148,25.84865,
7/31/2025 8:32,13.791549,6.860798,31.812412,16.893042,25.84847,
7/31/2025 8:32,13.792056,6.86082,31.813583,16.892935,25.84829,
7/31/2025 8:32,13.8122015,6.860995,31.860052,16.901487,25.861244,
7/31/2025 8:32,13.8138485,6.8610115,31.863852,16.901978,25.861982,
7/31/2025 8:32,13.815496,6.8610287,31.867653,16.90247,25.86272,
7/31/2025 8:32,13.771303,6.8610263,31.765715,16.890171,25.843904,
7/31/2025 8:32,13.769187,6.8610306,31.760834,16.889656,25.843111,
7/31/2025 8:32,13.778193,6.8615108,31.781609,16.892553,25.847183,
7/31/2025 8:32,13.777704,6.8615403,31.78048,16.892437,25.846985,
7/31/2025 8:32,13.777214,6.8615694,31.77935,16.89232,25.846786,
7/31/2025 8:32,13.793214,6.8618293,31.816257,16.89121,25.844889,
7/31/2025 8:32,13.794437,6.861857,31.81908,16.891216,25.844875,
7/31/2025 8:32,13.795661,6.8618846,31.821903,16.891222,25.844864,
7/31/2025 8:32,13.775864,6.862309,31.776236,16.882383,25.831022,
7/31/2025 8:32,13.775096,6.862341,31.774464,16.881826,25.830145,
7/31/2025 8:32,13.81215,6.862845,31.859934,16.883324,25.832054,
7/31/2025 8:32,13.813988,6.8628864,31.864174,16.883211,25.83185,
7/31/2025 8:32,13.815826,6.8629274,31.868416,16.883097,25.831644,
7/31/2025 8:32,13.802713,6.862679,31.83817,16.882652,25.831152,
7/31/2025 8:32,13.802857,6.8626766,31.838501,16.882666,25.831175,
7/31/2025 8:32,13.803,6.8626738,31.83883,16.882679,25.831198,
7/31/2025 8:32,13.81363,6.8626623,31.863352,16.895262,25.850458,
7/31/2025 8:32,13.813944,6.8626556,31.864075,16.895998,25.851593,
7/31/2025 8:32,13.808264,6.863381,31.850971,16.891052,25.843477,
7/31/2025 8:32,13.808184,6.8634257,31.850786,16.891045,25.843431,
7/31/2025 8:32,13.808103,6.8634706,31.850601,16.891035,25.843384,
7/31/2025 8:32,13.798981,6.8634906,31.82956,16.904938,25.86464,
7/31/2025 8:32,13.798276,6.8635097,31.827934,16.905664,25.865736,
7/31/2025 8:32,13.797571,6.8635287,31.82631,16.906391,25.866833,
7/31/2025 8:32,13.813591,6.8640275,31.86326,16.905876,25.86567,
7/31/2025 8:32,13.814313,6.864058,31.864925,16.906206,25.866148,
7/31/2025 8:32,13.786575,6.8640757,31.800943,16.90933,25.870916,
7/31/2025 8:32,13.785227,6.8640885,31.797832,16.909508,25.871178,
7/31/2025 8:32,13.783878,6.8641014,31.794722,16.909685,25.871439,
7/31/2025 8:32,13.776408,6.8640976,31.777493,16.906279,25.86623,
7/31/2025 8:32,13.775249,6.8640976,31.774817,16.90615,25.866034,
7/31/2025 8:33,13.77409,6.8640976,31.772142,16.906021,25.865839,
7/31/2025 8:33,13.802338,6.8644304,31.837301,16.90556,25.864882,
7/31/2025 8:33,13.803803,6.86445,31.840683,16.905447,25.864695,
7/31/2025 8:33,13.780217,6.865039,31.786278,16.906351,25.86563,
7/31/2025 8:33,13.779352,6.8650837,31.784283,16.9064,25.865671,
7/31/2025 8:33,13.778487,6.8651285,31.782288,16.90645,25.865713,
7/31/2025 8:33,13.78039,6.865302,31.786676,16.903955,25.861765,
7/31/2025 8:33,13.779872,6.865328,31.785479,16.903828,25.861551,
7/31/2025 8:33,13.779353,6.8653536,31.784283,16.9037,25.861336,
7/31/2025 8:33,13.780315,6.8653445,31.786503,16.913177,25.875843,
7/31/2025 8:33,13.780408,6.865349,31.786716,16.913681,25.87661,
7/31/2025 8:33,13.784833,6.8649373,31.796923,16.903913,25.861977,
7/31/2025 8:33,13.785118,6.8649116,31.797583,16.90353,25.861408,
7/31/2025 8:33,13.785403,6.864886,31.79824,16.903145,25.86084,
7/31/2025 8:33,13.798367,6.8657813,31.82814,16.907066,25.866161,
7/31/2025 8:33,13.799268,6.8658257,31.830217,16.907055,25.866112,
7/31/2025 8:33,13.800168,6.86587,31.832296,16.907043,25.866062,
7/31/2025 8:33,13.801769,6.865888,31.835989,16.904594,25.8623,
7/31/2025 8:33,13.802196,6.865912,31.836971,16.904547,25.86221,
7/31/2025 8:33,13.793222,6.8664017,31.816275,16.902912,25.859337,
7/31/2025 8:33,13.792697,6.866432,31.815063,16.902746,25.859062,
7/31/2025 8:33,13.792172,6.8664627,31.813854,16.902582,25.858788,
7/31/2025 8:33,13.795343,6.8668013,31.821167,16.898838,25.852804,
7/31/2025 8:33,13.795307,6.866834,31.821085,16.898571,25.852371,
7/31/2025 8:33,13.795272,6.866867,31.821003,16.898306,25.851938,
7/31/2025 8:33,13.782176,6.8671203,31.790794,16.904001,25.860462,
7/31/2025 8:33,13.781463,6.867144,31.789148,16.904251,25.860825,
7/31/2025 8:33,13.791576,6.867237,31.812479,16.906218,25.863764,
7/31/2025 8:33,13.791889,6.8672485,31.813202,16.906477,25.864153,
7/31/2025 8:33,13.792203,6.8672605,31.813925,16.906736,25.86454,
7/31/2025 8:33,13.787466,6.8674245,31.802996,16.905094,25.861902,
7/31/2025 8:33,13.787436,6.867437,31.802925,16.90504,25.861813,
7/31/2025 8:33,13.787405,6.867449,31.802855,16.90499,25.861723,
7/31/2025 8:33,13.779266,6.867876,31.784082,16.899086,25.852371,
7/31/2025 8:33,13.778663,6.8679056,31.782692,16.898697,25.851751,
7/31/2025 8:33,13.79059,6.868322,31.810205,16.897932,25.85027,
7/31/2025 8:33,13.791161,6.868358,31.81152,16.89775,25.849964,
7/31/2025 8:33,13.791731,6.868394,31.812834,16.897568,25.849659,
7/31/2025 8:33,13.786327,6.8684864,31.800371,16.902277,25.856792,
7/31/2025 8:33,13.786308,6.868502,31.800327,16.90255,25.857197,
7/31/2025 8:33,13.786289,6.8685184,31.800282,16.902822,25.857601,
7/31/2025 8:33,13.810732,6.8685927,31.856665,16.900335,25.85374,
7/31/2025 8:33,13.812062,6.8686,31.859734,16.900305,25.853687,
7/31/2025 8:33,13.797341,6.8686028,31.825775,16.896112,25.847271,
7/31/2025 8:33,13.797003,6.868605,31.824993,16.89579,25.846777,
7/31/2025 8:33,13.796663,6.868607,31.824211,16.895468,25.846283,
7/31/2025 8:33,13.787665,6.8694315,31.803457,16.895447,25.84563,
7/31/2025 8:33,13.786733,6.869482,31.801306,16.895342,25.84543,
7/31/2025 8:33,13.7858,6.8695326,31.799154,16.895237,25.845232,
7/31/2025 8:33,13.792309,6.869711,31.814169,16.89552,25.845528,
7/31/2025 8:33,13.792471,6.869743,31.814543,16.895533,25.845528,
7/31/2025 8:33,13.788957,6.87,31.806435,16.902334,25.855736,
7/31/2025 8:33,13.78889,6.87002,31.806282,16.902761,25.856373,
7/31/2025 8:33,13.788823,6.8700395,31.80613,16.903187,25.85701,
7/31/2025 8:33,13.8060255,6.8703675,31.845808,16.898449,25.849514,
7/31/2025 8:33,13.806997,6.870394,31.84805,16.898323,25.849302,
7/31/2025 8:33,13.807969,6.8704205,31.85029,16.8982,25.84909,
7/31/2025 8:33,13.799435,6.870588,31.830605,16.902784,25.855982,
7/31/2025 8:33,13.799367,6.8706064,31.830448,16.902937,25.856201,
7/31/2025 8:33,13.799299,6.870625,31.83029,16.90309,25.85642,
7/31/2025 8:34,13.78361,6.8711348,31.794106,16.909134,25.865282,
7/31/2025 8:34,13.78249,6.8711696,31.791521,16.909603,25.865973,
7/31/2025 8:34,13.812659,6.871345,31.86111,16.90526,25.859194,
7/31/2025 8:34,13.814142,6.871368,31.864532,16.905136,25.858986,
7/31/2025 8:34,13.815624,6.8713913,31.867952,16.90501,25.858778,
7/31/2025 8:34,13.785166,6.8715534,31.797693,16.909105,25.86492,
7/31/2025 8:34,13.7841,6.8715677,31.795235,16.909243,25.86512,
7/31/2025 8:34,13.783033,6.871582,31.792774,16.909378,25.865318,
7/31/2025 8:34,13.796269,6.8721704,31.823303,16.904787,25.85785,
7/31/2025 8:34,13.796295,6.8722095,31.823364,16.90462,25.857563,
7/31/2025 8:34,13.788862,6.872224,31.806217,16.902355,25.854088,
7/31/2025 8:34,13.788729,6.872239,31.80591,16.902107,25.853697,
7/31/2025 8:34,13.788595,6.872254,31.805601,16.90186,25.853306,
7/31/2025 8:34,13.799018,6.8730927,31.829645,16.913609,25.870644,
7/31/2025 8:34,13.799453,6.873143,31.830648,16.914255,25.871595,
7/31/2025 8:34,13.799888,6.873194,31.831652,16.914904,25.872547,
7/31/2025 8:34,13.786178,6.872769,31.800024,16.906864,25.860573,
7/31/2025 8:34,13.785634,6.8727655,31.798769,16.906689,25.860304,
7/31/2025 8:34,13.806907,6.873005,31.847837,16.90619,25.859365,
7/31/2025 8:34,13.807884,6.8730097,31.850094,16.905972,25.859026,
7/31/2025 8:34,13.808862,6.8730145,31.85235,16.905754,25.858688,
7/31/2025 8:34,13.80371,6.8732705,31.840467,16.90415,25.856043,
7/31/2025 8:34,13.80394,6.873292,31.840998,16.904043,25.855862,
7/31/2025 8:34,13.804169,6.8733134,31.841526,16.903934,25.855679,
7/31/2025 8:34,13.789981,6.874063,31.808798,16.906067,25.858374,
7/31/2025 8:34,13.789041,6.8741136,31.80663,16.906147,25.858458,
7/31/2025 8:34,13.8013115,6.874636,31.834936,16.907022,25.859402,
7/31/2025 8:34,13.801746,6.8746853,31.83594,16.907124,25.859522,
7/31/2025 8:34,13.802181,6.8747344,31.836943,16.907227,25.85964,
7/31/2025 8:34,13.783286,6.874152,31.793356,16.900198,25.849333,
7/31/2025 8:34,13.782436,6.8741293,31.791395,16.899788,25.848724,
7/31/2025 8:34,13.781587,6.8741064,31.789434,16.899378,25.848114,
7/31/2025 8:34,13.786476,6.874862,31.800713,16.910292,25.864233,
7/31/2025 8:34,13.786273,6.8748918,31.800245,16.910751,25.864916,
7/31/2025 8:34,13.799703,6.874917,31.83122,16.910685,25.864796,
7/31/2025 8:34,13.800641,6.8749366,31.833387,16.910934,25.865164,
7/31/2025 8:34,13.80158,6.8749557,31.835552,16.911186,25.865534,
7/31/2025 8:34,13.785287,6.875611,31.79797,16.906523,25.857904,
7/31/2025 8:34,13.784642,6.875651,31.796484,16.906239,25.85744,
7/31/2025 8:34,13.7839985,6.875691,31.794998,16.905956,25.856977,
7/31/2025 8:34,13.794502,6.8756,31.819227,16.898687,25.845928,
7/31/2025 8:34,13.794721,6.8756113,31.819729,16.898142,25.845085,
7/31/2025 8:34,13.802665,6.8756976,31.838058,16.902714,25.852013,
7/31/2025 8:34,13.803407,6.875701,31.839767,16.902822,25.852177,
7/31/2025 8:34,13.804148,6.875704,31.841478,16.902931,25.852343,
7/31/2025 8:34,13.783694,6.8757997,31.794296,16.90013,25.847982,
7/31/2025 8:34,13.782661,6.875808,31.791914,16.900076,25.847895,
7/31/2025 8:34,13.781629,6.8758154,31.789532,16.900023,25.847807,
7/31/2025 8:34,13.786635,6.876058,31.801083,16.906176,25.857033,
7/31/2025 8:34,13.78642,6.876075,31.800585,16.90647,25.85747,
7/31/2025 8:34,13.794604,6.8762507,31.819464,16.911577,25.86515,
7/31/2025 8:34,13.795229,6.876267,31.820902,16.912039,25.865843,
7/31/2025 8:34,13.795853,6.8762836,31.822342,16.9125,25.866537,
7/31/2025 8:34,13.786789,6.8767815,31.801435,16.903955,25.853094,
7/31/2025 8:34,13.786448,6.8768163,31.80065,16.90357,25.852478,
7/31/2025 8:34,13.786107,6.8768506,31.799864,16.903183,25.851862,
7/31/2025 8:34,13.78603,6.87685,31.799685,16.904728,25.854221,
7/31/2025 8:34,13.785803,6.876863,31.79916,16.904608,25.854029,
7/31/2025 8:34,13.80826,6.876699,31.850964,16.905159,25.854996,
7/31/2025 8:34,13.809647,6.876689,31.854162,16.905231,25.855114,
7/31/2025 8:35,13.811033,6.876679,31.85736,16.905302,25.855232,
7/31/2025 8:35,13.795378,6.877591,31.821247,16.907585,25.858034,
7/31/2025 8:35,13.795003,6.877642,31.820381,16.907736,25.858227,
7/31/2025 8:35,13.794627,6.877693,31.819515,16.907887,25.85842,
7/31/2025 8:35,13.791694,6.8783016,31.812748,16.898355,25.843382,
7/31/2025 8:35,13.79114,6.8783603,31.81147,16.897856,25.842571,
7/31/2025 8:35,13.799897,6.87886,31.831673,16.901007,25.847013,
7/31/2025 8:35,13.8003845,6.8789053,31.832798,16.900982,25.846941,
7/31/2025 8:35,13.800873,6.87895,31.833921,16.900957,25.84687,
7/31/2025 8:35,13.798724,6.8787074,31.828966,16.899702,25.845135,
7/31/2025 8:35,13.7988205,6.8787055,31.82919,16.89971,25.84515,
7/31/2025 8:35,13.798917,6.878704,31.82941,16.89972,25.845163,
7/31/2025 8:35,13.765132,6.8787723,31.751482,16.906975,25.856209,
7/31/2025 8:35,13.763068,6.878771,31.746721,16.907377,25.856825,
7/31/2025 8:35,13.779625,6.878936,31.784912,16.902332,25.848984,
7/31/2025 8:35,13.779843,6.8789477,31.785416,16.902197,25.848766,
7/31/2025 8:35,13.780061,6.8789597,31.785917,16.902061,25.84855,
7/31/2025 8:35,13.7874565,6.87914,31.802975,16.91853,25.873602,
7/31/2025 8:35,13.788318,6.879155,31.804962,16.91939,25.874905,
7/31/2025 8:35,13.789179,6.87917,31.806948,16.92025,25.876207,
7/31/2025 8:35,13.794369,6.879501,31.818916,16.905006,25.852646,
7/31/2025 8:35,13.794866,6.879525,31.820063,16.904505,25.851862,
7/31/2025 8:35,13.786914,6.8796954,31.801723,16.908108,25.857243,
7/31/2025 8:35,13.786558,6.879714,31.800903,16.907957,25.856998,
7/31/2025 8:35,13.786202,6.879732,31.800083,16.907806,25.856754,
7/31/2025 8:35,13.804854,6.8805614,31.843105,16.906572,25.85424,
7/31/2025 8:35,13.805794,6.8806157,31.845272,16.906588,25.854221,
7/31/2025 8:35,13.806733,6.8806705,31.847437,16.9066,25.854202,
7/31/2025 8:35,13.788832,6.880598,31.806149,16.90363,25.849716,
7/31/2025 8:35,13.788257,6.880615,31.804821,16.90342,25.849382,
7/31/2025 8:35,13.802695,6.8815074,31.838125,16.898624,25.841372,
7/31/2025 8:35,13.803178,6.8815613,31.839241,16.898258,25.840773,
7/31/2025 8:35,13.803661,6.8816156,31.840355,16.897892,25.840172,
7/31/2025 8:35,13.777208,6.8812213,31.779337,16.907537,25.855219,
7/31/2025 8:35,13.775988,6.8812203,31.77652,16.907997,25.855925,
7/31/2025 8:35,13.774766,6.88122,31.773703,16.908459,25.856628,
7/31/2025 8:35,13.781126,6.8820343,31.788376,16.899603,25.84247,
7/31/2025 8:35,13.780839,6.882073,31.787714,16.899319,25.842005,
7/31/2025 8:35,13.797448,6.8816977,31.826023,16.90304,25.847979,
7/31/2025 8:35,13.798634,6.8816943,31.828756,16.903057,25.848011,
7/31/2025 8:35,13.799818,6.8816905,31.83149,16.903076,25.848042,
7/31/2025 8:35,13.784008,6.8822474,31.795021,16.896238,25.837164,
7/31/2025 8:35,13.783477,6.882271,31.793795,16.895924,25.836664,
7/31/2025 8:35,13.782946,6.8822947,31.792568,16.895609,25.836166,
7/31/2025 8:35,13.780604,6.8826523,31.78717,16.892498,25.83114,
7/31/2025 8:35,13.780082,6.8826876,31.785963,16.892143,25.830568,
7/31/2025 8:35,13.785803,6.883184,31.799162,16.899057,25.840769,
7/31/2025 8:35,13.786114,6.8832226,31.79988,16.899416,25.841288,
7/31/2025 8:35,13.786426,6.883261,31.800598,16.899776,25.841808,
7/31/2025 8:35,13.787111,6.883104,31.80218,16.899357,25.841288,
7/31/2025 8:35,13.787297,6.8831067,31.80261,16.899508,25.841515,
7/31/2025 8:35,13.787484,6.8831096,31.803041,16.899656,25.841742,
7/31/2025 8:35,13.767182,6.8833613,31.75621,16.887985,25.823704,
7/31/2025 8:35,13.765994,6.883373,31.75347,16.887283,25.822622,
7/31/2025 8:35,13.768702,6.883614,31.759716,16.8966,25.836687,
7/31/2025 8:35,13.768394,6.883635,31.759007,16.896906,25.83714,
7/31/2025 8:35,13.768087,6.883656,31.758299,16.897211,25.837591,
7/31/2025 8:35,13.79797,6.884081,31.827229,16.898302,25.838934,
7/31/2025 8:35,13.799857,6.8841124,31.831581,16.898605,25.839376,
7/31/2025 8:35,13.8017435,6.8841443,31.835934,16.898909,25.839817,
7/31/2025 8:36,13.795366,6.884487,31.82122,16.909534,25.855806,
7/31/2025 8:36,13.795743,6.8845186,31.82209,16.910196,25.856794,
7/31/2025 8:36,13.805883,6.884846,31.84548,16.895128,25.833506,
7/31/2025 8:36,13.806357,6.884875,31.846571,16.894447,25.832443,
7/31/2025 8:36,13.80683,6.884903,31.847664,16.893766,25.831379,
7/31/2025 8:36,13.77205,6.8852496,31.767439,16.899931,25.840546,
7/31/2025 8:36,13.770196,6.8852787,31.763165,16.899921,25.840511,
7/31/2025 8:36,13.768343,6.8853083,31.758888,16.899914,25.840475,
7/31/2025 8:36,13.807419,6.8857207,31.849024,16.891275,25.826958,
7/31/2025 8:36,13.808846,6.885754,31.852316,16.890917,25.826385,
7/31/2025 8:36,13.768815,6.8863387,31.759975,16.902355,25.843431,
7/31/2025 8:36,13.76722,6.886385,31.756296,16.902866,25.844175,
7/31/2025 8:36,13.765625,6.886431,31.752617,16.903376,25.84492,
7/31/2025 8:36,13.764866,6.8861046,31.750868,16.898617,25.837893,
7/31/2025 8:36,13.763772,6.8861,31.748344,16.898628,25.837914,
7/31/2025 8:36,13.762678,6.886095,31.745821,16.89864,25.837934,
7/31/2025 8:36,13.784694,6.886847,31.796602,16.913414,25.859955,
7/31/2025 8:36,13.785979,6.886884,31.799566,16.914188,25.86111,
7/31/2025 8:36,13.7977085,6.8867464,31.826622,16.911846,25.857634,
7/31/2025 8:36,13.798942,6.8867564,31.829468,16.912062,25.857954,
7/31/2025 8:36,13.800176,6.886766,31.832315,16.912275,25.858274,
7/31/2025 8:36,13.790836,6.8873277,31.810772,16.904066,25.8453,
7/31/2025 8:36,13.790559,6.887358,31.810133,16.903505,25.84442,
7/31/2025 8:36,13.790282,6.8873887,31.809494,16.902945,25.84354,
7/31/2025 8:36,13.794814,6.887317,31.819944,16.904123,25.845396,
7/31/2025 8:36,13.794857,6.887327,31.820044,16.903988,25.84518,
7/31/2025 8:36,13.790682,6.88748,31.810415,16.905792,25.847824,
7/31/2025 8:36,13.790537,6.8874874,31.81008,16.905933,25.848034,
7/31/2025 8:36,13.790391,6.8874946,31.809744,16.906075,25.848244,
7/31/2025 8:36,13.790251,6.8880844,31.80942,16.907356,25.84976,
7/31/2025 8:36,13.790135,6.888124,31.809155,16.90748,25.849918,
7/31/2025 8:36,13.790021,6.8881636,31.80889,16.907604,25.850077,
7/31/2025 8:36,13.784634,6.888671,31.796465,16.9027,25.8422,
7/31/2025 8:36,13.784308,6.888716,31.795713,16.902443,25.841768,
7/31/2025 8:36,13.795484,6.888818,31.821491,16.908352,25.850727,
7/31/2025 8:36,13.79605,6.888836,31.822798,16.908606,25.851099,
7/31/2025 8:36,13.796617,6.8888535,31.824104,16.908857,25.85147,
7/31/2025 8:36,13.759976,6.8891015,31.739588,16.91525,25.86106,
7/31/2025 8:36,13.758029,6.889119,31.735098,16.91579,25.861872,
7/31/2025 8:36,13.756083,6.889137,31.730606,16.91633,25.862684,
7/31/2025 8:36,13.788175,6.8889637,31.804632,16.914217,25.859587,
7/31/2025 8:36,13.789164,6.88896,31.806911,16.914255,25.859646,
7/31/2025 8:36,13.790152,6.888956,31.80919,16.914293,25.859707,
7/31/2025 8:36,13.799736,6.8892093,31.8313,16.909168,25.85168,
7/31/2025 8:36,13.801079,6.88922,31.834398,16.908825,25.851147,
7/31/2025 8:36,13.799892,6.8893886,31.83166,16.920097,25.868254,
7/31/2025 8:36,13.800043,6.8894043,31.832008,16.920645,25.86908,
7/31/2025 8:36,13.800194,6.8894205,31.832355,16.921192,25.869904,
7/31/2025 8:36,13.804857,6.889761,31.843113,16.918436,25.865433,
7/31/2025 8:36,13.805118,6.8897853,31.843712,16.918537,25.865568,
7/31/2025 8:36,13.781894,6.8902874,31.790144,16.915487,25.860525,
7/31/2025 8:36,13.780504,6.8903275,31.78694,16.91521,25.860073,
7/31/2025 8:36,13.779116,6.890368,31.783735,16.914936,25.859623,
7/31/2025 8:36,13.782774,6.890537,31.792173,16.913383,25.857124,
7/31/2025 8:36,13.7823715,6.89056,31.791245,16.913208,25.856834,
7/31/2025 8:36,13.781969,6.8905835,31.790316,16.91303,25.856546,
7/31/2025 8:36,13.768139,6.8914185,31.758415,16.918682,25.864555,
7/31/2025 8:36,13.767384,6.891473,31.756674,16.918976,25.864965,
7/31/2025 8:36,13.774735,6.891593,31.773632,16.913015,25.855762,
7/31/2025 8:36,13.774856,6.89162,31.77391,16.912775,25.855375,
7/31/2025 8:37,13.774977,6.8916473,31.774187,16.912535,25.854988,
7/31/2025 8:37,13.788085,6.891808,31.804424,16.91259,25.85495,
7/31/2025 8:37,13.789076,6.8918204,31.806711,16.912441,25.854712,
7/31/2025 8:37,13.790067,6.891833,31.808996,16.912292,25.854475,
7/31/2025 8:37,13.773042,6.8918333,31.769726,16.920494,25.867012,
7/31/2025 8:37,13.772365,6.8918376,31.768164,16.92098,25.867754,
7/31/2025 8:37,13.773127,6.8924727,31.76992,16.914303,25.857065,
7/31/2025 8:37,13.772779,6.8925123,31.769121,16.914074,25.856684,
7/31/2025 8:37,13.772432,6.892552,31.76832,16.913843,25.856302,
7/31/2025 8:37,13.790273,6.893069,31.80947,16.913948,25.856073,
7/31/2025 8:37,13.791401,6.8931165,31.812073,16.913782,25.855782,
7/31/2025 8:37,13.79253,6.893164,31.814676,16.913616,25.855492,
7/31/2025 8:37,13.800253,6.8929925,31.832495,16.914764,25.85738,
7/31/2025 8:37,13.801172,6.892996,31.834616,16.914835,25.857485,
7/31/2025 8:37,13.78029,6.893555,31.786444,16.912525,25.85353,
7/31/2025 8:37,13.779164,6.8935857,31.783848,16.912407,25.853325,
7/31/2025 8:37,13.778039,6.8936167,31.781254,16.912287,25.853119,
7/31/2025 8:37,13.783954,6.8940454,31.794893,16.91205,25.852434,
7/31/2025 8:37,13.783786,6.8940854,31.794506,16.911978,25.852293,
7/31/2025 8:37,13.783618,6.894126,31.794119,16.911905,25.85215,
7/31/2025 8:37,13.802429,6.894551,31.837515,16.918186,25.861433,
7/31/2025 8:37,13.8037,6.894587,31.840446,16.918556,25.86197,
7/31/2025 8:37,13.804972,6.8946233,31.84338,16.918924,25.862507,
7/31/2025 8:37,13.784159,6.8942666,31.795368,16.91521,25.857101,
7/31/2025 8:37,13.783416,6.8942575,31.793655,16.915154,25.85702,
7/31/2025 8:37,13.801175,6.894579,31.834621,16.914524,25.855814,
7/31/2025 8:37,13.801767,6.8945904,31.835987,16.9144,25.855616,
7/31/2025 8:37,13.80236,6.894602,31.837353,16.914276,25.855417,
7/31/2025 8:37,13.787784,6.8951106,31.80373,16.911257,25.85042,
7/31/2025 8:37,13.787355,6.8951488,31.802744,16.911062,25.850092,
7/31/2025 8:37,13.786927,6.8951874,31.801756,16.910866,25.849764,
7/31/2025 8:37,13.787598,6.8954363,31.8033,16.91905,25.862085,
7/31/2025 8:37,13.787279,6.8954644,31.802565,16.919458,25.862688,
7/31/2025 8:37,13.786258,6.895873,31.80021,16.913744,25.853643,
7/31/2025 8:37,13.78622,6.8959045,31.800123,16.91359,25.853384,
7/31/2025 8:37,13.786181,6.8959355,31.800034,16.913435,25.853125,
7/31/2025 8:37,13.79305,6.896105,31.815876,16.910091,25.847889,
7/31/2025 8:37,13.793435,6.8961253,31.816765,16.909748,25.84735,
7/31/2025 8:37,13.793819,6.8961463,31.817654,16.909405,25.84681,
7/31/2025 8:37,13.783793,6.8964014,31.794525,16.918655,25.860754,
7/31/2025 8:37,13.783382,6.896421,31.793577,16.919107,25.86143,
7/31/2025 8:37,13.811538,6.8967557,31.858526,16.915625,25.855854,
7/31/2025 8:37,13.813051,6.8967824,31.862015,16.915619,25.855825,
7/31/2025 8:37,13.814565,6.8968096,31.865505,16.915613,25.855795,
7/31/2025 8:37,13.78394,6.8972282,31.794865,16.914835,25.85429,
7/31/2025 8:37,13.782844,6.897262,31.792336,16.914698,25.854055,
7/31/2025 8:37,13.781747,6.8972955,31.789804,16.91456,25.853819,
7/31/2025 8:37,13.802635,6.897802,31.837988,16.916853,25.856941,
7/31/2025 8:37,13.803137,6.897843,31.839146,16.91697,25.857086,
7/31/2025 8:37,13.777902,6.8976126,31.780935,16.892918,25.820498,
7/31/2025 8:37,13.776871,6.897611,31.778557,16.891495,25.818325,
7/31/2025 8:37,13.775839,6.897609,31.776178,16.890072,25.816153,
7/31/2025 8:37,13.794016,6.89827,31.818108,16.914469,25.852943,
7/31/2025 8:37,13.794472,6.8983045,31.819159,16.915327,25.854227,
7/31/2025 8:37,13.794928,6.8983383,31.82021,16.916183,25.855513,
7/31/2025 8:37,13.788532,6.8986773,31.805456,16.917952,25.857956,
7/31/2025 8:37,13.788608,6.898714,31.80563,16.918657,25.859007,
7/31/2025 8:37,13.787226,6.898722,31.802444,16.919415,25.860163,
7/31/2025 8:37,13.786982,6.8987303,31.80188,16.919495,25.860275,
7/31/2025 8:37,13.786737,6.898739,31.801317,16.919573,25.86039,
7/31/2025 8:38,13.774125,6.899234,31.772224,16.912935,25.84987,
7/31/2025 8:38,13.7733345,6.899264,31.7704,16.912558,25.849272,
7/31/2025 8:38,13.772543,6.899294,31.768576,16.91218,25.848673,
7/31/2025 8:38,13.780639,6.899222,31.78725,16.91481,25.852747,
7/31/2025 8:38,13.780791,6.8992305,31.787603,16.914799,25.852722,
7/31/2025 8:38,13.804982,6.899461,31.843403,16.919413,25.859602,
7/31/2025 8:38,13.806657,6.899473,31.847265,16.919758,25.86012,
7/31/2025 8:38,13.808331,6.899486,31.851128,16.920103,25.860638,
7/31/2025 8:38,13.796601,6.899677,31.82407,16.926666,25.870525,
7/31/2025 8:38,13.796508,6.8996944,31.823853,16.927177,25.871294,
7/31/2025 8:38,13.796413,6.8997116,31.823635,16.927689,25.87206,
