Report Date:,8/14/2026 6:19:28 PM
Report User Name:,geogals
Report Computer Name:,TAY-DRIVE
Application:,WinSitu.exe
Application Version:,5.7.8.0


Log File Properties
File Name,NaCl_20260812_RR_2026-08-14_18-15-24-843.wsl
Create Date,8/14/2026 6:15:22 PM

Device Properties
Device,Aqua TROLL 200
Site,Longmire stoking well
Device Name, 
Serial Number,680530
Firmware Version,2.04
Hardware Version,4
Device Address,1
Device Comm Cfg,19200,8,Even,1,(Modbus-RTU)
Used Memory,26
Used Battery,73

Log Configuration
,Log Name,NaCl_20260812_RR
,Created By,geogals
,Computer Name,TAY-DRIVE
,Application,WinSitu.exe
,Application Version,5.7.8.0
,Create Date,8/12/2026 12:26:27 PM Pacific Daylight Time
,Log Setup Time Zone,Pacific Daylight Time
,Notes Size(bytes),4096
,Overwrite when full,Disabled
,Scheduled Start Time,Manual Start
,Scheduled Stop Time,No Stop Time
,Type,Event
,Event Sensor,PCTD(A) 35.8ft
,Event Parameter,Pressure (PSI)
,Sample Rate,Days: 0 hrs: 00 mins: 00 secs: 01
,Default Log Rate,Days: 0 hrs: 00 mins: 00 secs: 05
,High Trigger,         -2.000,(PSI)





Other Log Settings
,Pressure Offset:,13.2718 (PSI)
,Depth of Probe:,0.206138 (ft)
,Head Pressure:,0.0892181 (PSI)
,Temperature:,19.3466 (C)

,Specific Conductivity Model:,Modified Standard Methods
,,Reference Temperature:,20
,,Temperature Coefficient:,0.0191

,TDS Factor:,0.65


Log Notes:
Date and Time,Note
8/12/2026 12:26:30 PM ,Used Battery: 73% Used Memory: 26%   User Name: geogals
8/12/2026 1:19:23 PM  ,Manual Start Command
8/12/2026 2:56:29 PM  ,Manual Stop Command


Log Data:
Record Count,1222

Sensors,1

 ,1,680530,PCTD 30 PSIA (10.9m/35.8ft)

Time Zone: Pacific Daylight Time

,,Sensor: PCTD(A) 35.8ft                  ,Sensor: PCTD(A) 35.8ft                  ,Sensor: PCTD(A) 35.8ft                  ,Sensor: PCTD(A) 35.8ft                  ,Sensor: PCTD(A) 35.8ft                  ,Sensor: PCTD(A) 35.8ft                  ,Sensor: PCTD(A) 35.8ft                  ,
,Elapsed Time,SN#: 680530                             ,SN#: 680530                             ,SN#: 680530                             ,SN#: 680530                             ,SN#: 680530                             ,SN#: 680530                             ,SN#: 680530                             ,
Date and Time,Seconds     ,Temperature (C)                         ,Actual Conductivity (µS/cm)             ,Specific Conductivity (µS/cm)           ,Salinity (PSU)                          ,Total Dissolved Solids (ppt)            ,Resistivity (ohm-cm)                    ,Water Density (g/cm3)                   ,
8/12/2026 1:19:23 PM  ,       0.000,                                  10.350,                                  20.688,                                  25.363,                                   0.012,                                   0.016,                               48337.348,                                   1.000,
8/12/2026 1:19:24 PM  ,       1.000,                                  10.345,                                  21.114,                                  25.888,                                   0.012,                                   0.017,                               47361.602,                                   1.000,
8/12/2026 1:19:25 PM  ,       2.000,                                  10.345,                                  20.983,                                  25.728,                                   0.012,                                   0.017,                               47657.043,                                   1.000,
8/12/2026 1:19:26 PM  ,       3.000,                                  10.344,                                  20.857,                                  25.573,                                   0.012,                                   0.017,                               47945.234,                                   1.000,
8/12/2026 1:19:27 PM  ,       4.000,                                  10.339,                                  20.951,                                  25.692,                                   0.012,                                   0.017,                               47730.246,                                   1.000,
8/12/2026 1:19:28 PM  ,       5.000,                                  10.338,                                  21.005,                                  25.759,                                   0.012,                                   0.017,                               47607.590,                                   1.000,
8/12/2026 1:19:29 PM  ,       6.000,                                  10.338,                                  21.033,                                  25.793,                                   0.012,                                   0.017,                               47544.145,                                   1.000,
8/12/2026 1:19:30 PM  ,       7.000,                                  10.338,                                  20.950,                                  25.691,                                   0.012,                                   0.017,                               47732.535,                                   1.000,
8/12/2026 1:19:31 PM  ,       8.000,                                  10.333,                                  21.010,                                  25.768,                                   0.012,                                   0.017,                               47596.852,                                   1.000,
8/12/2026 1:19:32 PM  ,       9.000,                                  10.329,                                  20.910,                                  25.647,                                   0.012,                                   0.017,                               47823.965,                                   1.000,
8/12/2026 1:19:33 PM  ,      10.000,                                  10.324,                                  20.661,                                  25.345,                                   0.012,                                   0.016,                               48399.445,                                   1.000,
8/12/2026 1:19:34 PM  ,      11.000,                                   0.000,                                   0.000,                                   0.000,                                   0.000,                                   0.000,                                   0.000,                                   0.000,
8/12/2026 1:19:35 PM  ,      12.000,                                  10.324,                                  20.755,                                  25.461,                                   0.012,                                   0.017,                               48180.105,                                   1.000,
8/12/2026 1:19:36 PM  ,      13.000,                                  10.322,                                  21.079,                                  25.858,                                   0.012,                                   0.017,                               47441.605,                                   1.000,
8/12/2026 1:19:37 PM  ,      14.000,                                  10.319,                                  20.867,                                  25.600,                                   0.012,                                   0.017,                               47923.113,                                   1.000,
8/12/2026 1:19:38 PM  ,      15.000,                                  10.319,                                  20.906,                                  25.648,                                   0.012,                                   0.017,                               47834.258,                                   1.000,
8/12/2026 1:19:39 PM  ,      16.000,                                  10.315,                                  20.864,                                  25.600,                                   0.012,                                   0.017,                               47929.457,                                   1.000,
8/12/2026 1:19:40 PM  ,      17.000,                                  10.314,                                  20.890,                                  25.632,                                   0.012,                                   0.017,                               47868.961,                                   1.000,
8/12/2026 1:19:41 PM  ,      18.000,                                  10.309,                                  20.721,                                  25.427,                                   0.012,                                   0.017,                               48260.234,                                   1.000,
8/12/2026 1:19:42 PM  ,      19.000,                                  10.307,                                  20.856,                                  25.595,                                   0.012,                                   0.017,                               47947.184,                                   1.000,
8/12/2026 1:19:43 PM  ,      20.000,                                  10.307,                                  21.077,                                  25.866,                                   0.012,                                   0.017,                               47444.348,                                   1.000,
8/12/2026 1:19:48 PM  ,      25.000,                                  10.294,                                  20.956,                                  25.725,                                   0.012,                                   0.017,                               47718.434,                                   1.000,
8/12/2026 1:19:53 PM  ,      30.000,                                  10.292,                                  20.990,                                  25.768,                                   0.012,                                   0.017,                               47642.055,                                   1.000,
8/12/2026 1:19:58 PM  ,      35.000,                                  10.281,                                  20.245,                                  24.859,                                   0.012,                                   0.016,                               49395.453,                                   1.000,
8/12/2026 1:20:03 PM  ,      40.000,                                  10.273,                                  20.995,                                  25.786,                                   0.012,                                   0.017,                               47629.684,                                   1.000,
8/12/2026 1:20:08 PM  ,      45.000,                                  10.262,                                  20.945,                                  25.731,                                   0.012,                                   0.017,                               47744.699,                                   1.000,
8/12/2026 1:20:13 PM  ,      50.000,                                  10.254,                                  19.738,                                  24.253,                                   0.011,                                   0.016,                               50662.977,                                   1.000,
8/12/2026 1:20:18 PM  ,      55.000,                                  10.249,                                  20.701,                                  25.438,                                   0.012,                                   0.017,                               48307.520,                                   1.000,
8/12/2026 1:20:23 PM  ,      60.000,                                  10.239,                                  20.917,                                  25.711,                                   0.012,                                   0.017,                               47807.879,                                   1.000,
8/12/2026 1:20:28 PM  ,      65.000,                                  10.236,                                  20.987,                                  25.798,                                   0.012,                                   0.017,                               47648.840,                                   1.000,
8/12/2026 1:20:33 PM  ,      70.000,                                  10.232,                                  20.907,                                  25.702,                                   0.012,                                   0.017,                               47831.434,                                   1.000,
8/12/2026 1:20:38 PM  ,      75.000,                                  10.222,                                  20.708,                                  25.463,                                   0.012,                                   0.017,                               48291.301,                                   1.000,
8/12/2026 1:20:43 PM  ,      80.000,                                  10.216,                                  20.968,                                  25.787,                                   0.012,                                   0.017,                               47690.859,                                   1.000,
8/12/2026 1:20:48 PM  ,      85.000,                                  10.212,                                  20.943,                                  25.758,                                   0.012,                                   0.017,                               47748.867,                                   1.000,
8/12/2026 1:20:53 PM  ,      90.000,                                  10.207,                                  20.945,                                  25.764,                                   0.012,                                   0.017,                               47744.535,                                   1.000,
8/12/2026 1:20:58 PM  ,      95.000,                                  10.205,                                  20.943,                                  25.763,                                   0.012,                                   0.017,                               47748.359,                                   1.000,
8/12/2026 1:21:03 PM  ,     100.000,                                  10.197,                                  20.897,                                  25.712,                                   0.012,                                   0.017,                               47853.398,                                   1.000,
8/12/2026 1:21:08 PM  ,     105.000,                                  10.195,                                  20.777,                                  25.565,                                   0.012,                                   0.017,                               48130.027,                                   1.000,
8/12/2026 1:21:13 PM  ,     110.000,                                  10.191,                                  20.939,                                  25.766,                                   0.012,                                   0.017,                               47758.293,                                   1.000,
8/12/2026 1:21:18 PM  ,     115.000,                                  10.187,                                  20.962,                                  25.797,                                   0.012,                                   0.017,                               47706.020,                                   1.000,
8/12/2026 1:21:23 PM  ,     120.000,                                  10.184,                                  20.893,                                  25.714,                                   0.012,                                   0.017,                               47862.094,                                   1.000,
8/12/2026 1:21:28 PM  ,     125.000,                                  10.180,                                  20.976,                                  25.819,                                   0.012,                                   0.017,                               47672.809,                                   1.000,
8/12/2026 1:21:33 PM  ,     130.000,                                  10.177,                                  20.948,                                  25.785,                                   0.012,                                   0.017,                               47737.910,                                   1.000,
8/12/2026 1:21:38 PM  ,     135.000,                                  10.172,                                  20.878,                                  25.703,                                   0.012,                                   0.017,                               47896.914,                                   1.000,
8/12/2026 1:21:43 PM  ,     140.000,                                  10.171,                                  20.855,                                  25.676,                                   0.012,                                   0.017,                               47949.316,                                   1.000,
8/12/2026 1:21:48 PM  ,     145.000,                                  10.170,                                  20.977,                                  25.825,                                   0.012,                                   0.017,                               47672.340,                                   1.000,
8/12/2026 1:21:53 PM  ,     150.000,                                  10.165,                                  20.118,                                  24.772,                                   0.012,                                   0.016,                               49706.527,                                   1.000,
8/12/2026 1:21:58 PM  ,     155.000,                                  10.162,                                  20.927,                                  25.770,                                   0.012,                                   0.017,                               47784.395,                                   1.000,
8/12/2026 1:22:03 PM  ,     160.000,                                  10.158,                                  20.940,                                  25.788,                                   0.012,                                   0.017,                               47755.313,                                   1.000,
8/12/2026 1:22:08 PM  ,     165.000,                                  10.157,                                  20.957,                                  25.810,                                   0.012,                                   0.017,                               47716.164,                                   1.000,
8/12/2026 1:22:13 PM  ,     170.000,                                  10.155,                                  20.914,                                  25.758,                                   0.012,                                   0.017,                               47814.141,                                   1.000,
8/12/2026 1:22:18 PM  ,     175.000,                                  10.151,                                  20.929,                                  25.779,                                   0.012,                                   0.017,                               47779.453,                                   1.000,
8/12/2026 1:22:23 PM  ,     180.000,                                  10.148,                                  20.937,                                  25.790,                                   0.012,                                   0.017,                               47761.230,                                   1.000,
8/12/2026 1:22:28 PM  ,     185.000,                                  10.147,                                  20.947,                                  25.803,                                   0.012,                                   0.017,                               47739.664,                                   1.000,
8/12/2026 1:22:33 PM  ,     190.000,                                  10.142,                                  20.939,                                  25.796,                                   0.012,                                   0.017,                               47757.445,                                   1.000,
8/12/2026 1:22:38 PM  ,     195.000,                                  10.141,                                  20.921,                                  25.775,                                   0.012,                                   0.017,                               47797.871,                                   1.000,
8/12/2026 1:22:43 PM  ,     200.000,                                  10.140,                                  20.900,                                  25.749,                                   0.012,                                   0.017,                               47847.785,                                   1.000,
8/12/2026 1:22:48 PM  ,     205.000,                                  10.137,                                  20.740,                                  25.554,                                   0.012,                                   0.017,                               48216.473,                                   1.000,
8/12/2026 1:22:53 PM  ,     210.000,                                  10.134,                                  20.846,                                  25.686,                                   0.012,                                   0.017,                               47971.613,                                   1.000,
8/12/2026 1:22:58 PM  ,     215.000,                                  10.134,                                  20.708,                                  25.516,                                   0.012,                                   0.017,                               48290.805,                                   1.000,
8/12/2026 1:23:03 PM  ,     220.000,                                  10.134,                                  20.853,                                  25.694,                                   0.012,                                   0.017,                               47955.734,                                   1.000,
8/12/2026 1:23:08 PM  ,     225.000,                                  10.130,                                  20.897,                                  25.751,                                   0.012,                                   0.017,                               47854.621,                                   1.000,
8/12/2026 1:23:13 PM  ,     230.000,                                  10.128,                                  20.428,                                  25.174,                                   0.012,                                   0.016,                               48953.102,                                   1.000,
8/12/2026 1:23:18 PM  ,     235.000,                                  10.128,                                  20.912,                                  25.771,                                   0.012,                                   0.017,                               47818.930,                                   1.000,
8/12/2026 1:23:23 PM  ,     240.000,                                  10.127,                                  20.909,                                  25.769,                                   0.012,                                   0.017,                               47825.793,                                   1.000,
8/12/2026 1:23:28 PM  ,     245.000,                                  10.126,                                  20.920,                                  25.783,                                   0.012,                                   0.017,                               47800.969,                                   1.000,
8/12/2026 1:23:33 PM  ,     250.000,                                  10.124,                                  20.804,                                  25.640,                                   0.012,                                   0.017,                               48068.699,                                   1.000,
8/12/2026 1:23:38 PM  ,     255.000,                                  10.123,                                  20.729,                                  25.549,                                   0.012,                                   0.017,                               48241.051,                                   1.000,
8/12/2026 1:23:43 PM  ,     260.000,                                  10.122,                                  20.930,                                  25.797,                                   0.012,                                   0.017,                               47778.848,                                   1.000,
8/12/2026 1:23:48 PM  ,     265.000,                                  10.121,                                  20.412,                                  25.160,                                   0.012,                                   0.016,                               48990.105,                                   1.000,
8/12/2026 1:23:53 PM  ,     270.000,                                  10.119,                                  20.929,                                  25.798,                                   0.012,                                   0.017,                               47780.539,                                   1.000,
8/12/2026 1:23:58 PM  ,     275.000,                                  10.119,                                  20.914,                                  25.780,                                   0.012,                                   0.017,                               47814.305,                                   1.000,
8/12/2026 1:24:03 PM  ,     280.000,                                  10.118,                                  20.858,                                  25.710,                                   0.012,                                   0.017,                               47944.379,                                   1.000,
8/12/2026 1:24:08 PM  ,     285.000,                                  10.117,                                  20.914,                                  25.781,                                   0.012,                                   0.017,                               47814.527,                                   1.000,
8/12/2026 1:24:13 PM  ,     290.000,                                  10.116,                                  20.871,                                  25.728,                                   0.012,                                   0.017,                               47912.641,                                   1.000,
8/12/2026 1:24:18 PM  ,     295.000,                                  10.116,                                  20.937,                                  25.809,                                   0.012,                                   0.017,                               47762.203,                                   1.000,
8/12/2026 1:24:23 PM  ,     300.000,                                  10.116,                                  20.912,                                  25.779,                                   0.012,                                   0.017,                               47819.059,                                   1.000,
8/12/2026 1:24:28 PM  ,     305.000,                                  10.116,                                  20.913,                                  25.779,                                   0.012,                                   0.017,                               47818.133,                                   1.000,
8/12/2026 1:24:33 PM  ,     310.000,                                  10.114,                                  20.858,                                  25.714,                                   0.012,                                   0.017,                               47942.367,                                   1.000,
8/12/2026 1:24:38 PM  ,     315.000,                                  10.113,                                  20.907,                                  25.775,                                   0.012,                                   0.017,                               47829.891,                                   1.000,
8/12/2026 1:24:43 PM  ,     320.000,                                  10.113,                                  20.930,                                  25.803,                                   0.012,                                   0.017,                               47778.500,                                   1.000,
8/12/2026 1:24:48 PM  ,     325.000,                                  10.111,                                  20.939,                                  25.815,                                   0.012,                                   0.017,                               47757.824,                                   1.000,
8/12/2026 1:24:53 PM  ,     330.000,                                  10.112,                                  20.929,                                  25.802,                                   0.012,                                   0.017,                               47780.504,                                   1.000,
8/12/2026 1:24:58 PM  ,     335.000,                                  10.112,                                  20.936,                                  25.811,                                   0.012,                                   0.017,                               47763.727,                                   1.000,
8/12/2026 1:25:03 PM  ,     340.000,                                  10.112,                                  20.906,                                  25.774,                                   0.012,                                   0.017,                               47833.359,                                   1.000,
8/12/2026 1:25:08 PM  ,     345.000,                                  10.111,                                  20.939,                                  25.815,                                   0.012,                                   0.017,                               47758.867,                                   1.000,
8/12/2026 1:25:13 PM  ,     350.000,                                  10.109,                                  20.926,                                  25.801,                                   0.012,                                   0.017,                               47786.340,                                   1.000,
8/12/2026 1:25:18 PM  ,     355.000,                                  10.109,                                  20.915,                                  25.787,                                   0.012,                                   0.017,                               47812.035,                                   1.000,
8/12/2026 1:25:23 PM  ,     360.000,                                  10.109,                                  20.929,                                  25.804,                                   0.012,                                   0.017,                               47780.168,                                   1.000,
8/12/2026 1:25:28 PM  ,     365.000,                                  10.109,                                  20.892,                                  25.758,                                   0.012,                                   0.017,                               47865.293,                                   1.000,
8/12/2026 1:25:33 PM  ,     370.000,                                  10.109,                                  20.916,                                  25.788,                                   0.012,                                   0.017,                               47809.219,                                   1.000,
8/12/2026 1:25:38 PM  ,     375.000,                                  10.108,                                  20.886,                                  25.751,                                   0.012,                                   0.017,                               47879.211,                                   1.000,
8/12/2026 1:25:43 PM  ,     380.000,                                  10.109,                                  20.890,                                  25.756,                                   0.012,                                   0.017,                               47869.879,                                   1.000,
8/12/2026 1:25:48 PM  ,     385.000,                                  10.109,                                  20.856,                                  25.714,                                   0.012,                                   0.017,                               47947.121,                                   1.000,
8/12/2026 1:25:53 PM  ,     390.000,                                  10.109,                                  20.860,                                  25.719,                                   0.012,                                   0.017,                               47938.094,                                   1.000,
8/12/2026 1:25:58 PM  ,     395.000,                                  10.108,                                  20.676,                                  25.492,                                   0.012,                                   0.017,                               48364.883,                                   1.000,
8/12/2026 1:26:03 PM  ,     400.000,                                  10.107,                                  20.835,                                  25.688,                                   0.012,                                   0.017,                               47997.258,                                   1.000,
8/12/2026 1:26:08 PM  ,     405.000,                                  10.108,                                  20.886,                                  25.752,                                   0.012,                                   0.017,                               47878.242,                                   1.000,
8/12/2026 1:26:13 PM  ,     410.000,                                  10.108,                                  20.865,                                  25.726,                                   0.012,                                   0.017,                               47926.438,                                   1.000,
8/12/2026 1:26:18 PM  ,     415.000,                                  10.107,                                  20.876,                                  25.739,                                   0.012,                                   0.017,                               47902.383,                                   1.000,
8/12/2026 1:26:23 PM  ,     420.000,                                  10.107,                                  20.887,                                  25.753,                                   0.012,                                   0.017,                               47877.527,                                   1.000,
8/12/2026 1:26:28 PM  ,     425.000,                                  10.108,                                  20.911,                                  25.782,                                   0.012,                                   0.017,                               47822.051,                                   1.000,
8/12/2026 1:26:33 PM  ,     430.000,                                  10.107,                                  20.874,                                  25.738,                                   0.012,                                   0.017,                               47905.535,                                   1.000,
8/12/2026 1:26:38 PM  ,     435.000,                                  10.107,                                  20.810,                                  25.659,                                   0.012,                                   0.017,                               48053.195,                                   1.000,
8/12/2026 1:26:43 PM  ,     440.000,                                  10.108,                                  20.851,                                  25.708,                                   0.012,                                   0.017,                               47959.922,                                   1.000,
8/12/2026 1:26:48 PM  ,     445.000,                                  10.107,                                  20.970,                                  25.855,                                   0.012,                                   0.017,                               47687.707,                                   1.000,
8/12/2026 1:26:53 PM  ,     450.000,                                  10.108,                                  20.898,                                  25.767,                                   0.012,                                   0.017,                               47850.555,                                   1.000,
8/12/2026 1:26:58 PM  ,     455.000,                                  10.109,                                  20.873,                                  25.735,                                   0.012,                                   0.017,                               47908.008,                                   1.000,
8/12/2026 1:27:03 PM  ,     460.000,                                  10.109,                                  20.861,                                  25.720,                                   0.012,                                   0.017,                               47935.641,                                   1.000,
8/12/2026 1:27:08 PM  ,     465.000,                                  10.108,                                  20.596,                                  25.393,                                   0.012,                                   0.017,                               48554.137,                                   1.000,
8/12/2026 1:27:13 PM  ,     470.000,                                  10.110,                                  20.894,                                  25.761,                                   0.012,                                   0.017,                               47859.594,                                   1.000,
8/12/2026 1:27:18 PM  ,     475.000,                                  10.110,                                  20.837,                                  25.689,                                   0.012,                                   0.017,                               47992.465,                                   1.000,
8/12/2026 1:27:23 PM  ,     480.000,                                  10.110,                                  20.837,                                  25.690,                                   0.012,                                   0.017,                               47991.105,                                   1.000,
8/12/2026 1:27:28 PM  ,     485.000,                                  10.109,                                  20.826,                                  25.676,                                   0.012,                                   0.017,                               48017.930,                                   1.000,
8/12/2026 1:27:33 PM  ,     490.000,                                  10.110,                                  20.844,                                  25.698,                                   0.012,                                   0.017,                               47975.867,                                   1.000,
8/12/2026 1:27:38 PM  ,     495.000,                                  10.111,                                  20.843,                                  25.697,                                   0.012,                                   0.017,                               47977.117,                                   1.000,
8/12/2026 1:27:43 PM  ,     500.000,                                  10.110,                                  20.844,                                  25.698,                                   0.012,                                   0.017,                               47976.184,                                   1.000,
8/12/2026 1:27:48 PM  ,     505.000,                                  10.111,                                  20.859,                                  25.716,                                   0.012,                                   0.017,                               47940.977,                                   1.000,
8/12/2026 1:27:53 PM  ,     510.000,                                  10.111,                                  20.842,                                  25.695,                                   0.012,                                   0.017,                               47980.492,                                   1.000,
8/12/2026 1:27:58 PM  ,     515.000,                                  10.111,                                  20.860,                                  25.717,                                   0.012,                                   0.017,                               47938.754,                                   1.000,
8/12/2026 1:28:03 PM  ,     520.000,                                  10.111,                                  20.820,                                  25.668,                                   0.012,                                   0.017,                               48030.484,                                   1.000,
8/12/2026 1:28:08 PM  ,     525.000,                                  10.112,                                  20.849,                                  25.704,                                   0.012,                                   0.017,                               47963.898,                                   1.000,
8/12/2026 1:28:13 PM  ,     530.000,                                  10.111,                                  20.803,                                  25.647,                                   0.012,                                   0.017,                               48070.164,                                   1.000,
8/12/2026 1:28:18 PM  ,     535.000,                                  10.111,                                  20.903,                                  25.770,                                   0.012,                                   0.017,                               47840.520,                                   1.000,
8/12/2026 1:28:23 PM  ,     540.000,                                  10.111,                                  20.816,                                  25.664,                                   0.012,                                   0.017,                               48039.344,                                   1.000,
8/12/2026 1:28:28 PM  ,     545.000,                                  10.111,                                  20.872,                                  25.732,                                   0.012,                                   0.017,                               47910.855,                                   1.000,
8/12/2026 1:28:33 PM  ,     550.000,                                  10.112,                                  20.812,                                  25.658,                                   0.012,                                   0.017,                               48049.504,                                   1.000,
8/12/2026 1:28:38 PM  ,     555.000,                                  10.112,                                  20.699,                                  25.519,                                   0.012,                                   0.017,                               48311.125,                                   1.000,
8/12/2026 1:28:43 PM  ,     560.000,                                  10.112,                                  20.757,                                  25.590,                                   0.012,                                   0.017,                               48177.500,                                   1.000,
8/12/2026 1:28:48 PM  ,     565.000,                                  10.112,                                  20.746,                                  25.577,                                   0.012,                                   0.017,                               48201.527,                                   1.000,
8/12/2026 1:28:53 PM  ,     570.000,                                  10.113,                                  20.827,                                  25.676,                                   0.012,                                   0.017,                               48014.871,                                   1.000,
8/12/2026 1:28:58 PM  ,     575.000,                                  10.112,                                  19.658,                                  24.235,                                   0.011,                                   0.016,                               50869.938,                                   1.000,
8/12/2026 1:29:03 PM  ,     580.000,                                  10.112,                                  20.756,                                  25.589,                                   0.012,                                   0.017,                               48177.742,                                   1.000,
8/12/2026 1:29:08 PM  ,     585.000,                                  10.113,                                  20.816,                                  25.662,                                   0.012,                                   0.017,                               48039.188,                                   1.000,
8/12/2026 1:29:13 PM  ,     590.000,                                  10.114,                                  20.811,                                  25.656,                                   0.012,                                   0.017,                               48050.523,                                   1.000,
8/12/2026 1:29:18 PM  ,     595.000,                                  10.114,                                  20.737,                                  25.564,                                   0.012,                                   0.017,                               48222.523,                                   1.000,
8/12/2026 1:29:23 PM  ,     600.000,                                  10.114,                                  20.865,                                  25.722,                                   0.012,                                   0.017,                               47926.734,                                   1.000,
8/12/2026 1:29:28 PM  ,     605.000,                                  10.114,                                  20.815,                                  25.660,                                   0.012,                                   0.017,                               48042.988,                                   1.000,
8/12/2026 1:29:33 PM  ,     610.000,                                  10.114,                                  20.813,                                  25.657,                                   0.012,                                   0.017,                               48047.836,                                   1.000,
8/12/2026 1:29:38 PM  ,     615.000,                                  10.115,                                  20.824,                                  25.670,                                   0.012,                                   0.017,                               48022.266,                                   1.000,
8/12/2026 1:29:43 PM  ,     620.000,                                  10.116,                                  20.677,                                  25.489,                                   0.012,                                   0.017,                               48363.402,                                   1.000,
8/12/2026 1:29:48 PM  ,     625.000,                                  10.117,                                  20.789,                                  25.627,                                   0.012,                                   0.017,                               48102.070,                                   1.000,
8/12/2026 1:29:53 PM  ,     630.000,                                  10.117,                                  20.824,                                  25.669,                                   0.012,                                   0.017,                               48021.727,                                   1.000,
8/12/2026 1:29:58 PM  ,     635.000,                                  10.117,                                  20.788,                                  25.625,                                   0.012,                                   0.017,                               48104.113,                                   1.000,
8/12/2026 1:30:03 PM  ,     640.000,                                  10.118,                                  20.811,                                  25.653,                                   0.012,                                   0.017,                               48050.797,                                   1.000,
8/12/2026 1:30:08 PM  ,     645.000,                                  10.119,                                  19.853,                                  24.472,                                   0.012,                                   0.016,                               50369.184,                                   1.000,
8/12/2026 1:30:13 PM  ,     650.000,                                  10.120,                                  20.754,                                  25.581,                                   0.012,                                   0.017,                               48184.395,                                   1.000,
8/12/2026 1:30:18 PM  ,     655.000,                                  10.120,                                  20.491,                                  25.257,                                   0.012,                                   0.016,                               48802.840,                                   1.000,
8/12/2026 1:30:23 PM  ,     660.000,                                  10.120,                                  20.777,                                  25.610,                                   0.012,                                   0.017,                               48130.113,                                   1.000,
8/12/2026 1:30:28 PM  ,     665.000,                                  10.121,                                  20.822,                                  25.665,                                   0.012,                                   0.017,                               48025.719,                                   1.000,
8/12/2026 1:30:33 PM  ,     670.000,                                  10.121,                                  20.864,                                  25.716,                                   0.012,                                   0.017,                               47929.938,                                   1.000,
8/12/2026 1:30:38 PM  ,     675.000,                                  10.122,                                  20.793,                                  25.629,                                   0.012,                                   0.017,                               48092.699,                                   1.000,
8/12/2026 1:30:43 PM  ,     680.000,                                  10.122,                                  20.810,                                  25.649,                                   0.012,                                   0.017,                               48053.871,                                   1.000,
8/12/2026 1:30:48 PM  ,     685.000,                                  10.123,                                  20.668,                                  25.474,                                   0.012,                                   0.017,                               48384.453,                                   1.000,
8/12/2026 1:30:53 PM  ,     690.000,                                  10.123,                                  20.829,                                  25.671,                                   0.012,                                   0.017,                               48010.840,                                   1.000,
8/12/2026 1:30:58 PM  ,     695.000,                                  10.124,                                  20.817,                                  25.656,                                   0.012,                                   0.017,                               48038.465,                                   1.000,
8/12/2026 1:31:03 PM  ,     700.000,                                  10.125,                                  20.742,                                  25.564,                                   0.012,                                   0.017,                               48210.992,                                   1.000,
8/12/2026 1:31:08 PM  ,     705.000,                                  10.126,                                  20.644,                                  25.442,                                   0.012,                                   0.017,                               48440.379,                                   1.000,
8/12/2026 1:31:13 PM  ,     710.000,                                  10.126,                                  20.631,                                  25.427,                                   0.012,                                   0.017,                               48470.051,                                   1.000,
8/12/2026 1:31:18 PM  ,     715.000,                                  10.127,                                  20.796,                                  25.629,                                   0.012,                                   0.017,                               48086.359,                                   1.000,
8/12/2026 1:31:23 PM  ,     720.000,                                  10.128,                                  20.809,                                  25.644,                                   0.012,                                   0.017,                               48056.398,                                   1.000,
8/12/2026 1:31:28 PM  ,     725.000,                                  10.130,                                  20.774,                                  25.600,                                   0.012,                                   0.017,                               48137.492,                                   1.000,
8/12/2026 1:31:33 PM  ,     730.000,                                  10.129,                                  20.831,                                  25.671,                                   0.012,                                   0.017,                               48005.484,                                   1.000,
8/12/2026 1:31:38 PM  ,     735.000,                                  10.129,                                  20.835,                                  25.676,                                   0.012,                                   0.017,                               47995.121,                                   1.000,
8/12/2026 1:31:43 PM  ,     740.000,                                  10.130,                                  20.825,                                  25.663,                                   0.012,                                   0.017,                               48019.969,                                   1.000,
8/12/2026 1:31:48 PM  ,     745.000,                                  10.129,                                  20.794,                                  25.625,                                   0.012,                                   0.017,                               48091.266,                                   1.000,
8/12/2026 1:31:53 PM  ,     750.000,                                  10.130,                                  20.740,                                  25.558,                                   0.012,                                   0.017,                               48216.418,                                   1.000,
8/12/2026 1:31:58 PM  ,     755.000,                                  10.131,                                  20.763,                                  25.586,                                   0.012,                                   0.017,                               48162.340,                                   1.000,
8/12/2026 1:32:03 PM  ,     760.000,                                  10.131,                                  20.758,                                  25.580,                                   0.012,                                   0.017,                               48173.199,                                   1.000,
8/12/2026 1:32:08 PM  ,     765.000,                                  10.132,                                  20.739,                                  25.555,                                   0.012,                                   0.017,                               48219.449,                                   1.000,
8/12/2026 1:32:13 PM  ,     770.000,                                  10.133,                                  20.744,                                  25.561,                                   0.012,                                   0.017,                               48207.074,                                   1.000,
8/12/2026 1:32:18 PM  ,     775.000,                                  10.132,                                  20.694,                                  25.500,                                   0.012,                                   0.017,                               48323.676,                                   1.000,
8/12/2026 1:32:23 PM  ,     780.000,                                  10.133,                                  20.797,                                  25.627,                                   0.012,                                   0.017,                               48084.195,                                   1.000,
8/12/2026 1:32:28 PM  ,     785.000,                                  10.133,                                  20.808,                                  25.640,                                   0.012,                                   0.017,                               48059.332,                                   1.000,
8/12/2026 1:32:33 PM  ,     790.000,                                  10.133,                                  20.827,                                  25.664,                                   0.012,                                   0.017,                               48013.750,                                   1.000,
8/12/2026 1:32:38 PM  ,     795.000,                                  10.134,                                  20.815,                                  25.648,                                   0.012,                                   0.017,                               48042.570,                                   1.000,
8/12/2026 1:32:43 PM  ,     800.000,                                  10.135,                                  20.786,                                  25.611,                                   0.012,                                   0.017,                               48110.355,                                   1.000,
8/12/2026 1:32:48 PM  ,     805.000,                                  10.135,                                  20.612,                                  25.397,                                   0.012,                                   0.017,                               48515.340,                                   1.000,
8/12/2026 1:32:53 PM  ,     810.000,                                  10.136,                                  20.797,                                  25.624,                                   0.012,                                   0.017,                               48084.934,                                   1.000,
8/12/2026 1:32:58 PM  ,     815.000,                                  10.136,                                  20.754,                                  25.572,                                   0.012,                                   0.017,                               48182.598,                                   1.000,
8/12/2026 1:33:03 PM  ,     820.000,                                  10.137,                                  20.777,                                  25.599,                                   0.012,                                   0.017,                               48130.723,                                   1.000,
8/12/2026 1:33:08 PM  ,     825.000,                                  10.137,                                  20.804,                                  25.633,                                   0.012,                                   0.017,                               48067.910,                                   1.000,
8/12/2026 1:33:13 PM  ,     830.000,                                  10.138,                                  20.795,                                  25.622,                                   0.012,                                   0.017,                               48087.859,                                   1.000,
8/12/2026 1:33:18 PM  ,     835.000,                                  10.139,                                  20.720,                                  25.528,                                   0.012,                                   0.017,                               48263.398,                                   1.000,
8/12/2026 1:33:23 PM  ,     840.000,                                  10.139,                                  20.756,                                  25.573,                                   0.012,                                   0.017,                               48178.098,                                   1.000,
8/12/2026 1:33:28 PM  ,     845.000,                                  10.140,                                  20.706,                                  25.511,                                   0.012,                                   0.017,                               48294.070,                                   1.000,
8/12/2026 1:33:33 PM  ,     850.000,                                  10.140,                                  20.755,                                  25.570,                                   0.012,                                   0.017,                               48180.992,                                   1.000,
8/12/2026 1:33:38 PM  ,     855.000,                                  10.140,                                  20.669,                                  25.465,                                   0.012,                                   0.017,                               48380.566,                                   1.000,
8/12/2026 1:33:43 PM  ,     860.000,                                  10.141,                                  20.747,                                  25.561,                                   0.012,                                   0.017,                               48198.934,                                   1.000,
8/12/2026 1:33:48 PM  ,     865.000,                                  10.141,                                  20.490,                                  25.243,                                   0.012,                                   0.016,                               48805.004,                                   1.000,
8/12/2026 1:33:53 PM  ,     870.000,                                  10.142,                                  20.691,                                  25.491,                                   0.012,                                   0.017,                               48329.148,                                   1.000,
8/12/2026 1:33:58 PM  ,     875.000,                                  10.142,                                  20.745,                                  25.557,                                   0.012,                                   0.017,                               48203.883,                                   1.000,
8/12/2026 1:34:03 PM  ,     880.000,                                  10.142,                                  20.697,                                  25.498,                                   0.012,                                   0.017,                               48316.746,                                   1.000,
8/12/2026 1:34:08 PM  ,     885.000,                                  10.143,                                  20.686,                                  25.484,                                   0.012,                                   0.017,                               48342.125,                                   1.000,
8/12/2026 1:34:13 PM  ,     890.000,                                  10.142,                                  20.702,                                  25.504,                                   0.012,                                   0.017,                               48304.664,                                   1.000,
8/12/2026 1:34:18 PM  ,     895.000,                                  10.143,                                  20.566,                                  25.335,                                   0.012,                                   0.016,                               48625.047,                                   1.000,
8/12/2026 1:34:23 PM  ,     900.000,                                  10.144,                                  20.700,                                  25.500,                                   0.012,                                   0.017,                               48309.668,                                   1.000,
8/12/2026 1:34:28 PM  ,     905.000,                                  10.144,                                  20.733,                                  25.541,                                   0.012,                                   0.017,                               48231.621,                                   1.000,
8/12/2026 1:34:33 PM  ,     910.000,                                  10.145,                                  20.768,                                  25.583,                                   0.012,                                   0.017,                               48152.008,                                   1.000,
8/12/2026 1:34:38 PM  ,     915.000,                                  10.146,                                  20.745,                                  25.555,                                   0.012,                                   0.017,                               48204.141,                                   1.000,
8/12/2026 1:34:43 PM  ,     920.000,                                  10.146,                                  20.719,                                  25.522,                                   0.012,                                   0.017,                               48265.660,                                   1.000,
8/12/2026 1:34:48 PM  ,     925.000,                                  10.147,                                  20.765,                                  25.579,                                   0.012,                                   0.017,                               48157.715,                                   1.000,
8/12/2026 1:34:53 PM  ,     930.000,                                  10.146,                                  20.766,                                  25.581,                                   0.012,                                   0.017,                               48155.105,                                   1.000,
8/12/2026 1:34:58 PM  ,     935.000,                                  10.146,                                  20.748,                                  25.559,                                   0.012,                                   0.017,                               48196.328,                                   1.000,
8/12/2026 1:35:03 PM  ,     940.000,                                  10.148,                                  20.773,                                  25.588,                                   0.012,                                   0.017,                               48139.078,                                   1.000,
8/12/2026 1:35:08 PM  ,     945.000,                                  10.148,                                  20.764,                                  25.577,                                   0.012,                                   0.017,                               48159.195,                                   1.000,
8/12/2026 1:35:13 PM  ,     950.000,                                  10.149,                                  20.712,                                  25.512,                                   0.012,                                   0.017,                               48282.254,                                   1.000,
8/12/2026 1:35:18 PM  ,     955.000,                                  10.149,                                  20.698,                                  25.495,                                   0.012,                                   0.017,                               48313.398,                                   1.000,
8/12/2026 1:35:23 PM  ,     960.000,                                  10.149,                                  20.738,                                  25.545,                                   0.012,                                   0.017,                               48219.633,                                   1.000,
8/12/2026 1:35:28 PM  ,     965.000,                                  10.149,                                  20.715,                                  25.516,                                   0.012,                                   0.017,                               48273.563,                                   1.000,
8/12/2026 1:35:33 PM  ,     970.000,                                  10.150,                                  20.632,                                  25.413,                                   0.012,                                   0.017,                               48468.309,                                   1.000,
8/12/2026 1:35:38 PM  ,     975.000,                                  10.151,                                  20.735,                                  25.540,                                   0.012,                                   0.017,                               48227.305,                                   1.000,
8/12/2026 1:35:43 PM  ,     980.000,                                  10.151,                                  20.719,                                  25.519,                                   0.012,                                   0.017,                               48265.469,                                   1.000,
8/12/2026 1:35:48 PM  ,     985.000,                                  10.152,                                  20.710,                                  25.508,                                   0.012,                                   0.017,                               48286.281,                                   1.000,
8/12/2026 1:35:53 PM  ,     990.000,                                  10.152,                                  20.472,                                  25.215,                                   0.012,                                   0.016,                               48846.176,                                   1.000,
8/12/2026 1:35:58 PM  ,     995.000,                                  10.153,                                  20.629,                                  25.407,                                   0.012,                                   0.017,                               48476.164,                                   1.000,
8/12/2026 1:36:03 PM  ,    1000.000,                                  10.153,                                  20.712,                                  25.509,                                   0.012,                                   0.017,                               48281.898,                                   1.000,
8/12/2026 1:36:08 PM  ,    1005.000,                                  10.154,                                  20.731,                                  25.533,                                   0.012,                                   0.017,                               48236.520,                                   1.000,
8/12/2026 1:36:13 PM  ,    1010.000,                                  10.155,                                  20.643,                                  25.424,                                   0.012,                                   0.017,                               48441.820,                                   1.000,
8/12/2026 1:36:18 PM  ,    1015.000,                                  10.154,                                  20.724,                                  25.523,                                   0.012,                                   0.017,                               48253.969,                                   1.000,
8/12/2026 1:36:23 PM  ,    1020.000,                                  10.155,                                  20.719,                                  25.517,                                   0.012,                                   0.017,                               48265.500,                                   1.000,
8/12/2026 1:36:28 PM  ,    1025.000,                                  10.155,                                  20.539,                                  25.295,                                   0.012,                                   0.016,                               48688.863,                                   1.000,
8/12/2026 1:36:33 PM  ,    1030.000,                                  10.156,                                  20.708,                                  25.503,                                   0.012,                                   0.017,                               48290.832,                                   1.000,
8/12/2026 1:36:38 PM  ,    1035.000,                                  10.156,                                  20.710,                                  25.506,                                   0.012,                                   0.017,                               48286.074,                                   1.000,
8/12/2026 1:36:43 PM  ,    1040.000,                                  10.156,                                  20.720,                                  25.518,                                   0.012,                                   0.017,                               48262.480,                                   1.000,
8/12/2026 1:36:48 PM  ,    1045.000,                                  10.156,                                  20.122,                                  24.782,                                   0.012,                                   0.016,                               49696.281,                                   1.000,
8/12/2026 1:36:53 PM  ,    1050.000,                                  10.156,                                  20.680,                                  25.469,                                   0.012,                                   0.017,                               48355.113,                                   1.000,
8/12/2026 1:36:58 PM  ,    1055.000,                                  10.157,                                  20.697,                                  25.488,                                   0.012,                                   0.017,                               48317.051,                                   1.000,
8/12/2026 1:37:03 PM  ,    1060.000,                                  10.158,                                  20.700,                                  25.492,                                   0.012,                                   0.017,                               48309.754,                                   1.000,
8/12/2026 1:37:08 PM  ,    1065.000,                                  10.158,                                  20.695,                                  25.486,                                   0.012,                                   0.017,                               48320.844,                                   1.000,
8/12/2026 1:37:13 PM  ,    1070.000,                                  10.158,                                  20.666,                                  25.451,                                   0.012,                                   0.017,                               48387.648,                                   1.000,
8/12/2026 1:37:18 PM  ,    1075.000,                                  10.159,                                  20.692,                                  25.481,                                   0.012,                                   0.017,                               48328.125,                                   1.000,
8/12/2026 1:37:23 PM  ,    1080.000,                                  10.159,                                  20.696,                                  25.486,                                   0.012,                                   0.017,                               48318.938,                                   1.000,
8/12/2026 1:37:28 PM  ,    1085.000,                                  10.159,                                  20.707,                                  25.500,                                   0.012,                                   0.017,                               48292.980,                                   1.000,
8/12/2026 1:37:33 PM  ,    1090.000,                                  10.160,                                  20.502,                                  25.248,                                   0.012,                                   0.016,                               48775.266,                                   1.000,
8/12/2026 1:37:38 PM  ,    1095.000,                                  10.160,                                  20.509,                                  25.256,                                   0.012,                                   0.016,                               48758.305,                                   1.000,
8/12/2026 1:37:43 PM  ,    1100.000,                                  10.160,                                  20.711,                                  25.504,                                   0.012,                                   0.017,                               48283.852,                                   1.000,
8/12/2026 1:37:48 PM  ,    1105.000,                                  10.161,                                  20.714,                                  25.508,                                   0.012,                                   0.017,                               48276.754,                                   1.000,
8/12/2026 1:37:53 PM  ,    1110.000,                                  10.160,                                  20.592,                                  25.358,                                   0.012,                                   0.016,                               48562.125,                                   1.000,
8/12/2026 1:37:58 PM  ,    1115.000,                                  10.161,                                  20.686,                                  25.473,                                   0.012,                                   0.017,                               48341.773,                                   1.000,
8/12/2026 1:38:03 PM  ,    1120.000,                                  10.161,                                  20.579,                                  25.341,                                   0.012,                                   0.016,                               48593.543,                                   1.000,
8/12/2026 1:38:08 PM  ,    1125.000,                                  10.162,                                  20.581,                                  25.343,                                   0.012,                                   0.016,                               48589.004,                                   1.000,
8/12/2026 1:38:13 PM  ,    1130.000,                                  10.162,                                  20.625,                                  25.398,                                   0.012,                                   0.017,                               48483.930,                                   1.000,
8/12/2026 1:38:18 PM  ,    1135.000,                                  10.162,                                  20.660,                                  25.441,                                   0.012,                                   0.017,                               48401.930,                                   1.000,
8/12/2026 1:38:23 PM  ,    1140.000,                                  10.162,                                  20.130,                                  24.787,                                   0.012,                                   0.016,                               49678.203,                                   1.000,
8/12/2026 1:38:28 PM  ,    1145.000,                                  10.163,                                  20.681,                                  25.465,                                   0.012,                                   0.017,                               48354.301,                                   1.000,
8/12/2026 1:38:33 PM  ,    1150.000,                                  10.163,                                  20.444,                                  25.174,                                   0.012,                                   0.016,                               48915.219,                                   1.000,
8/12/2026 1:38:38 PM  ,    1155.000,                                  10.162,                                  20.687,                                  25.474,                                   0.012,                                   0.017,                               48339.430,                                   1.000,
8/12/2026 1:38:43 PM  ,    1160.000,                                  10.162,                                  20.663,                                  25.444,                                   0.012,                                   0.017,                               48395.211,                                   1.000,
8/12/2026 1:38:48 PM  ,    1165.000,                                  10.163,                                  20.646,                                  25.423,                                   0.012,                                   0.017,                               48434.797,                                   1.000,
8/12/2026 1:38:53 PM  ,    1170.000,                                  10.162,                                  20.566,                                  25.324,                                   0.012,                                   0.016,                               48624.137,                                   1.000,
8/12/2026 1:38:58 PM  ,    1175.000,                                  10.162,                                  20.568,                                  25.327,                                   0.012,                                   0.016,                               48619.340,                                   1.000,
8/12/2026 1:39:03 PM  ,    1180.000,                                  10.162,                                  20.572,                                  25.333,                                   0.012,                                   0.016,                               48608.695,                                   1.000,
8/12/2026 1:39:08 PM  ,    1185.000,                                  10.162,                                  20.652,                                  25.431,                                   0.012,                                   0.017,                               48420.645,                                   1.000,
8/12/2026 1:39:13 PM  ,    1190.000,                                  10.161,                                  20.643,                                  25.420,                                   0.012,                                   0.017,                               48442.602,                                   1.000,
8/12/2026 1:39:18 PM  ,    1195.000,                                  10.161,                                  20.669,                                  25.451,                                   0.012,                                   0.017,                               48382.723,                                   1.000,
8/12/2026 1:39:23 PM  ,    1200.000,                                  10.162,                                  20.290,                                  24.984,                                   0.012,                                   0.016,                               49286.258,                                   1.000,
8/12/2026 1:39:28 PM  ,    1205.000,                                  10.161,                                  20.585,                                  25.348,                                   0.012,                                   0.016,                               48579.703,                                   1.000,
8/12/2026 1:39:33 PM  ,    1210.000,                                  10.160,                                  20.556,                                  25.313,                                   0.012,                                   0.016,                               48648.016,                                   1.000,
8/12/2026 1:39:38 PM  ,    1215.000,                                  10.160,                                  20.577,                                  25.339,                                   0.012,                                   0.016,                               48598.270,                                   1.000,
8/12/2026 1:39:43 PM  ,    1220.000,                                  10.160,                                  20.496,                                  25.239,                                   0.012,                                   0.016,                               48790.789,                                   1.000,
8/12/2026 1:39:48 PM  ,    1225.000,                                  10.160,                                  20.705,                                  25.497,                                   0.012,                                   0.017,                               48298.676,                                   1.000,
8/12/2026 1:39:53 PM  ,    1230.000,                                  10.159,                                  20.633,                                  25.409,                                   0.012,                                   0.017,                               48466.148,                                   1.000,
8/12/2026 1:39:58 PM  ,    1235.000,                                  10.158,                                  20.475,                                  25.216,                                   0.012,                                   0.016,                               48839.270,                                   1.000,
8/12/2026 1:40:03 PM  ,    1240.000,                                  10.159,                                  20.642,                                  25.420,                                   0.012,                                   0.017,                               48444.918,                                   1.000,
8/12/2026 1:40:08 PM  ,    1245.000,                                  10.158,                                  20.697,                                  25.488,                                   0.012,                                   0.017,                               48316.555,                                   1.000,
8/12/2026 1:40:13 PM  ,    1250.000,                                  10.157,                                  20.633,                                  25.409,                                   0.012,                                   0.017,                               48467.148,                                   1.000,
8/12/2026 1:40:18 PM  ,    1255.000,                                  10.157,                                  20.637,                                  25.415,                                   0.012,                                   0.017,                               48456.984,                                   1.000,
8/12/2026 1:40:23 PM  ,    1260.000,                                  10.156,                                  20.615,                                  25.388,                                   0.012,                                   0.017,                               48508.156,                                   1.000,
8/12/2026 1:40:28 PM  ,    1265.000,                                  10.157,                                  20.635,                                  25.413,                                   0.012,                                   0.017,                               48460.324,                                   1.000,
8/12/2026 1:40:33 PM  ,    1270.000,                                  10.157,                                  20.651,                                  25.432,                                   0.012,                                   0.017,                               48424.055,                                   1.000,
8/12/2026 1:40:38 PM  ,    1275.000,                                  10.156,                                  20.667,                                  25.453,                                   0.012,                                   0.017,                               48386.590,                                   1.000,
8/12/2026 1:40:43 PM  ,    1280.000,                                  10.156,                                  20.635,                                  25.414,                                   0.012,                                   0.017,                               48460.691,                                   1.000,
8/12/2026 1:40:48 PM  ,    1285.000,                                  10.155,                                  20.562,                                  25.325,                                   0.012,                                   0.016,                               48632.500,                                   1.000,
8/12/2026 1:40:53 PM  ,    1290.000,                                  10.155,                                  20.498,                                  25.244,                                   0.012,                                   0.016,                               48786.230,                                   1.000,
8/12/2026 1:40:58 PM  ,    1295.000,                                  10.155,                                  20.587,                                  25.355,                                   0.012,                                   0.016,                               48573.582,                                   1.000,
8/12/2026 1:41:03 PM  ,    1300.000,                                  10.155,                                  20.629,                                  25.407,                                   0.012,                                   0.017,                               48474.578,                                   1.000,
8/12/2026 1:41:08 PM  ,    1305.000,                                  10.154,                                  20.660,                                  25.445,                                   0.012,                                   0.017,                               48402.973,                                   1.000,
8/12/2026 1:41:13 PM  ,    1310.000,                                  10.154,                                  20.593,                                  25.363,                                   0.012,                                   0.016,                               48559.555,                                   1.000,
8/12/2026 1:41:18 PM  ,    1315.000,                                  10.153,                                  20.564,                                  25.327,                                   0.012,                                   0.016,                               48629.840,                                   1.000,
8/12/2026 1:41:23 PM  ,    1320.000,                                  10.153,                                  20.548,                                  25.308,                                   0.012,                                   0.016,                               48665.496,                                   1.000,
8/12/2026 1:41:28 PM  ,    1325.000,                                  10.153,                                  20.610,                                  25.385,                                   0.012,                                   0.017,                               48519.141,                                   1.000,
8/12/2026 1:41:33 PM  ,    1330.000,                                  10.154,                                  20.577,                                  25.343,                                   0.012,                                   0.016,                               48596.805,                                   1.000,
8/12/2026 1:41:38 PM  ,    1335.000,                                  10.154,                                  20.556,                                  25.317,                                   0.012,                                   0.016,                               48648.039,                                   1.000,
8/12/2026 1:41:43 PM  ,    1340.000,                                  10.153,                                  20.721,                                  25.521,                                   0.012,                                   0.017,                               48259.648,                                   1.000,
8/12/2026 1:41:48 PM  ,    1345.000,                                  10.153,                                  20.554,                                  25.316,                                   0.012,                                   0.016,                               48651.391,                                   1.000,
8/12/2026 1:41:53 PM  ,    1350.000,                                  10.152,                                  20.574,                                  25.340,                                   0.012,                                   0.016,                               48605.402,                                   1.000,
8/12/2026 1:41:58 PM  ,    1355.000,                                  10.152,                                  20.595,                                  25.366,                                   0.012,                                   0.016,                               48555.426,                                   1.000,
8/12/2026 1:42:03 PM  ,    1360.000,                                  10.153,                                  20.628,                                  25.407,                                   0.012,                                   0.017,                               48476.664,                                   1.000,
8/12/2026 1:42:08 PM  ,    1365.000,                                  10.153,                                  20.611,                                  25.385,                                   0.012,                                   0.017,                               48518.699,                                   1.000,
8/12/2026 1:42:13 PM  ,    1370.000,                                  10.153,                                  20.658,                                  25.443,                                   0.012,                                   0.017,                               48408.395,                                   1.000,
8/12/2026 1:42:18 PM  ,    1375.000,                                  10.152,                                  20.620,                                  25.397,                                   0.012,                                   0.017,                               48496.855,                                   1.000,
8/12/2026 1:42:23 PM  ,    1380.000,                                  10.153,                                  20.446,                                  25.182,                                   0.012,                                   0.016,                               48910.434,                                   1.000,
8/12/2026 1:42:28 PM  ,    1385.000,                                  10.153,                                  20.588,                                  25.358,                                   0.012,                                   0.016,                               48570.891,                                   1.000,
8/12/2026 1:42:33 PM  ,    1390.000,                                  10.152,                                  20.158,                                  24.828,                                   0.012,                                   0.016,                               49607.242,                                   1.000,
8/12/2026 1:42:38 PM  ,    1395.000,                                  10.152,                                  20.392,                                  25.116,                                   0.012,                                   0.016,                               49039.707,                                   1.000,
8/12/2026 1:42:43 PM  ,    1400.000,                                  10.152,                                  20.549,                                  25.309,                                   0.012,                                   0.016,                               48665.270,                                   1.000,
8/12/2026 1:42:48 PM  ,    1405.000,                                  10.151,                                  20.537,                                  25.295,                                   0.012,                                   0.016,                               48692.750,                                   1.000,
8/12/2026 1:42:53 PM  ,    1410.000,                                  10.151,                                  20.561,                                  25.325,                                   0.012,                                   0.016,                               48635.656,                                   1.000,
8/12/2026 1:42:58 PM  ,    1415.000,                                  10.150,                                  20.598,                                  25.371,                                   0.012,                                   0.016,                               48548.125,                                   1.000,
8/12/2026 1:43:03 PM  ,    1420.000,                                  10.151,                                  20.599,                                  25.372,                                   0.012,                                   0.016,                               48545.781,                                   1.000,
8/12/2026 1:43:08 PM  ,    1425.000,                                  10.151,                                  20.518,                                  25.272,                                   0.012,                                   0.016,                               48736.715,                                   1.000,
8/12/2026 1:43:13 PM  ,    1430.000,                                  10.151,                                  20.590,                                  25.361,                                   0.012,                                   0.016,                               48566.469,                                   1.000,
8/12/2026 1:43:18 PM  ,    1435.000,                                  10.150,                                  20.510,                                  25.263,                                   0.012,                                   0.016,                               48756.453,                                   1.000,
8/12/2026 1:43:23 PM  ,    1440.000,                                  10.150,                                  20.606,                                  25.381,                                   0.012,                                   0.016,                               48530.441,                                   1.000,
8/12/2026 1:43:28 PM  ,    1445.000,                                  10.151,                                  20.521,                                  25.276,                                   0.012,                                   0.016,                               48731.230,                                   1.000,
8/12/2026 1:43:33 PM  ,    1450.000,                                  10.151,                                  20.577,                                  25.346,                                   0.012,                                   0.016,                               48596.805,                                   1.000,
8/12/2026 1:43:38 PM  ,    1455.000,                                  10.150,                                  20.551,                                  25.313,                                   0.012,                                   0.016,                               48659.566,                                   1.000,
8/12/2026 1:43:43 PM  ,    1460.000,                                  10.151,                                  20.278,                                  24.977,                                   0.012,                                   0.016,                               49313.387,                                   1.000,
8/12/2026 1:43:48 PM  ,    1465.000,                                  10.150,                                  20.575,                                  25.343,                                   0.012,                                   0.016,                               48601.973,                                   1.000,
8/12/2026 1:43:53 PM  ,    1470.000,                                  10.150,                                  20.612,                                  25.388,                                   0.012,                                   0.017,                               48515.906,                                   1.000,
8/12/2026 1:43:58 PM  ,    1475.000,                                  10.150,                                  20.572,                                  25.339,                                   0.012,                                   0.016,                               48609.863,                                   1.000,
8/12/2026 1:44:03 PM  ,    1480.000,                                  10.149,                                  20.562,                                  25.327,                                   0.012,                                   0.016,                               48633.238,                                   1.000,
8/12/2026 1:44:08 PM  ,    1485.000,                                  10.149,                                  20.557,                                  25.322,                                   0.012,                                   0.016,                               48644.473,                                   1.000,
8/12/2026 1:44:13 PM  ,    1490.000,                                  10.149,                                  20.576,                                  25.345,                                   0.012,                                   0.016,                               48600.121,                                   1.000,
8/12/2026 1:44:18 PM  ,    1495.000,                                  10.149,                                  20.582,                                  25.353,                                   0.012,                                   0.016,                               48585.047,                                   1.000,
8/12/2026 1:44:23 PM  ,    1500.000,                                  10.147,                                  20.610,                                  25.388,                                   0.012,                                   0.017,                               48519.520,                                   1.000,
8/12/2026 1:44:28 PM  ,    1505.000,                                  10.149,                                  20.546,                                  25.308,                                   0.012,                                   0.016,                               48670.488,                                   1.000,
8/12/2026 1:44:33 PM  ,    1510.000,                                  10.149,                                  20.514,                                  25.268,                                   0.012,                                   0.016,                               48747.750,                                   1.000,
8/12/2026 1:44:38 PM  ,    1515.000,                                  10.148,                                  20.557,                                  25.322,                                   0.012,                                   0.016,                               48645.066,                                   1.000,
8/12/2026 1:44:43 PM  ,    1520.000,                                  10.147,                                  20.478,                                  25.225,                                   0.012,                                   0.016,                               48832.910,                                   1.000,
8/12/2026 1:44:48 PM  ,    1525.000,                                  10.149,                                  20.375,                                  25.097,                                   0.012,                                   0.016,                               49079.898,                                   1.000,
8/12/2026 1:44:53 PM  ,    1530.000,                                  10.149,                                  20.477,                                  25.222,                                   0.012,                                   0.016,                               48836.391,                                   1.000,
8/12/2026 1:44:58 PM  ,    1535.000,                                  10.148,                                  20.544,                                  25.306,                                   0.012,                                   0.016,                               48675.199,                                   1.000,
8/12/2026 1:45:03 PM  ,    1540.000,                                  10.148,                                  20.502,                                  25.255,                                   0.012,                                   0.016,                               48774.555,                                   1.000,
8/12/2026 1:45:08 PM  ,    1545.000,                                  10.146,                                  20.578,                                  25.349,                                   0.012,                                   0.016,                               48595.820,                                   1.000,
8/12/2026 1:45:13 PM  ,    1550.000,                                  10.147,                                  20.468,                                  25.212,                                   0.012,                                   0.016,                               48857.777,                                   1.000,
8/12/2026 1:45:18 PM  ,    1555.000,                                  10.147,                                  20.472,                                  25.218,                                   0.012,                                   0.016,                               48846.535,                                   1.000,
8/12/2026 1:45:23 PM  ,    1560.000,                                  10.147,                                  20.298,                                  25.004,                                   0.012,                                   0.016,                               49265.797,                                   1.000,
8/12/2026 1:45:28 PM  ,    1565.000,                                  10.147,                                  20.554,                                  25.319,                                   0.012,                                   0.016,                               48653.027,                                   1.000,
8/12/2026 1:45:33 PM  ,    1570.000,                                  10.148,                                  20.469,                                  25.214,                                   0.012,                                   0.016,                               48854.813,                                   1.000,
8/12/2026 1:45:38 PM  ,    1575.000,                                  10.147,                                  20.449,                                  25.190,                                   0.012,                                   0.016,                               48901.906,                                   1.000,
8/12/2026 1:45:43 PM  ,    1580.000,                                  10.147,                                  20.561,                                  25.328,                                   0.012,                                   0.016,                               48635.098,                                   1.000,
8/12/2026 1:45:48 PM  ,    1585.000,                                  10.147,                                  20.256,                                  24.951,                                   0.012,                                   0.016,                               49368.176,                                   1.000,
8/12/2026 1:45:53 PM  ,    1590.000,                                  10.148,                                  20.405,                                  25.135,                                   0.012,                                   0.016,                               49007.723,                                   1.000,
8/12/2026 1:45:58 PM  ,    1595.000,                                  10.148,                                  20.507,                                  25.261,                                   0.012,                                   0.016,                               48763.250,                                   1.000,
8/12/2026 1:46:03 PM  ,    1600.000,                                  10.148,                                  20.367,                                  25.088,                                   0.012,                                   0.016,                               49098.766,                                   1.000,
8/12/2026 1:46:08 PM  ,    1605.000,                                  10.150,                                  20.359,                                  25.078,                                   0.012,                                   0.016,                               49117.168,                                   1.000,
8/12/2026 1:46:13 PM  ,    1610.000,                                  10.148,                                  20.518,                                  25.274,                                   0.012,                                   0.016,                               48737.313,                                   1.000,
8/12/2026 1:46:18 PM  ,    1615.000,                                  10.149,                                  20.511,                                  25.266,                                   0.012,                                   0.016,                               48753.152,                                   1.000,
8/12/2026 1:46:23 PM  ,    1620.000,                                  10.148,                                  20.474,                                  25.219,                                   0.012,                                   0.016,                               48843.352,                                   1.000,
8/12/2026 1:46:28 PM  ,    1625.000,                                  10.148,                                  20.451,                                  25.192,                                   0.012,                                   0.016,                               48896.238,                                   1.000,
8/12/2026 1:46:33 PM  ,    1630.000,                                  10.149,                                  20.253,                                  24.947,                                   0.012,                                   0.016,                               49375.418,                                   1.000,
8/12/2026 1:46:38 PM  ,    1635.000,                                  10.149,                                  20.500,                                  25.251,                                   0.012,                                   0.016,                               48780.852,                                   1.000,
8/12/2026 1:46:43 PM  ,    1640.000,                                  10.150,                                  20.507,                                  25.260,                                   0.012,                                   0.016,                               48762.711,                                   1.000,
8/12/2026 1:46:48 PM  ,    1645.000,                                  10.150,                                  20.541,                                  25.301,                                   0.012,                                   0.016,                               48682.586,                                   1.000,
8/12/2026 1:46:53 PM  ,    1650.000,                                  10.150,                                  20.482,                                  25.229,                                   0.012,                                   0.016,                               48822.293,                                   1.000,
8/12/2026 1:46:58 PM  ,    1655.000,                                  10.151,                                  20.225,                                  24.911,                                   0.012,                                   0.016,                               49444.301,                                   1.000,
8/12/2026 1:47:03 PM  ,    1660.000,                                  10.150,                                  20.505,                                  25.257,                                   0.012,                                   0.016,                               48767.551,                                   1.000,
8/12/2026 1:47:08 PM  ,    1665.000,                                  10.151,                                  20.507,                                  25.258,                                   0.012,                                   0.016,                               48763.793,                                   1.000,
8/12/2026 1:47:13 PM  ,    1670.000,                                  10.150,                                  20.547,                                  25.309,                                   0.012,                                   0.016,                               48668.672,                                   1.000,
8/12/2026 1:47:18 PM  ,    1675.000,                                  10.150,                                  20.537,                                  25.296,                                   0.012,                                   0.016,                               48691.813,                                   1.000,
8/12/2026 1:47:23 PM  ,    1680.000,                                  10.150,                                  20.474,                                  25.219,                                   0.012,                                   0.016,                               48841.730,                                   1.000,
8/12/2026 1:47:28 PM  ,    1685.000,                                  10.151,                                  20.181,                                  24.857,                                   0.012,                                   0.016,                               49551.086,                                   1.000,
8/12/2026 1:47:33 PM  ,    1690.000,                                  10.152,                                  20.494,                                  25.243,                                   0.012,                                   0.016,                               48793.695,                                   1.000,
8/12/2026 1:47:38 PM  ,    1695.000,                                  10.152,                                  20.442,                                  25.179,                                   0.012,                                   0.016,                               48917.852,                                   1.000,
8/12/2026 1:47:43 PM  ,    1700.000,                                  10.151,                                  20.491,                                  25.239,                                   0.012,                                   0.016,                               48801.191,                                   1.000,
8/12/2026 1:47:48 PM  ,    1705.000,                                  10.152,                                  20.513,                                  25.265,                                   0.012,                                   0.016,                               48749.902,                                   1.000,
8/12/2026 1:47:53 PM  ,    1710.000,                                  10.152,                                  20.446,                                  25.183,                                   0.012,                                   0.016,                               48909.520,                                   1.000,
8/12/2026 1:47:58 PM  ,    1715.000,                                  10.151,                                  20.424,                                  25.157,                                   0.012,                                   0.016,                               48961.402,                                   1.000,
8/12/2026 1:48:03 PM  ,    1720.000,                                  10.151,                                  20.490,                                  25.237,                                   0.012,                                   0.016,                               48805.133,                                   1.000,
8/12/2026 1:48:08 PM  ,    1725.000,                                  10.151,                                  20.484,                                  25.230,                                   0.012,                                   0.016,                               48817.922,                                   1.000,
8/12/2026 1:48:13 PM  ,    1730.000,                                  10.151,                                  20.535,                                  25.293,                                   0.012,                                   0.016,                               48696.609,                                   1.000,
8/12/2026 1:48:18 PM  ,    1735.000,                                  10.151,                                  20.460,                                  25.200,                                   0.012,                                   0.016,                               48876.219,                                   1.000,
8/12/2026 1:48:23 PM  ,    1740.000,                                  10.153,                                  20.201,                                  24.881,                                   0.012,                                   0.016,                               49502.648,                                   1.000,
8/12/2026 1:48:28 PM  ,    1745.000,                                  10.152,                                  20.370,                                  25.089,                                   0.012,                                   0.016,                               49091.297,                                   1.000,
8/12/2026 1:48:33 PM  ,    1750.000,                                  10.152,                                  20.433,                                  25.167,                                   0.012,                                   0.016,                               48940.375,                                   1.000,
8/12/2026 1:48:38 PM  ,    1755.000,                                  10.152,                                  20.367,                                  25.086,                                   0.012,                                   0.016,                               49098.086,                                   1.000,
8/12/2026 1:48:43 PM  ,    1760.000,                                  10.153,                                  20.468,                                  25.210,                                   0.012,                                   0.016,                               48856.184,                                   1.000,
8/12/2026 1:48:48 PM  ,    1765.000,                                  10.153,                                  20.537,                                  25.294,                                   0.012,                                   0.016,                               48692.832,                                   1.000,
8/12/2026 1:48:53 PM  ,    1770.000,                                  10.153,                                  20.489,                                  25.236,                                   0.012,                                   0.016,                               48805.582,                                   1.000,
8/12/2026 1:48:58 PM  ,    1775.000,                                  10.154,                                  20.416,                                  25.145,                                   0.012,                                   0.016,                               48981.012,                                   1.000,
8/12/2026 1:49:03 PM  ,    1780.000,                                  10.153,                                  20.039,                                  24.681,                                   0.012,                                   0.016,                               49902.496,                                   1.000,
8/12/2026 1:49:08 PM  ,    1785.000,                                  10.154,                                  20.164,                                  24.834,                                   0.012,                                   0.016,                               49593.906,                                   1.000,
8/12/2026 1:49:13 PM  ,    1790.000,                                  10.154,                                  20.482,                                  25.226,                                   0.012,                                   0.016,                               48823.184,                                   1.000,
8/12/2026 1:49:18 PM  ,    1795.000,                                  10.154,                                  20.228,                                  24.914,                                   0.012,                                   0.016,                               49435.211,                                   1.000,
8/12/2026 1:49:23 PM  ,    1800.000,                                  10.154,                                  20.469,                                  25.210,                                   0.012,                                   0.016,                               48854.180,                                   1.000,
8/12/2026 1:49:28 PM  ,    1805.000,                                  10.155,                                  20.493,                                  25.240,                                   0.012,                                   0.016,                               48796.152,                                   1.000,
8/12/2026 1:49:33 PM  ,    1810.000,                                  10.154,                                  20.407,                                  25.134,                                   0.012,                                   0.016,                               49002.336,                                   1.000,
8/12/2026 1:49:38 PM  ,    1815.000,                                  10.154,                                  20.302,                                  25.004,                                   0.012,                                   0.016,                               49257.207,                                   1.000,
8/12/2026 1:49:43 PM  ,    1820.000,                                  10.154,                                  20.361,                                  25.077,                                   0.012,                                   0.016,                               49112.578,                                   1.000,
8/12/2026 1:49:48 PM  ,    1825.000,                                  10.155,                                  20.491,                                  25.237,                                   0.012,                                   0.016,                               48801.391,                                   1.000,
8/12/2026 1:49:53 PM  ,    1830.000,                                  10.154,                                  20.523,                                  25.276,                                   0.012,                                   0.016,                               48725.406,                                   1.000,
8/12/2026 1:49:58 PM  ,    1835.000,                                  10.155,                                  20.468,                                  25.208,                                   0.012,                                   0.016,                               48857.434,                                   1.000,
8/12/2026 1:50:03 PM  ,    1840.000,                                  10.154,                                  20.510,                                  25.260,                                   0.012,                                   0.016,                               48757.586,                                   1.000,
8/12/2026 1:50:08 PM  ,    1845.000,                                  10.155,                                  20.397,                                  25.121,                                   0.012,                                   0.016,                               49027.219,                                   1.000,
8/12/2026 1:50:13 PM  ,    1850.000,                                  10.155,                                  20.389,                                  25.110,                                   0.012,                                   0.016,                               49046.793,                                   1.000,
8/12/2026 1:50:18 PM  ,    1855.000,                                  10.155,                                  20.429,                                  25.161,                                   0.012,                                   0.016,                               48948.855,                                   1.000,
8/12/2026 1:50:23 PM  ,    1860.000,                                  10.154,                                  20.469,                                  25.210,                                   0.012,                                   0.016,                               48854.301,                                   1.000,
8/12/2026 1:50:28 PM  ,    1865.000,                                  10.155,                                  20.505,                                  25.253,                                   0.012,                                   0.016,                               48768.719,                                   1.000,
8/12/2026 1:50:33 PM  ,    1870.000,                                  10.156,                                  20.404,                                  25.130,                                   0.012,                                   0.016,                               49008.949,                                   1.000,
8/12/2026 1:50:38 PM  ,    1875.000,                                  10.155,                                  20.455,                                  25.192,                                   0.012,                                   0.016,                               48886.859,                                   1.000,
8/12/2026 1:50:43 PM  ,    1880.000,                                  10.156,                                  20.356,                                  25.070,                                   0.012,                                   0.016,                               49125.355,                                   1.000,
8/12/2026 1:50:48 PM  ,    1885.000,                                  10.156,                                  20.380,                                  25.099,                                   0.012,                                   0.016,                               49068.680,                                   1.000,
8/12/2026 1:50:53 PM  ,    1890.000,                                  10.156,                                  20.335,                                  25.044,                                   0.012,                                   0.016,                               49175.262,                                   1.000,
8/12/2026 1:50:58 PM  ,    1895.000,                                  10.157,                                  20.428,                                  25.157,                                   0.012,                                   0.016,                               48953.457,                                   1.000,
8/12/2026 1:51:03 PM  ,    1900.000,                                  10.157,                                  20.450,                                  25.184,                                   0.012,                                   0.016,                               48900.840,                                   1.000,
8/12/2026 1:51:08 PM  ,    1905.000,                                  10.157,                                  20.463,                                  25.201,                                   0.012,                                   0.016,                               48868.977,                                   1.000,
8/12/2026 1:51:13 PM  ,    1910.000,                                  10.158,                                  20.443,                                  25.175,                                   0.012,                                   0.016,                               48917.453,                                   1.000,
8/12/2026 1:51:18 PM  ,    1915.000,                                  10.157,                                  20.488,                                  25.232,                                   0.012,                                   0.016,                               48808.891,                                   1.000,
8/12/2026 1:51:23 PM  ,    1920.000,                                  10.158,                                  20.409,                                  25.134,                                   0.012,                                   0.016,                               48996.891,                                   1.000,
8/12/2026 1:51:28 PM  ,    1925.000,                                  10.158,                                  20.331,                                  25.037,                                   0.012,                                   0.016,                               49187.063,                                   1.000,
8/12/2026 1:51:33 PM  ,    1930.000,                                  10.158,                                  20.463,                                  25.200,                                   0.012,                                   0.016,                               48869.762,                                   1.000,
8/12/2026 1:51:38 PM  ,    1935.000,                                  10.158,                                  20.403,                                  25.126,                                   0.012,                                   0.016,                               49013.531,                                   1.000,
8/12/2026 1:51:43 PM  ,    1940.000,                                  10.158,                                  20.439,                                  25.171,                                   0.012,                                   0.016,                               48926.793,                                   1.000,
8/12/2026 1:51:48 PM  ,    1945.000,                                  10.157,                                  20.443,                                  25.176,                                   0.012,                                   0.016,                               48915.453,                                   1.000,
8/12/2026 1:51:53 PM  ,    1950.000,                                  10.158,                                  20.287,                                  24.983,                                   0.012,                                   0.016,                               49292.469,                                   1.000,
8/12/2026 1:51:58 PM  ,    1955.000,                                  10.157,                                  20.430,                                  25.160,                                   0.012,                                   0.016,                               48946.914,                                   1.000,
8/12/2026 1:52:03 PM  ,    1960.000,                                  10.159,                                  20.345,                                  25.054,                                   0.012,                                   0.016,                               49153.242,                                   1.000,
8/12/2026 1:52:08 PM  ,    1965.000,                                  10.158,                                  20.449,                                  25.183,                                   0.012,                                   0.016,                               48901.387,                                   1.000,
8/12/2026 1:52:13 PM  ,    1970.000,                                  10.158,                                  20.423,                                  25.152,                                   0.012,                                   0.016,                               48963.234,                                   1.000,
8/12/2026 1:52:18 PM  ,    1975.000,                                  10.158,                                  20.440,                                  25.172,                                   0.012,                                   0.016,                               48924.012,                                   1.000,
8/12/2026 1:52:23 PM  ,    1980.000,                                  10.158,                                  20.387,                                  25.107,                                   0.012,                                   0.016,                               49049.813,                                   1.000,
8/12/2026 1:52:28 PM  ,    1985.000,                                  10.159,                                  20.321,                                  25.025,                                   0.012,                                   0.016,                               49209.520,                                   1.000,
8/12/2026 1:52:33 PM  ,    1990.000,                                  10.159,                                  20.417,                                  25.143,                                   0.012,                                   0.016,                               48979.176,                                   1.000,
8/12/2026 1:52:38 PM  ,    1995.000,                                  10.159,                                  20.366,                                  25.081,                                   0.012,                                   0.016,                               49100.711,                                   1.000,
8/12/2026 1:52:43 PM  ,    2000.000,                                  10.159,                                  20.414,                                  25.139,                                   0.012,                                   0.016,                               48985.391,                                   1.000,
8/12/2026 1:52:48 PM  ,    2005.000,                                  10.159,                                  20.450,                                  25.184,                                   0.012,                                   0.016,                               48899.270,                                   1.000,
8/12/2026 1:52:53 PM  ,    2010.000,                                  10.159,                                  20.403,                                  25.125,                                   0.012,                                   0.016,                               49013.387,                                   1.000,
8/12/2026 1:52:58 PM  ,    2015.000,                                  10.159,                                  20.424,                                  25.151,                                   0.012,                                   0.016,                               48962.883,                                   1.000,
8/12/2026 1:53:03 PM  ,    2020.000,                                  10.159,                                  20.297,                                  24.995,                                   0.012,                                   0.016,                               49269.547,                                   1.000,
8/12/2026 1:53:08 PM  ,    2025.000,                                  10.160,                                  20.420,                                  25.146,                                   0.012,                                   0.016,                               48971.777,                                   1.000,
8/12/2026 1:53:13 PM  ,    2030.000,                                  10.159,                                  20.407,                                  25.131,                                   0.012,                                   0.016,                               49001.688,                                   1.000,
8/12/2026 1:53:18 PM  ,    2035.000,                                  10.160,                                  20.439,                                  25.170,                                   0.012,                                   0.016,                               48925.125,                                   1.000,
8/12/2026 1:53:23 PM  ,    2040.000,                                  10.159,                                  20.372,                                  25.087,                                   0.012,                                   0.016,                               49088.160,                                   1.000,
8/12/2026 1:53:28 PM  ,    2045.000,                                  10.159,                                  20.339,                                  25.047,                                   0.012,                                   0.016,                               49165.680,                                   1.000,
8/12/2026 1:53:33 PM  ,    2050.000,                                  10.159,                                  20.349,                                  25.059,                                   0.012,                                   0.016,                               49143.289,                                   1.000,
8/12/2026 1:53:38 PM  ,    2055.000,                                  10.160,                                  20.431,                                  25.159,                                   0.012,                                   0.016,                               48945.957,                                   1.000,
8/12/2026 1:53:43 PM  ,    2060.000,                                  10.158,                                  20.371,                                  25.087,                                   0.012,                                   0.016,                               49089.352,                                   1.000,
8/12/2026 1:53:48 PM  ,    2065.000,                                  10.160,                                  20.399,                                  25.120,                                   0.012,                                   0.016,                               49023.188,                                   1.000,
8/12/2026 1:53:53 PM  ,    2070.000,                                  10.160,                                  20.386,                                  25.105,                                   0.012,                                   0.016,                               49052.227,                                   1.000,
8/12/2026 1:53:58 PM  ,    2075.000,                                  10.160,                                  20.196,                                  24.870,                                   0.012,                                   0.016,                               49515.734,                                   1.000,
8/12/2026 1:54:03 PM  ,    2080.000,                                  10.160,                                  20.344,                                  25.052,                                   0.012,                                   0.016,                               49154.711,                                   1.000,
8/12/2026 1:54:08 PM  ,    2085.000,                                  10.160,                                  20.389,                                  25.108,                                   0.012,                                   0.016,                               49045.766,                                   1.000,
8/12/2026 1:54:13 PM  ,    2090.000,                                  10.162,                                  20.203,                                  24.877,                                   0.012,                                   0.016,                               49498.340,                                   1.000,
8/12/2026 1:54:18 PM  ,    2095.000,                                  10.161,                                  20.335,                                  25.041,                                   0.012,                                   0.016,                               49176.387,                                   1.000,
8/12/2026 1:54:23 PM  ,    2100.000,                                  10.162,                                  20.366,                                  25.078,                                   0.012,                                   0.016,                               49102.461,                                   1.000,
8/12/2026 1:54:28 PM  ,    2105.000,                                  10.162,                                  20.339,                                  25.045,                                   0.012,                                   0.016,                               49166.266,                                   1.000,
8/12/2026 1:54:33 PM  ,    2110.000,                                  10.162,                                  20.412,                                  25.135,                                   0.012,                                   0.016,                               48990.707,                                   1.000,
8/12/2026 1:54:38 PM  ,    2115.000,                                  10.163,                                  20.376,                                  25.090,                                   0.012,                                   0.016,                               49076.590,                                   1.000,
8/12/2026 1:54:43 PM  ,    2120.000,                                  10.163,                                  20.300,                                  24.996,                                   0.012,                                   0.016,                               49261.879,                                   1.000,
8/12/2026 1:54:48 PM  ,    2125.000,                                  10.163,                                  20.369,                                  25.082,                                   0.012,                                   0.016,                               49093.418,                                   1.000,
8/12/2026 1:54:53 PM  ,    2130.000,                                  10.163,                                  20.497,                                  25.240,                                   0.012,                                   0.016,                               48787.223,                                   1.000,
8/12/2026 1:54:58 PM  ,    2135.000,                                  10.164,                                  20.302,                                  24.998,                                   0.012,                                   0.016,                               49257.191,                                   1.000,
8/12/2026 1:55:03 PM  ,    2140.000,                                  10.164,                                  20.406,                                  25.126,                                   0.012,                                   0.016,                               49005.418,                                   1.000,
8/12/2026 1:55:08 PM  ,    2145.000,                                  10.164,                                  20.359,                                  25.068,                                   0.012,                                   0.016,                               49119.355,                                   1.000,
8/12/2026 1:55:13 PM  ,    2150.000,                                  10.164,                                  20.368,                                  25.080,                                   0.012,                                   0.016,                               49095.430,                                   1.000,
8/12/2026 1:55:18 PM  ,    2155.000,                                  10.164,                                  20.360,                                  25.069,                                   0.012,                                   0.016,                               49116.477,                                   1.000,
8/12/2026 1:55:23 PM  ,    2160.000,                                  10.165,                                  20.348,                                  25.054,                                   0.012,                                   0.016,                               49145.609,                                   1.000,
8/12/2026 1:55:28 PM  ,    2165.000,                                  10.164,                                  20.368,                                  25.079,                                   0.012,                                   0.016,                               49097.055,                                   1.000,
8/12/2026 1:55:33 PM  ,    2170.000,                                  10.166,                                  20.368,                                  25.079,                                   0.012,                                   0.016,                               49095.918,                                   1.000,
8/12/2026 1:55:38 PM  ,    2175.000,                                  10.166,                                  20.371,                                  25.083,                                   0.012,                                   0.016,                               49088.852,                                   1.000,
8/12/2026 1:55:43 PM  ,    2180.000,                                  10.165,                                  20.379,                                  25.092,                                   0.012,                                   0.016,                               49070.910,                                   1.000,
8/12/2026 1:55:48 PM  ,    2185.000,                                  10.165,                                  20.384,                                  25.098,                                   0.012,                                   0.016,                               49058.766,                                   1.000,
8/12/2026 1:55:53 PM  ,    2190.000,                                  10.166,                                  20.407,                                  25.126,                                   0.012,                                   0.016,                               49002.379,                                   1.000,
8/12/2026 1:55:58 PM  ,    2195.000,                                  10.167,                                  20.383,                                  25.096,                                   0.012,                                   0.016,                               49060.836,                                   1.000,
8/12/2026 1:56:03 PM  ,    2200.000,                                  10.168,                                  20.327,                                  25.027,                                   0.012,                                   0.016,                               49196.418,                                   1.000,
8/12/2026 1:56:08 PM  ,    2205.000,                                  10.168,                                  20.323,                                  25.022,                                   0.012,                                   0.016,                               49206.125,                                   1.000,
8/12/2026 1:56:13 PM  ,    2210.000,                                  10.167,                                  20.379,                                  25.091,                                   0.012,                                   0.016,                               49070.250,                                   1.000,
8/12/2026 1:56:18 PM  ,    2215.000,                                  10.167,                                  20.290,                                  24.981,                                   0.012,                                   0.016,                               49286.449,                                   1.000,
8/12/2026 1:56:23 PM  ,    2220.000,                                  10.168,                                  20.399,                                  25.115,                                   0.012,                                   0.016,                               49023.016,                                   1.000,
8/12/2026 1:56:28 PM  ,    2225.000,                                  10.168,                                  20.346,                                  25.050,                                   0.012,                                   0.016,                               49150.449,                                   1.000,
8/12/2026 1:56:33 PM  ,    2230.000,                                  10.169,                                  20.142,                                  24.798,                                   0.012,                                   0.016,                               49648.410,                                   1.000,
8/12/2026 1:56:38 PM  ,    2235.000,                                  10.169,                                  20.497,                                  25.235,                                   0.012,                                   0.016,                               48787.969,                                   1.000,
8/12/2026 1:56:43 PM  ,    2240.000,                                  10.169,                                  20.317,                                  25.013,                                   0.012,                                   0.016,                               49220.738,                                   1.000,
8/12/2026 1:56:48 PM  ,    2245.000,                                  10.169,                                  20.374,                                  25.084,                                   0.012,                                   0.016,                               49082.000,                                   1.000,
8/12/2026 1:56:53 PM  ,    2250.000,                                  10.171,                                  20.339,                                  25.040,                                   0.012,                                   0.016,                               49166.039,                                   1.000,
8/12/2026 1:56:58 PM  ,    2255.000,                                  10.169,                                  20.240,                                  24.919,                                   0.012,                                   0.016,                               49406.105,                                   1.000,
8/12/2026 1:57:03 PM  ,    2260.000,                                  10.169,                                  20.222,                                  24.897,                                   0.012,                                   0.016,                               49450.242,                                   1.000,
8/12/2026 1:57:08 PM  ,    2265.000,                                  10.169,                                  20.413,                                  25.131,                                   0.012,                                   0.016,                               48989.418,                                   1.000,
8/12/2026 1:57:13 PM  ,    2270.000,                                  10.170,                                  20.401,                                  25.117,                                   0.012,                                   0.016,                               49016.652,                                   1.000,
8/12/2026 1:57:18 PM  ,    2275.000,                                  10.170,                                  20.236,                                  24.914,                                   0.012,                                   0.016,                               49416.434,                                   1.000,
8/12/2026 1:57:23 PM  ,    2280.000,                                  10.170,                                  20.112,                                  24.760,                                   0.012,                                   0.016,                               49722.305,                                   1.000,
8/12/2026 1:57:28 PM  ,    2285.000,                                  10.172,                                  20.183,                                  24.847,                                   0.012,                                   0.016,                               49546.820,                                   1.000,
8/12/2026 1:57:33 PM  ,    2290.000,                                  10.172,                                  20.098,                                  24.743,                                   0.012,                                   0.016,                               49756.039,                                   1.000,
8/12/2026 1:57:38 PM  ,    2295.000,                                  10.172,                                  20.149,                                  24.806,                                   0.012,                                   0.016,                               49629.891,                                   1.000,
8/12/2026 1:57:43 PM  ,    2300.000,                                  10.173,                                  20.116,                                  24.764,                                   0.012,                                   0.016,                               49712.199,                                   1.000,
8/12/2026 1:57:48 PM  ,    2305.000,                                  10.172,                                  20.128,                                  24.779,                                   0.012,                                   0.016,                               49682.770,                                   1.000,
8/12/2026 1:57:53 PM  ,    2310.000,                                  10.174,                                  20.184,                                  24.847,                                   0.012,                                   0.016,                               49543.797,                                   1.000,
8/12/2026 1:57:58 PM  ,    2315.000,                                  10.174,                                  20.094,                                  24.736,                                   0.012,                                   0.016,                               49765.789,                                   1.000,
8/12/2026 1:58:03 PM  ,    2320.000,                                  10.177,                                  20.093,                                  24.734,                                   0.012,                                   0.016,                               49767.781,                                   1.000,
8/12/2026 1:58:08 PM  ,    2325.000,                                  10.178,                                  20.109,                                  24.753,                                   0.012,                                   0.016,                               49728.027,                                   1.000,
8/12/2026 1:58:13 PM  ,    2330.000,                                  10.179,                                  20.143,                                  24.794,                                   0.012,                                   0.016,                               49644.602,                                   1.000,
8/12/2026 1:58:18 PM  ,    2335.000,                                  10.180,                                  20.118,                                  24.762,                                   0.012,                                   0.016,                               49707.723,                                   1.000,
8/12/2026 1:58:23 PM  ,    2340.000,                                  10.181,                                  20.165,                                  24.820,                                   0.012,                                   0.016,                               49590.680,                                   1.000,
8/12/2026 1:58:28 PM  ,    2345.000,                                  10.183,                                  20.132,                                  24.778,                                   0.012,                                   0.016,                               49671.750,                                   1.000,
8/12/2026 1:58:33 PM  ,    2350.000,                                  10.184,                                  20.143,                                  24.791,                                   0.012,                                   0.016,                               49644.973,                                   1.000,
8/12/2026 1:58:38 PM  ,    2355.000,                                  10.184,                                  20.125,                                  24.768,                                   0.012,                                   0.016,                               49690.363,                                   1.000,
8/12/2026 1:58:43 PM  ,    2360.000,                                  10.185,                                  20.145,                                  24.793,                                   0.012,                                   0.016,                               49640.594,                                   1.000,
8/12/2026 1:58:48 PM  ,    2365.000,                                  10.186,                                  20.133,                                  24.778,                                   0.012,                                   0.016,                               49670.047,                                   1.000,
8/12/2026 1:58:53 PM  ,    2370.000,                                  10.187,                                  20.170,                                  24.823,                                   0.012,                                   0.016,                               49578.582,                                   1.000,
8/12/2026 1:58:58 PM  ,    2375.000,                                  10.187,                                  20.163,                                  24.814,                                   0.012,                                   0.016,                               49594.852,                                   1.000,
8/12/2026 1:59:03 PM  ,    2380.000,                                  10.186,                                  20.036,                                  24.658,                                   0.012,                                   0.016,                               49910.188,                                   1.000,
8/12/2026 1:59:08 PM  ,    2385.000,                                  10.187,                                  20.182,                                  24.836,                                   0.012,                                   0.016,                               49550.070,                                   1.000,
8/12/2026 1:59:13 PM  ,    2390.000,                                  10.186,                                  20.169,                                  24.821,                                   0.012,                                   0.016,                               49582.051,                                   1.000,
8/12/2026 1:59:18 PM  ,    2395.000,                                  10.186,                                  20.124,                                  24.766,                                   0.012,                                   0.016,                               49692.738,                                   1.000,
8/12/2026 1:59:23 PM  ,    2400.000,                                  10.187,                                  20.151,                                  24.799,                                   0.012,                                   0.016,                               49626.426,                                   1.000,
8/12/2026 1:59:28 PM  ,    2405.000,                                  10.186,                                  20.056,                                  24.682,                                   0.012,                                   0.016,                               49861.441,                                   1.000,
8/12/2026 1:59:33 PM  ,    2410.000,                                  10.186,                                  20.082,                                  24.715,                                   0.012,                                   0.016,                               49795.859,                                   1.000,
8/12/2026 1:59:38 PM  ,    2415.000,                                  10.186,                                  20.172,                                  24.826,                                   0.012,                                   0.016,                               49573.445,                                   1.000,
8/12/2026 1:59:43 PM  ,    2420.000,                                  10.187,                                  20.095,                                  24.730,                                   0.012,                                   0.016,                               49762.762,                                   1.000,
8/12/2026 1:59:48 PM  ,    2425.000,                                  10.186,                                  20.018,                                  24.636,                                   0.012,                                   0.016,                               49954.336,                                   1.000,
8/12/2026 1:59:53 PM  ,    2430.000,                                  10.186,                                  20.125,                                  24.768,                                   0.012,                                   0.016,                               49688.441,                                   1.000,
8/12/2026 1:59:58 PM  ,    2435.000,                                  10.188,                                  20.092,                                  24.726,                                   0.012,                                   0.016,                               49771.238,                                   1.000,
8/12/2026 2:00:03 PM  ,    2440.000,                                  10.187,                                  20.131,                                  24.774,                                   0.012,                                   0.016,                               49675.758,                                   1.000,
8/12/2026 2:00:08 PM  ,    2445.000,                                  10.187,                                  20.075,                                  24.705,                                   0.012,                                   0.016,                               49814.383,                                   1.000,
8/12/2026 2:00:13 PM  ,    2450.000,                                  10.186,                                  20.085,                                  24.719,                                   0.012,                                   0.016,                               49787.570,                                   1.000,
8/12/2026 2:00:18 PM  ,    2455.000,                                  10.186,                                  20.100,                                  24.737,                                   0.012,                                   0.016,                               49751.332,                                   1.000,
8/12/2026 2:00:23 PM  ,    2460.000,                                  10.185,                                  20.115,                                  24.756,                                   0.012,                                   0.016,                               49714.125,                                   1.000,
8/12/2026 2:00:28 PM  ,    2465.000,                                  10.184,                                  20.141,                                  24.789,                                   0.012,                                   0.016,                               49649.461,                                   1.000,
8/12/2026 2:00:33 PM  ,    2470.000,                                  10.185,                                  20.111,                                  24.751,                                   0.012,                                   0.016,                               49724.426,                                   1.000,
8/12/2026 2:00:38 PM  ,    2475.000,                                  10.185,                                  20.079,                                  24.711,                                   0.012,                                   0.016,                               49803.773,                                   1.000,
8/12/2026 2:00:43 PM  ,    2480.000,                                  10.184,                                  20.129,                                  24.774,                                   0.012,                                   0.016,                               49680.340,                                   1.000,
8/12/2026 2:00:48 PM  ,    2485.000,                                  10.184,                                  19.989,                                  24.601,                                   0.012,                                   0.016,                               50028.152,                                   1.000,
8/12/2026 2:00:53 PM  ,    2490.000,                                  10.184,                                  20.072,                                  24.703,                                   0.012,                                   0.016,                               49821.613,                                   1.000,
8/12/2026 2:00:58 PM  ,    2495.000,                                  10.184,                                  20.131,                                  24.777,                                   0.012,                                   0.016,                               49673.867,                                   1.000,
8/12/2026 2:01:03 PM  ,    2500.000,                                  10.183,                                  20.043,                                  24.669,                                   0.012,                                   0.016,                               49892.176,                                   1.000,
8/12/2026 2:01:08 PM  ,    2505.000,                                  10.183,                                  20.037,                                  24.661,                                   0.012,                                   0.016,                               49906.938,                                   1.000,
8/12/2026 2:01:13 PM  ,    2510.000,                                  10.184,                                  19.996,                                  24.610,                                   0.012,                                   0.016,                               50010.945,                                   1.000,
8/12/2026 2:01:18 PM  ,    2515.000,                                  10.183,                                  19.906,                                  24.500,                                   0.012,                                   0.016,                               50234.902,                                   1.000,
8/12/2026 2:01:23 PM  ,    2520.000,                                  10.182,                                  19.820,                                  24.394,                                   0.012,                                   0.016,                               50454.023,                                   1.000,
8/12/2026 2:01:28 PM  ,    2525.000,                                  10.182,                                  20.102,                                  24.742,                                   0.012,                                   0.016,                               49746.227,                                   1.000,
8/12/2026 2:01:33 PM  ,    2530.000,                                  10.183,                                  20.034,                                  24.658,                                   0.012,                                   0.016,                               49913.906,                                   1.000,
8/12/2026 2:01:38 PM  ,    2535.000,                                  10.183,                                  19.904,                                  24.497,                                   0.012,                                   0.016,                               50240.961,                                   1.000,
8/12/2026 2:01:43 PM  ,    2540.000,                                  10.183,                                  20.013,                                  24.632,                                   0.012,                                   0.016,                               49966.285,                                   1.000,
8/12/2026 2:01:48 PM  ,    2545.000,                                  10.182,                                  19.983,                                  24.595,                                   0.012,                                   0.016,                               50042.598,                                   1.000,
8/12/2026 2:01:53 PM  ,    2550.000,                                  10.183,                                  20.140,                                  24.788,                                   0.012,                                   0.016,                               49653.605,                                   1.000,
8/12/2026 2:01:58 PM  ,    2555.000,                                  10.182,                                  20.020,                                  24.640,                                   0.012,                                   0.016,                               49951.223,                                   1.000,
8/12/2026 2:02:03 PM  ,    2560.000,                                  10.182,                                  20.077,                                  24.711,                                   0.012,                                   0.016,                               49807.492,                                   1.000,
8/12/2026 2:02:08 PM  ,    2565.000,                                  10.183,                                  19.991,                                  24.605,                                   0.012,                                   0.016,                               50022.398,                                   1.000,
8/12/2026 2:02:13 PM  ,    2570.000,                                  10.183,                                  20.031,                                  24.654,                                   0.012,                                   0.016,                               49922.203,                                   1.000,
8/12/2026 2:02:18 PM  ,    2575.000,                                  10.183,                                  19.843,                                  24.422,                                   0.012,                                   0.016,                               50395.832,                                   1.000,
8/12/2026 2:02:23 PM  ,    2580.000,                                  10.183,                                  20.031,                                  24.654,                                   0.012,                                   0.016,                               49921.488,                                   1.000,
8/12/2026 2:02:28 PM  ,    2585.000,                                  10.183,                                  20.095,                                  24.732,                                   0.012,                                   0.016,                               49763.801,                                   1.000,
8/12/2026 2:02:33 PM  ,    2590.000,                                  10.183,                                  19.907,                                  24.501,                                   0.012,                                   0.016,                               50232.691,                                   1.000,
8/12/2026 2:02:38 PM  ,    2595.000,                                  10.185,                                  20.008,                                  24.625,                                   0.012,                                   0.016,                               49978.777,                                   1.000,
8/12/2026 2:02:43 PM  ,    2600.000,                                  10.185,                                  19.986,                                  24.597,                                   0.012,                                   0.016,                               50035.434,                                   1.000,
8/12/2026 2:02:48 PM  ,    2605.000,                                  10.185,                                  20.047,                                  24.672,                                   0.012,                                   0.016,                               49882.594,                                   1.000,
8/12/2026 2:02:53 PM  ,    2610.000,                                  10.185,                                  20.054,                                  24.680,                                   0.012,                                   0.016,                               49866.457,                                   1.000,
8/12/2026 2:02:58 PM  ,    2615.000,                                  10.185,                                  20.085,                                  24.719,                                   0.012,                                   0.016,                               49788.645,                                   1.000,
8/12/2026 2:03:03 PM  ,    2620.000,                                  10.185,                                  19.898,                                  24.489,                                   0.012,                                   0.016,                               50255.762,                                   1.000,
8/12/2026 2:03:08 PM  ,    2625.000,                                  10.184,                                  20.034,                                  24.656,                                   0.012,                                   0.016,                               49915.453,                                   1.000,
8/12/2026 2:03:13 PM  ,    2630.000,                                  10.184,                                  20.070,                                  24.700,                                   0.012,                                   0.016,                               49826.711,                                   1.000,
8/12/2026 2:03:18 PM  ,    2635.000,                                  10.184,                                  20.060,                                  24.688,                                   0.012,                                   0.016,                               49851.105,                                   1.000,
8/12/2026 2:03:23 PM  ,    2640.000,                                  10.184,                                  20.042,                                  24.666,                                   0.012,                                   0.016,                               49896.457,                                   1.000,
8/12/2026 2:03:28 PM  ,    2645.000,                                  10.186,                                  20.063,                                  24.692,                                   0.012,                                   0.016,                               49842.926,                                   1.000,
8/12/2026 2:03:33 PM  ,    2650.000,                                  10.186,                                  20.208,                                  24.869,                                   0.012,                                   0.016,                               49486.168,                                   1.000,
8/12/2026 2:03:38 PM  ,    2655.000,                                  10.187,                                  20.081,                                  24.713,                                   0.012,                                   0.016,                               49798.828,                                   1.000,
8/12/2026 2:03:43 PM  ,    2660.000,                                  10.188,                                  20.038,                                  24.660,                                   0.012,                                   0.016,                               49904.848,                                   1.000,
8/12/2026 2:03:48 PM  ,    2665.000,                                  10.189,                                  20.012,                                  24.626,                                   0.012,                                   0.016,                               49970.703,                                   1.000,
8/12/2026 2:03:53 PM  ,    2670.000,                                  10.192,                                  20.043,                                  24.664,                                   0.012,                                   0.016,                               49891.684,                                   1.000,
8/12/2026 2:03:58 PM  ,    2675.000,                                  10.193,                                  20.050,                                  24.671,                                   0.012,                                   0.016,                               49875.613,                                   1.000,
8/12/2026 2:04:03 PM  ,    2680.000,                                  10.193,                                  19.995,                                  24.603,                                   0.012,                                   0.016,                               50013.363,                                   1.000,
8/12/2026 2:04:08 PM  ,    2685.000,                                  10.194,                                  20.016,                                  24.629,                                   0.012,                                   0.016,                               49960.508,                                   1.000,
8/12/2026 2:04:13 PM  ,    2690.000,                                  10.195,                                  20.053,                                  24.674,                                   0.012,                                   0.016,                               49868.691,                                   1.000,
8/12/2026 2:04:18 PM  ,    2695.000,                                  10.195,                                  20.101,                                  24.733,                                   0.012,                                   0.016,                               49749.148,                                   1.000,
8/12/2026 2:04:23 PM  ,    2700.000,                                  10.197,                                  20.083,                                  24.709,                                   0.012,                                   0.016,                               49794.465,                                   1.000,
8/12/2026 2:04:28 PM  ,    2705.000,                                  10.197,                                  20.024,                                  24.637,                                   0.012,                                   0.016,                               49940.699,                                   1.000,
8/12/2026 2:04:33 PM  ,    2710.000,                                  10.197,                                  20.028,                                  24.641,                                   0.012,                                   0.016,                               49930.832,                                   1.000,
8/12/2026 2:04:38 PM  ,    2715.000,                                  10.198,                                  20.066,                                  24.688,                                   0.012,                                   0.016,                               49835.535,                                   1.000,
8/12/2026 2:04:43 PM  ,    2720.000,                                  10.200,                                  20.050,                                  24.667,                                   0.012,                                   0.016,                               49875.758,                                   1.000,
8/12/2026 2:04:48 PM  ,    2725.000,                                  10.201,                                  20.018,                                  24.627,                                   0.012,                                   0.016,                               49955.949,                                   1.000,
8/12/2026 2:04:53 PM  ,    2730.000,                                  10.202,                                  20.042,                                  24.657,                                   0.012,                                   0.016,                               49895.086,                                   1.000,
8/12/2026 2:04:58 PM  ,    2735.000,                                  10.201,                                  20.000,                                  24.605,                                   0.012,                                   0.016,                               49999.809,                                   1.000,
8/12/2026 2:05:03 PM  ,    2740.000,                                  10.202,                                  20.015,                                  24.623,                                   0.012,                                   0.016,                               49963.336,                                   1.000,
8/12/2026 2:05:08 PM  ,    2745.000,                                  10.203,                                  20.001,                                  24.605,                                   0.012,                                   0.016,                               49997.500,                                   1.000,
8/12/2026 2:05:13 PM  ,    2750.000,                                  10.204,                                  19.979,                                  24.578,                                   0.012,                                   0.016,                               50051.918,                                   1.000,
8/12/2026 2:05:18 PM  ,    2755.000,                                  10.203,                                  20.022,                                  24.631,                                   0.012,                                   0.016,                               49945.094,                                   1.000,
8/12/2026 2:05:23 PM  ,    2760.000,                                  10.204,                                  19.978,                                  24.577,                                   0.012,                                   0.016,                               50054.566,                                   1.000,
8/12/2026 2:05:28 PM  ,    2765.000,                                  10.205,                                  20.029,                                  24.638,                                   0.012,                                   0.016,                               49927.777,                                   1.000,
8/12/2026 2:05:33 PM  ,    2770.000,                                  10.206,                                  20.024,                                  24.632,                                   0.012,                                   0.016,                               49939.145,                                   1.000,
8/12/2026 2:05:38 PM  ,    2775.000,                                  10.205,                                  19.814,                                  24.374,                                   0.012,                                   0.016,                               50469.441,                                   1.000,
8/12/2026 2:05:43 PM  ,    2780.000,                                  10.206,                                  19.987,                                  24.587,                                   0.012,                                   0.016,                               50031.504,                                   1.000,
8/12/2026 2:05:48 PM  ,    2785.000,                                  10.206,                                  20.020,                                  24.627,                                   0.012,                                   0.016,                               49948.906,                                   1.000,
8/12/2026 2:05:53 PM  ,    2790.000,                                  10.206,                                  19.821,                                  24.382,                                   0.012,                                   0.016,                               50451.848,                                   1.000,
8/12/2026 2:05:58 PM  ,    2795.000,                                  10.208,                                  20.001,                                  24.602,                                   0.012,                                   0.016,                               49997.227,                                   1.000,
8/12/2026 2:06:03 PM  ,    2800.000,                                  10.209,                                  20.008,                                  24.610,                                   0.012,                                   0.016,                               49981.039,                                   1.000,
8/12/2026 2:06:08 PM  ,    2805.000,                                  10.209,                                  19.919,                                  24.501,                                   0.012,                                   0.016,                               50203.328,                                   1.000,
8/12/2026 2:06:13 PM  ,    2810.000,                                  10.210,                                  20.043,                                  24.653,                                   0.012,                                   0.016,                               49892.328,                                   1.000,
8/12/2026 2:06:18 PM  ,    2815.000,                                  10.211,                                  20.057,                                  24.670,                                   0.012,                                   0.016,                               49857.211,                                   1.000,
8/12/2026 2:06:23 PM  ,    2820.000,                                  10.212,                                  20.032,                                  24.638,                                   0.012,                                   0.016,                               49920.172,                                   1.000,
8/12/2026 2:06:28 PM  ,    2825.000,                                  10.212,                                  19.992,                                  24.588,                                   0.012,                                   0.016,                               50020.969,                                   1.000,
8/12/2026 2:06:33 PM  ,    2830.000,                                  10.213,                                  19.991,                                  24.587,                                   0.012,                                   0.016,                               50021.387,                                   1.000,
8/12/2026 2:06:38 PM  ,    2835.000,                                  10.215,                                  20.041,                                  24.647,                                   0.012,                                   0.016,                               49898.441,                                   1.000,
8/12/2026 2:06:43 PM  ,    2840.000,                                  10.216,                                  19.972,                                  24.562,                                   0.012,                                   0.016,                               50069.973,                                   1.000,
8/12/2026 2:06:48 PM  ,    2845.000,                                  10.217,                                  20.038,                                  24.643,                                   0.012,                                   0.016,                               49905.051,                                   1.000,
8/12/2026 2:06:53 PM  ,    2850.000,                                  10.219,                                  19.995,                                  24.588,                                   0.012,                                   0.016,                               50013.207,                                   1.000,
8/12/2026 2:06:58 PM  ,    2855.000,                                  10.219,                                  20.019,                                  24.618,                                   0.012,                                   0.016,                               49952.434,                                   1.000,
8/12/2026 2:07:03 PM  ,    2860.000,                                  10.220,                                  20.036,                                  24.639,                                   0.012,                                   0.016,                               49908.922,                                   1.000,
8/12/2026 2:07:08 PM  ,    2865.000,                                  10.219,                                  20.045,                                  24.650,                                   0.012,                                   0.016,                               49887.809,                                   1.000,
8/12/2026 2:07:13 PM  ,    2870.000,                                  10.218,                                  19.913,                                  24.489,                                   0.012,                                   0.016,                               50217.535,                                   1.000,
8/12/2026 2:07:18 PM  ,    2875.000,                                  10.218,                                  19.952,                                  24.535,                                   0.012,                                   0.016,                               50121.496,                                   1.000,
8/12/2026 2:07:23 PM  ,    2880.000,                                  10.218,                                  20.106,                                  24.726,                                   0.012,                                   0.016,                               49735.445,                                   1.000,
8/12/2026 2:07:28 PM  ,    2885.000,                                  10.219,                                  19.920,                                  24.497,                                   0.012,                                   0.016,                               50200.418,                                   1.000,
8/12/2026 2:07:33 PM  ,    2890.000,                                  10.218,                                  20.015,                                  24.614,                                   0.012,                                   0.016,                               49961.293,                                   1.000,
8/12/2026 2:07:38 PM  ,    2895.000,                                  10.217,                                  20.013,                                  24.612,                                   0.012,                                   0.016,                               49967.672,                                   1.000,
8/12/2026 2:07:43 PM  ,    2900.000,                                  10.215,                                  20.051,                                  24.659,                                   0.012,                                   0.016,                               49873.293,                                   1.000,
8/12/2026 2:07:48 PM  ,    2905.000,                                  10.215,                                  20.047,                                  24.655,                                   0.012,                                   0.016,                               49883.219,                                   1.000,
8/12/2026 2:07:53 PM  ,    2910.000,                                  10.215,                                  19.965,                                  24.554,                                   0.012,                                   0.016,                               50087.508,                                   1.000,
8/12/2026 2:07:58 PM  ,    2915.000,                                  10.214,                                  20.018,                                  24.620,                                   0.012,                                   0.016,                               49954.215,                                   1.000,
8/12/2026 2:08:03 PM  ,    2920.000,                                  10.213,                                  20.016,                                  24.618,                                   0.012,                                   0.016,                               49960.215,                                   1.000,
8/12/2026 2:08:08 PM  ,    2925.000,                                  10.213,                                  20.028,                                  24.632,                                   0.012,                                   0.016,                               49931.277,                                   1.000,
8/12/2026 2:08:13 PM  ,    2930.000,                                  10.213,                                  19.985,                                  24.580,                                   0.012,                                   0.016,                               50036.758,                                   1.000,
8/12/2026 2:08:18 PM  ,    2935.000,                                  10.212,                                  20.011,                                  24.613,                                   0.012,                                   0.016,                               49971.730,                                   1.000,
8/12/2026 2:08:23 PM  ,    2940.000,                                  10.212,                                  20.019,                                  24.623,                                   0.012,                                   0.016,                               49951.410,                                   1.000,
8/12/2026 2:08:28 PM  ,    2945.000,                                  10.212,                                  19.998,                                  24.596,                                   0.012,                                   0.016,                               50005.957,                                   1.000,
8/12/2026 2:08:33 PM  ,    2950.000,                                  10.213,                                  20.059,                                  24.671,                                   0.012,                                   0.016,                               49852.703,                                   1.000,
8/12/2026 2:08:38 PM  ,    2955.000,                                  10.211,                                  19.996,                                  24.594,                                   0.012,                                   0.016,                               50009.781,                                   1.000,
8/12/2026 2:08:43 PM  ,    2960.000,                                  10.212,                                  20.017,                                  24.619,                                   0.012,                                   0.016,                               49958.750,                                   1.000,
8/12/2026 2:08:48 PM  ,    2965.000,                                  10.213,                                  18.772,                                  23.088,                                   0.011,                                   0.015,                               53269.980,                                   1.000,
8/12/2026 2:08:53 PM  ,    2970.000,                                  10.213,                                  20.007,                                  24.606,                                   0.012,                                   0.016,                               49983.320,                                   1.000,
8/12/2026 2:08:58 PM  ,    2975.000,                                  10.211,                                  20.002,                                  24.602,                                   0.012,                                   0.016,                               49994.352,                                   1.000,
8/12/2026 2:09:03 PM  ,    2980.000,                                  10.211,                                  20.012,                                  24.614,                                   0.012,                                   0.016,                               49970.074,                                   1.000,
8/12/2026 2:09:08 PM  ,    2985.000,                                  10.210,                                  20.028,                                  24.635,                                   0.012,                                   0.016,                               49929.129,                                   1.000,
8/12/2026 2:09:13 PM  ,    2990.000,                                  10.212,                                  19.956,                                  24.544,                                   0.012,                                   0.016,                               50111.340,                                   1.000,
8/12/2026 2:09:18 PM  ,    2995.000,                                  10.211,                                  19.943,                                  24.530,                                   0.012,                                   0.016,                               50141.914,                                   1.000,
8/12/2026 2:09:23 PM  ,    3000.000,                                  10.210,                                  19.981,                                  24.576,                                   0.012,                                   0.016,                               50047.715,                                   1.000,
8/12/2026 2:09:28 PM  ,    3005.000,                                  10.211,                                  19.988,                                  24.585,                                   0.012,                                   0.016,                               50029.535,                                   1.000,
8/12/2026 2:09:33 PM  ,    3010.000,                                  10.211,                                  19.891,                                  24.466,                                   0.012,                                   0.016,                               50273.262,                                   1.000,
8/12/2026 2:09:38 PM  ,    3015.000,                                  10.210,                                  19.940,                                  24.527,                                   0.012,                                   0.016,                               50149.402,                                   1.000,
8/12/2026 2:09:43 PM  ,    3020.000,                                  10.210,                                  19.872,                                  24.443,                                   0.012,                                   0.016,                               50321.379,                                   1.000,
8/12/2026 2:09:48 PM  ,    3025.000,                                  10.211,                                  19.935,                                  24.519,                                   0.012,                                   0.016,                               50164.102,                                   1.000,
8/12/2026 2:09:53 PM  ,    3030.000,                                  10.211,                                  19.943,                                  24.530,                                   0.012,                                   0.016,                               50142.508,                                   1.000,
8/12/2026 2:09:58 PM  ,    3035.000,                                  10.211,                                  20.008,                                  24.610,                                   0.012,                                   0.016,                               49978.766,                                   1.000,
8/12/2026 2:10:03 PM  ,    3040.000,                                  10.212,                                  19.971,                                  24.563,                                   0.012,                                   0.016,                               50072.715,                                   1.000,
8/12/2026 2:10:08 PM  ,    3045.000,                                  10.212,                                  19.953,                                  24.541,                                   0.012,                                   0.016,                               50117.066,                                   1.000,
8/12/2026 2:10:13 PM  ,    3050.000,                                  10.212,                                  19.964,                                  24.555,                                   0.012,                                   0.016,                               50089.141,                                   1.000,
8/12/2026 2:10:18 PM  ,    3055.000,                                  10.212,                                  20.002,                                  24.602,                                   0.012,                                   0.016,                               49994.203,                                   1.000,
8/12/2026 2:10:23 PM  ,    3060.000,                                  10.212,                                  19.761,                                  24.305,                                   0.012,                                   0.016,                               50604.426,                                   1.000,
8/12/2026 2:10:28 PM  ,    3065.000,                                  10.212,                                  19.938,                                  24.522,                                   0.012,                                   0.016,                               50156.164,                                   1.000,
8/12/2026 2:10:33 PM  ,    3070.000,                                  10.212,                                  19.898,                                  24.473,                                   0.012,                                   0.016,                               50256.492,                                   1.000,
8/12/2026 2:10:38 PM  ,    3075.000,                                  10.213,                                  20.009,                                  24.609,                                   0.012,                                   0.016,                               49977.938,                                   1.000,
8/12/2026 2:10:43 PM  ,    3080.000,                                  10.213,                                  20.147,                                  24.779,                                   0.012,                                   0.016,                               49634.477,                                   1.000,
8/12/2026 2:10:48 PM  ,    3085.000,                                  10.214,                                  20.365,                                  25.047,                                   0.012,                                   0.016,                               49103.395,                                   1.000,
8/12/2026 2:10:53 PM  ,    3090.000,                                  10.213,                                  21.724,                                  26.719,                                   0.013,                                   0.017,                               46031.293,                                   1.000,
8/12/2026 2:10:58 PM  ,    3095.000,                                  10.213,                                  23.204,                                  28.539,                                   0.014,                                   0.019,                               43095.109,                                   1.000,
8/12/2026 2:11:03 PM  ,    3100.000,                                  10.213,                                  25.455,                                  31.307,                                   0.015,                                   0.020,                               39284.422,                                   1.000,
8/12/2026 2:11:08 PM  ,    3105.000,                                  10.213,                                  27.306,                                  33.585,                                   0.017,                                   0.022,                               36621.430,                                   1.000,
8/12/2026 2:11:13 PM  ,    3110.000,                                  10.213,                                  27.360,                                  33.649,                                   0.017,                                   0.022,                               36550.309,                                   1.000,
8/12/2026 2:11:18 PM  ,    3115.000,                                  10.213,                                  26.631,                                  32.754,                                   0.016,                                   0.021,                               37550.000,                                   1.000,
8/12/2026 2:11:23 PM  ,    3120.000,                                  10.214,                                  26.025,                                  32.008,                                   0.016,                                   0.021,                               38423.879,                                   1.000,
8/12/2026 2:11:28 PM  ,    3125.000,                                  10.212,                                  24.412,                                  30.025,                                   0.015,                                   0.020,                               40963.961,                                   1.000,
8/12/2026 2:11:33 PM  ,    3130.000,                                  10.212,                                  23.708,                                  29.160,                                   0.014,                                   0.019,                               42179.855,                                   1.000,
8/12/2026 2:11:38 PM  ,    3135.000,                                  10.212,                                  23.366,                                  28.738,                                   0.014,                                   0.019,                               42797.918,                                   1.000,
8/12/2026 2:11:43 PM  ,    3140.000,                                  10.212,                                  22.661,                                  27.872,                                   0.013,                                   0.018,                               44128.801,                                   1.000,
8/12/2026 2:11:48 PM  ,    3145.000,                                  10.211,                                  21.813,                                  26.828,                                   0.013,                                   0.017,                               45845.160,                                   1.000,
8/12/2026 2:11:53 PM  ,    3150.000,                                  10.212,                                  22.004,                                  27.063,                                   0.013,                                   0.018,                               45447.215,                                   1.000,
8/12/2026 2:11:58 PM  ,    3155.000,                                  10.211,                                  21.384,                                  26.301,                                   0.013,                                   0.017,                               46764.051,                                   1.000,
8/12/2026 2:12:03 PM  ,    3160.000,                                  10.209,                                  20.905,                                  25.713,                                   0.012,                                   0.017,                               47835.816,                                   1.000,
8/12/2026 2:12:08 PM  ,    3165.000,                                  10.209,                                  20.717,                                  25.482,                                   0.012,                                   0.017,                               48270.582,                                   1.000,
8/12/2026 2:12:13 PM  ,    3170.000,                                  10.210,                                  20.606,                                  25.345,                                   0.012,                                   0.016,                               48529.684,                                   1.000,
8/12/2026 2:12:18 PM  ,    3175.000,                                  10.208,                                  20.395,                                  25.086,                                   0.012,                                   0.016,                               49032.477,                                   1.000,
8/12/2026 2:12:23 PM  ,    3180.000,                                  10.208,                                  20.285,                                  24.952,                                   0.012,                                   0.016,                               49296.855,                                   1.000,
8/12/2026 2:12:28 PM  ,    3185.000,                                  10.208,                                  20.248,                                  24.906,                                   0.012,                                   0.016,                               49388.129,                                   1.000,
8/12/2026 2:12:33 PM  ,    3190.000,                                  10.207,                                  20.198,                                  24.846,                                   0.012,                                   0.016,                               49509.371,                                   1.000,
8/12/2026 2:12:38 PM  ,    3195.000,                                  10.207,                                  20.133,                                  24.765,                                   0.012,                                   0.016,                               49669.777,                                   1.000,
8/12/2026 2:12:43 PM  ,    3200.000,                                  10.206,                                  20.077,                                  24.697,                                   0.012,                                   0.016,                               49808.285,                                   1.000,
8/12/2026 2:12:48 PM  ,    3205.000,                                  10.205,                                  20.009,                                  24.613,                                   0.012,                                   0.016,                               49978.402,                                   1.000,
8/12/2026 2:12:53 PM  ,    3210.000,                                  10.204,                                  19.991,                                  24.593,                                   0.012,                                   0.016,                               50021.766,                                   1.000,
8/12/2026 2:12:58 PM  ,    3215.000,                                  10.204,                                  19.968,                                  24.564,                                   0.012,                                   0.016,                               50080.230,                                   1.000,
8/12/2026 2:13:03 PM  ,    3220.000,                                  10.202,                                  19.937,                                  24.527,                                   0.012,                                   0.016,                               50158.246,                                   1.000,
8/12/2026 2:13:08 PM  ,    3225.000,                                  10.201,                                  19.971,                                  24.569,                                   0.012,                                   0.016,                               50073.324,                                   1.000,
8/12/2026 2:13:13 PM  ,    3230.000,                                  10.202,                                  19.981,                                  24.581,                                   0.012,                                   0.016,                               50048.789,                                   1.000,
8/12/2026 2:13:18 PM  ,    3235.000,                                  10.201,                                  19.890,                                  24.470,                                   0.012,                                   0.016,                               50276.488,                                   1.000,
8/12/2026 2:13:23 PM  ,    3240.000,                                  10.200,                                  19.791,                                  24.348,                                   0.012,                                   0.016,                               50528.680,                                   1.000,
8/12/2026 2:13:28 PM  ,    3245.000,                                  10.199,                                  19.938,                                  24.530,                                   0.012,                                   0.016,                               50155.813,                                   1.000,
8/12/2026 2:13:33 PM  ,    3250.000,                                  10.200,                                  19.922,                                  24.510,                                   0.012,                                   0.016,                               50195.102,                                   1.000,
8/12/2026 2:13:38 PM  ,    3255.000,                                  10.197,                                  19.775,                                  24.330,                                   0.012,                                   0.016,                               50569.629,                                   1.000,
8/12/2026 2:13:43 PM  ,    3260.000,                                  10.195,                                  19.830,                                  24.399,                                   0.012,                                   0.016,                               50428.969,                                   1.000,
8/12/2026 2:13:48 PM  ,    3265.000,                                  10.194,                                  19.916,                                  24.506,                                   0.012,                                   0.016,                               50210.809,                                   1.000,
8/12/2026 2:13:53 PM  ,    3270.000,                                  10.194,                                  19.894,                                  24.479,                                   0.012,                                   0.016,                               50265.676,                                   1.000,
8/12/2026 2:13:58 PM  ,    3275.000,                                  10.192,                                  19.899,                                  24.486,                                   0.012,                                   0.016,                               50253.891,                                   1.000,
8/12/2026 2:14:03 PM  ,    3280.000,                                  10.192,                                  19.829,                                  24.400,                                   0.012,                                   0.016,                               50430.289,                                   1.000,
8/12/2026 2:14:08 PM  ,    3285.000,                                  10.193,                                  19.885,                                  24.468,                                   0.012,                                   0.016,                               50289.785,                                   1.000,
8/12/2026 2:14:13 PM  ,    3290.000,                                  10.191,                                  19.853,                                  24.430,                                   0.012,                                   0.016,                               50369.898,                                   1.000,
8/12/2026 2:14:18 PM  ,    3295.000,                                  10.191,                                  19.875,                                  24.457,                                   0.012,                                   0.016,                               50315.199,                                   1.000,
8/12/2026 2:14:23 PM  ,    3300.000,                                  10.190,                                  19.827,                                  24.398,                                   0.012,                                   0.016,                               50436.531,                                   1.000,
8/12/2026 2:14:28 PM  ,    3305.000,                                  10.189,                                  19.853,                                  24.431,                                   0.012,                                   0.016,                               50370.555,                                   1.000,
8/12/2026 2:14:33 PM  ,    3310.000,                                  10.188,                                  19.706,                                  24.251,                                   0.011,                                   0.016,                               50745.191,                                   1.000,
8/12/2026 2:14:38 PM  ,    3315.000,                                  10.187,                                  19.727,                                  24.277,                                   0.012,                                   0.016,                               50692.645,                                   1.000,
8/12/2026 2:14:43 PM  ,    3320.000,                                  10.186,                                  19.848,                                  24.426,                                   0.012,                                   0.016,                               50383.605,                                   1.000,
8/12/2026 2:14:48 PM  ,    3325.000,                                  10.185,                                  19.771,                                  24.332,                                   0.012,                                   0.016,                               50579.211,                                   1.000,
8/12/2026 2:14:53 PM  ,    3330.000,                                  10.184,                                  19.731,                                  24.284,                                   0.012,                                   0.016,                               50682.270,                                   1.000,
8/12/2026 2:14:58 PM  ,    3335.000,                                  10.183,                                  19.836,                                  24.414,                                   0.012,                                   0.016,                               50414.242,                                   1.000,
8/12/2026 2:15:03 PM  ,    3340.000,                                  10.182,                                  19.793,                                  24.361,                                   0.012,                                   0.016,                               50523.422,                                   1.000,
8/12/2026 2:15:08 PM  ,    3345.000,                                  10.181,                                  19.815,                                  24.389,                                   0.012,                                   0.016,                               50466.797,                                   1.000,
8/12/2026 2:15:13 PM  ,    3350.000,                                  10.181,                                  19.875,                                  24.463,                                   0.012,                                   0.016,                               50314.059,                                   1.000,
8/12/2026 2:15:18 PM  ,    3355.000,                                  10.179,                                  19.794,                                  24.364,                                   0.012,                                   0.016,                               50520.926,                                   1.000,
8/12/2026 2:15:23 PM  ,    3360.000,                                  10.179,                                  19.777,                                  24.344,                                   0.012,                                   0.016,                               50562.762,                                   1.000,
8/12/2026 2:15:28 PM  ,    3365.000,                                  10.177,                                  19.831,                                  24.411,                                   0.012,                                   0.016,                               50425.176,                                   1.000,
8/12/2026 2:15:33 PM  ,    3370.000,                                  10.176,                                  19.793,                                  24.364,                                   0.012,                                   0.016,                               50523.785,                                   1.000,
8/12/2026 2:15:38 PM  ,    3375.000,                                  10.175,                                  19.773,                                  24.341,                                   0.012,                                   0.016,                               50572.871,                                   1.000,
8/12/2026 2:15:43 PM  ,    3380.000,                                  10.174,                                  19.844,                                  24.429,                                   0.012,                                   0.016,                               50392.117,                                   1.000,
8/12/2026 2:15:48 PM  ,    3385.000,                                  10.172,                                  19.858,                                  24.447,                                   0.012,                                   0.016,                               50357.566,                                   1.000,
8/12/2026 2:15:53 PM  ,    3390.000,                                  10.171,                                  19.838,                                  24.423,                                   0.012,                                   0.016,                               50408.582,                                   1.000,
8/12/2026 2:15:58 PM  ,    3395.000,                                  10.170,                                  19.818,                                  24.399,                                   0.012,                                   0.016,                               50459.230,                                   1.000,
8/12/2026 2:16:03 PM  ,    3400.000,                                  10.170,                                  19.784,                                  24.357,                                   0.012,                                   0.016,                               50547.000,                                   1.000,
8/12/2026 2:16:08 PM  ,    3405.000,                                  10.169,                                  19.743,                                  24.307,                                   0.012,                                   0.016,                               50652.027,                                   1.000,
8/12/2026 2:16:13 PM  ,    3410.000,                                  10.169,                                  19.785,                                  24.358,                                   0.012,                                   0.016,                               50544.246,                                   1.000,
8/12/2026 2:16:18 PM  ,    3415.000,                                  10.168,                                  19.804,                                  24.383,                                   0.012,                                   0.016,                               50494.070,                                   1.000,
8/12/2026 2:16:23 PM  ,    3420.000,                                  10.167,                                  19.793,                                  24.370,                                   0.012,                                   0.016,                               50522.734,                                   1.000,
8/12/2026 2:16:28 PM  ,    3425.000,                                  10.166,                                  19.632,                                  24.173,                                   0.011,                                   0.016,                               50936.801,                                   1.000,
8/12/2026 2:16:33 PM  ,    3430.000,                                  10.163,                                  19.783,                                  24.360,                                   0.012,                                   0.016,                               50547.895,                                   1.000,
8/12/2026 2:16:38 PM  ,    3435.000,                                  10.164,                                  19.721,                                  24.283,                                   0.012,                                   0.016,                               50707.719,                                   1.000,
8/12/2026 2:16:43 PM  ,    3440.000,                                  10.163,                                  19.760,                                  24.332,                                   0.012,                                   0.016,                               50606.340,                                   1.000,
8/12/2026 2:16:48 PM  ,    3445.000,                                  10.162,                                  19.815,                                  24.400,                                   0.012,                                   0.016,                               50466.980,                                   1.000,
8/12/2026 2:16:53 PM  ,    3450.000,                                  10.161,                                  19.741,                                  24.309,                                   0.012,                                   0.016,                               50657.266,                                   1.000,
8/12/2026 2:16:58 PM  ,    3455.000,                                  10.161,                                  19.576,                                  24.106,                                   0.011,                                   0.016,                               51084.055,                                   1.000,
8/12/2026 2:17:03 PM  ,    3460.000,                                  10.160,                                  19.786,                                  24.365,                                   0.012,                                   0.016,                               50540.750,                                   1.000,
8/12/2026 2:17:08 PM  ,    3465.000,                                  10.159,                                  19.728,                                  24.294,                                   0.012,                                   0.016,                               50689.555,                                   1.000,
8/12/2026 2:17:13 PM  ,    3470.000,                                  10.157,                                  19.715,                                  24.279,                                   0.012,                                   0.016,                               50723.441,                                   1.000,
8/12/2026 2:17:18 PM  ,    3475.000,                                  10.156,                                  19.826,                                  24.417,                                   0.012,                                   0.016,                               50439.547,                                   1.000,
8/12/2026 2:17:23 PM  ,    3480.000,                                  10.155,                                  19.761,                                  24.337,                                   0.012,                                   0.016,                               50605.957,                                   1.000,
8/12/2026 2:17:28 PM  ,    3485.000,                                  10.153,                                  19.768,                                  24.347,                                   0.012,                                   0.016,                               50586.727,                                   1.000,
8/12/2026 2:17:33 PM  ,    3490.000,                                  10.152,                                  19.741,                                  24.314,                                   0.012,                                   0.016,                               50656.453,                                   1.000,
8/12/2026 2:17:38 PM  ,    3495.000,                                  10.152,                                  19.759,                                  24.337,                                   0.012,                                   0.016,                               50609.184,                                   1.000,
8/12/2026 2:17:43 PM  ,    3500.000,                                  10.151,                                  19.780,                                  24.363,                                   0.012,                                   0.016,                               50556.969,                                   1.000,
8/12/2026 2:17:48 PM  ,    3505.000,                                  10.149,                                  19.753,                                  24.331,                                   0.012,                                   0.016,                               50625.285,                                   1.000,
8/12/2026 2:17:53 PM  ,    3510.000,                                  10.147,                                  19.740,                                  24.316,                                   0.012,                                   0.016,                               50658.871,                                   1.000,
8/12/2026 2:17:58 PM  ,    3515.000,                                  10.148,                                  19.775,                                  24.359,                                   0.012,                                   0.016,                               50568.555,                                   1.000,
8/12/2026 2:18:03 PM  ,    3520.000,                                  10.146,                                  19.792,                                  24.381,                                   0.012,                                   0.016,                               50524.613,                                   1.000,
8/12/2026 2:18:08 PM  ,    3525.000,                                  10.145,                                  19.761,                                  24.343,                                   0.012,                                   0.016,                               50605.082,                                   1.000,
8/12/2026 2:18:13 PM  ,    3530.000,                                  10.148,                                  19.706,                                  24.273,                                   0.012,                                   0.016,                               50746.930,                                   1.000,
8/12/2026 2:18:18 PM  ,    3535.000,                                  10.144,                                  19.604,                                  24.150,                                   0.011,                                   0.016,                               51009.121,                                   1.000,
8/12/2026 2:18:23 PM  ,    3540.000,                                  10.142,                                  19.676,                                  24.240,                                   0.011,                                   0.016,                               50823.969,                                   1.000,
8/12/2026 2:18:28 PM  ,    3545.000,                                  10.142,                                  19.646,                                  24.204,                                   0.011,                                   0.016,                               50900.234,                                   1.000,
8/12/2026 2:18:33 PM  ,    3550.000,                                  10.141,                                  19.635,                                  24.190,                                   0.011,                                   0.016,                               50930.402,                                   1.000,
8/12/2026 2:18:38 PM  ,    3555.000,                                  10.140,                                  19.737,                                  24.317,                                   0.012,                                   0.016,                               50666.555,                                   1.000,
8/12/2026 2:18:43 PM  ,    3560.000,                                  10.138,                                  19.725,                                  24.303,                                   0.012,                                   0.016,                               50697.223,                                   1.000,
8/12/2026 2:18:48 PM  ,    3565.000,                                  10.139,                                  19.689,                                  24.258,                                   0.011,                                   0.016,                               50790.133,                                   1.000,
8/12/2026 2:18:53 PM  ,    3570.000,                                  10.138,                                  19.718,                                  24.294,                                   0.012,                                   0.016,                               50715.125,                                   1.000,
8/12/2026 2:18:58 PM  ,    3575.000,                                  10.136,                                  19.393,                                  23.895,                                   0.011,                                   0.016,                               51565.293,                                   1.000,
8/12/2026 2:19:03 PM  ,    3580.000,                                  10.135,                                  19.683,                                  24.253,                                   0.011,                                   0.016,                               50804.973,                                   1.000,
8/12/2026 2:19:08 PM  ,    3585.000,                                  10.136,                                  19.693,                                  24.264,                                   0.012,                                   0.016,                               50779.723,                                   1.000,
8/12/2026 2:19:13 PM  ,    3590.000,                                  10.135,                                  19.678,                                  24.246,                                   0.011,                                   0.016,                               50818.340,                                   1.000,
8/12/2026 2:19:18 PM  ,    3595.000,                                  10.135,                                  19.758,                                  24.345,                                   0.012,                                   0.016,                               50612.762,                                   1.000,
8/12/2026 2:19:23 PM  ,    3600.000,                                  10.134,                                  19.729,                                  24.310,                                   0.012,                                   0.016,                               50686.484,                                   1.000,
8/12/2026 2:19:28 PM  ,    3605.000,                                  10.133,                                  19.735,                                  24.319,                                   0.012,                                   0.016,                               50670.191,                                   1.000,
8/12/2026 2:19:33 PM  ,    3610.000,                                  10.133,                                  19.685,                                  24.256,                                   0.011,                                   0.016,                               50800.348,                                   1.000,
8/12/2026 2:19:38 PM  ,    3615.000,                                  10.133,                                  19.660,                                  24.225,                                   0.011,                                   0.016,                               50865.551,                                   1.000,
8/12/2026 2:19:43 PM  ,    3620.000,                                  10.132,                                  19.736,                                  24.320,                                   0.012,                                   0.016,                               50669.875,                                   1.000,
8/12/2026 2:19:48 PM  ,    3625.000,                                  10.133,                                  19.725,                                  24.306,                                   0.012,                                   0.016,                               50697.520,                                   1.000,
8/12/2026 2:19:53 PM  ,    3630.000,                                  10.131,                                  19.580,                                  24.128,                                   0.011,                                   0.016,                               51072.184,                                   1.000,
8/12/2026 2:19:58 PM  ,    3635.000,                                  10.131,                                  19.717,                                  24.296,                                   0.012,                                   0.016,                               50718.547,                                   1.000,
8/12/2026 2:20:03 PM  ,    3640.000,                                  10.130,                                  19.712,                                  24.291,                                   0.012,                                   0.016,                               50731.781,                                   1.000,
8/12/2026 2:20:08 PM  ,    3645.000,                                  10.129,                                  19.690,                                  24.265,                                   0.012,                                   0.016,                               50786.512,                                   1.000,
8/12/2026 2:20:13 PM  ,    3650.000,                                  10.129,                                  19.657,                                  24.224,                                   0.011,                                   0.016,                               50872.719,                                   1.000,
8/12/2026 2:20:18 PM  ,    3655.000,                                  10.127,                                  19.623,                                  24.184,                                   0.011,                                   0.016,                               50960.121,                                   1.000,
8/12/2026 2:20:23 PM  ,    3660.000,                                  10.126,                                  19.741,                                  24.329,                                   0.012,                                   0.016,                               50656.926,                                   1.000,
8/12/2026 2:20:28 PM  ,    3665.000,                                  10.124,                                  19.701,                                  24.281,                                   0.012,                                   0.016,                               50758.973,                                   1.000,
8/12/2026 2:20:33 PM  ,    3670.000,                                  10.124,                                  19.730,                                  24.317,                                   0.012,                                   0.016,                               50684.105,                                   1.000,
8/12/2026 2:20:38 PM  ,    3675.000,                                  10.123,                                  19.680,                                  24.256,                                   0.011,                                   0.016,                               50812.160,                                   1.000,
8/12/2026 2:20:43 PM  ,    3680.000,                                  10.121,                                  19.726,                                  24.314,                                   0.012,                                   0.016,                               50693.883,                                   1.000,
8/12/2026 2:20:48 PM  ,    3685.000,                                  10.120,                                  19.661,                                  24.233,                                   0.011,                                   0.016,                               50863.328,                                   1.000,
8/12/2026 2:20:53 PM  ,    3690.000,                                  10.119,                                  19.723,                                  24.311,                                   0.012,                                   0.016,                               50701.969,                                   1.000,
8/12/2026 2:20:58 PM  ,    3695.000,                                  10.118,                                  19.724,                                  24.313,                                   0.012,                                   0.016,                               50699.676,                                   1.000,
8/12/2026 2:21:03 PM  ,    3700.000,                                  10.116,                                  19.708,                                  24.294,                                   0.012,                                   0.016,                               50741.051,                                   1.000,
8/12/2026 2:21:08 PM  ,    3705.000,                                  10.116,                                  19.674,                                  24.252,                                   0.011,                                   0.016,                               50828.457,                                   1.000,
8/12/2026 2:21:13 PM  ,    3710.000,                                  10.115,                                  19.688,                                  24.270,                                   0.012,                                   0.016,                               50793.586,                                   1.000,
8/12/2026 2:21:18 PM  ,    3715.000,                                  10.114,                                  19.725,                                  24.317,                                   0.012,                                   0.016,                               50695.820,                                   1.000,
8/12/2026 2:21:23 PM  ,    3720.000,                                  10.114,                                  19.618,                                  24.185,                                   0.011,                                   0.016,                               50972.738,                                   1.000,
8/12/2026 2:21:28 PM  ,    3725.000,                                  10.113,                                  19.598,                                  24.161,                                   0.011,                                   0.016,                               51025.828,                                   1.000,
8/12/2026 2:21:33 PM  ,    3730.000,                                  10.113,                                  19.548,                                  24.099,                                   0.011,                                   0.016,                               51156.184,                                   1.000,
8/12/2026 2:21:38 PM  ,    3735.000,                                  10.111,                                  19.614,                                  24.182,                                   0.011,                                   0.016,                               50983.828,                                   1.000,
8/12/2026 2:21:43 PM  ,    3740.000,                                  10.110,                                  19.578,                                  24.138,                                   0.011,                                   0.016,                               51076.617,                                   1.000,
8/12/2026 2:21:48 PM  ,    3745.000,                                  10.110,                                  19.676,                                  24.258,                                   0.012,                                   0.016,                               50823.469,                                   1.000,
8/12/2026 2:21:53 PM  ,    3750.000,                                  10.109,                                  19.640,                                  24.214,                                   0.011,                                   0.016,                               50916.715,                                   1.000,
8/12/2026 2:21:58 PM  ,    3755.000,                                  10.109,                                  19.637,                                  24.210,                                   0.011,                                   0.016,                               50925.465,                                   1.000,
8/12/2026 2:22:03 PM  ,    3760.000,                                  10.109,                                  19.599,                                  24.164,                                   0.011,                                   0.016,                               51023.262,                                   1.000,
8/12/2026 2:22:08 PM  ,    3765.000,                                  10.108,                                  19.681,                                  24.266,                                   0.012,                                   0.016,                               50809.887,                                   1.000,
8/12/2026 2:22:13 PM  ,    3770.000,                                  10.108,                                  19.611,                                  24.180,                                   0.011,                                   0.016,                               50990.590,                                   1.000,
8/12/2026 2:22:18 PM  ,    3775.000,                                  10.107,                                  19.507,                                  24.051,                                   0.011,                                   0.016,                               51264.891,                                   1.000,
8/12/2026 2:22:23 PM  ,    3780.000,                                  10.106,                                  19.559,                                  24.117,                                   0.011,                                   0.016,                               51126.637,                                   1.000,
8/12/2026 2:22:28 PM  ,    3785.000,                                  10.106,                                  19.693,                                  24.282,                                   0.012,                                   0.016,                               50779.289,                                   1.000,
8/12/2026 2:22:33 PM  ,    3790.000,                                  10.103,                                  19.656,                                  24.237,                                   0.011,                                   0.016,                               50875.625,                                   1.000,
8/12/2026 2:22:38 PM  ,    3795.000,                                  10.101,                                  19.691,                                  24.282,                                   0.012,                                   0.016,                               50785.223,                                   1.000,
8/12/2026 2:22:43 PM  ,    3800.000,                                  10.101,                                  19.468,                                  24.007,                                   0.011,                                   0.016,                               51365.281,                                   1.000,
8/12/2026 2:22:48 PM  ,    3805.000,                                  10.101,                                  19.616,                                  24.190,                                   0.011,                                   0.016,                               50978.227,                                   1.000,
8/12/2026 2:22:53 PM  ,    3810.000,                                  10.098,                                  19.627,                                  24.205,                                   0.011,                                   0.016,                               50950.105,                                   1.000,
8/12/2026 2:22:58 PM  ,    3815.000,                                  10.097,                                  19.611,                                  24.186,                                   0.011,                                   0.016,                               50991.363,                                   1.000,
8/12/2026 2:23:03 PM  ,    3820.000,                                  10.095,                                  19.605,                                  24.179,                                   0.011,                                   0.016,                               51008.602,                                   1.000,
8/12/2026 2:23:08 PM  ,    3825.000,                                  10.094,                                  19.452,                                  23.991,                                   0.011,                                   0.016,                               51408.234,                                   1.000,
8/12/2026 2:23:13 PM  ,    3830.000,                                  10.094,                                  19.621,                                  24.200,                                   0.011,                                   0.016,                               50964.844,                                   1.000,
8/12/2026 2:23:18 PM  ,    3835.000,                                  10.090,                                  19.462,                                  24.006,                                   0.011,                                   0.016,                               51381.246,                                   1.000,
8/12/2026 2:23:23 PM  ,    3840.000,                                  10.089,                                  19.371,                                  23.895,                                   0.011,                                   0.016,                               51622.238,                                   1.000,
8/12/2026 2:23:28 PM  ,    3845.000,                                  10.089,                                  19.544,                                  24.107,                                   0.011,                                   0.016,                               51167.520,                                   1.000,
8/12/2026 2:23:33 PM  ,    3850.000,                                  10.087,                                  19.496,                                  24.049,                                   0.011,                                   0.016,                               51292.199,                                   1.000,
8/12/2026 2:23:38 PM  ,    3855.000,                                  10.085,                                  19.599,                                  24.178,                                   0.011,                                   0.016,                               51022.250,                                   1.000,
8/12/2026 2:23:43 PM  ,    3860.000,                                  10.085,                                  19.579,                                  24.153,                                   0.011,                                   0.016,                               51074.500,                                   1.000,
8/12/2026 2:23:48 PM  ,    3865.000,                                  10.084,                                  19.579,                                  24.154,                                   0.011,                                   0.016,                               51075.129,                                   1.000,
8/12/2026 2:23:53 PM  ,    3870.000,                                  10.082,                                  19.605,                                  24.187,                                   0.011,                                   0.016,                               51007.391,                                   1.000,
8/12/2026 2:23:58 PM  ,    3875.000,                                  10.080,                                  19.590,                                  24.170,                                   0.011,                                   0.016,                               51045.875,                                   1.000,
8/12/2026 2:24:03 PM  ,    3880.000,                                  10.079,                                  19.443,                                  23.989,                                   0.011,                                   0.016,                               51432.586,                                   1.000,
8/12/2026 2:24:08 PM  ,    3885.000,                                  10.078,                                  19.564,                                  24.139,                                   0.011,                                   0.016,                               51113.418,                                   1.000,
8/12/2026 2:24:13 PM  ,    3890.000,                                  10.077,                                  19.616,                                  24.203,                                   0.011,                                   0.016,                               50979.191,                                   1.000,
8/12/2026 2:24:18 PM  ,    3895.000,                                  10.076,                                  19.597,                                  24.181,                                   0.011,                                   0.016,                               51028.055,                                   1.000,
8/12/2026 2:24:23 PM  ,    3900.000,                                  10.073,                                  19.559,                                  24.134,                                   0.011,                                   0.016,                               51128.484,                                   1.000,
8/12/2026 2:24:28 PM  ,    3905.000,                                  10.073,                                  19.674,                                  24.278,                                   0.012,                                   0.016,                               50827.238,                                   1.000,
8/12/2026 2:24:33 PM  ,    3910.000,                                  10.072,                                  19.551,                                  24.126,                                   0.011,                                   0.016,                               51147.273,                                   1.000,
8/12/2026 2:24:38 PM  ,    3915.000,                                  10.071,                                  19.503,                                  24.067,                                   0.011,                                   0.016,                               51275.199,                                   1.000,
8/12/2026 2:24:43 PM  ,    3920.000,                                  10.069,                                  19.549,                                  24.125,                                   0.011,                                   0.016,                               51154.047,                                   1.000,
8/12/2026 2:24:48 PM  ,    3925.000,                                  10.069,                                  19.608,                                  24.197,                                   0.011,                                   0.016,                               51000.777,                                   1.000,
8/12/2026 2:24:53 PM  ,    3930.000,                                  10.068,                                  19.588,                                  24.175,                                   0.011,                                   0.016,                               51050.574,                                   1.000,
8/12/2026 2:24:58 PM  ,    3935.000,                                  10.066,                                  19.622,                                  24.217,                                   0.011,                                   0.016,                               50962.258,                                   1.000,
8/12/2026 2:25:03 PM  ,    3940.000,                                  10.066,                                  19.549,                                  24.126,                                   0.011,                                   0.016,                               51154.191,                                   1.000,
8/12/2026 2:25:08 PM  ,    3945.000,                                  10.065,                                  19.571,                                  24.155,                                   0.011,                                   0.016,                               51094.891,                                   1.000,
8/12/2026 2:25:13 PM  ,    3950.000,                                  10.063,                                  19.586,                                  24.174,                                   0.011,                                   0.016,                               51056.555,                                   1.000,
8/12/2026 2:25:18 PM  ,    3955.000,                                  10.061,                                  19.600,                                  24.192,                                   0.011,                                   0.016,                               51020.770,                                   1.000,
8/12/2026 2:25:23 PM  ,    3960.000,                                  10.060,                                  19.591,                                  24.183,                                   0.011,                                   0.016,                               51043.117,                                   1.000,
8/12/2026 2:25:28 PM  ,    3965.000,                                  10.058,                                  19.590,                                  24.182,                                   0.011,                                   0.016,                               51047.172,                                   1.000,
8/12/2026 2:25:33 PM  ,    3970.000,                                  10.057,                                  19.577,                                  24.166,                                   0.011,                                   0.016,                               51081.484,                                   1.000,
8/12/2026 2:25:38 PM  ,    3975.000,                                  10.055,                                  19.452,                                  24.014,                                   0.011,                                   0.016,                               51407.980,                                   1.000,
8/12/2026 2:25:43 PM  ,    3980.000,                                  10.054,                                  19.535,                                  24.117,                                   0.011,                                   0.016,                               51189.117,                                   1.000,
8/12/2026 2:25:48 PM  ,    3985.000,                                  10.052,                                  19.531,                                  24.113,                                   0.011,                                   0.016,                               51200.289,                                   1.000,
8/12/2026 2:25:53 PM  ,    3990.000,                                  10.052,                                  19.509,                                  24.085,                                   0.011,                                   0.016,                               51259.395,                                   1.000,
8/12/2026 2:25:58 PM  ,    3995.000,                                  10.051,                                  19.527,                                  24.109,                                   0.011,                                   0.016,                               51209.898,                                   1.000,
8/12/2026 2:26:03 PM  ,    4000.000,                                  10.051,                                  19.520,                                  24.100,                                   0.011,                                   0.016,                               51229.684,                                   1.000,
8/12/2026 2:26:08 PM  ,    4005.000,                                  10.048,                                  19.544,                                  24.131,                                   0.011,                                   0.016,                               51167.133,                                   1.000,
8/12/2026 2:26:13 PM  ,    4010.000,                                  10.048,                                  19.545,                                  24.132,                                   0.011,                                   0.016,                               51163.480,                                   1.000,
8/12/2026 2:26:18 PM  ,    4015.000,                                  10.046,                                  19.568,                                  24.162,                                   0.011,                                   0.016,                               51103.371,                                   1.000,
8/12/2026 2:26:23 PM  ,    4020.000,                                  10.046,                                  19.588,                                  24.187,                                   0.011,                                   0.016,                               51051.457,                                   1.000,
8/12/2026 2:26:28 PM  ,    4025.000,                                  10.045,                                  19.558,                                  24.149,                                   0.011,                                   0.016,                               51131.211,                                   1.000,
8/12/2026 2:26:33 PM  ,    4030.000,                                  10.044,                                  19.547,                                  24.136,                                   0.011,                                   0.016,                               51159.582,                                   1.000,
8/12/2026 2:26:38 PM  ,    4035.000,                                  10.042,                                  19.559,                                  24.152,                                   0.011,                                   0.016,                               51128.020,                                   1.000,
8/12/2026 2:26:43 PM  ,    4040.000,                                  10.042,                                  19.509,                                  24.090,                                   0.011,                                   0.016,                               51259.453,                                   1.000,
8/12/2026 2:26:48 PM  ,    4045.000,                                  10.040,                                  19.490,                                  24.069,                                   0.011,                                   0.016,                               51307.586,                                   1.000,
8/12/2026 2:26:53 PM  ,    4050.000,                                  10.039,                                  19.527,                                  24.115,                                   0.011,                                   0.016,                               51211.238,                                   1.000,
8/12/2026 2:26:58 PM  ,    4055.000,                                  10.038,                                  19.553,                                  24.148,                                   0.011,                                   0.016,                               51141.859,                                   1.000,
8/12/2026 2:27:03 PM  ,    4060.000,                                  10.038,                                  19.566,                                  24.163,                                   0.011,                                   0.016,                               51109.656,                                   1.000,
8/12/2026 2:27:08 PM  ,    4065.000,                                  10.038,                                  19.557,                                  24.152,                                   0.011,                                   0.016,                               51133.602,                                   1.000,
8/12/2026 2:27:13 PM  ,    4070.000,                                  10.036,                                  19.530,                                  24.121,                                   0.011,                                   0.016,                               51202.105,                                   1.000,
8/12/2026 2:27:18 PM  ,    4075.000,                                  10.038,                                  19.571,                                  24.170,                                   0.011,                                   0.016,                               51096.895,                                   1.000,
8/12/2026 2:27:23 PM  ,    4080.000,                                  10.036,                                  19.486,                                  24.066,                                   0.011,                                   0.016,                               51319.664,                                   1.000,
8/12/2026 2:27:28 PM  ,    4085.000,                                  10.034,                                  19.586,                                  24.190,                                   0.011,                                   0.016,                               51057.438,                                   1.000,
8/12/2026 2:27:33 PM  ,    4090.000,                                  10.034,                                  19.550,                                  24.146,                                   0.011,                                   0.016,                               51150.559,                                   1.000,
8/12/2026 2:27:38 PM  ,    4095.000,                                  10.033,                                  19.194,                                  23.707,                                   0.011,                                   0.015,                               52099.902,                                   1.000,
8/12/2026 2:27:43 PM  ,    4100.000,                                  10.033,                                  19.576,                                  24.179,                                   0.011,                                   0.016,                               51082.824,                                   1.000,
8/12/2026 2:27:48 PM  ,    4105.000,                                  10.031,                                  19.558,                                  24.157,                                   0.011,                                   0.016,                               51130.793,                                   1.000,
8/12/2026 2:27:53 PM  ,    4110.000,                                  10.029,                                  19.526,                                  24.119,                                   0.011,                                   0.016,                               51213.359,                                   1.000,
8/12/2026 2:27:58 PM  ,    4115.000,                                  10.029,                                  19.535,                                  24.131,                                   0.011,                                   0.016,                               51190.008,                                   1.000,
8/12/2026 2:28:03 PM  ,    4120.000,                                  10.028,                                  19.098,                                  23.591,                                   0.011,                                   0.015,                               52362.320,                                   1.000,
8/12/2026 2:28:08 PM  ,    4125.000,                                  10.028,                                  19.486,                                  24.070,                                   0.011,                                   0.016,                               51319.836,                                   1.000,
8/12/2026 2:28:13 PM  ,    4130.000,                                  10.027,                                  19.511,                                  24.102,                                   0.011,                                   0.016,                               51253.164,                                   1.000,
8/12/2026 2:28:18 PM  ,    4135.000,                                  10.026,                                  19.531,                                  24.127,                                   0.011,                                   0.016,                               51201.496,                                   1.000,
8/12/2026 2:28:23 PM  ,    4140.000,                                  10.026,                                  19.648,                                  24.271,                                   0.012,                                   0.016,                               50896.402,                                   1.000,
8/12/2026 2:28:28 PM  ,    4145.000,                                  10.026,                                  19.451,                                  24.028,                                   0.011,                                   0.016,                               51411.504,                                   1.000,
8/12/2026 2:28:33 PM  ,    4150.000,                                  10.027,                                  19.446,                                  24.022,                                   0.011,                                   0.016,                               51425.230,                                   1.000,
8/12/2026 2:28:38 PM  ,    4155.000,                                  10.026,                                  19.488,                                  24.074,                                   0.011,                                   0.016,                               51313.461,                                   1.000,
8/12/2026 2:28:43 PM  ,    4160.000,                                  10.025,                                  19.510,                                  24.102,                                   0.011,                                   0.016,                               51255.195,                                   1.000,
8/12/2026 2:28:48 PM  ,    4165.000,                                  10.023,                                  19.519,                                  24.114,                                   0.011,                                   0.016,                               51232.820,                                   1.000,
8/12/2026 2:28:53 PM  ,    4170.000,                                  10.022,                                  19.510,                                  24.104,                                   0.011,                                   0.016,                               51255.539,                                   1.000,
8/12/2026 2:28:58 PM  ,    4175.000,                                  10.022,                                  19.492,                                  24.082,                                   0.011,                                   0.016,                               51302.770,                                   1.000,
8/12/2026 2:29:03 PM  ,    4180.000,                                  10.021,                                  19.482,                                  24.069,                                   0.011,                                   0.016,                               51330.391,                                   1.000,
8/12/2026 2:29:08 PM  ,    4185.000,                                  10.020,                                  19.430,                                  24.006,                                   0.011,                                   0.016,                               51466.176,                                   1.000,
8/12/2026 2:29:13 PM  ,    4190.000,                                  10.019,                                  19.475,                                  24.062,                                   0.011,                                   0.016,                               51347.223,                                   1.000,
8/12/2026 2:29:18 PM  ,    4195.000,                                  10.020,                                  19.464,                                  24.048,                                   0.011,                                   0.016,                               51377.809,                                   1.000,
8/12/2026 2:29:23 PM  ,    4200.000,                                  10.019,                                  19.390,                                  23.957,                                   0.011,                                   0.016,                               51573.285,                                   1.000,
8/12/2026 2:29:28 PM  ,    4205.000,                                  10.018,                                  19.466,                                  24.051,                                   0.011,                                   0.016,                               51371.477,                                   1.000,
8/12/2026 2:29:33 PM  ,    4210.000,                                  10.018,                                  19.458,                                  24.042,                                   0.011,                                   0.016,                               51391.488,                                   1.000,
8/12/2026 2:29:38 PM  ,    4215.000,                                  10.018,                                  19.413,                                  23.986,                                   0.011,                                   0.016,                               51512.996,                                   1.000,
8/12/2026 2:29:43 PM  ,    4220.000,                                  10.017,                                  19.378,                                  23.943,                                   0.011,                                   0.016,                               51606.008,                                   1.000,
8/12/2026 2:29:48 PM  ,    4225.000,                                  10.016,                                  19.482,                                  24.072,                                   0.011,                                   0.016,                               51329.691,                                   1.000,
8/12/2026 2:29:53 PM  ,    4230.000,                                  10.016,                                  19.463,                                  24.048,                                   0.011,                                   0.016,                               51380.711,                                   1.000,
8/12/2026 2:29:58 PM  ,    4235.000,                                  10.016,                                  19.201,                                  23.725,                                   0.011,                                   0.015,                               52081.074,                                   1.000,
8/12/2026 2:30:03 PM  ,    4240.000,                                  10.016,                                  19.471,                                  24.059,                                   0.011,                                   0.016,                               51359.016,                                   1.000,
8/12/2026 2:30:08 PM  ,    4245.000,                                  10.016,                                  19.422,                                  23.998,                                   0.011,                                   0.016,                               51488.441,                                   1.000,
8/12/2026 2:30:13 PM  ,    4250.000,                                  10.016,                                  19.473,                                  24.062,                                   0.011,                                   0.016,                               51351.953,                                   1.000,
8/12/2026 2:30:18 PM  ,    4255.000,                                  10.015,                                  19.413,                                  23.988,                                   0.011,                                   0.016,                               51511.012,                                   1.000,
8/12/2026 2:30:23 PM  ,    4260.000,                                  10.014,                                  19.442,                                  24.024,                                   0.011,                                   0.016,                               51434.641,                                   1.000,
8/12/2026 2:30:28 PM  ,    4265.000,                                  10.014,                                  19.457,                                  24.043,                                   0.011,                                   0.016,                               51394.613,                                   1.000,
8/12/2026 2:30:33 PM  ,    4270.000,                                  10.015,                                  19.497,                                  24.091,                                   0.011,                                   0.016,                               51290.992,                                   1.000,
8/12/2026 2:30:38 PM  ,    4275.000,                                  10.013,                                  19.494,                                  24.089,                                   0.011,                                   0.016,                               51298.082,                                   1.000,
8/12/2026 2:30:43 PM  ,    4280.000,                                  10.011,                                  19.442,                                  24.025,                                   0.011,                                   0.016,                               51436.305,                                   1.000,
8/12/2026 2:30:48 PM  ,    4285.000,                                  10.013,                                  19.489,                                  24.083,                                   0.011,                                   0.016,                               51310.730,                                   1.000,
8/12/2026 2:30:53 PM  ,    4290.000,                                  10.010,                                  19.438,                                  24.021,                                   0.011,                                   0.016,                               51445.695,                                   1.000,
8/12/2026 2:30:58 PM  ,    4295.000,                                  10.010,                                  19.465,                                  24.055,                                   0.011,                                   0.016,                               51374.711,                                   1.000,
8/12/2026 2:31:03 PM  ,    4300.000,                                  10.008,                                  19.480,                                  24.075,                                   0.011,                                   0.016,                               51333.762,                                   1.000,
8/12/2026 2:31:08 PM  ,    4305.000,                                  10.008,                                  19.454,                                  24.042,                                   0.011,                                   0.016,                               51403.949,                                   1.000,
8/12/2026 2:31:13 PM  ,    4310.000,                                  10.006,                                  19.373,                                  23.944,                                   0.011,                                   0.016,                               51616.969,                                   1.000,
8/12/2026 2:31:18 PM  ,    4315.000,                                  10.005,                                  19.440,                                  24.027,                                   0.011,                                   0.016,                               51440.156,                                   1.000,
8/12/2026 2:31:23 PM  ,    4320.000,                                  10.004,                                  19.471,                                  24.065,                                   0.011,                                   0.016,                               51359.398,                                   1.000,
8/12/2026 2:31:28 PM  ,    4325.000,                                  10.004,                                  19.464,                                  24.057,                                   0.011,                                   0.016,                               51376.105,                                   1.000,
8/12/2026 2:31:33 PM  ,    4330.000,                                  10.003,                                  19.472,                                  24.067,                                   0.011,                                   0.016,                               51356.422,                                   1.000,
8/12/2026 2:31:38 PM  ,    4335.000,                                  10.002,                                  19.507,                                  24.111,                                   0.011,                                   0.016,                               51264.359,                                   1.000,
8/12/2026 2:31:43 PM  ,    4340.000,                                  10.001,                                  19.375,                                  23.949,                                   0.011,                                   0.016,                               51611.781,                                   1.000,
8/12/2026 2:31:48 PM  ,    4345.000,                                  10.000,                                  19.435,                                  24.023,                                   0.011,                                   0.016,                               51454.367,                                   1.000,
8/12/2026 2:31:53 PM  ,    4350.000,                                   9.999,                                  19.398,                                  23.978,                                   0.011,                                   0.016,                               51551.395,                                   1.000,
8/12/2026 2:31:58 PM  ,    4355.000,                                   9.999,                                  19.414,                                  23.998,                                   0.011,                                   0.016,                               51508.266,                                   1.000,
8/12/2026 2:32:03 PM  ,    4360.000,                                   9.999,                                  18.835,                                  23.282,                                   0.011,                                   0.015,                               53092.355,                                   1.000,
8/12/2026 2:32:08 PM  ,    4365.000,                                   9.999,                                  19.394,                                  23.973,                                   0.011,                                   0.016,                               51562.363,                                   1.000,
8/12/2026 2:32:13 PM  ,    4370.000,                                   9.997,                                  19.457,                                  24.053,                                   0.011,                                   0.016,                               51394.895,                                   1.000,
8/12/2026 2:32:18 PM  ,    4375.000,                                   9.997,                                  19.408,                                  23.991,                                   0.011,                                   0.016,                               51526.191,                                   1.000,
8/12/2026 2:32:23 PM  ,    4380.000,                                   9.997,                                  19.409,                                  23.993,                                   0.011,                                   0.016,                               51523.535,                                   1.000,
8/12/2026 2:32:28 PM  ,    4385.000,                                   9.996,                                  19.426,                                  24.015,                                   0.011,                                   0.016,                               51477.082,                                   1.000,
8/12/2026 2:32:33 PM  ,    4390.000,                                   9.997,                                  19.551,                                  24.169,                                   0.011,                                   0.016,                               51147.035,                                   1.000,
8/12/2026 2:32:38 PM  ,    4395.000,                                   9.996,                                  19.449,                                  24.043,                                   0.011,                                   0.016,                               51416.531,                                   1.000,
8/12/2026 2:32:43 PM  ,    4400.000,                                   9.995,                                  19.378,                                  23.956,                                   0.011,                                   0.016,                               51604.445,                                   1.000,
8/12/2026 2:32:48 PM  ,    4405.000,                                   9.996,                                  19.423,                                  24.011,                                   0.011,                                   0.016,                               51485.090,                                   1.000,
8/12/2026 2:32:53 PM  ,    4410.000,                                   9.995,                                  19.424,                                  24.013,                                   0.011,                                   0.016,                               51482.246,                                   1.000,
8/12/2026 2:32:58 PM  ,    4415.000,                                   9.993,                                  19.436,                                  24.029,                                   0.011,                                   0.016,                               51449.660,                                   1.000,
8/12/2026 2:33:03 PM  ,    4420.000,                                   9.993,                                  19.245,                                  23.792,                                   0.011,                                   0.015,                               51961.910,                                   1.000,
8/12/2026 2:33:08 PM  ,    4425.000,                                   9.993,                                  19.430,                                  24.021,                                   0.011,                                   0.016,                               51466.695,                                   1.000,
8/12/2026 2:33:13 PM  ,    4430.000,                                   9.993,                                  19.426,                                  24.017,                                   0.011,                                   0.016,                               51476.625,                                   1.000,
8/12/2026 2:33:18 PM  ,    4435.000,                                   9.993,                                  19.414,                                  24.002,                                   0.011,                                   0.016,                               51507.926,                                   1.000,
8/12/2026 2:33:23 PM  ,    4440.000,                                   9.993,                                  19.385,                                  23.966,                                   0.011,                                   0.016,                               51585.918,                                   1.000,
8/12/2026 2:33:28 PM  ,    4445.000,                                   9.992,                                  19.441,                                  24.035,                                   0.011,                                   0.016,                               51438.754,                                   1.000,
8/12/2026 2:33:33 PM  ,    4450.000,                                   9.992,                                  19.351,                                  23.925,                                   0.011,                                   0.016,                               51676.215,                                   1.000,
8/12/2026 2:33:38 PM  ,    4455.000,                                   9.992,                                  19.352,                                  23.926,                                   0.011,                                   0.016,                               51673.332,                                   1.000,
8/12/2026 2:33:43 PM  ,    4460.000,                                   9.994,                                  19.254,                                  23.803,                                   0.011,                                   0.015,                               51937.547,                                   1.000,
8/12/2026 2:33:48 PM  ,    4465.000,                                   9.996,                                  19.258,                                  23.807,                                   0.011,                                   0.015,                               51925.867,                                   1.000,
8/12/2026 2:33:53 PM  ,    4470.000,                                   9.998,                                  19.380,                                  23.957,                                   0.011,                                   0.016,                               51598.848,                                   1.000,
8/12/2026 2:33:58 PM  ,    4475.000,                                  10.001,                                  19.363,                                  23.934,                                   0.011,                                   0.016,                               51645.301,                                   1.000,
8/12/2026 2:34:03 PM  ,    4480.000,                                  10.005,                                  19.350,                                  23.916,                                   0.011,                                   0.016,                               51679.398,                                   1.000,
8/12/2026 2:34:08 PM  ,    4485.000,                                  10.009,                                  19.317,                                  23.872,                                   0.011,                                   0.016,                               51769.070,                                   1.000,
8/12/2026 2:34:13 PM  ,    4490.000,                                  10.012,                                  19.383,                                  23.953,                                   0.011,                                   0.016,                               51591.266,                                   1.000,
8/12/2026 2:34:18 PM  ,    4495.000,                                  10.016,                                  19.405,                                  23.977,                                   0.011,                                   0.016,                               51534.000,                                   1.000,
8/12/2026 2:34:23 PM  ,    4500.000,                                  10.019,                                  19.352,                                  23.910,                                   0.011,                                   0.016,                               51674.207,                                   1.000,
8/12/2026 2:34:28 PM  ,    4505.000,                                  10.022,                                  19.441,                                  24.018,                                   0.011,                                   0.016,                               51437.707,                                   1.000,
8/12/2026 2:34:33 PM  ,    4510.000,                                  10.025,                                  19.411,                                  23.980,                                   0.011,                                   0.016,                               51517.293,                                   1.000,
8/12/2026 2:34:38 PM  ,    4515.000,                                  10.028,                                  19.203,                                  23.721,                                   0.011,                                   0.015,                               52076.316,                                   1.000,
8/12/2026 2:34:43 PM  ,    4520.000,                                  10.030,                                  19.361,                                  23.915,                                   0.011,                                   0.016,                               51650.348,                                   1.000,
8/12/2026 2:34:48 PM  ,    4525.000,                                  10.033,                                  19.348,                                  23.897,                                   0.011,                                   0.016,                               51685.684,                                   1.000,
8/12/2026 2:34:53 PM  ,    4530.000,                                  10.036,                                  19.380,                                  23.936,                                   0.011,                                   0.016,                               51598.762,                                   1.000,
8/12/2026 2:34:58 PM  ,    4535.000,                                  10.037,                                  19.451,                                  24.022,                                   0.011,                                   0.016,                               51410.719,                                   1.000,
8/12/2026 2:35:03 PM  ,    4540.000,                                  10.041,                                  19.397,                                  23.954,                                   0.011,                                   0.016,                               51553.348,                                   1.000,
8/12/2026 2:35:08 PM  ,    4545.000,                                  10.043,                                  19.415,                                  23.974,                                   0.011,                                   0.016,                               51507.242,                                   1.000,
8/12/2026 2:35:13 PM  ,    4550.000,                                  10.045,                                  19.368,                                  23.915,                                   0.011,                                   0.016,                               51632.117,                                   1.000,
8/12/2026 2:35:18 PM  ,    4555.000,                                  10.047,                                  19.417,                                  23.974,                                   0.011,                                   0.016,                               51502.547,                                   1.000,
8/12/2026 2:35:23 PM  ,    4560.000,                                  10.049,                                  19.391,                                  23.941,                                   0.011,                                   0.016,                               51570.898,                                   1.000,
8/12/2026 2:35:28 PM  ,    4565.000,                                  10.050,                                  19.353,                                  23.894,                                   0.011,                                   0.016,                               51671.809,                                   1.000,
8/12/2026 2:35:33 PM  ,    4570.000,                                  10.052,                                  19.381,                                  23.928,                                   0.011,                                   0.016,                               51596.879,                                   1.000,
8/12/2026 2:35:38 PM  ,    4575.000,                                  10.053,                                  19.354,                                  23.894,                                   0.011,                                   0.016,                               51668.102,                                   1.000,
8/12/2026 2:35:43 PM  ,    4580.000,                                  10.055,                                  19.302,                                  23.829,                                   0.011,                                   0.015,                               51807.441,                                   1.000,
8/12/2026 2:35:48 PM  ,    4585.000,                                  10.055,                                  19.347,                                  23.883,                                   0.011,                                   0.016,                               51687.559,                                   1.000,
8/12/2026 2:35:53 PM  ,    4590.000,                                  10.056,                                  19.365,                                  23.906,                                   0.011,                                   0.016,                               51638.469,                                   1.000,
8/12/2026 2:35:58 PM  ,    4595.000,                                  10.057,                                  19.438,                                  23.995,                                   0.011,                                   0.016,                               51445.816,                                   1.000,
8/12/2026 2:36:03 PM  ,    4600.000,                                  10.057,                                  19.390,                                  23.936,                                   0.011,                                   0.016,                               51572.297,                                   1.000,
8/12/2026 2:36:08 PM  ,    4605.000,                                  10.057,                                  19.344,                                  23.879,                                   0.011,                                   0.016,                               51695.926,                                   1.000,
8/12/2026 2:36:13 PM  ,    4610.000,                                  10.059,                                  19.268,                                  23.784,                                   0.011,                                   0.015,                               51900.438,                                   1.000,
8/12/2026 2:36:18 PM  ,    4615.000,                                  10.060,                                  19.177,                                  23.671,                                   0.011,                                   0.015,                               52144.980,                                   1.000,
8/12/2026 2:36:23 PM  ,    4620.000,                                  10.061,                                  19.383,                                  23.925,                                   0.011,                                   0.016,                               51591.078,                                   1.000,
8/12/2026 2:36:28 PM  ,    4625.000,                                  10.062,                                  19.351,                                  23.884,                                   0.011,                                   0.016,                               51677.398,                                   1.000,
8/12/2026 2:36:33 PM  ,    4630.000,                                  10.063,                                  19.435,                                  23.988,                                   0.011,                                   0.016,                               51452.871,                                   1.000,
8/12/2026 2:36:38 PM  ,    4635.000,                                  10.064,                                  19.403,                                  23.947,                                   0.011,                                   0.016,                               51539.461,                                   1.000,
8/12/2026 2:36:43 PM  ,    4640.000,                                  10.065,                                  19.338,                                  23.867,                                   0.011,                                   0.016,                               51712.066,                                   1.000,
8/12/2026 2:36:48 PM  ,    4645.000,                                  10.066,                                  19.313,                                  23.836,                                   0.011,                                   0.015,                               51778.055,                                   1.000,
8/12/2026 2:36:53 PM  ,    4650.000,                                  10.066,                                  19.332,                                  23.859,                                   0.011,                                   0.016,                               51727.508,                                   1.000,
8/12/2026 2:36:58 PM  ,    4655.000,                                  10.066,                                  19.409,                                  23.953,                                   0.011,                                   0.016,                               51523.570,                                   1.000,
8/12/2026 2:37:03 PM  ,    4660.000,                                  10.067,                                  19.408,                                  23.952,                                   0.011,                                   0.016,                               51524.879,                                   1.000,
8/12/2026 2:37:08 PM  ,    4665.000,                                  10.069,                                  19.355,                                  23.886,                                   0.011,                                   0.016,                               51665.051,                                   1.000,
8/12/2026 2:37:13 PM  ,    4670.000,                                  10.069,                                  19.393,                                  23.933,                                   0.011,                                   0.016,                               51564.141,                                   1.000,
8/12/2026 2:37:18 PM  ,    4675.000,                                  10.070,                                  19.360,                                  23.891,                                   0.011,                                   0.016,                               51654.195,                                   1.000,
8/12/2026 2:37:23 PM  ,    4680.000,                                  10.071,                                  19.381,                                  23.917,                                   0.011,                                   0.016,                               51596.172,                                   1.000,
8/12/2026 2:37:28 PM  ,    4685.000,                                  10.071,                                  19.409,                                  23.951,                                   0.011,                                   0.016,                               51522.316,                                   1.000,
8/12/2026 2:37:33 PM  ,    4690.000,                                  10.071,                                  19.409,                                  23.951,                                   0.011,                                   0.016,                               51521.707,                                   1.000,
8/12/2026 2:37:38 PM  ,    4695.000,                                  10.072,                                  19.350,                                  23.877,                                   0.011,                                   0.016,                               51680.813,                                   1.000,
8/12/2026 2:37:43 PM  ,    4700.000,                                  10.073,                                  19.338,                                  23.863,                                   0.011,                                   0.016,                               51710.816,                                   1.000,
8/12/2026 2:37:48 PM  ,    4705.000,                                  10.073,                                  19.345,                                  23.872,                                   0.011,                                   0.016,                               51692.188,                                   1.000,
8/12/2026 2:37:53 PM  ,    4710.000,                                  10.073,                                  19.443,                                  23.992,                                   0.011,                                   0.016,                               51432.305,                                   1.000,
8/12/2026 2:37:58 PM  ,    4715.000,                                  10.073,                                  19.360,                                  23.890,                                   0.011,                                   0.016,                               51652.617,                                   1.000,
8/12/2026 2:38:03 PM  ,    4720.000,                                  10.074,                                  19.327,                                  23.848,                                   0.011,                                   0.016,                               51741.621,                                   1.000,
8/12/2026 2:38:08 PM  ,    4725.000,                                  10.075,                                  19.263,                                  23.768,                                   0.011,                                   0.015,                               51913.875,                                   1.000,
8/12/2026 2:38:13 PM  ,    4730.000,                                  10.076,                                  19.332,                                  23.854,                                   0.011,                                   0.016,                               51727.023,                                   1.000,
8/12/2026 2:38:18 PM  ,    4735.000,                                  10.076,                                  19.340,                                  23.864,                                   0.011,                                   0.016,                               51705.273,                                   1.000,
8/12/2026 2:38:23 PM  ,    4740.000,                                  10.077,                                  19.392,                                  23.927,                                   0.011,                                   0.016,                               51566.547,                                   1.000,
8/12/2026 2:38:28 PM  ,    4745.000,                                  10.077,                                  19.387,                                  23.920,                                   0.011,                                   0.016,                               51580.957,                                   1.000,
8/12/2026 2:38:33 PM  ,    4750.000,                                  10.077,                                  19.329,                                  23.849,                                   0.011,                                   0.016,                               51735.469,                                   1.000,
8/12/2026 2:38:38 PM  ,    4755.000,                                  10.078,                                  19.358,                                  23.884,                                   0.011,                                   0.016,                               51658.652,                                   1.000,
8/12/2026 2:38:43 PM  ,    4760.000,                                  10.078,                                  19.259,                                  23.763,                                   0.011,                                   0.015,                               51922.867,                                   1.000,
8/12/2026 2:38:48 PM  ,    4765.000,                                  10.078,                                  19.286,                                  23.795,                                   0.011,                                   0.015,                               51852.082,                                   1.000,
8/12/2026 2:38:53 PM  ,    4770.000,                                  10.079,                                  19.143,                                  23.619,                                   0.011,                                   0.015,                               52237.344,                                   1.000,
8/12/2026 2:38:58 PM  ,    4775.000,                                  10.079,                                  19.343,                                  23.866,                                   0.011,                                   0.016,                               51697.621,                                   1.000,
8/12/2026 2:39:03 PM  ,    4780.000,                                  10.080,                                  19.321,                                  23.837,                                   0.011,                                   0.015,                               51757.355,                                   1.000,
8/12/2026 2:39:08 PM  ,    4785.000,                                  10.081,                                  19.334,                                  23.853,                                   0.011,                                   0.016,                               51723.309,                                   1.000,
8/12/2026 2:39:13 PM  ,    4790.000,                                  10.081,                                  19.335,                                  23.855,                                   0.011,                                   0.016,                               51719.590,                                   1.000,
8/12/2026 2:39:18 PM  ,    4795.000,                                  10.082,                                  19.351,                                  23.874,                                   0.011,                                   0.016,                               51675.617,                                   1.000,
8/12/2026 2:39:23 PM  ,    4800.000,                                  10.082,                                  19.280,                                  23.786,                                   0.011,                                   0.015,                               51867.922,                                   1.000,
8/12/2026 2:39:28 PM  ,    4805.000,                                  10.081,                                  19.287,                                  23.794,                                   0.011,                                   0.015,                               51849.367,                                   1.000,
8/12/2026 2:39:33 PM  ,    4810.000,                                  10.083,                                  19.278,                                  23.783,                                   0.011,                                   0.015,                               51871.535,                                   1.000,
8/12/2026 2:39:38 PM  ,    4815.000,                                  10.083,                                  19.379,                                  23.908,                                   0.011,                                   0.016,                               51600.984,                                   1.000,
8/12/2026 2:39:43 PM  ,    4820.000,                                  10.084,                                  18.710,                                  23.082,                                   0.011,                                   0.015,                               53447.598,                                   1.000,
8/12/2026 2:39:48 PM  ,    4825.000,                                  10.084,                                  19.317,                                  23.830,                                   0.011,                                   0.015,                               51768.387,                                   1.000,
8/12/2026 2:39:53 PM  ,    4830.000,                                  10.085,                                  19.237,                                  23.731,                                   0.011,                                   0.015,                               51982.977,                                   1.000,
8/12/2026 2:39:58 PM  ,    4835.000,                                  10.085,                                  19.371,                                  23.896,                                   0.011,                                   0.016,                               51624.383,                                   1.000,
8/12/2026 2:40:03 PM  ,    4840.000,                                  10.086,                                  19.330,                                  23.845,                                   0.011,                                   0.015,                               51732.828,                                   1.000,
8/12/2026 2:40:08 PM  ,    4845.000,                                  10.087,                                  19.356,                                  23.877,                                   0.011,                                   0.016,                               51664.012,                                   1.000,
8/12/2026 2:40:13 PM  ,    4850.000,                                  10.088,                                  19.318,                                  23.829,                                   0.011,                                   0.015,                               51765.809,                                   1.000,
8/12/2026 2:40:18 PM  ,    4855.000,                                  10.088,                                  19.278,                                  23.780,                                   0.011,                                   0.015,                               51872.898,                                   1.000,
8/12/2026 2:40:23 PM  ,    4860.000,                                  10.088,                                  19.288,                                  23.792,                                   0.011,                                   0.015,                               51846.887,                                   1.000,
8/12/2026 2:40:28 PM  ,    4865.000,                                  10.090,                                  19.309,                                  23.818,                                   0.011,                                   0.015,                               51788.324,                                   1.000,
8/12/2026 2:40:33 PM  ,    4870.000,                                  10.090,                                  19.290,                                  23.794,                                   0.011,                                   0.015,                               51839.164,                                   1.000,
8/12/2026 2:40:38 PM  ,    4875.000,                                  10.091,                                  19.298,                                  23.804,                                   0.011,                                   0.015,                               51817.969,                                   1.000,
8/12/2026 2:40:43 PM  ,    4880.000,                                  10.091,                                  19.337,                                  23.851,                                   0.011,                                   0.016,                               51714.559,                                   1.000,
8/12/2026 2:40:48 PM  ,    4885.000,                                  10.092,                                  19.417,                                  23.949,                                   0.011,                                   0.016,                               51501.215,                                   1.000,
8/12/2026 2:40:53 PM  ,    4890.000,                                  10.092,                                  19.332,                                  23.844,                                   0.011,                                   0.015,                               51728.836,                                   1.000,
8/12/2026 2:40:58 PM  ,    4895.000,                                  10.092,                                  19.151,                                  23.621,                                   0.011,                                   0.015,                               52216.898,                                   1.000,
8/12/2026 2:41:03 PM  ,    4900.000,                                  10.091,                                  19.042,                                  23.487,                                   0.011,                                   0.015,                               52515.707,                                   1.000,
8/12/2026 2:41:08 PM  ,    4905.000,                                  10.092,                                  19.334,                                  23.847,                                   0.011,                                   0.016,                               51723.133,                                   1.000,
8/12/2026 2:41:13 PM  ,    4910.000,                                  10.092,                                  19.335,                                  23.848,                                   0.011,                                   0.016,                               51719.578,                                   1.000,
8/12/2026 2:41:18 PM  ,    4915.000,                                  10.092,                                  19.317,                                  23.826,                                   0.011,                                   0.015,                               51768.336,                                   1.000,
8/12/2026 2:41:23 PM  ,    4920.000,                                  10.093,                                  19.302,                                  23.807,                                   0.011,                                   0.015,                               51808.184,                                   1.000,
8/12/2026 2:41:28 PM  ,    4925.000,                                  10.091,                                  19.341,                                  23.856,                                   0.011,                                   0.016,                               51703.055,                                   1.000,
8/12/2026 2:41:33 PM  ,    4930.000,                                  10.090,                                  19.316,                                  23.825,                                   0.011,                                   0.015,                               51770.594,                                   1.000,
8/12/2026 2:41:38 PM  ,    4935.000,                                  10.091,                                  19.204,                                  23.687,                                   0.011,                                   0.015,                               52072.844,                                   1.000,
8/12/2026 2:41:43 PM  ,    4940.000,                                  10.091,                                  19.358,                                  23.878,                                   0.011,                                   0.016,                               51657.598,                                   1.000,
8/12/2026 2:41:48 PM  ,    4945.000,                                  10.090,                                  19.170,                                  23.646,                                   0.011,                                   0.015,                               52164.000,                                   1.000,
8/12/2026 2:41:53 PM  ,    4950.000,                                  10.091,                                  19.332,                                  23.845,                                   0.011,                                   0.015,                               51728.746,                                   1.000,
8/12/2026 2:41:58 PM  ,    4955.000,                                  10.091,                                  19.043,                                  23.488,                                   0.011,                                   0.015,                               52513.316,                                   1.000,
8/12/2026 2:42:03 PM  ,    4960.000,                                  10.089,                                  19.281,                                  23.783,                                   0.011,                                   0.015,                               51865.336,                                   1.000,
8/12/2026 2:42:08 PM  ,    4965.000,                                  10.088,                                  19.330,                                  23.844,                                   0.011,                                   0.015,                               51734.230,                                   1.000,
8/12/2026 2:42:13 PM  ,    4970.000,                                  10.089,                                  19.313,                                  23.823,                                   0.011,                                   0.015,                               51777.383,                                   1.000,
8/12/2026 2:42:18 PM  ,    4975.000,                                  10.089,                                  19.338,                                  23.854,                                   0.011,                                   0.016,                               51710.867,                                   1.000,
8/12/2026 2:42:23 PM  ,    4980.000,                                  10.088,                                  19.243,                                  23.737,                                   0.011,                                   0.015,                               51965.965,                                   1.000,
8/12/2026 2:42:28 PM  ,    4985.000,                                  10.089,                                  19.302,                                  23.809,                                   0.011,                                   0.015,                               51808.125,                                   1.000,
8/12/2026 2:42:33 PM  ,    4990.000,                                  10.087,                                  19.260,                                  23.758,                                   0.011,                                   0.015,                               51921.398,                                   1.000,
8/12/2026 2:42:38 PM  ,    4995.000,                                  10.086,                                  19.159,                                  23.634,                                   0.011,                                   0.015,                               52195.734,                                   1.000,
8/12/2026 2:42:43 PM  ,    5000.000,                                  10.086,                                  19.289,                                  23.795,                                   0.011,                                   0.015,                               51841.871,                                   1.000,
8/12/2026 2:42:48 PM  ,    5005.000,                                  10.085,                                  19.251,                                  23.748,                                   0.011,                                   0.015,                               51945.230,                                   1.000,
8/12/2026 2:42:53 PM  ,    5010.000,                                  10.085,                                  19.174,                                  23.653,                                   0.011,                                   0.015,                               52153.586,                                   1.000,
8/12/2026 2:42:58 PM  ,    5015.000,                                  10.086,                                  19.312,                                  23.823,                                   0.011,                                   0.015,                               51780.871,                                   1.000,
8/12/2026 2:43:03 PM  ,    5020.000,                                  10.084,                                  19.233,                                  23.726,                                   0.011,                                   0.015,                               51994.762,                                   1.000,
8/12/2026 2:43:08 PM  ,    5025.000,                                  10.085,                                  19.258,                                  23.758,                                   0.011,                                   0.015,                               51925.367,                                   1.000,
8/12/2026 2:43:13 PM  ,    5030.000,                                  10.083,                                  19.329,                                  23.846,                                   0.011,                                   0.015,                               51734.973,                                   1.000,
8/12/2026 2:43:18 PM  ,    5035.000,                                  10.083,                                  19.222,                                  23.715,                                   0.011,                                   0.015,                               52022.418,                                   1.000,
8/12/2026 2:43:23 PM  ,    5040.000,                                  10.082,                                  19.040,                                  23.489,                                   0.011,                                   0.015,                               52521.336,                                   1.000,
8/12/2026 2:43:28 PM  ,    5045.000,                                  10.081,                                  19.300,                                  23.811,                                   0.011,                                   0.015,                               51812.551,                                   1.000,
8/12/2026 2:43:33 PM  ,    5050.000,                                  10.082,                                  19.318,                                  23.832,                                   0.011,                                   0.015,                               51765.949,                                   1.000,
8/12/2026 2:43:38 PM  ,    5055.000,                                  10.081,                                  19.227,                                  23.720,                                   0.011,                                   0.015,                               52011.098,                                   1.000,
8/12/2026 2:43:43 PM  ,    5060.000,                                  10.080,                                  19.248,                                  23.747,                                   0.011,                                   0.015,                               51954.590,                                   1.000,
8/12/2026 2:43:48 PM  ,    5065.000,                                  10.080,                                  19.273,                                  23.778,                                   0.011,                                   0.015,                               51886.199,                                   1.000,
8/12/2026 2:43:53 PM  ,    5070.000,                                  10.079,                                  19.239,                                  23.737,                                   0.011,                                   0.015,                               51978.000,                                   1.000,
8/12/2026 2:43:58 PM  ,    5075.000,                                  10.079,                                  19.196,                                  23.684,                                   0.011,                                   0.015,                               52093.215,                                   1.000,
8/12/2026 2:44:03 PM  ,    5080.000,                                  10.079,                                  19.250,                                  23.750,                                   0.011,                                   0.015,                               51949.391,                                   1.000,
8/12/2026 2:44:08 PM  ,    5085.000,                                  10.080,                                  19.291,                                  23.801,                                   0.011,                                   0.015,                               51837.930,                                   1.000,
8/12/2026 2:44:13 PM  ,    5090.000,                                  10.079,                                  19.219,                                  23.712,                                   0.011,                                   0.015,                               52032.031,                                   1.000,
8/12/2026 2:44:18 PM  ,    5095.000,                                  10.078,                                  19.252,                                  23.754,                                   0.011,                                   0.015,                               51941.598,                                   1.000,
8/12/2026 2:44:23 PM  ,    5100.000,                                  10.078,                                  19.264,                                  23.768,                                   0.011,                                   0.015,                               51911.578,                                   1.000,
8/12/2026 2:44:28 PM  ,    5105.000,                                  10.079,                                  19.295,                                  23.806,                                   0.011,                                   0.015,                               51826.770,                                   1.000,
8/12/2026 2:44:33 PM  ,    5110.000,                                  10.078,                                  19.273,                                  23.779,                                   0.011,                                   0.015,                               51886.016,                                   1.000,
8/12/2026 2:44:38 PM  ,    5115.000,                                  10.078,                                  19.100,                                  23.566,                                   0.011,                                   0.015,                               52356.109,                                   1.000,
8/12/2026 2:44:43 PM  ,    5120.000,                                  10.078,                                  19.245,                                  23.745,                                   0.011,                                   0.015,                               51960.203,                                   1.000,
8/12/2026 2:44:48 PM  ,    5125.000,                                  10.078,                                  19.231,                                  23.728,                                   0.011,                                   0.015,                               51998.691,                                   1.000,
8/12/2026 2:44:53 PM  ,    5130.000,                                  10.078,                                  19.279,                                  23.787,                                   0.011,                                   0.015,                               51870.227,                                   1.000,
8/12/2026 2:44:58 PM  ,    5135.000,                                  10.077,                                  19.268,                                  23.773,                                   0.011,                                   0.015,                               51900.242,                                   1.000,
8/12/2026 2:45:03 PM  ,    5140.000,                                  10.078,                                  19.322,                                  23.841,                                   0.011,                                   0.015,                               51753.590,                                   1.000,
8/12/2026 2:45:08 PM  ,    5145.000,                                  10.080,                                  19.241,                                  23.739,                                   0.011,                                   0.015,                               51971.512,                                   1.000,
8/12/2026 2:45:13 PM  ,    5150.000,                                  10.078,                                  19.256,                                  23.759,                                   0.011,                                   0.015,                               51930.703,                                   1.000,
8/12/2026 2:45:18 PM  ,    5155.000,                                  10.078,                                  19.262,                                  23.766,                                   0.011,                                   0.015,                               51915.156,                                   1.000,
8/12/2026 2:45:23 PM  ,    5160.000,                                  10.078,                                  19.223,                                  23.717,                                   0.011,                                   0.015,                               52021.895,                                   1.000,
8/12/2026 2:45:28 PM  ,    5165.000,                                  10.078,                                  19.232,                                  23.729,                                   0.011,                                   0.015,                               51995.641,                                   1.000,
8/12/2026 2:45:33 PM  ,    5170.000,                                  10.078,                                  19.206,                                  23.697,                                   0.011,                                   0.015,                               52066.176,                                   1.000,
8/12/2026 2:45:38 PM  ,    5175.000,                                  10.078,                                  19.206,                                  23.696,                                   0.011,                                   0.015,                               52068.191,                                   1.000,
8/12/2026 2:45:43 PM  ,    5180.000,                                  10.078,                                  19.279,                                  23.786,                                   0.011,                                   0.015,                               51871.145,                                   1.000,
8/12/2026 2:45:48 PM  ,    5185.000,                                  10.078,                                  19.230,                                  23.727,                                   0.011,                                   0.015,                               52001.152,                                   1.000,
8/12/2026 2:45:53 PM  ,    5190.000,                                  10.078,                                  19.224,                                  23.719,                                   0.011,                                   0.015,                               52017.523,                                   1.000,
8/12/2026 2:45:58 PM  ,    5195.000,                                  10.078,                                  19.219,                                  23.713,                                   0.011,                                   0.015,                               52030.828,                                   1.000,
8/12/2026 2:46:03 PM  ,    5200.000,                                  10.078,                                  19.200,                                  23.689,                                   0.011,                                   0.015,                               52083.516,                                   1.000,
8/12/2026 2:46:08 PM  ,    5205.000,                                  10.078,                                  19.180,                                  23.665,                                   0.011,                                   0.015,                               52137.070,                                   1.000,
8/12/2026 2:46:13 PM  ,    5210.000,                                  10.078,                                  19.277,                                  23.785,                                   0.011,                                   0.015,                               51874.680,                                   1.000,
8/12/2026 2:46:18 PM  ,    5215.000,                                  10.078,                                  19.211,                                  23.703,                                   0.011,                                   0.015,                               52053.289,                                   1.000,
8/12/2026 2:46:23 PM  ,    5220.000,                                  10.078,                                  19.182,                                  23.667,                                   0.011,                                   0.015,                               52132.148,                                   1.000,
8/12/2026 2:46:28 PM  ,    5225.000,                                  10.078,                                  19.286,                                  23.796,                                   0.011,                                   0.015,                               51850.781,                                   1.000,
8/12/2026 2:46:33 PM  ,    5230.000,                                  10.077,                                  19.224,                                  23.719,                                   0.011,                                   0.015,                               52019.168,                                   1.000,
8/12/2026 2:46:38 PM  ,    5235.000,                                  10.078,                                  19.208,                                  23.699,                                   0.011,                                   0.015,                               52062.371,                                   1.000,
8/12/2026 2:46:43 PM  ,    5240.000,                                  10.078,                                  19.260,                                  23.763,                                   0.011,                                   0.015,                               51920.672,                                   1.000,
8/12/2026 2:46:48 PM  ,    5245.000,                                  10.078,                                  19.251,                                  23.753,                                   0.011,                                   0.015,                               51944.930,                                   1.000,
8/12/2026 2:46:53 PM  ,    5250.000,                                  10.078,                                  19.239,                                  23.737,                                   0.011,                                   0.015,                               51978.285,                                   1.000,
8/12/2026 2:46:58 PM  ,    5255.000,                                  10.077,                                  19.266,                                  23.771,                                   0.011,                                   0.015,                               51905.930,                                   1.000,
8/12/2026 2:47:03 PM  ,    5260.000,                                  10.077,                                  19.197,                                  23.687,                                   0.011,                                   0.015,                               52090.336,                                   1.000,
8/12/2026 2:47:08 PM  ,    5265.000,                                  10.076,                                  19.265,                                  23.771,                                   0.011,                                   0.015,                               51907.469,                                   1.000,
8/12/2026 2:47:13 PM  ,    5270.000,                                  10.076,                                  19.223,                                  23.719,                                   0.011,                                   0.015,                               52021.270,                                   1.000,
8/12/2026 2:47:18 PM  ,    5275.000,                                  10.076,                                  19.214,                                  23.707,                                   0.011,                                   0.015,                               52045.926,                                   1.000,
8/12/2026 2:47:23 PM  ,    5280.000,                                  10.076,                                  19.259,                                  23.763,                                   0.011,                                   0.015,                               51923.621,                                   1.000,
8/12/2026 2:47:28 PM  ,    5285.000,                                  10.076,                                  19.220,                                  23.715,                                   0.011,                                   0.015,                               52029.570,                                   1.000,
8/12/2026 2:47:33 PM  ,    5290.000,                                  10.076,                                  19.081,                                  23.544,                                   0.011,                                   0.015,                               52408.266,                                   1.000,
8/12/2026 2:47:38 PM  ,    5295.000,                                  10.076,                                  19.179,                                  23.664,                                   0.011,                                   0.015,                               52140.738,                                   1.000,
8/12/2026 2:47:43 PM  ,    5300.000,                                  10.076,                                  19.137,                                  23.614,                                   0.011,                                   0.015,                               52253.574,                                   1.000,
8/12/2026 2:47:48 PM  ,    5305.000,                                  10.076,                                  19.221,                                  23.717,                                   0.011,                                   0.015,                               52026.184,                                   1.000,
8/12/2026 2:47:53 PM  ,    5310.000,                                  10.075,                                  19.141,                                  23.618,                                   0.011,                                   0.015,                               52244.121,                                   1.000,
8/12/2026 2:47:58 PM  ,    5315.000,                                  10.075,                                  19.165,                                  23.648,                                   0.011,                                   0.015,                               52178.387,                                   1.000,
8/12/2026 2:48:03 PM  ,    5320.000,                                  10.074,                                  19.252,                                  23.755,                                   0.011,                                   0.015,                               51943.758,                                   1.000,
8/12/2026 2:48:08 PM  ,    5325.000,                                  10.075,                                  19.184,                                  23.672,                                   0.011,                                   0.015,                               52125.566,                                   1.000,
8/12/2026 2:48:13 PM  ,    5330.000,                                  10.074,                                  19.179,                                  23.666,                                   0.011,                                   0.015,                               52139.070,                                   1.000,
8/12/2026 2:48:18 PM  ,    5335.000,                                  10.073,                                  19.058,                                  23.517,                                   0.011,                                   0.015,                               52471.270,                                   1.000,
8/12/2026 2:48:23 PM  ,    5340.000,                                  10.074,                                  19.156,                                  23.638,                                   0.011,                                   0.015,                               52202.051,                                   1.000,
8/12/2026 2:48:28 PM  ,    5345.000,                                  10.074,                                  19.061,                                  23.521,                                   0.011,                                   0.015,                               52462.422,                                   1.000,
8/12/2026 2:48:33 PM  ,    5350.000,                                  10.073,                                  19.147,                                  23.627,                                   0.011,                                   0.015,                               52226.512,                                   1.000,
8/12/2026 2:48:38 PM  ,    5355.000,                                  10.073,                                  19.203,                                  23.695,                                   0.011,                                   0.015,                               52075.938,                                   1.000,
8/12/2026 2:48:43 PM  ,    5360.000,                                  10.073,                                  19.189,                                  23.678,                                   0.011,                                   0.015,                               52113.934,                                   1.000,
8/12/2026 2:48:48 PM  ,    5365.000,                                  10.072,                                  19.162,                                  23.646,                                   0.011,                                   0.015,                               52186.223,                                   1.000,
8/12/2026 2:48:53 PM  ,    5370.000,                                  10.072,                                  19.159,                                  23.643,                                   0.011,                                   0.015,                               52193.910,                                   1.000,
8/12/2026 2:48:58 PM  ,    5375.000,                                  10.071,                                  19.100,                                  23.570,                                   0.011,                                   0.015,                               52355.277,                                   1.000,
8/12/2026 2:49:03 PM  ,    5380.000,                                  10.071,                                  18.933,                                  23.364,                                   0.011,                                   0.015,                               52817.480,                                   1.000,
8/12/2026 2:49:08 PM  ,    5385.000,                                  10.071,                                  19.210,                                  23.706,                                   0.011,                                   0.015,                               52056.477,                                   1.000,
8/12/2026 2:49:13 PM  ,    5390.000,                                  10.071,                                  19.191,                                  23.682,                                   0.011,                                   0.015,                               52108.934,                                   1.000,
8/12/2026 2:49:18 PM  ,    5395.000,                                  10.070,                                  19.155,                                  23.639,                                   0.011,                                   0.015,                               52205.008,                                   1.000,
8/12/2026 2:49:23 PM  ,    5400.000,                                  10.070,                                  19.179,                                  23.668,                                   0.011,                                   0.015,                               52140.813,                                   1.000,
8/12/2026 2:49:28 PM  ,    5405.000,                                  10.070,                                  19.090,                                  23.558,                                   0.011,                                   0.015,                               52384.008,                                   1.000,
8/12/2026 2:49:33 PM  ,    5410.000,                                  10.069,                                  19.144,                                  23.626,                                   0.011,                                   0.015,                               52235.059,                                   1.000,
8/12/2026 2:49:38 PM  ,    5415.000,                                  10.068,                                  19.143,                                  23.624,                                   0.011,                                   0.015,                               52239.297,                                   1.000,
8/12/2026 2:49:43 PM  ,    5420.000,                                  10.068,                                  19.138,                                  23.618,                                   0.011,                                   0.015,                               52251.879,                                   1.000,
8/12/2026 2:49:48 PM  ,    5425.000,                                  10.067,                                  19.201,                                  23.696,                                   0.011,                                   0.015,                               52081.328,                                   1.000,
8/12/2026 2:49:53 PM  ,    5430.000,                                  10.066,                                  19.114,                                  23.590,                                   0.011,                                   0.015,                               52316.754,                                   1.000,
8/12/2026 2:49:58 PM  ,    5435.000,                                  10.066,                                  19.183,                                  23.675,                                   0.011,                                   0.015,                               52128.426,                                   1.000,
8/12/2026 2:50:03 PM  ,    5440.000,                                  10.066,                                  19.092,                                  23.563,                                   0.011,                                   0.015,                               52379.008,                                   1.000,
8/12/2026 2:50:08 PM  ,    5445.000,                                  10.065,                                  19.041,                                  23.500,                                   0.011,                                   0.015,                               52517.777,                                   1.000,
8/12/2026 2:50:13 PM  ,    5450.000,                                  10.066,                                  19.185,                                  23.678,                                   0.011,                                   0.015,                               52122.973,                                   1.000,
8/12/2026 2:50:18 PM  ,    5455.000,                                  10.066,                                  19.145,                                  23.629,                                   0.011,                                   0.015,                               52232.516,                                   1.000,
8/12/2026 2:50:23 PM  ,    5460.000,                                  10.066,                                  19.166,                                  23.654,                                   0.011,                                   0.015,                               52175.258,                                   1.000,
8/12/2026 2:50:28 PM  ,    5465.000,                                  10.065,                                  19.134,                                  23.615,                                   0.011,                                   0.015,                               52263.953,                                   1.000,
8/12/2026 2:50:33 PM  ,    5470.000,                                  10.065,                                  19.078,                                  23.545,                                   0.011,                                   0.015,                               52417.535,                                   1.000,
8/12/2026 2:50:38 PM  ,    5475.000,                                  10.065,                                  19.132,                                  23.613,                                   0.011,                                   0.015,                               52269.004,                                   1.000,
8/12/2026 2:50:43 PM  ,    5480.000,                                  10.064,                                  19.161,                                  23.649,                                   0.011,                                   0.015,                               52189.984,                                   1.000,
8/12/2026 2:50:48 PM  ,    5485.000,                                  10.064,                                  19.146,                                  23.631,                                   0.011,                                   0.015,                               52229.410,                                   1.000,
8/12/2026 2:50:53 PM  ,    5490.000,                                  10.063,                                  19.114,                                  23.591,                                   0.011,                                   0.015,                               52318.211,                                   1.000,
8/12/2026 2:50:58 PM  ,    5495.000,                                  10.064,                                  19.001,                                  23.452,                                   0.011,                                   0.015,                               52627.465,                                   1.000,
8/12/2026 2:51:03 PM  ,    5500.000,                                  10.064,                                  19.116,                                  23.593,                                   0.011,                                   0.015,                               52313.109,                                   1.000,
8/12/2026 2:51:08 PM  ,    5505.000,                                  10.064,                                  19.091,                                  23.562,                                   0.011,                                   0.015,                               52381.473,                                   1.000,
8/12/2026 2:51:13 PM  ,    5510.000,                                  10.065,                                  19.128,                                  23.607,                                   0.011,                                   0.015,                               52280.688,                                   1.000,
8/12/2026 2:51:18 PM  ,    5515.000,                                  10.064,                                  19.144,                                  23.628,                                   0.011,                                   0.015,                               52234.816,                                   1.000,
8/12/2026 2:51:23 PM  ,    5520.000,                                  10.063,                                  19.206,                                  23.705,                                   0.011,                                   0.015,                               52067.742,                                   1.000,
8/12/2026 2:51:28 PM  ,    5525.000,                                  10.064,                                  19.172,                                  23.663,                                   0.011,                                   0.015,                               52158.820,                                   1.000,
8/12/2026 2:51:33 PM  ,    5530.000,                                  10.064,                                  19.096,                                  23.569,                                   0.011,                                   0.015,                               52365.750,                                   1.000,
8/12/2026 2:51:38 PM  ,    5535.000,                                  10.065,                                  19.001,                                  23.450,                                   0.011,                                   0.015,                               52629.953,                                   1.000,
8/12/2026 2:51:43 PM  ,    5540.000,                                  10.066,                                  19.171,                                  23.661,                                   0.011,                                   0.015,                               52161.105,                                   1.000,
8/12/2026 2:51:48 PM  ,    5545.000,                                  10.066,                                  19.145,                                  23.629,                                   0.011,                                   0.015,                               52231.973,                                   1.000,
8/12/2026 2:51:53 PM  ,    5550.000,                                  10.065,                                  19.106,                                  23.581,                                   0.011,                                   0.015,                               52338.945,                                   1.000,
8/12/2026 2:51:58 PM  ,    5555.000,                                  10.065,                                  19.019,                                  23.473,                                   0.011,                                   0.015,                               52578.363,                                   1.000,
8/12/2026 2:52:03 PM  ,    5560.000,                                  10.065,                                  18.982,                                  23.427,                                   0.011,                                   0.015,                               52681.477,                                   1.000,
8/12/2026 2:52:08 PM  ,    5565.000,                                  10.065,                                  19.007,                                  23.459,                                   0.011,                                   0.015,                               52611.984,                                   1.000,
8/12/2026 2:52:13 PM  ,    5570.000,                                  10.066,                                  18.964,                                  23.406,                                   0.011,                                   0.015,                               52730.227,                                   1.000,
8/12/2026 2:52:18 PM  ,    5575.000,                                  10.066,                                  18.936,                                  23.371,                                   0.011,                                   0.015,                               52808.520,                                   1.000,
8/12/2026 2:52:23 PM  ,    5580.000,                                  10.065,                                  19.136,                                  23.618,                                   0.011,                                   0.015,                               52256.941,                                   1.000,
8/12/2026 2:52:28 PM  ,    5585.000,                                  10.065,                                  19.024,                                  23.480,                                   0.011,                                   0.015,                               52564.070,                                   1.000,
8/12/2026 2:52:33 PM  ,    5590.000,                                  10.065,                                  19.068,                                  23.533,                                   0.011,                                   0.015,                               52443.961,                                   1.000,
8/12/2026 2:52:38 PM  ,    5595.000,                                  10.066,                                  19.077,                                  23.545,                                   0.011,                                   0.015,                               52419.082,                                   1.000,
8/12/2026 2:52:43 PM  ,    5600.000,                                  10.065,                                  19.133,                                  23.613,                                   0.011,                                   0.015,                               52266.629,                                   1.000,
8/12/2026 2:52:48 PM  ,    5605.000,                                  10.066,                                  19.006,                                  23.456,                                   0.011,                                   0.015,                               52615.156,                                   1.000,
8/12/2026 2:52:53 PM  ,    5610.000,                                  10.066,                                  18.967,                                  23.408,                                   0.011,                                   0.015,                               52723.625,                                   1.000,
8/12/2026 2:52:58 PM  ,    5615.000,                                  10.066,                                  19.048,                                  23.509,                                   0.011,                                   0.015,                               52498.590,                                   1.000,
8/12/2026 2:53:03 PM  ,    5620.000,                                  10.065,                                  19.086,                                  23.556,                                   0.011,                                   0.015,                               52393.758,                                   1.000,
8/12/2026 2:53:08 PM  ,    5625.000,                                  10.065,                                  18.673,                                  23.046,                                   0.011,                                   0.015,                               53553.383,                                   1.000,
8/12/2026 2:53:13 PM  ,    5630.000,                                  10.065,                                  18.818,                                  23.225,                                   0.011,                                   0.015,                               53141.793,                                   1.000,
8/12/2026 2:53:18 PM  ,    5635.000,                                  10.065,                                  19.040,                                  23.499,                                   0.011,                                   0.015,                               52520.332,                                   1.000,
8/12/2026 2:53:23 PM  ,    5640.000,                                  10.066,                                  19.054,                                  23.516,                                   0.011,                                   0.015,                               52482.195,                                   1.000,
8/12/2026 2:53:28 PM  ,    5645.000,                                  10.066,                                  19.086,                                  23.556,                                   0.011,                                   0.015,                               52393.902,                                   1.000,
8/12/2026 2:53:33 PM  ,    5650.000,                                  10.066,                                  18.910,                                  23.339,                                   0.011,                                   0.015,                               52880.949,                                   1.000,
8/12/2026 2:53:38 PM  ,    5655.000,                                  10.067,                                  19.087,                                  23.556,                                   0.011,                                   0.015,                               52392.582,                                   1.000,
8/12/2026 2:53:43 PM  ,    5660.000,                                  10.067,                                  18.747,                                  23.136,                                   0.011,                                   0.015,                               53342.160,                                   1.000,
8/12/2026 2:53:48 PM  ,    5665.000,                                  10.066,                                  19.082,                                  23.551,                                   0.011,                                   0.015,                               52404.730,                                   1.000,
8/12/2026 2:53:53 PM  ,    5670.000,                                  10.066,                                  19.093,                                  23.564,                                   0.011,                                   0.015,                               52375.508,                                   1.000,
8/12/2026 2:53:58 PM  ,    5675.000,                                  10.066,                                  19.058,                                  23.521,                                   0.011,                                   0.015,                               52470.418,                                   1.000,
8/12/2026 2:54:03 PM  ,    5680.000,                                  10.067,                                  18.665,                                  23.036,                                   0.011,                                   0.015,                               53575.496,                                   1.000,
8/12/2026 2:54:08 PM  ,    5685.000,                                  10.068,                                  18.631,                                  22.993,                                   0.011,                                   0.015,                               53672.926,                                   1.000,
8/12/2026 2:54:13 PM  ,    5690.000,                                  10.069,                                  19.053,                                  23.514,                                   0.011,                                   0.015,                               52484.039,                                   1.000,
8/12/2026 2:54:18 PM  ,    5695.000,                                  10.069,                                  19.071,                                  23.535,                                   0.011,                                   0.015,                               52436.043,                                   1.000,
8/12/2026 2:54:23 PM  ,    5700.000,                                  10.069,                                  19.052,                                  23.511,                                   0.011,                                   0.015,                               52489.137,                                   1.000,
8/12/2026 2:54:28 PM  ,    5705.000,                                  10.070,                                  19.065,                                  23.527,                                   0.011,                                   0.015,                               52453.488,                                   1.000,
8/12/2026 2:54:33 PM  ,    5710.000,                                  10.069,                                  19.051,                                  23.511,                                   0.011,                                   0.015,                               52489.574,                                   1.000,
8/12/2026 2:54:38 PM  ,    5715.000,                                  10.069,                                  19.109,                                  23.582,                                   0.011,                                   0.015,                               52331.758,                                   1.000,
8/12/2026 2:54:43 PM  ,    5720.000,                                  10.069,                                  19.060,                                  23.522,                                   0.011,                                   0.015,                               52464.887,                                   1.000,
8/12/2026 2:54:48 PM  ,    5725.000,                                  10.071,                                  18.916,                                  23.343,                                   0.011,                                   0.015,                               52864.398,                                   1.000,
8/12/2026 2:54:53 PM  ,    5730.000,                                  10.071,                                  18.984,                                  23.426,                                   0.011,                                   0.015,                               52676.977,                                   1.000,
8/12/2026 2:54:58 PM  ,    5735.000,                                  10.071,                                  19.063,                                  23.523,                                   0.011,                                   0.015,                               52458.863,                                   1.000,
8/12/2026 2:55:03 PM  ,    5740.000,                                  10.072,                                  19.022,                                  23.473,                                   0.011,                                   0.015,                               52570.176,                                   1.000,
8/12/2026 2:55:08 PM  ,    5745.000,                                  10.073,                                  19.074,                                  23.537,                                   0.011,                                   0.015,                               52427.824,                                   1.000,
8/12/2026 2:55:13 PM  ,    5750.000,                                  10.073,                                  19.035,                                  23.488,                                   0.011,                                   0.015,                               52536.133,                                   1.000,
8/12/2026 2:55:18 PM  ,    5755.000,                                  10.072,                                  18.914,                                  23.340,                                   0.011,                                   0.015,                               52870.801,                                   1.000,
8/12/2026 2:55:23 PM  ,    5760.000,                                  10.073,                                  19.096,                                  23.564,                                   0.011,                                   0.015,                               52367.055,                                   1.000,
8/12/2026 2:55:28 PM  ,    5765.000,                                  10.073,                                  19.056,                                  23.515,                                   0.011,                                   0.015,                               52475.582,                                   1.000,
8/12/2026 2:55:33 PM  ,    5770.000,                                  10.072,                                  19.103,                                  23.572,                                   0.011,                                   0.015,                               52349.063,                                   1.000,
8/12/2026 2:55:38 PM  ,    5775.000,                                  10.073,                                  19.123,                                  23.597,                                   0.011,                                   0.015,                               52294.273,                                   1.000,
8/12/2026 2:55:39 PM  ,    5776.000,                                  10.073,                                  17.685,                                  21.823,                                   0.010,                                   0.014,                               56544.707,                                   1.000,
8/12/2026 2:55:40 PM  ,    5777.000,                                  10.074,                                  18.945,                                  23.377,                                   0.011,                                   0.015,                               52783.590,                                   1.000,
8/12/2026 2:55:41 PM  ,    5778.000,                                  10.075,                                  18.986,                                  23.427,                                   0.011,                                   0.015,                               52671.395,                                   1.000,
8/12/2026 2:55:42 PM  ,    5779.000,                                  10.075,                                  18.891,                                  23.310,                                   0.011,                                   0.015,                               52935.098,                                   1.000,
8/12/2026 2:55:43 PM  ,    5780.000,                                  10.075,                                  19.131,                                  23.606,                                   0.011,                                   0.015,                               52270.063,                                   1.000,
8/12/2026 2:55:44 PM  ,    5781.000,                                  10.075,                                  19.067,                                  23.526,                                   0.011,                                   0.015,                               52447.340,                                   1.000,
8/12/2026 2:55:45 PM  ,    5782.000,                                  10.076,                                  18.975,                                  23.413,                                   0.011,                                   0.015,                               52701.352,                                   1.000,
8/12/2026 2:55:46 PM  ,    5783.000,                                  10.076,                                  18.852,                                  23.261,                                   0.011,                                   0.015,                               53044.418,                                   1.000,
8/12/2026 2:55:47 PM  ,    5784.000,                                  10.077,                                  18.976,                                  23.413,                                   0.011,                                   0.015,                               52698.930,                                   1.000,
8/12/2026 2:55:48 PM  ,    5785.000,                                  10.077,                                  19.010,                                  23.456,                                   0.011,                                   0.015,                               52603.176,                                   1.000,
8/12/2026 2:55:49 PM  ,    5786.000,                                  10.076,                                  18.843,                                  23.249,                                   0.011,                                   0.015,                               53071.168,                                   1.000,
8/12/2026 2:55:50 PM  ,    5787.000,                                  10.076,                                  18.987,                                  23.427,                                   0.011,                                   0.015,                               52668.141,                                   1.000,
8/12/2026 2:55:51 PM  ,    5788.000,                                  10.077,                                  18.945,                                  23.376,                                   0.011,                                   0.015,                               52783.207,                                   1.000,
8/12/2026 2:55:52 PM  ,    5789.000,                                  10.077,                                  18.937,                                  23.366,                                   0.011,                                   0.015,                               52806.418,                                   1.000,
8/12/2026 2:55:53 PM  ,    5790.000,                                  10.077,                                  18.965,                                  23.400,                                   0.011,                                   0.015,                               52727.824,                                   1.000,
8/12/2026 2:55:54 PM  ,    5791.000,                                  10.078,                                  18.508,                                  22.835,                                   0.011,                                   0.015,                               54030.820,                                   1.000,
8/12/2026 2:55:55 PM  ,    5792.000,                                  10.078,                                  19.148,                                  23.625,                                   0.011,                                   0.015,                               52225.570,                                   1.000,
8/12/2026 2:55:56 PM  ,    5793.000,                                  10.078,                                  18.833,                                  23.237,                                   0.011,                                   0.015,                               53097.164,                                   1.000,
8/12/2026 2:55:57 PM  ,    5794.000,                                  10.078,                                  18.912,                                  23.334,                                   0.011,                                   0.015,                               52876.105,                                   1.000,
8/12/2026 2:55:58 PM  ,    5795.000,                                  10.078,                                  18.886,                                  23.301,                                   0.011,                                   0.015,                               52950.602,                                   1.000,
8/12/2026 2:55:59 PM  ,    5796.000,                                  10.078,                                  19.005,                                  23.448,                                   0.011,                                   0.015,                               52618.270,                                   1.000,
8/12/2026 2:56:00 PM  ,    5797.000,                                  10.078,                                  18.971,                                  23.406,                                   0.011,                                   0.015,                               52713.289,                                   1.000,
8/12/2026 2:56:01 PM  ,    5798.000,                                  10.079,                                  19.107,                                  23.574,                                   0.011,                                   0.015,                               52337.801,                                   1.000,
8/12/2026 2:56:02 PM  ,    5799.000,                                  10.079,                                  18.992,                                  23.433,                                   0.011,                                   0.015,                               52652.637,                                   1.000,
8/12/2026 2:56:03 PM  ,    5800.000,                                  10.079,                                  18.997,                                  23.438,                                   0.011,                                   0.015,                               52640.398,                                   1.000,
8/12/2026 2:56:04 PM  ,    5801.000,                                  10.079,                                  19.040,                                  23.491,                                   0.011,                                   0.015,                               52521.711,                                   1.000,
8/12/2026 2:56:05 PM  ,    5802.000,                                  10.080,                                  18.992,                                  23.431,                                   0.011,                                   0.015,                               52654.805,                                   1.000,
8/12/2026 2:56:06 PM  ,    5803.000,                                  10.079,                                  18.978,                                  23.414,                                   0.011,                                   0.015,                               52693.027,                                   1.000,
8/12/2026 2:56:07 PM  ,    5804.000,                                  10.080,                                  19.019,                                  23.465,                                   0.011,                                   0.015,                               52577.906,                                   1.000,
8/12/2026 2:56:08 PM  ,    5805.000,                                  10.080,                                  18.928,                                  23.353,                                   0.011,                                   0.015,                               52830.668,                                   1.000,
8/12/2026 2:56:09 PM  ,    5806.000,                                  10.081,                                  18.960,                                  23.391,                                   0.011,                                   0.015,                               52743.676,                                   1.000,
8/12/2026 2:56:10 PM  ,    5807.000,                                  10.080,                                  19.070,                                  23.528,                                   0.011,                                   0.015,                               52438.500,                                   1.000,
8/12/2026 2:56:11 PM  ,    5808.000,                                  10.081,                                  18.973,                                  23.408,                                   0.011,                                   0.015,                               52706.309,                                   1.000,
8/12/2026 2:56:12 PM  ,    5809.000,                                  10.081,                                  19.045,                                  23.496,                                   0.011,                                   0.015,                               52508.070,                                   1.000,
8/12/2026 2:56:13 PM  ,    5810.000,                                  10.081,                                  19.023,                                  23.469,                                   0.011,                                   0.015,                               52569.082,                                   1.000,
8/12/2026 2:56:14 PM  ,    5811.000,                                  10.082,                                  18.963,                                  23.395,                                   0.011,                                   0.015,                               52733.723,                                   1.000,
8/12/2026 2:56:15 PM  ,    5812.000,                                  10.082,                                  18.816,                                  23.213,                                   0.011,                                   0.015,                               53146.777,                                   1.000,
8/12/2026 2:56:16 PM  ,    5813.000,                                  10.082,                                  19.021,                                  23.466,                                   0.011,                                   0.015,                               52573.504,                                   1.000,
8/12/2026 2:56:17 PM  ,    5814.000,                                  10.082,                                  18.899,                                  23.316,                                   0.011,                                   0.015,                               52912.313,                                   1.000,
8/12/2026 2:56:18 PM  ,    5815.000,                                  10.082,                                  18.671,                                  23.034,                                   0.011,                                   0.015,                               53560.359,                                   1.000,
8/12/2026 2:56:19 PM  ,    5816.000,                                  10.082,                                  18.991,                                  23.429,                                   0.011,                                   0.015,                               52656.906,                                   1.000,
8/12/2026 2:56:20 PM  ,    5817.000,                                  10.083,                                  19.054,                                  23.506,                                   0.011,                                   0.015,                               52483.352,                                   1.000,
8/12/2026 2:56:21 PM  ,    5818.000,                                  10.084,                                  19.033,                                  23.481,                                   0.011,                                   0.015,                               52538.973,                                   1.000,
8/12/2026 2:56:22 PM  ,    5819.000,                                  10.084,                                  19.073,                                  23.529,                                   0.011,                                   0.015,                               52431.137,                                   1.000,
8/12/2026 2:56:23 PM  ,    5820.000,                                  10.085,                                  18.961,                                  23.391,                                   0.011,                                   0.015,                               52739.563,                                   1.000,
8/12/2026 2:56:24 PM  ,    5821.000,                                  10.084,                                  19.040,                                  23.489,                                   0.011,                                   0.015,                               52520.621,                                   1.000,
8/12/2026 2:56:25 PM  ,    5822.000,                                  10.085,                                  19.027,                                  23.473,                                   0.011,                                   0.015,                               52556.258,                                   1.000,
8/12/2026 2:56:26 PM  ,    5823.000,                                  10.085,                                  19.165,                                  23.643,                                   0.011,                                   0.015,                               52177.699,                                   1.000,
8/12/2026 2:56:27 PM  ,    5824.000,                                  10.085,                                  19.022,                                  23.465,                                   0.011,                                   0.015,                               52571.406,                                   1.000,
8/12/2026 2:56:28 PM  ,    5825.000,                                  10.086,                                  19.134,                                  23.603,                                   0.011,                                   0.015,                               52264.109,                                   1.000,

