Report Date:,8/13/2026 1:15:50 PM
Report User Name:,geogals
Report Computer Name:,TAY-DRIVE
Application:,WinSitu.exe
Application Version:,5.7.8.0


Log File Properties
File Name,NaCl_202608061_RL_Append_2026-08-13_11-53-01-630.wsl
Create Date,8/13/2026 11:53:01 AM

Device Properties
Device,Aqua TROLL 200
Site,Longmire stoking well
Device Name, 
Serial Number,790481
Firmware Version,2.04
Hardware Version,4
Device Address,1
Device Comm Cfg,19200,8,Even,1,(Modbus-RTU)
Used Memory,95
Used Battery,75

Log Configuration
,Log Name,NaCl_202608061_RL
,Created By,geogals
,Computer Name,TAY-DRIVE
,Application,WinSitu.exe
,Application Version,5.7.8.0
,Create Date,8/12/2026 12:29:58 PM Pacific Daylight Time
,Log Setup Time Zone,Pacific Daylight Time
,Notes Size(bytes),4096
,Overwrite when full,Disabled
,Scheduled Start Time,Manual Start
,Scheduled Stop Time,No Stop Time
,Type,Event
,Event Sensor,PCTD(A) 35.8ft
,Event Parameter,Pressure (PSI)
,Sample Rate,Days: 0 hrs: 00 mins: 00 secs: 01
,Default Log Rate,Days: 0 hrs: 00 mins: 00 secs: 05
,High Trigger,         -2.000,(PSI)





Other Log Settings
,Pressure Offset:,13.4079 (PSI)
,Depth of Probe:,-0.143881 (ft)
,Head Pressure:,-0.062273 (PSI)
,Temperature:,19.3242 (C)

,Specific Conductivity Model:,Standard Methods
,,Reference Temperature:,25
,,Temperature Coefficient:,0.0191

,TDS Factor:,0.65


Log Notes:
Date and Time,Note
8/12/2026 12:30:05 PM ,Used Battery: 75% Used Memory: 95%   User Name: geogals
8/12/2026 1:02:54 PM  ,Manual Start Command
8/12/2026 2:41:05 PM  ,Manual Stop Command


Log Data:
Record Count,2795

Sensors,1

 ,1,790481,PCTD 30 PSIA (10.9m/35.8ft)

Time Zone: Pacific Daylight Time

,,Sensor: PCTD(A) 35.8ft                  ,Sensor: PCTD(A) 35.8ft                  ,Sensor: PCTD(A) 35.8ft                  ,Sensor: PCTD(A) 35.8ft                  ,Sensor: PCTD(A) 35.8ft                  ,Sensor: PCTD(A) 35.8ft                  ,Sensor: PCTD(A) 35.8ft                  ,
,Elapsed Time,SN#: 790481                             ,SN#: 790481                             ,SN#: 790481                             ,SN#: 790481                             ,SN#: 790481                             ,SN#: 790481                             ,SN#: 790481                             ,
Date and Time,Seconds     ,Temperature (C)                         ,Actual Conductivity (µS/cm)             ,Specific Conductivity (µS/cm)           ,Salinity (PSU)                          ,Total Dissolved Solids (ppt)            ,Resistivity (ohm-cm)                    ,Water Density (g/cm3)                   ,
8/12/2026 1:02:55 PM  ,       0.000,                                  10.282,                                  19.437,                                  27.038,                                   0.011,                                   0.018,                               51447.535,                                   1.000,
8/12/2026 1:02:56 PM  ,       1.000,                                  10.282,                                  19.432,                                  27.031,                                   0.011,                                   0.018,                               51461.230,                                   1.000,
8/12/2026 1:02:57 PM  ,       2.000,                                  10.282,                                  19.432,                                  27.030,                                   0.011,                                   0.018,                               51461.953,                                   1.000,
8/12/2026 1:02:58 PM  ,       3.000,                                  10.280,                                  19.391,                                  26.975,                                   0.011,                                   0.018,                               51570.730,                                   1.000,
8/12/2026 1:02:59 PM  ,       4.000,                                  10.278,                                  19.405,                                  26.996,                                   0.011,                                   0.018,                               51532.137,                                   1.000,
8/12/2026 1:03:00 PM  ,       5.000,                                  10.276,                                  19.357,                                  26.931,                                   0.011,                                   0.018,                               51659.891,                                   1.000,
8/12/2026 1:03:01 PM  ,       6.000,                                  10.273,                                  19.398,                                  26.989,                                   0.011,                                   0.018,                               51552.176,                                   1.000,
8/12/2026 1:03:02 PM  ,       7.000,                                  10.272,                                  19.388,                                  26.977,                                   0.011,                                   0.018,                               51577.816,                                   1.000,
8/12/2026 1:03:03 PM  ,       8.000,                                  10.271,                                  19.310,                                  26.868,                                   0.011,                                   0.017,                               51787.352,                                   1.000,
8/12/2026 1:03:04 PM  ,       9.000,                                  10.270,                                  19.355,                                  26.932,                                   0.011,                                   0.018,                               51666.512,                                   1.000,
8/12/2026 1:03:05 PM  ,      10.000,                                  10.267,                                  19.334,                                  26.905,                                   0.011,                                   0.017,                               51721.484,                                   1.000,
8/12/2026 1:03:06 PM  ,      11.000,                                  10.266,                                  19.334,                                  26.907,                                   0.011,                                   0.017,                               51721.160,                                   1.000,
8/12/2026 1:03:07 PM  ,      12.000,                                  10.264,                                  19.338,                                  26.912,                                   0.011,                                   0.017,                               51712.387,                                   1.000,
8/12/2026 1:03:08 PM  ,      13.000,                                  10.262,                                  19.350,                                  26.930,                                   0.011,                                   0.018,                               51680.773,                                   1.000,
8/12/2026 1:03:09 PM  ,      14.000,                                  10.259,                                  19.288,                                  26.847,                                   0.011,                                   0.017,                               51845.926,                                   1.000,
8/12/2026 1:03:10 PM  ,      15.000,                                  10.257,                                  19.347,                                  26.931,                                   0.011,                                   0.018,                               51687.086,                                   1.000,
8/12/2026 1:03:11 PM  ,      16.000,                                  10.254,                                  19.287,                                  26.849,                                   0.011,                                   0.017,                               51848.633,                                   1.000,
8/12/2026 1:03:12 PM  ,      17.000,                                  10.251,                                  19.281,                                  26.842,                                   0.011,                                   0.017,                               51865.801,                                   1.000,
8/12/2026 1:03:13 PM  ,      18.000,                                  10.251,                                  19.268,                                  26.825,                                   0.011,                                   0.017,                               51898.625,                                   1.000,
8/12/2026 1:03:14 PM  ,      19.000,                                  10.249,                                  19.291,                                  26.858,                                   0.011,                                   0.017,                               51836.973,                                   1.000,
8/12/2026 1:03:15 PM  ,      20.000,                                  10.246,                                  19.212,                                  26.750,                                   0.011,                                   0.017,                               52051.773,                                   1.000,
8/12/2026 1:03:16 PM  ,      21.000,                                  10.243,                                  19.205,                                  26.743,                                   0.011,                                   0.017,                               52068.668,                                   1.000,
8/12/2026 1:03:17 PM  ,      22.000,                                  10.242,                                  19.168,                                  26.693,                                   0.011,                                   0.017,                               52168.938,                                   1.000,
8/12/2026 1:03:18 PM  ,      23.000,                                   0.000,                                   0.000,                                   0.000,                                   0.000,                                   0.000,                                   0.000,                                   0.000,
8/12/2026 1:03:19 PM  ,      24.000,                                  10.237,                                  19.087,                                  26.582,                                   0.011,                                   0.017,                               52392.895,                                   1.000,
8/12/2026 1:03:20 PM  ,      25.000,                                  10.236,                                  19.069,                                  26.558,                                   0.011,                                   0.017,                               52442.063,                                   1.000,
8/12/2026 1:03:21 PM  ,      26.000,                                  10.234,                                  19.128,                                  26.642,                                   0.011,                                   0.017,                               52279.453,                                   1.000,
8/12/2026 1:03:22 PM  ,      27.000,                                  10.231,                                  18.898,                                  26.324,                                   0.011,                                   0.017,                               52914.445,                                   1.000,
8/12/2026 1:03:23 PM  ,      28.000,                                  10.225,                                  19.303,                                  26.892,                                   0.011,                                   0.017,                               51806.461,                                   1.000,
8/12/2026 1:03:24 PM  ,      29.000,                                  10.222,                                  19.366,                                  26.981,                                   0.011,                                   0.018,                               51638.086,                                   1.000,
8/12/2026 1:03:25 PM  ,      30.000,                                  10.218,                                  19.278,                                  26.862,                                   0.011,                                   0.017,                               51872.754,                                   1.000,
8/12/2026 1:03:26 PM  ,      31.000,                                  10.210,                                  19.163,                                  26.707,                                   0.011,                                   0.017,                               52184.793,                                   1.000,
8/12/2026 1:03:27 PM  ,      32.000,                                  10.205,                                  19.024,                                  26.517,                                   0.011,                                   0.017,                               52565.492,                                   1.000,
8/12/2026 1:03:28 PM  ,      33.000,                                  10.205,                                  19.058,                                  26.564,                                   0.011,                                   0.017,                               52471.738,                                   1.000,
8/12/2026 1:03:29 PM  ,      34.000,                                  10.205,                                  19.101,                                  26.625,                                   0.011,                                   0.017,                               52353.254,                                   1.000,
8/12/2026 1:03:30 PM  ,      35.000,                                  10.204,                                  19.102,                                  26.627,                                   0.011,                                   0.017,                               52349.633,                                   1.000,
8/12/2026 1:03:31 PM  ,      36.000,                                  10.204,                                  19.062,                                  26.571,                                   0.011,                                   0.017,                               52460.703,                                   1.000,
8/12/2026 1:03:32 PM  ,      37.000,                                  10.204,                                  19.051,                                  26.555,                                   0.011,                                   0.017,                               52491.836,                                   1.000,
8/12/2026 1:03:33 PM  ,      38.000,                                  10.202,                                  19.028,                                  26.525,                                   0.011,                                   0.017,                               52554.098,                                   1.000,
8/12/2026 1:03:34 PM  ,      39.000,                                  10.202,                                  18.991,                                  26.473,                                   0.011,                                   0.017,                               52657.656,                                   1.000,
8/12/2026 1:03:35 PM  ,      40.000,                                  10.202,                                  18.980,                                  26.459,                                   0.011,                                   0.017,                               52686.070,                                   1.000,
8/12/2026 1:03:36 PM  ,      41.000,                                  10.200,                                  18.981,                                  26.461,                                   0.011,                                   0.017,                               52684.410,                                   1.000,
8/12/2026 1:03:37 PM  ,      42.000,                                  10.199,                                  18.950,                                  26.419,                                   0.011,                                   0.017,                               52770.070,                                   1.000,
8/12/2026 1:03:38 PM  ,      43.000,                                  10.198,                                  18.937,                                  26.401,                                   0.011,                                   0.017,                               52806.031,                                   1.000,
8/12/2026 1:03:39 PM  ,      44.000,                                  10.198,                                  18.896,                                  26.344,                                   0.011,                                   0.017,                               52921.898,                                   1.000,
8/12/2026 1:03:40 PM  ,      45.000,                                  10.196,                                  18.828,                                  26.251,                                   0.011,                                   0.017,                               53111.500,                                   1.000,
8/12/2026 1:03:41 PM  ,      46.000,                                  10.193,                                  18.720,                                  26.101,                                   0.011,                                   0.017,                               53419.992,                                   1.000,
8/12/2026 1:03:42 PM  ,      47.000,                                  10.187,                                  18.631,                                  25.982,                                   0.011,                                   0.017,                               53674.730,                                   1.000,
8/12/2026 1:03:43 PM  ,      48.000,                                  10.179,                                  18.571,                                  25.904,                                   0.011,                                   0.017,                               53848.117,                                   1.000,
8/12/2026 1:03:44 PM  ,      49.000,                                  10.170,                                  18.809,                                  26.243,                                   0.011,                                   0.017,                               53165.137,                                   1.000,
8/12/2026 1:03:45 PM  ,      50.000,                                  10.168,                                  18.929,                                  26.411,                                   0.011,                                   0.017,                               52828.762,                                   1.000,
8/12/2026 1:03:50 PM  ,      55.000,                                  10.159,                                  18.935,                                  26.425,                                   0.011,                                   0.017,                               52812.898,                                   1.000,
8/12/2026 1:03:55 PM  ,      60.000,                                  10.141,                                  18.951,                                  26.461,                                   0.011,                                   0.017,                               52768.406,                                   1.000,
8/12/2026 1:04:00 PM  ,      65.000,                                  10.127,                                  18.763,                                  26.208,                                   0.011,                                   0.017,                               53296.289,                                   1.000,
8/12/2026 1:04:05 PM  ,      70.000,                                  10.116,                                  18.677,                                  26.096,                                   0.011,                                   0.017,                               53541.520,                                   1.000,
8/12/2026 1:04:10 PM  ,      75.000,                                  10.112,                                  19.505,                                  27.255,                                   0.011,                                   0.018,                               51268.828,                                   1.000,
8/12/2026 1:04:15 PM  ,      80.000,                                  10.114,                                  19.085,                                  26.668,                                   0.011,                                   0.017,                               52395.910,                                   1.000,
8/12/2026 1:04:20 PM  ,      85.000,                                  10.117,                                  19.078,                                  26.656,                                   0.011,                                   0.017,                               52415.215,                                   1.000,
8/12/2026 1:04:25 PM  ,      90.000,                                  10.115,                                  19.234,                                  26.874,                                   0.011,                                   0.017,                               51992.535,                                   1.000,
8/12/2026 1:04:30 PM  ,      95.000,                                  10.102,                                  18.756,                                  26.215,                                   0.011,                                   0.017,                               53317.246,                                   1.000,
8/12/2026 1:04:35 PM  ,     100.000,                                  10.099,                                  19.030,                                  26.600,                                   0.011,                                   0.017,                               52549.273,                                   1.000,
8/12/2026 1:04:40 PM  ,     105.000,                                  10.095,                                  18.927,                                  26.460,                                   0.011,                                   0.017,                               52833.707,                                   1.000,
8/12/2026 1:04:45 PM  ,     110.000,                                  10.086,                                  19.430,                                  27.169,                                   0.011,                                   0.018,                               51466.688,                                   1.000,
8/12/2026 1:04:50 PM  ,     115.000,                                  10.081,                                  18.732,                                  26.196,                                   0.011,                                   0.017,                               53385.914,                                   1.000,
8/12/2026 1:04:55 PM  ,     120.000,                                  10.083,                                  18.563,                                  25.959,                                   0.011,                                   0.017,                               53869.961,                                   1.000,
8/12/2026 1:05:00 PM  ,     125.000,                                  10.081,                                  18.583,                                  25.989,                                   0.011,                                   0.017,                               53811.254,                                   1.000,
8/12/2026 1:05:05 PM  ,     130.000,                                  10.074,                                  18.051,                                  25.249,                                   0.010,                                   0.016,                               55399.480,                                   1.000,
8/12/2026 1:05:10 PM  ,     135.000,                                  10.068,                                  18.370,                                  25.700,                                   0.011,                                   0.017,                               54435.207,                                   1.000,
8/12/2026 1:05:15 PM  ,     140.000,                                  10.067,                                  18.801,                                  26.303,                                   0.011,                                   0.017,                               53187.676,                                   1.000,
8/12/2026 1:05:20 PM  ,     145.000,                                  10.065,                                  19.002,                                  26.586,                                   0.011,                                   0.017,                               52625.758,                                   1.000,
8/12/2026 1:05:25 PM  ,     150.000,                                  10.061,                                  18.877,                                  26.413,                                   0.011,                                   0.017,                               52975.137,                                   1.000,
8/12/2026 1:05:30 PM  ,     155.000,                                  10.067,                                  18.524,                                  25.916,                                   0.011,                                   0.017,                               53983.707,                                   1.000,
8/12/2026 1:05:35 PM  ,     160.000,                                  10.067,                                  18.209,                                  25.475,                                   0.011,                                   0.017,                               54916.645,                                   1.000,
8/12/2026 1:05:40 PM  ,     165.000,                                  10.069,                                  18.226,                                  25.498,                                   0.011,                                   0.017,                               54866.203,                                   1.000,
8/12/2026 1:05:45 PM  ,     170.000,                                  10.066,                                  17.898,                                  25.040,                                   0.010,                                   0.016,                               55872.598,                                   1.000,
8/12/2026 1:05:50 PM  ,     175.000,                                  10.063,                                  17.906,                                  25.054,                                   0.010,                                   0.016,                               55848.195,                                   1.000,
8/12/2026 1:05:55 PM  ,     180.000,                                  10.059,                                  17.722,                                  24.799,                                   0.010,                                   0.016,                               56426.094,                                   1.000,
8/12/2026 1:06:00 PM  ,     185.000,                                  10.057,                                  17.756,                                  24.848,                                   0.010,                                   0.016,                               56317.652,                                   1.000,
8/12/2026 1:06:05 PM  ,     190.000,                                  10.054,                                  17.647,                                  24.698,                                   0.010,                                   0.016,                               56666.465,                                   1.000,
8/12/2026 1:06:10 PM  ,     195.000,                                  10.056,                                  17.587,                                  24.613,                                   0.010,                                   0.016,                               56859.066,                                   1.000,
8/12/2026 1:06:15 PM  ,     200.000,                                  10.055,                                  17.499,                                  24.489,                                   0.010,                                   0.016,                               57147.527,                                   1.000,
8/12/2026 1:06:20 PM  ,     205.000,                                  10.054,                                  17.426,                                  24.389,                                   0.010,                                   0.016,                               57384.395,                                   1.000,
8/12/2026 1:06:25 PM  ,     210.000,                                  10.053,                                  17.403,                                  24.357,                                   0.010,                                   0.016,                               57460.086,                                   1.000,
8/12/2026 1:06:30 PM  ,     215.000,                                  10.054,                                  17.365,                                  24.303,                                   0.010,                                   0.016,                               57587.438,                                   1.000,
8/12/2026 1:06:35 PM  ,     220.000,                                  10.051,                                  17.223,                                  24.105,                                   0.010,                                   0.016,                               58063.168,                                   1.000,
8/12/2026 1:06:40 PM  ,     225.000,                                  10.051,                                  17.097,                                  23.930,                                   0.010,                                   0.016,                               58488.672,                                   1.000,
8/12/2026 1:06:45 PM  ,     230.000,                                  10.050,                                  17.024,                                  23.828,                                   0.010,                                   0.015,                               58740.086,                                   1.000,
8/12/2026 1:06:50 PM  ,     235.000,                                  10.047,                                  16.981,                                  23.770,                                   0.010,                                   0.015,                               58888.602,                                   1.000,
8/12/2026 1:06:55 PM  ,     240.000,                                  10.046,                                  16.785,                                  23.496,                                   0.010,                                   0.015,                               59577.375,                                   1.000,
8/12/2026 1:07:00 PM  ,     245.000,                                  10.039,                                  16.546,                                  23.166,                                   0.009,                                   0.015,                               60436.707,                                   1.000,
8/12/2026 1:07:05 PM  ,     250.000,                                  10.040,                                  16.065,                                  22.491,                                   0.009,                                   0.015,                               62247.637,                                   1.000,
8/12/2026 1:07:10 PM  ,     255.000,                                  10.040,                                  16.004,                                  22.406,                                   0.009,                                   0.015,                               62486.121,                                   1.000,
8/12/2026 1:07:15 PM  ,     260.000,                                  10.037,                                  15.979,                                  22.373,                                   0.009,                                   0.015,                               62581.969,                                   1.000,
8/12/2026 1:07:20 PM  ,     265.000,                                  10.038,                                  15.929,                                  22.302,                                   0.009,                                   0.014,                               62780.441,                                   1.000,
8/12/2026 1:07:25 PM  ,     270.000,                                  10.037,                                  15.922,                                  22.293,                                   0.009,                                   0.014,                               62805.543,                                   1.000,
8/12/2026 1:07:30 PM  ,     275.000,                                  10.036,                                  15.853,                                  22.197,                                   0.009,                                   0.014,                               63079.254,                                   1.000,
8/12/2026 1:07:35 PM  ,     280.000,                                  10.034,                                  15.883,                                  22.240,                                   0.009,                                   0.014,                               62960.813,                                   1.000,
8/12/2026 1:07:40 PM  ,     285.000,                                  10.034,                                  15.807,                                  22.134,                                   0.009,                                   0.014,                               63263.547,                                   1.000,
8/12/2026 1:07:45 PM  ,     290.000,                                  10.032,                                  15.784,                                  22.103,                                   0.009,                                   0.014,                               63355.574,                                   1.000,
8/12/2026 1:07:50 PM  ,     295.000,                                  10.033,                                  15.752,                                  22.057,                                   0.009,                                   0.014,                               63485.648,                                   1.000,
8/12/2026 1:07:55 PM  ,     300.000,                                  10.033,                                  15.708,                                  21.996,                                   0.009,                                   0.014,                               63660.906,                                   1.000,
8/12/2026 1:08:00 PM  ,     305.000,                                  10.031,                                  15.694,                                  21.978,                                   0.009,                                   0.014,                               63718.969,                                   1.000,
8/12/2026 1:08:05 PM  ,     310.000,                                  10.032,                                  15.663,                                  21.934,                                   0.009,                                   0.014,                               63844.953,                                   1.000,
8/12/2026 1:08:10 PM  ,     315.000,                                  10.030,                                  15.612,                                  21.863,                                   0.009,                                   0.014,                               64052.879,                                   1.000,
8/12/2026 1:08:15 PM  ,     320.000,                                  10.030,                                  15.589,                                  21.831,                                   0.009,                                   0.014,                               64146.996,                                   1.000,
8/12/2026 1:08:20 PM  ,     325.000,                                  10.028,                                  15.561,                                  21.793,                                   0.009,                                   0.014,                               64261.609,                                   1.000,
8/12/2026 1:08:25 PM  ,     330.000,                                  10.028,                                  15.487,                                  21.689,                                   0.009,                                   0.014,                               64570.520,                                   1.000,
8/12/2026 1:08:30 PM  ,     335.000,                                  10.028,                                  15.467,                                  21.661,                                   0.009,                                   0.014,                               64655.160,                                   1.000,
8/12/2026 1:08:35 PM  ,     340.000,                                  10.027,                                  15.498,                                  21.705,                                   0.009,                                   0.014,                               64525.703,                                   1.000,
8/12/2026 1:08:40 PM  ,     345.000,                                  10.026,                                  15.476,                                  21.675,                                   0.009,                                   0.014,                               64614.914,                                   1.000,
8/12/2026 1:08:45 PM  ,     350.000,                                  10.025,                                  15.433,                                  21.615,                                   0.009,                                   0.014,                               64796.430,                                   1.000,
8/12/2026 1:08:50 PM  ,     355.000,                                  10.023,                                  15.491,                                  21.698,                                   0.009,                                   0.014,                               64554.137,                                   1.000,
8/12/2026 1:08:55 PM  ,     360.000,                                  10.022,                                  15.471,                                  21.670,                                   0.009,                                   0.014,                               64638.805,                                   1.000,
8/12/2026 1:09:00 PM  ,     365.000,                                  10.023,                                  15.415,                                  21.592,                                   0.009,                                   0.014,                               64870.934,                                   1.000,
8/12/2026 1:09:05 PM  ,     370.000,                                  10.022,                                  15.363,                                  21.519,                                   0.009,                                   0.014,                               65090.754,                                   1.000,
8/12/2026 1:09:10 PM  ,     375.000,                                  10.022,                                  15.286,                                  21.411,                                   0.009,                                   0.014,                               65420.887,                                   1.000,
8/12/2026 1:09:15 PM  ,     380.000,                                  10.021,                                  15.235,                                  21.341,                                   0.009,                                   0.014,                               65637.922,                                   1.000,
8/12/2026 1:09:20 PM  ,     385.000,                                  10.020,                                  15.175,                                  21.257,                                   0.009,                                   0.014,                               65897.219,                                   1.000,
8/12/2026 1:09:25 PM  ,     390.000,                                  10.019,                                  15.151,                                  21.225,                                   0.009,                                   0.014,                               66000.461,                                   1.000,
8/12/2026 1:09:30 PM  ,     395.000,                                  10.019,                                  15.091,                                  21.139,                                   0.008,                                   0.014,                               66266.211,                                   1.000,
8/12/2026 1:09:35 PM  ,     400.000,                                  10.019,                                  15.098,                                  21.149,                                   0.008,                                   0.014,                               66234.945,                                   1.000,
8/12/2026 1:09:40 PM  ,     405.000,                                  10.018,                                  15.072,                                  21.114,                                   0.008,                                   0.014,                               66347.984,                                   1.000,
8/12/2026 1:09:45 PM  ,     410.000,                                  10.018,                                  14.994,                                  21.005,                                   0.008,                                   0.014,                               66692.961,                                   1.000,
8/12/2026 1:09:50 PM  ,     415.000,                                  10.017,                                  14.932,                                  20.918,                                   0.008,                                   0.014,                               66969.383,                                   1.000,
8/12/2026 1:09:55 PM  ,     420.000,                                  10.018,                                  14.904,                                  20.878,                                   0.008,                                   0.014,                               67096.906,                                   1.000,
8/12/2026 1:10:00 PM  ,     425.000,                                  10.016,                                  14.754,                                  20.670,                                   0.008,                                   0.013,                               67776.875,                                   1.000,
8/12/2026 1:10:05 PM  ,     430.000,                                  10.017,                                  14.697,                                  20.589,                                   0.008,                                   0.013,                               68040.469,                                   1.000,
8/12/2026 1:10:10 PM  ,     435.000,                                  10.017,                                  14.664,                                  20.544,                                   0.008,                                   0.013,                               68192.047,                                   1.000,
8/12/2026 1:10:15 PM  ,     440.000,                                  10.016,                                  14.586,                                  20.434,                                   0.008,                                   0.013,                               68557.641,                                   1.000,
8/12/2026 1:10:20 PM  ,     445.000,                                  10.016,                                  14.565,                                  20.405,                                   0.008,                                   0.013,                               68655.883,                                   1.000,
8/12/2026 1:10:25 PM  ,     450.000,                                  10.015,                                  14.434,                                  20.222,                                   0.008,                                   0.013,                               69281.273,                                   1.000,
8/12/2026 1:10:30 PM  ,     455.000,                                  10.015,                                  14.293,                                  20.025,                                   0.008,                                   0.013,                               69962.703,                                   1.000,
8/12/2026 1:10:35 PM  ,     460.000,                                  10.015,                                  14.349,                                  20.102,                                   0.008,                                   0.013,                               69692.289,                                   1.000,
8/12/2026 1:10:40 PM  ,     465.000,                                  10.015,                                  14.086,                                  19.735,                                   0.008,                                   0.013,                               70990.313,                                   1.000,
8/12/2026 1:10:45 PM  ,     470.000,                                  10.014,                                  14.043,                                  19.674,                                   0.008,                                   0.013,                               71209.820,                                   1.000,
8/12/2026 1:10:50 PM  ,     475.000,                                  10.015,                                  14.074,                                  19.717,                                   0.008,                                   0.013,                               71054.086,                                   1.000,
8/12/2026 1:10:55 PM  ,     480.000,                                  10.014,                                  13.995,                                  19.607,                                   0.008,                                   0.013,                               71454.094,                                   1.000,
8/12/2026 1:11:00 PM  ,     485.000,                                  10.014,                                  13.879,                                  19.445,                                   0.008,                                   0.013,                               72051.453,                                   1.000,
8/12/2026 1:11:05 PM  ,     490.000,                                  10.014,                                  13.781,                                  19.308,                                   0.008,                                   0.013,                               72563.250,                                   1.000,
8/12/2026 1:11:10 PM  ,     495.000,                                  10.014,                                  13.702,                                  19.197,                                   0.008,                                   0.012,                               72980.609,                                   1.000,
8/12/2026 1:11:15 PM  ,     500.000,                                  10.014,                                  13.727,                                  19.232,                                   0.008,                                   0.013,                               72847.891,                                   1.000,
8/12/2026 1:11:20 PM  ,     505.000,                                  10.015,                                  13.707,                                  19.204,                                   0.008,                                   0.012,                               72953.578,                                   1.000,
8/12/2026 1:11:25 PM  ,     510.000,                                  10.014,                                  13.710,                                  19.208,                                   0.008,                                   0.012,                               72938.203,                                   1.000,
8/12/2026 1:11:30 PM  ,     515.000,                                  10.014,                                  13.644,                                  19.115,                                   0.008,                                   0.012,                               73292.063,                                   1.000,
8/12/2026 1:11:35 PM  ,     520.000,                                  10.014,                                  13.583,                                  19.030,                                   0.007,                                   0.012,                               73622.469,                                   1.000,
8/12/2026 1:11:40 PM  ,     525.000,                                  10.014,                                  13.546,                                  18.978,                                   0.007,                                   0.012,                               73824.477,                                   1.000,
8/12/2026 1:11:45 PM  ,     530.000,                                  10.014,                                  13.529,                                  18.955,                                   0.007,                                   0.012,                               73914.313,                                   1.000,
8/12/2026 1:11:50 PM  ,     535.000,                                  10.014,                                  13.485,                                  18.893,                                   0.007,                                   0.012,                               74155.781,                                   1.000,
8/12/2026 1:11:55 PM  ,     540.000,                                  10.014,                                  13.487,                                  18.896,                                   0.007,                                   0.012,                               74144.625,                                   1.000,
8/12/2026 1:12:00 PM  ,     545.000,                                  10.014,                                  13.442,                                  18.832,                                   0.007,                                   0.012,                               74393.406,                                   1.000,
8/12/2026 1:12:05 PM  ,     550.000,                                  10.014,                                  13.380,                                  18.745,                                   0.007,                                   0.012,                               74741.141,                                   1.000,
8/12/2026 1:12:10 PM  ,     555.000,                                  10.014,                                  13.369,                                  18.730,                                   0.007,                                   0.012,                               74798.703,                                   1.000,
8/12/2026 1:12:15 PM  ,     560.000,                                  10.014,                                  13.362,                                  18.721,                                   0.007,                                   0.012,                               74836.844,                                   1.000,
8/12/2026 1:12:20 PM  ,     565.000,                                  10.015,                                  13.333,                                  18.679,                                   0.007,                                   0.012,                               75002.242,                                   1.000,
8/12/2026 1:12:25 PM  ,     570.000,                                  10.014,                                  13.322,                                  18.665,                                   0.007,                                   0.012,                               75062.359,                                   1.000,
8/12/2026 1:12:30 PM  ,     575.000,                                  10.015,                                  13.330,                                  18.675,                                   0.007,                                   0.012,                               75019.266,                                   1.000,
8/12/2026 1:12:35 PM  ,     580.000,                                  10.015,                                  13.334,                                  18.681,                                   0.007,                                   0.012,                               74997.313,                                   1.000,
8/12/2026 1:12:40 PM  ,     585.000,                                  10.015,                                  13.317,                                  18.656,                                   0.007,                                   0.012,                               75094.398,                                   1.000,
8/12/2026 1:12:45 PM  ,     590.000,                                  10.014,                                  13.310,                                  18.647,                                   0.007,                                   0.012,                               75132.742,                                   1.000,
8/12/2026 1:12:50 PM  ,     595.000,                                  10.014,                                  13.291,                                  18.621,                                   0.007,                                   0.012,                               75237.750,                                   1.000,
8/12/2026 1:12:55 PM  ,     600.000,                                  10.014,                                  13.283,                                  18.610,                                   0.007,                                   0.012,                               75283.711,                                   1.000,
8/12/2026 1:13:00 PM  ,     605.000,                                  10.013,                                  13.268,                                  18.589,                                   0.007,                                   0.012,                               75370.602,                                   1.000,
8/12/2026 1:13:05 PM  ,     610.000,                                  10.014,                                  13.251,                                  18.565,                                   0.007,                                   0.012,                               75466.430,                                   1.000,
8/12/2026 1:13:10 PM  ,     615.000,                                  10.013,                                  13.228,                                  18.533,                                   0.007,                                   0.012,                               75598.383,                                   1.000,
8/12/2026 1:13:15 PM  ,     620.000,                                  10.013,                                  13.185,                                  18.472,                                   0.007,                                   0.012,                               75846.172,                                   1.000,
8/12/2026 1:13:20 PM  ,     625.000,                                  10.013,                                  13.155,                                  18.431,                                   0.007,                                   0.012,                               76016.578,                                   1.000,
8/12/2026 1:13:25 PM  ,     630.000,                                  10.013,                                  13.147,                                  18.420,                                   0.007,                                   0.012,                               76062.609,                                   1.000,
8/12/2026 1:13:30 PM  ,     635.000,                                  10.013,                                  13.170,                                  18.451,                                   0.007,                                   0.012,                               75932.016,                                   1.000,
8/12/2026 1:13:35 PM  ,     640.000,                                  10.013,                                  13.153,                                  18.428,                                   0.007,                                   0.012,                               76026.766,                                   1.000,
8/12/2026 1:13:40 PM  ,     645.000,                                  10.012,                                  13.130,                                  18.396,                                   0.007,                                   0.012,                               76161.172,                                   1.000,
8/12/2026 1:13:45 PM  ,     650.000,                                  10.012,                                  13.158,                                  18.435,                                   0.007,                                   0.012,                               76000.156,                                   1.000,
8/12/2026 1:13:50 PM  ,     655.000,                                  10.012,                                  13.137,                                  18.405,                                   0.007,                                   0.012,                               76123.508,                                   1.000,
8/12/2026 1:13:55 PM  ,     660.000,                                  10.012,                                  13.101,                                  18.356,                                   0.007,                                   0.012,                               76327.977,                                   1.000,
8/12/2026 1:14:00 PM  ,     665.000,                                  10.013,                                  13.097,                                  18.350,                                   0.007,                                   0.012,                               76352.125,                                   1.000,
8/12/2026 1:14:05 PM  ,     670.000,                                  10.013,                                  13.134,                                  18.402,                                   0.007,                                   0.012,                               76137.227,                                   1.000,
8/12/2026 1:14:10 PM  ,     675.000,                                  10.013,                                  13.134,                                  18.401,                                   0.007,                                   0.012,                               76140.477,                                   1.000,
8/12/2026 1:14:15 PM  ,     680.000,                                  10.013,                                  13.106,                                  18.362,                                   0.007,                                   0.012,                               76301.695,                                   1.000,
8/12/2026 1:14:20 PM  ,     685.000,                                  10.013,                                  13.128,                                  18.393,                                   0.007,                                   0.012,                               76174.367,                                   1.000,
8/12/2026 1:14:25 PM  ,     690.000,                                  10.013,                                  13.127,                                  18.391,                                   0.007,                                   0.012,                               76179.688,                                   1.000,
8/12/2026 1:14:30 PM  ,     695.000,                                  10.013,                                  13.106,                                  18.362,                                   0.007,                                   0.012,                               76300.250,                                   1.000,
8/12/2026 1:14:35 PM  ,     700.000,                                  10.014,                                  13.153,                                  18.427,                                   0.007,                                   0.012,                               76030.969,                                   1.000,
8/12/2026 1:14:40 PM  ,     705.000,                                  10.015,                                  13.111,                                  18.368,                                   0.007,                                   0.012,                               76274.555,                                   1.000,
8/12/2026 1:14:45 PM  ,     710.000,                                  10.016,                                  13.112,                                  18.370,                                   0.007,                                   0.012,                               76263.797,                                   1.000,
8/12/2026 1:14:50 PM  ,     715.000,                                  10.017,                                  13.114,                                  18.371,                                   0.007,                                   0.012,                               76256.352,                                   1.000,
8/12/2026 1:14:55 PM  ,     720.000,                                  10.017,                                  13.110,                                  18.366,                                   0.007,                                   0.012,                               76276.336,                                   1.000,
8/12/2026 1:15:00 PM  ,     725.000,                                  10.018,                                  13.120,                                  18.380,                                   0.007,                                   0.012,                               76217.250,                                   1.000,
8/12/2026 1:15:05 PM  ,     730.000,                                  10.018,                                  13.099,                                  18.351,                                   0.007,                                   0.012,                               76339.234,                                   1.000,
8/12/2026 1:15:10 PM  ,     735.000,                                  10.019,                                  13.138,                                  18.404,                                   0.007,                                   0.012,                               76117.633,                                   1.000,
8/12/2026 1:15:15 PM  ,     740.000,                                  10.019,                                  13.132,                                  18.395,                                   0.007,                                   0.012,                               76151.773,                                   1.000,
8/12/2026 1:15:20 PM  ,     745.000,                                  10.020,                                  13.114,                                  18.370,                                   0.007,                                   0.012,                               76256.281,                                   1.000,
8/12/2026 1:15:25 PM  ,     750.000,                                  10.021,                                  13.107,                                  18.360,                                   0.007,                                   0.012,                               76293.695,                                   1.000,
8/12/2026 1:15:30 PM  ,     755.000,                                  10.021,                                  13.117,                                  18.373,                                   0.007,                                   0.012,                               76238.438,                                   1.000,
8/12/2026 1:15:35 PM  ,     760.000,                                  10.022,                                  13.087,                                  18.331,                                   0.007,                                   0.012,                               76411.398,                                   1.000,
8/12/2026 1:15:40 PM  ,     765.000,                                  10.022,                                  13.069,                                  18.305,                                   0.007,                                   0.012,                               76518.680,                                   1.000,
8/12/2026 1:15:45 PM  ,     770.000,                                  10.023,                                  13.070,                                  18.307,                                   0.007,                                   0.012,                               76512.555,                                   1.000,
8/12/2026 1:15:50 PM  ,     775.000,                                  10.023,                                  13.044,                                  18.270,                                   0.007,                                   0.012,                               76665.969,                                   1.000,
8/12/2026 1:15:55 PM  ,     780.000,                                  10.024,                                  13.063,                                  18.297,                                   0.007,                                   0.012,                               76551.641,                                   1.000,
8/12/2026 1:16:00 PM  ,     785.000,                                  10.024,                                  13.039,                                  18.264,                                   0.007,                                   0.012,                               76690.391,                                   1.000,
8/12/2026 1:16:05 PM  ,     790.000,                                  10.024,                                  13.046,                                  18.273,                                   0.007,                                   0.012,                               76649.125,                                   1.000,
8/12/2026 1:16:10 PM  ,     795.000,                                  10.025,                                  13.072,                                  18.309,                                   0.007,                                   0.012,                               76498.289,                                   1.000,
8/12/2026 1:16:15 PM  ,     800.000,                                  10.025,                                  13.084,                                  18.326,                                   0.007,                                   0.012,                               76429.117,                                   1.000,
8/12/2026 1:16:20 PM  ,     805.000,                                  10.025,                                  13.091,                                  18.335,                                   0.007,                                   0.012,                               76387.641,                                   1.000,
8/12/2026 1:16:25 PM  ,     810.000,                                  10.025,                                  13.081,                                  18.321,                                   0.007,                                   0.012,                               76448.750,                                   1.000,
8/12/2026 1:16:30 PM  ,     815.000,                                  10.025,                                  13.075,                                  18.313,                                   0.007,                                   0.012,                               76481.992,                                   1.000,
8/12/2026 1:16:35 PM  ,     820.000,                                  10.026,                                  13.088,                                  18.331,                                   0.007,                                   0.012,                               76405.242,                                   1.000,
8/12/2026 1:16:40 PM  ,     825.000,                                  10.026,                                  13.092,                                  18.336,                                   0.007,                                   0.012,                               76381.555,                                   1.000,
8/12/2026 1:16:45 PM  ,     830.000,                                  10.026,                                  13.098,                                  18.344,                                   0.007,                                   0.012,                               76350.398,                                   1.000,
8/12/2026 1:16:50 PM  ,     835.000,                                  10.027,                                  13.094,                                  18.338,                                   0.007,                                   0.012,                               76371.328,                                   1.000,
8/12/2026 1:16:55 PM  ,     840.000,                                  10.028,                                  13.108,                                  18.357,                                   0.007,                                   0.012,                               76291.961,                                   1.000,
8/12/2026 1:17:00 PM  ,     845.000,                                  10.028,                                  13.111,                                  18.362,                                   0.007,                                   0.012,                               76271.875,                                   1.000,
8/12/2026 1:17:05 PM  ,     850.000,                                  10.027,                                  13.105,                                  18.354,                                   0.007,                                   0.012,                               76305.664,                                   1.000,
8/12/2026 1:17:10 PM  ,     855.000,                                  10.028,                                  13.110,                                  18.361,                                   0.007,                                   0.012,                               76275.766,                                   1.000,
8/12/2026 1:17:15 PM  ,     860.000,                                  10.028,                                  13.104,                                  18.352,                                   0.007,                                   0.012,                               76312.367,                                   1.000,
8/12/2026 1:17:20 PM  ,     865.000,                                  10.028,                                  13.107,                                  18.356,                                   0.007,                                   0.012,                               76297.352,                                   1.000,
8/12/2026 1:17:25 PM  ,     870.000,                                  10.029,                                  13.101,                                  18.348,                                   0.007,                                   0.012,                               76328.758,                                   1.000,
8/12/2026 1:17:30 PM  ,     875.000,                                  10.028,                                  13.101,                                  18.348,                                   0.007,                                   0.012,                               76329.133,                                   1.000,
8/12/2026 1:17:35 PM  ,     880.000,                                  10.029,                                  13.145,                                  18.409,                                   0.007,                                   0.012,                               76072.531,                                   1.000,
8/12/2026 1:17:40 PM  ,     885.000,                                  10.029,                                  13.137,                                  18.397,                                   0.007,                                   0.012,                               76121.477,                                   1.000,
8/12/2026 1:17:45 PM  ,     890.000,                                  10.030,                                  13.192,                                  18.475,                                   0.007,                                   0.012,                               75802.313,                                   1.000,
8/12/2026 1:17:50 PM  ,     895.000,                                  10.030,                                  13.174,                                  18.450,                                   0.007,                                   0.012,                               75904.367,                                   1.000,
8/12/2026 1:17:55 PM  ,     900.000,                                  10.031,                                  13.151,                                  18.416,                                   0.007,                                   0.012,                               76040.617,                                   1.000,
8/12/2026 1:18:00 PM  ,     905.000,                                  10.031,                                  13.170,                                  18.443,                                   0.007,                                   0.012,                               75930.867,                                   1.000,
8/12/2026 1:18:05 PM  ,     910.000,                                  10.031,                                  13.209,                                  18.498,                                   0.007,                                   0.012,                               75704.336,                                   1.000,
8/12/2026 1:18:10 PM  ,     915.000,                                  10.031,                                  13.172,                                  18.445,                                   0.007,                                   0.012,                               75920.281,                                   1.000,
8/12/2026 1:18:15 PM  ,     920.000,                                  10.032,                                  13.151,                                  18.416,                                   0.007,                                   0.012,                               76039.563,                                   1.000,
8/12/2026 1:18:20 PM  ,     925.000,                                  10.032,                                  13.144,                                  18.406,                                   0.007,                                   0.012,                               76082.578,                                   1.000,
8/12/2026 1:18:25 PM  ,     930.000,                                  10.032,                                  13.094,                                  18.336,                                   0.007,                                   0.012,                               76369.836,                                   1.000,
8/12/2026 1:18:30 PM  ,     935.000,                                  10.032,                                  13.124,                                  18.378,                                   0.007,                                   0.012,                               76194.961,                                   1.000,
8/12/2026 1:18:35 PM  ,     940.000,                                  10.033,                                  13.080,                                  18.317,                                   0.007,                                   0.012,                               76450.820,                                   1.000,
8/12/2026 1:18:40 PM  ,     945.000,                                  10.033,                                  13.107,                                  18.354,                                   0.007,                                   0.012,                               76294.703,                                   1.000,
8/12/2026 1:18:45 PM  ,     950.000,                                  10.034,                                  13.115,                                  18.365,                                   0.007,                                   0.012,                               76247.953,                                   1.000,
8/12/2026 1:18:50 PM  ,     955.000,                                  10.034,                                  13.118,                                  18.369,                                   0.007,                                   0.012,                               76230.133,                                   1.000,
8/12/2026 1:18:55 PM  ,     960.000,                                  10.035,                                  13.123,                                  18.376,                                   0.007,                                   0.012,                               76201.828,                                   1.000,
8/12/2026 1:19:00 PM  ,     965.000,                                  10.035,                                  13.103,                                  18.347,                                   0.007,                                   0.012,                               76318.477,                                   1.000,
8/12/2026 1:19:05 PM  ,     970.000,                                  10.035,                                  13.093,                                  18.333,                                   0.007,                                   0.012,                               76377.820,                                   1.000,
8/12/2026 1:19:10 PM  ,     975.000,                                  10.036,                                  13.085,                                  18.322,                                   0.007,                                   0.012,                               76421.195,                                   1.000,
8/12/2026 1:19:15 PM  ,     980.000,                                  10.036,                                  13.087,                                  18.323,                                   0.007,                                   0.012,                               76414.516,                                   1.000,
8/12/2026 1:19:20 PM  ,     985.000,                                  10.037,                                  13.090,                                  18.328,                                   0.007,                                   0.012,                               76395.438,                                   1.000,
8/12/2026 1:19:25 PM  ,     990.000,                                  10.037,                                  13.067,                                  18.296,                                   0.007,                                   0.012,                               76526.617,                                   1.000,
8/12/2026 1:19:30 PM  ,     995.000,                                  10.038,                                  13.086,                                  18.322,                                   0.007,                                   0.012,                               76416.609,                                   1.000,
8/12/2026 1:19:35 PM  ,    1000.000,                                  10.038,                                  13.093,                                  18.332,                                   0.007,                                   0.012,                               76374.883,                                   1.000,
8/12/2026 1:19:40 PM  ,    1005.000,                                  10.039,                                  13.080,                                  18.313,                                   0.007,                                   0.012,                               76453.469,                                   1.000,
8/12/2026 1:19:45 PM  ,    1010.000,                                  10.039,                                  13.072,                                  18.302,                                   0.007,                                   0.012,                               76496.859,                                   1.000,
8/12/2026 1:19:50 PM  ,    1015.000,                                  10.040,                                  13.086,                                  18.321,                                   0.007,                                   0.012,                               76419.242,                                   1.000,
8/12/2026 1:19:55 PM  ,    1020.000,                                  10.041,                                  13.119,                                  18.367,                                   0.007,                                   0.012,                               76225.656,                                   1.000,
8/12/2026 1:20:00 PM  ,    1025.000,                                  10.041,                                  13.116,                                  18.363,                                   0.007,                                   0.012,                               76240.563,                                   1.000,
8/12/2026 1:20:05 PM  ,    1030.000,                                  10.041,                                  13.108,                                  18.351,                                   0.007,                                   0.012,                               76290.430,                                   1.000,
8/12/2026 1:20:10 PM  ,    1035.000,                                  10.042,                                  13.111,                                  18.355,                                   0.007,                                   0.012,                               76271.133,                                   1.000,
8/12/2026 1:20:15 PM  ,    1040.000,                                  10.042,                                  13.119,                                  18.366,                                   0.007,                                   0.012,                               76225.398,                                   1.000,
8/12/2026 1:20:20 PM  ,    1045.000,                                  10.043,                                  13.128,                                  18.378,                                   0.007,                                   0.012,                               76173.852,                                   1.000,
8/12/2026 1:20:25 PM  ,    1050.000,                                  10.044,                                  13.104,                                  18.344,                                   0.007,                                   0.012,                               76312.617,                                   1.000,
8/12/2026 1:20:30 PM  ,    1055.000,                                  10.044,                                  13.101,                                  18.340,                                   0.007,                                   0.012,                               76327.836,                                   1.000,
8/12/2026 1:20:35 PM  ,    1060.000,                                  10.045,                                  13.101,                                  18.340,                                   0.007,                                   0.012,                               76328.641,                                   1.000,
8/12/2026 1:20:40 PM  ,    1065.000,                                  10.044,                                  13.098,                                  18.336,                                   0.007,                                   0.012,                               76346.289,                                   1.000,
8/12/2026 1:20:45 PM  ,    1070.000,                                  10.046,                                  13.124,                                  18.371,                                   0.007,                                   0.012,                               76196.703,                                   1.000,
8/12/2026 1:20:50 PM  ,    1075.000,                                  10.046,                                  13.132,                                  18.382,                                   0.007,                                   0.012,                               76151.422,                                   1.000,
8/12/2026 1:20:55 PM  ,    1080.000,                                  10.047,                                  13.111,                                  18.353,                                   0.007,                                   0.012,                               76271.531,                                   1.000,
8/12/2026 1:21:00 PM  ,    1085.000,                                  10.048,                                  13.085,                                  18.316,                                   0.007,                                   0.012,                               76421.477,                                   1.000,
8/12/2026 1:21:05 PM  ,    1090.000,                                  10.048,                                  13.091,                                  18.325,                                   0.007,                                   0.012,                               76385.500,                                   1.000,
8/12/2026 1:21:10 PM  ,    1095.000,                                  10.049,                                  13.097,                                  18.332,                                   0.007,                                   0.012,                               76353.805,                                   1.000,
8/12/2026 1:21:15 PM  ,    1100.000,                                  10.049,                                  13.100,                                  18.337,                                   0.007,                                   0.012,                               76335.063,                                   1.000,
8/12/2026 1:21:20 PM  ,    1105.000,                                  10.049,                                  13.137,                                  18.388,                                   0.007,                                   0.012,                               76118.656,                                   1.000,
8/12/2026 1:21:25 PM  ,    1110.000,                                  10.050,                                  13.129,                                  18.376,                                   0.007,                                   0.012,                               76168.922,                                   1.000,
8/12/2026 1:21:30 PM  ,    1115.000,                                  10.050,                                  13.128,                                  18.374,                                   0.007,                                   0.012,                               76174.930,                                   1.000,
8/12/2026 1:21:35 PM  ,    1120.000,                                  10.051,                                  13.128,                                  18.375,                                   0.007,                                   0.012,                               76171.797,                                   1.000,
8/12/2026 1:21:40 PM  ,    1125.000,                                  10.052,                                  13.144,                                  18.396,                                   0.007,                                   0.012,                               76083.078,                                   1.000,
8/12/2026 1:21:45 PM  ,    1130.000,                                  10.052,                                  13.152,                                  18.408,                                   0.007,                                   0.012,                               76031.484,                                   1.000,
8/12/2026 1:21:50 PM  ,    1135.000,                                  10.052,                                  13.188,                                  18.457,                                   0.007,                                   0.012,                               75828.156,                                   1.000,
8/12/2026 1:21:55 PM  ,    1140.000,                                  10.052,                                  13.199,                                  18.473,                                   0.007,                                   0.012,                               75762.398,                                   1.000,
8/12/2026 1:22:00 PM  ,    1145.000,                                  10.053,                                  13.192,                                  18.462,                                   0.007,                                   0.012,                               75805.117,                                   1.000,
8/12/2026 1:22:05 PM  ,    1150.000,                                  10.054,                                  13.246,                                  18.537,                                   0.007,                                   0.012,                               75497.008,                                   1.000,
8/12/2026 1:22:10 PM  ,    1155.000,                                  10.054,                                  13.245,                                  18.537,                                   0.007,                                   0.012,                               75498.359,                                   1.000,
8/12/2026 1:22:15 PM  ,    1160.000,                                  10.054,                                  13.237,                                  18.525,                                   0.007,                                   0.012,                               75548.609,                                   1.000,
8/12/2026 1:22:20 PM  ,    1165.000,                                  10.055,                                  13.247,                                  18.539,                                   0.007,                                   0.012,                               75490.906,                                   1.000,
8/12/2026 1:22:25 PM  ,    1170.000,                                  10.055,                                  13.267,                                  18.566,                                   0.007,                                   0.012,                               75377.328,                                   1.000,
8/12/2026 1:22:30 PM  ,    1175.000,                                  10.056,                                  13.225,                                  18.508,                                   0.007,                                   0.012,                               75614.758,                                   1.000,
8/12/2026 1:22:35 PM  ,    1180.000,                                  10.056,                                  13.230,                                  18.515,                                   0.007,                                   0.012,                               75585.828,                                   1.000,
8/12/2026 1:22:40 PM  ,    1185.000,                                  10.057,                                  13.209,                                  18.484,                                   0.007,                                   0.012,                               75707.664,                                   1.000,
8/12/2026 1:22:45 PM  ,    1190.000,                                  10.057,                                  13.221,                                  18.502,                                   0.007,                                   0.012,                               75636.852,                                   1.000,
8/12/2026 1:22:50 PM  ,    1195.000,                                  10.058,                                  13.258,                                  18.553,                                   0.007,                                   0.012,                               75426.039,                                   1.000,
8/12/2026 1:22:55 PM  ,    1200.000,                                  10.059,                                  13.238,                                  18.525,                                   0.007,                                   0.012,                               75537.398,                                   1.000,
8/12/2026 1:23:00 PM  ,    1205.000,                                  10.059,                                  13.220,                                  18.500,                                   0.007,                                   0.012,                               75640.664,                                   1.000,
8/12/2026 1:23:05 PM  ,    1210.000,                                  10.059,                                  13.148,                                  18.399,                                   0.007,                                   0.012,                               76056.305,                                   1.000,
8/12/2026 1:23:10 PM  ,    1215.000,                                  10.059,                                  13.146,                                  18.396,                                   0.007,                                   0.012,                               76068.516,                                   1.000,
8/12/2026 1:23:15 PM  ,    1220.000,                                  10.060,                                  13.159,                                  18.414,                                   0.007,                                   0.012,                               75991.664,                                   1.000,
8/12/2026 1:23:20 PM  ,    1225.000,                                  10.061,                                  13.136,                                  18.380,                                   0.007,                                   0.012,                               76128.438,                                   1.000,
8/12/2026 1:23:25 PM  ,    1230.000,                                  10.061,                                  13.106,                                  18.338,                                   0.007,                                   0.012,                               76302.461,                                   1.000,
8/12/2026 1:23:30 PM  ,    1235.000,                                  10.061,                                  13.095,                                  18.324,                                   0.007,                                   0.012,                               76362.234,                                   1.000,
8/12/2026 1:23:35 PM  ,    1240.000,                                  10.061,                                  13.118,                                  18.355,                                   0.007,                                   0.012,                               76233.836,                                   1.000,
8/12/2026 1:23:40 PM  ,    1245.000,                                  10.062,                                  13.114,                                  18.350,                                   0.007,                                   0.012,                               76252.289,                                   1.000,
8/12/2026 1:23:45 PM  ,    1250.000,                                  10.062,                                  13.127,                                  18.367,                                   0.007,                                   0.012,                               76179.133,                                   1.000,
8/12/2026 1:23:50 PM  ,    1255.000,                                  10.063,                                  13.123,                                  18.362,                                   0.007,                                   0.012,                               76199.891,                                   1.000,
8/12/2026 1:23:55 PM  ,    1260.000,                                  10.063,                                  13.118,                                  18.354,                                   0.007,                                   0.012,                               76232.805,                                   1.000,
8/12/2026 1:24:00 PM  ,    1265.000,                                  10.063,                                  13.096,                                  18.324,                                   0.007,                                   0.012,                               76356.930,                                   1.000,
8/12/2026 1:24:05 PM  ,    1270.000,                                  10.064,                                  13.108,                                  18.340,                                   0.007,                                   0.012,                               76290.609,                                   1.000,
8/12/2026 1:24:10 PM  ,    1275.000,                                  10.064,                                  13.085,                                  18.308,                                   0.007,                                   0.012,                               76423.242,                                   1.000,
8/12/2026 1:24:15 PM  ,    1280.000,                                  10.064,                                  13.124,                                  18.362,                                   0.007,                                   0.012,                               76196.680,                                   1.000,
8/12/2026 1:24:20 PM  ,    1285.000,                                  10.065,                                  13.102,                                  18.331,                                   0.007,                                   0.012,                               76324.094,                                   1.000,
8/12/2026 1:24:25 PM  ,    1290.000,                                  10.065,                                  13.124,                                  18.361,                                   0.007,                                   0.012,                               76198.742,                                   1.000,
8/12/2026 1:24:30 PM  ,    1295.000,                                  10.066,                                  13.170,                                  18.425,                                   0.007,                                   0.012,                               75932.398,                                   1.000,
8/12/2026 1:24:35 PM  ,    1300.000,                                  10.066,                                  13.136,                                  18.378,                                   0.007,                                   0.012,                               76128.406,                                   1.000,
8/12/2026 1:24:40 PM  ,    1305.000,                                  10.067,                                  13.113,                                  18.346,                                   0.007,                                   0.012,                               76260.523,                                   1.000,
8/12/2026 1:24:45 PM  ,    1310.000,                                  10.067,                                  13.127,                                  18.365,                                   0.007,                                   0.012,                               76177.867,                                   1.000,
8/12/2026 1:24:50 PM  ,    1315.000,                                  10.067,                                  13.184,                                  18.444,                                   0.007,                                   0.012,                               75852.008,                                   1.000,
8/12/2026 1:24:55 PM  ,    1320.000,                                  10.067,                                  13.175,                                  18.432,                                   0.007,                                   0.012,                               75901.109,                                   1.000,
8/12/2026 1:25:00 PM  ,    1325.000,                                  10.067,                                  13.150,                                  18.397,                                   0.007,                                   0.012,                               76046.828,                                   1.000,
8/12/2026 1:25:05 PM  ,    1330.000,                                  10.068,                                  13.179,                                  18.438,                                   0.007,                                   0.012,                               75876.625,                                   1.000,
8/12/2026 1:25:10 PM  ,    1335.000,                                  10.068,                                  13.158,                                  18.407,                                   0.007,                                   0.012,                               76000.992,                                   1.000,
8/12/2026 1:25:15 PM  ,    1340.000,                                  10.069,                                  13.168,                                  18.421,                                   0.007,                                   0.012,                               75941.117,                                   1.000,
8/12/2026 1:25:20 PM  ,    1345.000,                                  10.069,                                  13.123,                                  18.358,                                   0.007,                                   0.012,                               76202.148,                                   1.000,
8/12/2026 1:25:25 PM  ,    1350.000,                                  10.070,                                  13.091,                                  18.314,                                   0.007,                                   0.012,                               76386.320,                                   1.000,
8/12/2026 1:25:30 PM  ,    1355.000,                                  10.070,                                  13.069,                                  18.283,                                   0.007,                                   0.012,                               76514.516,                                   1.000,
8/12/2026 1:25:35 PM  ,    1360.000,                                  10.071,                                  13.099,                                  18.324,                                   0.007,                                   0.012,                               76341.734,                                   1.000,
8/12/2026 1:25:40 PM  ,    1365.000,                                  10.071,                                  13.100,                                  18.325,                                   0.007,                                   0.012,                               76337.500,                                   1.000,
8/12/2026 1:25:45 PM  ,    1370.000,                                  10.072,                                  13.093,                                  18.315,                                   0.007,                                   0.012,                               76378.227,                                   1.000,
8/12/2026 1:25:50 PM  ,    1375.000,                                  10.072,                                  13.061,                                  18.271,                                   0.007,                                   0.012,                               76560.930,                                   1.000,
8/12/2026 1:25:55 PM  ,    1380.000,                                  10.072,                                  13.031,                                  18.228,                                   0.007,                                   0.012,                               76741.609,                                   1.000,
8/12/2026 1:26:00 PM  ,    1385.000,                                  10.073,                                  13.069,                                  18.281,                                   0.007,                                   0.012,                               76517.383,                                   1.000,
8/12/2026 1:26:05 PM  ,    1390.000,                                  10.073,                                  13.063,                                  18.273,                                   0.007,                                   0.012,                               76549.438,                                   1.000,
8/12/2026 1:26:10 PM  ,    1395.000,                                  10.074,                                  13.074,                                  18.287,                                   0.007,                                   0.012,                               76490.063,                                   1.000,
8/12/2026 1:26:15 PM  ,    1400.000,                                  10.075,                                  13.066,                                  18.276,                                   0.007,                                   0.012,                               76534.445,                                   1.000,
8/12/2026 1:26:20 PM  ,    1405.000,                                  10.075,                                  13.094,                                  18.316,                                   0.007,                                   0.012,                               76368.609,                                   1.000,
8/12/2026 1:26:25 PM  ,    1410.000,                                  10.075,                                  13.047,                                  18.249,                                   0.007,                                   0.012,                               76646.242,                                   1.000,
8/12/2026 1:26:30 PM  ,    1415.000,                                  10.076,                                  13.068,                                  18.279,                                   0.007,                                   0.012,                               76521.555,                                   1.000,
8/12/2026 1:26:35 PM  ,    1420.000,                                  10.076,                                  13.051,                                  18.255,                                   0.007,                                   0.012,                               76620.367,                                   1.000,
8/12/2026 1:26:40 PM  ,    1425.000,                                  10.077,                                  13.058,                                  18.264,                                   0.007,                                   0.012,                               76580.406,                                   1.000,
8/12/2026 1:26:45 PM  ,    1430.000,                                  10.077,                                  13.071,                                  18.282,                                   0.007,                                   0.012,                               76504.836,                                   1.000,
8/12/2026 1:26:50 PM  ,    1435.000,                                  10.078,                                  13.044,                                  18.244,                                   0.007,                                   0.012,                               76662.305,                                   1.000,
8/12/2026 1:26:55 PM  ,    1440.000,                                  10.078,                                  13.030,                                  18.224,                                   0.007,                                   0.012,                               76746.164,                                   1.000,
8/12/2026 1:27:00 PM  ,    1445.000,                                  10.078,                                  13.012,                                  18.198,                                   0.007,                                   0.012,                               76854.031,                                   1.000,
8/12/2026 1:27:05 PM  ,    1450.000,                                  10.079,                                  13.033,                                  18.227,                                   0.007,                                   0.012,                               76730.148,                                   1.000,
8/12/2026 1:27:10 PM  ,    1455.000,                                  10.079,                                  13.021,                                  18.210,                                   0.007,                                   0.012,                               76799.961,                                   1.000,
8/12/2026 1:27:15 PM  ,    1460.000,                                  10.080,                                  13.033,                                  18.227,                                   0.007,                                   0.012,                               76729.313,                                   1.000,
8/12/2026 1:27:20 PM  ,    1465.000,                                  10.080,                                  13.031,                                  18.224,                                   0.007,                                   0.012,                               76741.578,                                   1.000,
8/12/2026 1:27:25 PM  ,    1470.000,                                  10.081,                                  13.009,                                  18.194,                                   0.007,                                   0.012,                               76867.664,                                   1.000,
8/12/2026 1:27:30 PM  ,    1475.000,                                  10.081,                                  13.060,                                  18.264,                                   0.007,                                   0.012,                               76572.477,                                   1.000,
8/12/2026 1:27:35 PM  ,    1480.000,                                  10.082,                                  13.024,                                  18.214,                                   0.007,                                   0.012,                               76779.078,                                   1.000,
8/12/2026 1:27:40 PM  ,    1485.000,                                  10.083,                                  13.014,                                  18.200,                                   0.007,                                   0.012,                               76838.078,                                   1.000,
8/12/2026 1:27:45 PM  ,    1490.000,                                  10.083,                                  13.055,                                  18.256,                                   0.007,                                   0.012,                               76600.289,                                   1.000,
8/12/2026 1:27:50 PM  ,    1495.000,                                  10.084,                                  13.006,                                  18.188,                                   0.007,                                   0.012,                               76888.672,                                   1.000,
8/12/2026 1:27:55 PM  ,    1500.000,                                  10.084,                                  13.028,                                  18.218,                                   0.007,                                   0.012,                               76759.047,                                   1.000,
8/12/2026 1:28:00 PM  ,    1505.000,                                  10.084,                                  13.024,                                  18.212,                                   0.007,                                   0.012,                               76782.875,                                   1.000,
8/12/2026 1:28:05 PM  ,    1510.000,                                  10.085,                                  13.024,                                  18.212,                                   0.007,                                   0.012,                               76781.352,                                   1.000,
8/12/2026 1:28:10 PM  ,    1515.000,                                  10.084,                                  13.018,                                  18.204,                                   0.007,                                   0.012,                               76815.266,                                   1.000,
8/12/2026 1:28:15 PM  ,    1520.000,                                  10.085,                                  13.052,                                  18.251,                                   0.007,                                   0.012,                               76617.766,                                   1.000,
8/12/2026 1:28:20 PM  ,    1525.000,                                  10.086,                                  13.050,                                  18.248,                                   0.007,                                   0.012,                               76629.414,                                   1.000,
8/12/2026 1:28:25 PM  ,    1530.000,                                  10.086,                                  13.072,                                  18.279,                                   0.007,                                   0.012,                               76497.563,                                   1.000,
8/12/2026 1:28:30 PM  ,    1535.000,                                  10.087,                                  13.061,                                  18.263,                                   0.007,                                   0.012,                               76566.320,                                   1.000,
8/12/2026 1:28:35 PM  ,    1540.000,                                  10.087,                                  13.057,                                  18.258,                                   0.007,                                   0.012,                               76585.008,                                   1.000,
8/12/2026 1:28:40 PM  ,    1545.000,                                  10.087,                                  13.049,                                  18.247,                                   0.007,                                   0.012,                               76631.344,                                   1.000,
8/12/2026 1:28:45 PM  ,    1550.000,                                  10.087,                                  13.050,                                  18.248,                                   0.007,                                   0.012,                               76625.633,                                   1.000,
8/12/2026 1:28:50 PM  ,    1555.000,                                  10.088,                                  13.047,                                  18.242,                                   0.007,                                   0.012,                               76647.547,                                   1.000,
8/12/2026 1:28:55 PM  ,    1560.000,                                  10.089,                                  13.042,                                  18.236,                                   0.007,                                   0.012,                               76675.852,                                   1.000,
8/12/2026 1:29:00 PM  ,    1565.000,                                  10.089,                                  13.032,                                  18.222,                                   0.007,                                   0.012,                               76734.133,                                   1.000,
8/12/2026 1:29:05 PM  ,    1570.000,                                  10.089,                                  13.087,                                  18.298,                                   0.007,                                   0.012,                               76412.414,                                   1.000,
8/12/2026 1:29:10 PM  ,    1575.000,                                  10.089,                                  13.091,                                  18.304,                                   0.007,                                   0.012,                               76385.766,                                   1.000,
8/12/2026 1:29:15 PM  ,    1580.000,                                  10.090,                                  13.087,                                  18.298,                                   0.007,                                   0.012,                               76409.086,                                   1.000,
8/12/2026 1:29:20 PM  ,    1585.000,                                  10.091,                                  13.076,                                  18.282,                                   0.007,                                   0.012,                               76475.070,                                   1.000,
8/12/2026 1:29:25 PM  ,    1590.000,                                  10.091,                                  13.064,                                  18.265,                                   0.007,                                   0.012,                               76548.930,                                   1.000,
8/12/2026 1:29:30 PM  ,    1595.000,                                  10.091,                                  13.064,                                  18.265,                                   0.007,                                   0.012,                               76547.672,                                   1.000,
8/12/2026 1:29:35 PM  ,    1600.000,                                  10.092,                                  13.067,                                  18.269,                                   0.007,                                   0.012,                               76528.078,                                   1.000,
8/12/2026 1:29:40 PM  ,    1605.000,                                  10.092,                                  13.071,                                  18.275,                                   0.007,                                   0.012,                               76503.094,                                   1.000,
8/12/2026 1:29:45 PM  ,    1610.000,                                  10.092,                                  13.047,                                  18.241,                                   0.007,                                   0.012,                               76645.656,                                   1.000,
8/12/2026 1:29:50 PM  ,    1615.000,                                  10.093,                                  13.051,                                  18.246,                                   0.007,                                   0.012,                               76622.266,                                   1.000,
8/12/2026 1:29:55 PM  ,    1620.000,                                  10.093,                                  13.045,                                  18.237,                                   0.007,                                   0.012,                               76660.078,                                   1.000,
8/12/2026 1:30:00 PM  ,    1625.000,                                  10.094,                                  13.033,                                  18.220,                                   0.007,                                   0.012,                               76728.477,                                   1.000,
8/12/2026 1:30:05 PM  ,    1630.000,                                  10.094,                                  13.021,                                  18.204,                                   0.007,                                   0.012,                               76798.992,                                   1.000,
8/12/2026 1:30:10 PM  ,    1635.000,                                  10.095,                                  13.049,                                  18.243,                                   0.007,                                   0.012,                               76633.398,                                   1.000,
8/12/2026 1:30:15 PM  ,    1640.000,                                  10.095,                                  13.041,                                  18.231,                                   0.007,                                   0.012,                               76679.953,                                   1.000,
8/12/2026 1:30:20 PM  ,    1645.000,                                  10.095,                                  13.056,                                  18.251,                                   0.007,                                   0.012,                               76595.922,                                   1.000,
8/12/2026 1:30:25 PM  ,    1650.000,                                  10.096,                                  13.025,                                  18.209,                                   0.007,                                   0.012,                               76774.617,                                   1.000,
8/12/2026 1:30:30 PM  ,    1655.000,                                  10.097,                                  13.047,                                  18.239,                                   0.007,                                   0.012,                               76645.117,                                   1.000,
8/12/2026 1:30:35 PM  ,    1660.000,                                  10.097,                                  13.048,                                  18.240,                                   0.007,                                   0.012,                               76639.516,                                   1.000,
8/12/2026 1:30:40 PM  ,    1665.000,                                  10.097,                                  13.023,                                  18.205,                                   0.007,                                   0.012,                               76786.859,                                   1.000,
8/12/2026 1:30:45 PM  ,    1670.000,                                  10.098,                                  13.041,                                  18.230,                                   0.007,                                   0.012,                               76678.328,                                   1.000,
8/12/2026 1:30:50 PM  ,    1675.000,                                  10.099,                                  13.029,                                  18.212,                                   0.007,                                   0.012,                               76754.641,                                   1.000,
8/12/2026 1:30:55 PM  ,    1680.000,                                  10.099,                                  13.043,                                  18.232,                                   0.007,                                   0.012,                               76669.594,                                   1.000,
8/12/2026 1:31:00 PM  ,    1685.000,                                  10.100,                                  13.031,                                  18.215,                                   0.007,                                   0.012,                               76741.352,                                   1.000,
8/12/2026 1:31:05 PM  ,    1690.000,                                  10.100,                                  13.043,                                  18.231,                                   0.007,                                   0.012,                               76671.469,                                   1.000,
8/12/2026 1:31:10 PM  ,    1695.000,                                  10.101,                                  13.025,                                  18.206,                                   0.007,                                   0.012,                               76774.898,                                   1.000,
8/12/2026 1:31:15 PM  ,    1700.000,                                  10.101,                                  13.023,                                  18.204,                                   0.007,                                   0.012,                               76786.039,                                   1.000,
8/12/2026 1:31:20 PM  ,    1705.000,                                  10.101,                                  13.017,                                  18.195,                                   0.007,                                   0.012,                               76820.469,                                   1.000,
8/12/2026 1:31:25 PM  ,    1710.000,                                  10.102,                                  13.020,                                  18.198,                                   0.007,                                   0.012,                               76806.898,                                   1.000,
8/12/2026 1:31:30 PM  ,    1715.000,                                  10.103,                                  13.004,                                  18.176,                                   0.007,                                   0.012,                               76898.102,                                   1.000,
8/12/2026 1:31:35 PM  ,    1720.000,                                  10.104,                                  13.007,                                  18.179,                                   0.007,                                   0.012,                               76882.992,                                   1.000,
8/12/2026 1:31:40 PM  ,    1725.000,                                  10.104,                                  13.023,                                  18.202,                                   0.007,                                   0.012,                               76786.289,                                   1.000,
8/12/2026 1:31:45 PM  ,    1730.000,                                  10.104,                                  13.005,                                  18.177,                                   0.007,                                   0.012,                               76892.359,                                   1.000,
8/12/2026 1:31:50 PM  ,    1735.000,                                  10.105,                                  13.017,                                  18.193,                                   0.007,                                   0.012,                               76820.500,                                   1.000,
8/12/2026 1:31:55 PM  ,    1740.000,                                  10.106,                                  13.014,                                  18.189,                                   0.007,                                   0.012,                               76837.688,                                   1.000,
8/12/2026 1:32:00 PM  ,    1745.000,                                  10.106,                                  13.009,                                  18.181,                                   0.007,                                   0.012,                               76871.531,                                   1.000,
8/12/2026 1:32:05 PM  ,    1750.000,                                  10.107,                                  13.018,                                  18.193,                                   0.007,                                   0.012,                               76815.313,                                   1.000,
8/12/2026 1:32:10 PM  ,    1755.000,                                  10.108,                                  13.005,                                  18.174,                                   0.007,                                   0.012,                               76895.664,                                   1.000,
8/12/2026 1:32:15 PM  ,    1760.000,                                  10.109,                                  12.996,                                  18.162,                                   0.007,                                   0.012,                               76946.758,                                   1.000,
8/12/2026 1:32:20 PM  ,    1765.000,                                  10.109,                                  12.991,                                  18.155,                                   0.007,                                   0.012,                               76974.930,                                   1.000,
8/12/2026 1:32:25 PM  ,    1770.000,                                  10.109,                                  13.010,                                  18.181,                                   0.007,                                   0.012,                               76862.344,                                   1.000,
8/12/2026 1:32:30 PM  ,    1775.000,                                  10.110,                                  12.989,                                  18.151,                                   0.007,                                   0.012,                               76990.938,                                   1.000,
8/12/2026 1:32:35 PM  ,    1780.000,                                  10.111,                                  12.979,                                  18.136,                                   0.007,                                   0.012,                               77049.445,                                   1.000,
8/12/2026 1:32:40 PM  ,    1785.000,                                  10.111,                                  12.970,                                  18.125,                                   0.007,                                   0.012,                               77099.078,                                   1.000,
8/12/2026 1:32:45 PM  ,    1790.000,                                  10.112,                                  12.997,                                  18.161,                                   0.007,                                   0.012,                               76941.883,                                   1.000,
8/12/2026 1:32:50 PM  ,    1795.000,                                  10.112,                                  12.988,                                  18.149,                                   0.007,                                   0.012,                               76991.766,                                   1.000,
8/12/2026 1:32:55 PM  ,    1800.000,                                  10.112,                                  12.985,                                  18.145,                                   0.007,                                   0.012,                               77011.594,                                   1.000,
8/12/2026 1:33:00 PM  ,    1805.000,                                  10.114,                                  13.010,                                  18.179,                                   0.007,                                   0.012,                               76861.250,                                   1.000,
8/12/2026 1:33:05 PM  ,    1810.000,                                  10.115,                                  13.010,                                  18.178,                                   0.007,                                   0.012,                               76866.797,                                   1.000,
8/12/2026 1:33:10 PM  ,    1815.000,                                  10.116,                                  13.018,                                  18.189,                                   0.007,                                   0.012,                               76816.203,                                   1.000,
8/12/2026 1:33:15 PM  ,    1820.000,                                  10.116,                                  13.004,                                  18.169,                                   0.007,                                   0.012,                               76898.852,                                   1.000,
8/12/2026 1:33:20 PM  ,    1825.000,                                  10.116,                                  12.994,                                  18.156,                                   0.007,                                   0.012,                               76956.281,                                   1.000,
8/12/2026 1:33:25 PM  ,    1830.000,                                  10.117,                                  12.996,                                  18.157,                                   0.007,                                   0.012,                               76947.516,                                   1.000,
8/12/2026 1:33:30 PM  ,    1835.000,                                  10.117,                                  12.985,                                  18.142,                                   0.007,                                   0.012,                               77014.125,                                   1.000,
8/12/2026 1:33:35 PM  ,    1840.000,                                  10.118,                                  13.007,                                  18.173,                                   0.007,                                   0.012,                               76879.461,                                   1.000,
8/12/2026 1:33:40 PM  ,    1845.000,                                  10.118,                                  13.010,                                  18.176,                                   0.007,                                   0.012,                               76866.102,                                   1.000,
8/12/2026 1:33:45 PM  ,    1850.000,                                  10.119,                                  12.974,                                  18.126,                                   0.007,                                   0.012,                               77078.211,                                   1.000,
8/12/2026 1:33:50 PM  ,    1855.000,                                  10.120,                                  12.990,                                  18.148,                                   0.007,                                   0.012,                               76980.766,                                   1.000,
8/12/2026 1:33:55 PM  ,    1860.000,                                  10.120,                                  12.993,                                  18.151,                                   0.007,                                   0.012,                               76967.414,                                   1.000,
8/12/2026 1:34:00 PM  ,    1865.000,                                  10.121,                                  12.981,                                  18.134,                                   0.007,                                   0.012,                               77036.734,                                   1.000,
8/12/2026 1:34:05 PM  ,    1870.000,                                  10.121,                                  13.017,                                  18.184,                                   0.007,                                   0.012,                               76824.766,                                   1.000,
8/12/2026 1:34:10 PM  ,    1875.000,                                  10.122,                                  12.995,                                  18.153,                                   0.007,                                   0.012,                               76953.953,                                   1.000,
8/12/2026 1:34:15 PM  ,    1880.000,                                  10.123,                                  12.996,                                  18.154,                                   0.007,                                   0.012,                               76947.922,                                   1.000,
8/12/2026 1:34:20 PM  ,    1885.000,                                  10.123,                                  13.003,                                  18.165,                                   0.007,                                   0.012,                               76903.438,                                   1.000,
8/12/2026 1:34:25 PM  ,    1890.000,                                  10.123,                                  12.978,                                  18.129,                                   0.007,                                   0.012,                               77054.797,                                   1.000,
8/12/2026 1:34:30 PM  ,    1895.000,                                  10.124,                                  12.987,                                  18.142,                                   0.007,                                   0.012,                               76998.727,                                   1.000,
8/12/2026 1:34:35 PM  ,    1900.000,                                  10.124,                                  12.990,                                  18.146,                                   0.007,                                   0.012,                               76979.563,                                   1.000,
8/12/2026 1:34:40 PM  ,    1905.000,                                  10.125,                                  12.979,                                  18.130,                                   0.007,                                   0.012,                               77046.289,                                   1.000,
8/12/2026 1:34:45 PM  ,    1910.000,                                  10.125,                                  12.951,                                  18.091,                                   0.007,                                   0.012,                               77214.438,                                   1.000,
8/12/2026 1:34:50 PM  ,    1915.000,                                  10.126,                                  12.962,                                  18.105,                                   0.007,                                   0.012,                               77150.078,                                   1.000,
8/12/2026 1:34:55 PM  ,    1920.000,                                  10.126,                                  12.971,                                  18.118,                                   0.007,                                   0.012,                               77096.383,                                   1.000,
8/12/2026 1:35:00 PM  ,    1925.000,                                  10.126,                                  12.951,                                  18.090,                                   0.007,                                   0.012,                               77212.531,                                   1.000,
8/12/2026 1:35:05 PM  ,    1930.000,                                  10.127,                                  12.956,                                  18.097,                                   0.007,                                   0.012,                               77183.734,                                   1.000,
8/12/2026 1:35:10 PM  ,    1935.000,                                  10.128,                                  12.951,                                  18.089,                                   0.007,                                   0.012,                               77216.125,                                   1.000,
8/12/2026 1:35:15 PM  ,    1940.000,                                  10.128,                                  12.950,                                  18.088,                                   0.007,                                   0.012,                               77219.695,                                   1.000,
8/12/2026 1:35:20 PM  ,    1945.000,                                  10.128,                                  12.966,                                  18.111,                                   0.007,                                   0.012,                               77122.711,                                   1.000,
8/12/2026 1:35:25 PM  ,    1950.000,                                  10.128,                                  12.956,                                  18.096,                                   0.007,                                   0.012,                               77185.305,                                   1.000,
8/12/2026 1:35:30 PM  ,    1955.000,                                  10.129,                                  12.953,                                  18.092,                                   0.007,                                   0.012,                               77201.984,                                   1.000,
8/12/2026 1:35:35 PM  ,    1960.000,                                  10.129,                                  12.953,                                  18.092,                                   0.007,                                   0.012,                               77201.945,                                   1.000,
8/12/2026 1:35:40 PM  ,    1965.000,                                  10.129,                                  12.968,                                  18.112,                                   0.007,                                   0.012,                               77115.250,                                   1.000,
8/12/2026 1:35:45 PM  ,    1970.000,                                  10.130,                                  12.945,                                  18.079,                                   0.007,                                   0.012,                               77252.477,                                   1.000,
8/12/2026 1:35:50 PM  ,    1975.000,                                  10.131,                                  12.952,                                  18.090,                                   0.007,                                   0.012,                               77207.352,                                   1.000,
8/12/2026 1:35:55 PM  ,    1980.000,                                  10.130,                                  12.957,                                  18.096,                                   0.007,                                   0.012,                               77179.516,                                   1.000,
8/12/2026 1:36:00 PM  ,    1985.000,                                  10.131,                                  12.952,                                  18.090,                                   0.007,                                   0.012,                               77206.680,                                   1.000,
8/12/2026 1:36:05 PM  ,    1990.000,                                  10.131,                                  12.956,                                  18.095,                                   0.007,                                   0.012,                               77183.156,                                   1.000,
8/12/2026 1:36:10 PM  ,    1995.000,                                  10.132,                                  12.954,                                  18.091,                                   0.007,                                   0.012,                               77196.352,                                   1.000,
8/12/2026 1:36:15 PM  ,    2000.000,                                  10.133,                                  12.954,                                  18.091,                                   0.007,                                   0.012,                               77195.797,                                   1.000,
8/12/2026 1:36:20 PM  ,    2005.000,                                  10.133,                                  12.951,                                  18.086,                                   0.007,                                   0.012,                               77216.766,                                   1.000,
8/12/2026 1:36:25 PM  ,    2010.000,                                  10.133,                                  12.959,                                  18.098,                                   0.007,                                   0.012,                               77169.023,                                   1.000,
8/12/2026 1:36:30 PM  ,    2015.000,                                  10.134,                                  12.950,                                  18.085,                                   0.007,                                   0.012,                               77219.297,                                   1.000,
8/12/2026 1:36:35 PM  ,    2020.000,                                  10.134,                                  12.973,                                  18.118,                                   0.007,                                   0.012,                               77080.680,                                   1.000,
8/12/2026 1:36:40 PM  ,    2025.000,                                  10.135,                                  12.961,                                  18.101,                                   0.007,                                   0.012,                               77151.609,                                   1.000,
8/12/2026 1:36:45 PM  ,    2030.000,                                  10.135,                                  12.966,                                  18.107,                                   0.007,                                   0.012,                               77125.328,                                   1.000,
8/12/2026 1:36:50 PM  ,    2035.000,                                  10.135,                                  12.989,                                  18.139,                                   0.007,                                   0.012,                               76987.203,                                   1.000,
8/12/2026 1:36:55 PM  ,    2040.000,                                  10.136,                                  12.995,                                  18.147,                                   0.007,                                   0.012,                               76955.461,                                   1.000,
8/12/2026 1:37:00 PM  ,    2045.000,                                  10.136,                                  13.002,                                  18.156,                                   0.007,                                   0.012,                               76911.750,                                   1.000,
8/12/2026 1:37:05 PM  ,    2050.000,                                  10.137,                                  12.986,                                  18.134,                                   0.007,                                   0.012,                               77008.203,                                   1.000,
8/12/2026 1:37:10 PM  ,    2055.000,                                  10.137,                                  13.033,                                  18.199,                                   0.007,                                   0.012,                               76728.938,                                   1.000,
8/12/2026 1:37:15 PM  ,    2060.000,                                  10.138,                                  13.006,                                  18.161,                                   0.007,                                   0.012,                               76888.281,                                   1.000,
8/12/2026 1:37:20 PM  ,    2065.000,                                  10.139,                                  13.016,                                  18.175,                                   0.007,                                   0.012,                               76829.961,                                   1.000,
8/12/2026 1:37:25 PM  ,    2070.000,                                  10.138,                                  13.006,                                  18.161,                                   0.007,                                   0.012,                               76889.453,                                   1.000,
8/12/2026 1:37:30 PM  ,    2075.000,                                  10.139,                                  13.022,                                  18.183,                                   0.007,                                   0.012,                               76793.258,                                   1.000,
8/12/2026 1:37:35 PM  ,    2080.000,                                  10.140,                                  12.983,                                  18.128,                                   0.007,                                   0.012,                               77024.219,                                   1.000,
8/12/2026 1:37:40 PM  ,    2085.000,                                  10.140,                                  12.982,                                  18.127,                                   0.007,                                   0.012,                               77028.156,                                   1.000,
8/12/2026 1:37:45 PM  ,    2090.000,                                  10.141,                                  12.970,                                  18.110,                                   0.007,                                   0.012,                               77099.977,                                   1.000,
8/12/2026 1:37:50 PM  ,    2095.000,                                  10.141,                                  12.981,                                  18.124,                                   0.007,                                   0.012,                               77038.570,                                   1.000,
8/12/2026 1:37:55 PM  ,    2100.000,                                  10.142,                                  13.001,                                  18.152,                                   0.007,                                   0.012,                               76919.492,                                   1.000,
8/12/2026 1:38:00 PM  ,    2105.000,                                  10.142,                                  12.994,                                  18.143,                                   0.007,                                   0.012,                               76959.203,                                   1.000,
8/12/2026 1:38:05 PM  ,    2110.000,                                  10.142,                                  12.992,                                  18.139,                                   0.007,                                   0.012,                               76972.945,                                   1.000,
8/12/2026 1:38:10 PM  ,    2115.000,                                  10.143,                                  12.967,                                  18.104,                                   0.007,                                   0.012,                               77119.305,                                   1.000,
8/12/2026 1:38:15 PM  ,    2120.000,                                  10.143,                                  12.964,                                  18.100,                                   0.007,                                   0.012,                               77136.547,                                   1.000,
8/12/2026 1:38:20 PM  ,    2125.000,                                  10.144,                                  12.953,                                  18.084,                                   0.007,                                   0.012,                               77203.516,                                   1.000,
8/12/2026 1:38:25 PM  ,    2130.000,                                  10.145,                                  12.968,                                  18.105,                                   0.007,                                   0.012,                               77114.773,                                   1.000,
8/12/2026 1:38:30 PM  ,    2135.000,                                  10.144,                                  12.977,                                  18.118,                                   0.007,                                   0.012,                               77057.492,                                   1.000,
8/12/2026 1:38:35 PM  ,    2140.000,                                  10.145,                                  12.960,                                  18.093,                                   0.007,                                   0.012,                               77163.391,                                   1.000,
8/12/2026 1:38:40 PM  ,    2145.000,                                  10.145,                                  12.962,                                  18.096,                                   0.007,                                   0.012,                               77150.984,                                   1.000,
8/12/2026 1:38:45 PM  ,    2150.000,                                  10.146,                                  12.972,                                  18.110,                                   0.007,                                   0.012,                               77091.141,                                   1.000,
8/12/2026 1:38:50 PM  ,    2155.000,                                  10.146,                                  12.948,                                  18.076,                                   0.007,                                   0.012,                               77234.438,                                   1.000,
8/12/2026 1:38:55 PM  ,    2160.000,                                  10.147,                                  12.942,                                  18.068,                                   0.007,                                   0.012,                               77268.508,                                   1.000,
8/12/2026 1:39:00 PM  ,    2165.000,                                  10.146,                                  12.955,                                  18.086,                                   0.007,                                   0.012,                               77192.555,                                   1.000,
8/12/2026 1:39:05 PM  ,    2170.000,                                  10.147,                                  12.948,                                  18.077,                                   0.007,                                   0.012,                               77229.844,                                   1.000,
8/12/2026 1:39:10 PM  ,    2175.000,                                  10.147,                                  12.928,                                  18.048,                                   0.007,                                   0.012,                               77350.844,                                   1.000,
8/12/2026 1:39:15 PM  ,    2180.000,                                  10.148,                                  12.936,                                  18.059,                                   0.007,                                   0.012,                               77302.906,                                   1.000,
8/12/2026 1:39:20 PM  ,    2185.000,                                  10.148,                                  12.933,                                  18.055,                                   0.007,                                   0.012,                               77319.203,                                   1.000,
8/12/2026 1:39:25 PM  ,    2190.000,                                  10.148,                                  12.940,                                  18.065,                                   0.007,                                   0.012,                               77277.969,                                   1.000,
8/12/2026 1:39:30 PM  ,    2195.000,                                  10.148,                                  12.932,                                  18.053,                                   0.007,                                   0.012,                               77329.305,                                   1.000,
8/12/2026 1:39:35 PM  ,    2200.000,                                  10.148,                                  12.942,                                  18.067,                                   0.007,                                   0.012,                               77268.328,                                   1.000,
8/12/2026 1:39:40 PM  ,    2205.000,                                  10.148,                                  12.931,                                  18.052,                                   0.007,                                   0.012,                               77330.914,                                   1.000,
8/12/2026 1:39:45 PM  ,    2210.000,                                  10.149,                                  12.927,                                  18.045,                                   0.007,                                   0.012,                               77360.148,                                   1.000,
8/12/2026 1:39:50 PM  ,    2215.000,                                  10.149,                                  12.932,                                  18.053,                                   0.007,                                   0.012,                               77327.578,                                   1.000,
8/12/2026 1:39:55 PM  ,    2220.000,                                  10.149,                                  12.931,                                  18.051,                                   0.007,                                   0.012,                               77335.977,                                   1.000,
8/12/2026 1:40:00 PM  ,    2225.000,                                  10.149,                                  12.929,                                  18.049,                                   0.007,                                   0.012,                               77344.602,                                   1.000,
8/12/2026 1:40:05 PM  ,    2230.000,                                  10.149,                                  12.935,                                  18.057,                                   0.007,                                   0.012,                               77310.219,                                   1.000,
8/12/2026 1:40:10 PM  ,    2235.000,                                  10.149,                                  12.940,                                  18.063,                                   0.007,                                   0.012,                               77281.539,                                   1.000,
8/12/2026 1:40:15 PM  ,    2240.000,                                  10.149,                                  12.955,                                  18.084,                                   0.007,                                   0.012,                               77192.078,                                   1.000,
8/12/2026 1:40:20 PM  ,    2245.000,                                  10.149,                                  12.928,                                  18.047,                                   0.007,                                   0.012,                               77351.211,                                   1.000,
8/12/2026 1:40:25 PM  ,    2250.000,                                  10.149,                                  12.923,                                  18.040,                                   0.007,                                   0.012,                               77381.328,                                   1.000,
8/12/2026 1:40:30 PM  ,    2255.000,                                  10.149,                                  12.932,                                  18.052,                                   0.007,                                   0.012,                               77328.359,                                   1.000,
8/12/2026 1:40:35 PM  ,    2260.000,                                  10.149,                                  12.938,                                  18.062,                                   0.007,                                   0.012,                               77289.109,                                   1.000,
8/12/2026 1:40:40 PM  ,    2265.000,                                  10.149,                                  12.920,                                  18.035,                                   0.007,                                   0.012,                               77401.375,                                   1.000,
8/12/2026 1:40:45 PM  ,    2270.000,                                  10.149,                                  12.920,                                  18.036,                                   0.007,                                   0.012,                               77397.352,                                   1.000,
8/12/2026 1:40:50 PM  ,    2275.000,                                  10.149,                                  12.923,                                  18.040,                                   0.007,                                   0.012,                               77383.055,                                   1.000,
8/12/2026 1:40:55 PM  ,    2280.000,                                  10.149,                                  12.937,                                  18.060,                                   0.007,                                   0.012,                               77296.258,                                   1.000,
8/12/2026 1:41:00 PM  ,    2285.000,                                  10.148,                                  12.932,                                  18.053,                                   0.007,                                   0.012,                               77327.102,                                   1.000,
8/12/2026 1:41:05 PM  ,    2290.000,                                  10.149,                                  12.924,                                  18.041,                                   0.007,                                   0.012,                               77377.477,                                   1.000,
8/12/2026 1:41:10 PM  ,    2295.000,                                  10.149,                                  12.932,                                  18.053,                                   0.007,                                   0.012,                               77326.398,                                   1.000,
8/12/2026 1:41:15 PM  ,    2300.000,                                  10.149,                                  12.936,                                  18.058,                                   0.007,                                   0.012,                               77304.867,                                   1.000,
8/12/2026 1:41:20 PM  ,    2305.000,                                  10.148,                                  12.924,                                  18.041,                                   0.007,                                   0.012,                               77378.000,                                   1.000,
8/12/2026 1:41:25 PM  ,    2310.000,                                  10.149,                                  12.915,                                  18.028,                                   0.007,                                   0.012,                               77431.945,                                   1.000,
8/12/2026 1:41:30 PM  ,    2315.000,                                  10.148,                                  12.931,                                  18.052,                                   0.007,                                   0.012,                               77334.063,                                   1.000,
8/12/2026 1:41:35 PM  ,    2320.000,                                  10.148,                                  12.925,                                  18.044,                                   0.007,                                   0.012,                               77366.461,                                   1.000,
8/12/2026 1:41:40 PM  ,    2325.000,                                  10.148,                                  12.939,                                  18.063,                                   0.007,                                   0.012,                               77284.414,                                   1.000,
8/12/2026 1:41:45 PM  ,    2330.000,                                  10.148,                                  12.923,                                  18.041,                                   0.007,                                   0.012,                               77381.352,                                   1.000,
8/12/2026 1:41:50 PM  ,    2335.000,                                  10.148,                                  12.922,                                  18.040,                                   0.007,                                   0.012,                               77385.070,                                   1.000,
8/12/2026 1:41:55 PM  ,    2340.000,                                  10.147,                                  12.931,                                  18.051,                                   0.007,                                   0.012,                               77336.297,                                   1.000,
8/12/2026 1:42:00 PM  ,    2345.000,                                  10.148,                                  12.928,                                  18.047,                                   0.007,                                   0.012,                               77352.945,                                   1.000,
8/12/2026 1:42:05 PM  ,    2350.000,                                  10.147,                                  12.928,                                  18.048,                                   0.007,                                   0.012,                               77351.281,                                   1.000,
8/12/2026 1:42:10 PM  ,    2355.000,                                  10.147,                                  12.932,                                  18.054,                                   0.007,                                   0.012,                               77326.867,                                   1.000,
8/12/2026 1:42:15 PM  ,    2360.000,                                  10.147,                                  12.930,                                  18.051,                                   0.007,                                   0.012,                               77338.141,                                   1.000,
8/12/2026 1:42:20 PM  ,    2365.000,                                  10.147,                                  12.918,                                  18.034,                                   0.007,                                   0.012,                               77412.633,                                   1.000,
8/12/2026 1:42:25 PM  ,    2370.000,                                  10.147,                                  12.931,                                  18.053,                                   0.007,                                   0.012,                               77333.008,                                   1.000,
8/12/2026 1:42:30 PM  ,    2375.000,                                  10.147,                                  12.928,                                  18.048,                                   0.007,                                   0.012,                               77352.844,                                   1.000,
8/12/2026 1:42:35 PM  ,    2380.000,                                  10.146,                                  12.932,                                  18.054,                                   0.007,                                   0.012,                               77329.500,                                   1.000,
8/12/2026 1:42:40 PM  ,    2385.000,                                  10.146,                                  12.939,                                  18.063,                                   0.007,                                   0.012,                               77288.211,                                   1.000,
8/12/2026 1:42:45 PM  ,    2390.000,                                  10.147,                                  12.926,                                  18.045,                                   0.007,                                   0.012,                               77363.375,                                   1.000,
8/12/2026 1:42:50 PM  ,    2395.000,                                  10.146,                                  12.948,                                  18.076,                                   0.007,                                   0.012,                               77231.891,                                   1.000,
8/12/2026 1:42:55 PM  ,    2400.000,                                  10.146,                                  12.975,                                  18.115,                                   0.007,                                   0.012,                               77070.063,                                   1.000,
8/12/2026 1:43:00 PM  ,    2405.000,                                  10.146,                                  12.951,                                  18.080,                                   0.007,                                   0.012,                               77215.891,                                   1.000,
8/12/2026 1:43:05 PM  ,    2410.000,                                  10.146,                                  12.944,                                  18.071,                                   0.007,                                   0.012,                               77255.500,                                   1.000,
8/12/2026 1:43:10 PM  ,    2415.000,                                  10.145,                                  12.953,                                  18.084,                                   0.007,                                   0.012,                               77203.359,                                   1.000,
8/12/2026 1:43:15 PM  ,    2420.000,                                  10.145,                                  12.947,                                  18.075,                                   0.007,                                   0.012,                               77238.594,                                   1.000,
8/12/2026 1:43:20 PM  ,    2425.000,                                  10.146,                                  12.954,                                  18.085,                                   0.007,                                   0.012,                               77195.883,                                   1.000,
8/12/2026 1:43:25 PM  ,    2430.000,                                  10.145,                                  12.966,                                  18.101,                                   0.007,                                   0.012,                               77127.453,                                   1.000,
8/12/2026 1:43:30 PM  ,    2435.000,                                  10.145,                                  12.964,                                  18.099,                                   0.007,                                   0.012,                               77137.570,                                   1.000,
8/12/2026 1:43:35 PM  ,    2440.000,                                  10.145,                                  12.952,                                  18.082,                                   0.007,                                   0.012,                               77209.391,                                   1.000,
8/12/2026 1:43:40 PM  ,    2445.000,                                  10.145,                                  12.943,                                  18.070,                                   0.007,                                   0.012,                               77262.008,                                   1.000,
8/12/2026 1:43:45 PM  ,    2450.000,                                  10.145,                                  12.948,                                  18.077,                                   0.007,                                   0.012,                               77232.359,                                   1.000,
8/12/2026 1:43:50 PM  ,    2455.000,                                  10.145,                                  12.970,                                  18.108,                                   0.007,                                   0.012,                               77099.156,                                   1.000,
8/12/2026 1:43:55 PM  ,    2460.000,                                  10.145,                                  12.990,                                  18.136,                                   0.007,                                   0.012,                               76981.008,                                   1.000,
8/12/2026 1:44:00 PM  ,    2465.000,                                  10.144,                                  12.975,                                  18.115,                                   0.007,                                   0.012,                               77072.633,                                   1.000,
8/12/2026 1:44:05 PM  ,    2470.000,                                  10.143,                                  12.978,                                  18.119,                                   0.007,                                   0.012,                               77054.953,                                   1.000,
8/12/2026 1:44:10 PM  ,    2475.000,                                  10.144,                                  12.961,                                  18.096,                                   0.007,                                   0.012,                               77154.438,                                   1.000,
8/12/2026 1:44:15 PM  ,    2480.000,                                  10.143,                                  12.958,                                  18.092,                                   0.007,                                   0.012,                               77173.273,                                   1.000,
8/12/2026 1:44:20 PM  ,    2485.000,                                  10.144,                                  12.958,                                  18.091,                                   0.007,                                   0.012,                               77174.609,                                   1.000,
8/12/2026 1:44:25 PM  ,    2490.000,                                  10.143,                                  12.959,                                  18.094,                                   0.007,                                   0.012,                               77164.398,                                   1.000,
8/12/2026 1:44:30 PM  ,    2495.000,                                  10.143,                                  12.964,                                  18.101,                                   0.007,                                   0.012,                               77134.719,                                   1.000,
8/12/2026 1:44:35 PM  ,    2500.000,                                  10.143,                                  12.959,                                  18.093,                                   0.007,                                   0.012,                               77166.594,                                   1.000,
8/12/2026 1:44:40 PM  ,    2505.000,                                  10.143,                                  12.970,                                  18.109,                                   0.007,                                   0.012,                               77100.758,                                   1.000,
8/12/2026 1:44:45 PM  ,    2510.000,                                  10.142,                                  12.965,                                  18.102,                                   0.007,                                   0.012,                               77132.680,                                   1.000,
8/12/2026 1:44:50 PM  ,    2515.000,                                  10.143,                                  12.953,                                  18.086,                                   0.007,                                   0.012,                               77200.344,                                   1.000,
8/12/2026 1:44:55 PM  ,    2520.000,                                  10.143,                                  12.955,                                  18.088,                                   0.007,                                   0.012,                               77188.469,                                   1.000,
8/12/2026 1:45:00 PM  ,    2525.000,                                  10.142,                                  12.966,                                  18.104,                                   0.007,                                   0.012,                               77122.672,                                   1.000,
8/12/2026 1:45:05 PM  ,    2530.000,                                  10.142,                                  12.953,                                  18.085,                                   0.007,                                   0.012,                               77201.742,                                   1.000,
8/12/2026 1:45:10 PM  ,    2535.000,                                  10.142,                                  12.993,                                  18.142,                                   0.007,                                   0.012,                               76961.844,                                   1.000,
8/12/2026 1:45:15 PM  ,    2540.000,                                  10.142,                                  12.984,                                  18.128,                                   0.007,                                   0.012,                               77019.148,                                   1.000,
8/12/2026 1:45:20 PM  ,    2545.000,                                  10.141,                                  12.985,                                  18.130,                                   0.007,                                   0.012,                               77013.391,                                   1.000,
8/12/2026 1:45:25 PM  ,    2550.000,                                  10.141,                                  12.991,                                  18.139,                                   0.007,                                   0.012,                               76975.250,                                   1.000,
8/12/2026 1:45:30 PM  ,    2555.000,                                  10.142,                                  12.977,                                  18.120,                                   0.007,                                   0.012,                               77057.727,                                   1.000,
8/12/2026 1:45:35 PM  ,    2560.000,                                  10.141,                                  12.956,                                  18.091,                                   0.007,                                   0.012,                               77181.664,                                   1.000,
8/12/2026 1:45:40 PM  ,    2565.000,                                  10.141,                                  12.971,                                  18.111,                                   0.007,                                   0.012,                               77096.492,                                   1.000,
8/12/2026 1:45:45 PM  ,    2570.000,                                  10.141,                                  12.977,                                  18.119,                                   0.007,                                   0.012,                               77060.648,                                   1.000,
8/12/2026 1:45:50 PM  ,    2575.000,                                  10.141,                                  12.957,                                  18.091,                                   0.007,                                   0.012,                               77179.313,                                   1.000,
8/12/2026 1:45:55 PM  ,    2580.000,                                  10.141,                                  12.933,                                  18.058,                                   0.007,                                   0.012,                               77321.445,                                   1.000,
8/12/2026 1:46:00 PM  ,    2585.000,                                  10.141,                                  12.961,                                  18.098,                                   0.007,                                   0.012,                               77152.945,                                   1.000,
8/12/2026 1:46:05 PM  ,    2590.000,                                  10.140,                                  12.960,                                  18.096,                                   0.007,                                   0.012,                               77161.742,                                   1.000,
8/12/2026 1:46:10 PM  ,    2595.000,                                  10.140,                                  12.953,                                  18.087,                                   0.007,                                   0.012,                               77199.875,                                   1.000,
8/12/2026 1:46:15 PM  ,    2600.000,                                  10.140,                                  12.941,                                  18.070,                                   0.007,                                   0.012,                               77274.125,                                   1.000,
8/12/2026 1:46:20 PM  ,    2605.000,                                  10.140,                                  12.971,                                  18.111,                                   0.007,                                   0.012,                               77096.063,                                   1.000,
8/12/2026 1:46:25 PM  ,    2610.000,                                  10.140,                                  12.957,                                  18.092,                                   0.007,                                   0.012,                               77178.375,                                   1.000,
8/12/2026 1:46:30 PM  ,    2615.000,                                  10.140,                                  12.960,                                  18.096,                                   0.007,                                   0.012,                               77162.492,                                   1.000,
8/12/2026 1:46:35 PM  ,    2620.000,                                  10.140,                                  12.965,                                  18.103,                                   0.007,                                   0.012,                               77131.352,                                   1.000,
8/12/2026 1:46:40 PM  ,    2625.000,                                  10.140,                                  12.947,                                  18.079,                                   0.007,                                   0.012,                               77235.328,                                   1.000,
8/12/2026 1:46:45 PM  ,    2630.000,                                  10.140,                                  12.947,                                  18.078,                                   0.007,                                   0.012,                               77237.328,                                   1.000,
8/12/2026 1:46:50 PM  ,    2635.000,                                  10.139,                                  12.955,                                  18.090,                                   0.007,                                   0.012,                               77190.664,                                   1.000,
8/12/2026 1:46:55 PM  ,    2640.000,                                  10.140,                                  12.943,                                  18.072,                                   0.007,                                   0.012,                               77263.422,                                   1.000,
8/12/2026 1:47:00 PM  ,    2645.000,                                  10.140,                                  12.935,                                  18.061,                                   0.007,                                   0.012,                               77311.820,                                   1.000,
8/12/2026 1:47:05 PM  ,    2650.000,                                  10.139,                                  12.962,                                  18.099,                                   0.007,                                   0.012,                               77150.391,                                   1.000,
8/12/2026 1:47:10 PM  ,    2655.000,                                  10.139,                                  12.973,                                  18.114,                                   0.007,                                   0.012,                               77083.922,                                   1.000,
8/12/2026 1:47:15 PM  ,    2660.000,                                  10.140,                                  12.950,                                  18.082,                                   0.007,                                   0.012,                               77219.859,                                   1.000,
8/12/2026 1:47:20 PM  ,    2665.000,                                  10.139,                                  12.936,                                  18.063,                                   0.007,                                   0.012,                               77303.219,                                   1.000,
8/12/2026 1:47:25 PM  ,    2670.000,                                  10.139,                                  12.949,                                  18.081,                                   0.007,                                   0.012,                               77226.711,                                   1.000,
8/12/2026 1:47:30 PM  ,    2675.000,                                  10.140,                                  12.970,                                  18.111,                                   0.007,                                   0.012,                               77099.547,                                   1.000,
8/12/2026 1:47:35 PM  ,    2680.000,                                  10.140,                                  12.968,                                  18.108,                                   0.007,                                   0.012,                               77110.086,                                   1.000,
8/12/2026 1:47:40 PM  ,    2685.000,                                  10.140,                                  12.957,                                  18.092,                                   0.007,                                   0.012,                               77178.391,                                   1.000,
8/12/2026 1:47:45 PM  ,    2690.000,                                  10.140,                                  12.933,                                  18.059,                                   0.007,                                   0.012,                               77319.055,                                   1.000,
8/12/2026 1:47:50 PM  ,    2695.000,                                  10.140,                                  12.926,                                  18.049,                                   0.007,                                   0.012,                               77360.867,                                   1.000,
8/12/2026 1:47:55 PM  ,    2700.000,                                  10.140,                                  12.936,                                  18.062,                                   0.007,                                   0.012,                               77305.055,                                   1.000,
8/12/2026 1:48:00 PM  ,    2705.000,                                  10.140,                                  12.947,                                  18.078,                                   0.007,                                   0.012,                               77239.219,                                   1.000,
8/12/2026 1:48:05 PM  ,    2710.000,                                  10.140,                                  12.934,                                  18.059,                                   0.007,                                   0.012,                               77318.133,                                   1.000,
8/12/2026 1:48:10 PM  ,    2715.000,                                  10.140,                                  12.942,                                  18.070,                                   0.007,                                   0.012,                               77270.570,                                   1.000,
8/12/2026 1:48:15 PM  ,    2720.000,                                  10.140,                                  12.939,                                  18.066,                                   0.007,                                   0.012,                               77288.648,                                   1.000,
8/12/2026 1:48:20 PM  ,    2725.000,                                  10.140,                                  12.941,                                  18.070,                                   0.007,                                   0.012,                               77272.117,                                   1.000,
8/12/2026 1:48:25 PM  ,    2730.000,                                  10.141,                                  12.926,                                  18.049,                                   0.007,                                   0.012,                               77362.633,                                   1.000,
8/12/2026 1:48:30 PM  ,    2735.000,                                  10.140,                                  12.940,                                  18.068,                                   0.007,                                   0.012,                               77279.852,                                   1.000,
8/12/2026 1:48:35 PM  ,    2740.000,                                  10.140,                                  12.915,                                  18.033,                                   0.007,                                   0.012,                               77430.117,                                   1.000,
8/12/2026 1:48:40 PM  ,    2745.000,                                  10.141,                                  12.911,                                  18.027,                                   0.007,                                   0.012,                               77455.063,                                   1.000,
8/12/2026 1:48:45 PM  ,    2750.000,                                  10.141,                                  12.921,                                  18.041,                                   0.007,                                   0.012,                               77396.250,                                   1.000,
8/12/2026 1:48:50 PM  ,    2755.000,                                  10.141,                                  12.913,                                  18.031,                                   0.007,                                   0.012,                               77439.305,                                   1.000,
8/12/2026 1:48:55 PM  ,    2760.000,                                  10.141,                                  12.956,                                  18.091,                                   0.007,                                   0.012,                               77182.211,                                   1.000,
8/12/2026 1:49:00 PM  ,    2765.000,                                  10.141,                                  12.953,                                  18.087,                                   0.007,                                   0.012,                               77199.555,                                   1.000,
8/12/2026 1:49:05 PM  ,    2770.000,                                  10.141,                                  12.932,                                  18.057,                                   0.007,                                   0.012,                               77326.461,                                   1.000,
8/12/2026 1:49:10 PM  ,    2775.000,                                  10.141,                                  12.935,                                  18.061,                                   0.007,                                   0.012,                               77308.633,                                   1.000,
8/12/2026 1:49:15 PM  ,    2780.000,                                  10.142,                                  12.950,                                  18.081,                                   0.007,                                   0.012,                               77220.211,                                   1.000,
8/12/2026 1:49:20 PM  ,    2785.000,                                  10.141,                                  12.922,                                  18.042,                                   0.007,                                   0.012,                               77389.906,                                   1.000,
8/12/2026 1:49:25 PM  ,    2790.000,                                  10.141,                                  12.919,                                  18.039,                                   0.007,                                   0.012,                               77403.063,                                   1.000,
8/12/2026 1:49:30 PM  ,    2795.000,                                  10.142,                                  12.926,                                  18.049,                                   0.007,                                   0.012,                               77360.953,                                   1.000,
8/12/2026 1:49:35 PM  ,    2800.000,                                  10.142,                                  12.928,                                  18.051,                                   0.007,                                   0.012,                               77349.984,                                   1.000,
8/12/2026 1:49:40 PM  ,    2805.000,                                  10.143,                                  12.919,                                  18.038,                                   0.007,                                   0.012,                               77403.688,                                   1.000,
8/12/2026 1:49:45 PM  ,    2810.000,                                  10.142,                                  12.934,                                  18.059,                                   0.007,                                   0.012,                               77312.641,                                   1.000,
8/12/2026 1:49:50 PM  ,    2815.000,                                  10.143,                                  12.937,                                  18.063,                                   0.007,                                   0.012,                               77295.133,                                   1.000,
8/12/2026 1:49:55 PM  ,    2820.000,                                  10.142,                                  12.928,                                  18.051,                                   0.007,                                   0.012,                               77349.266,                                   1.000,
8/12/2026 1:50:00 PM  ,    2825.000,                                  10.143,                                  12.929,                                  18.051,                                   0.007,                                   0.012,                               77346.602,                                   1.000,
8/12/2026 1:50:05 PM  ,    2830.000,                                  10.143,                                  12.924,                                  18.045,                                   0.007,                                   0.012,                               77374.961,                                   1.000,
8/12/2026 1:50:10 PM  ,    2835.000,                                  10.143,                                  12.925,                                  18.046,                                   0.007,                                   0.012,                               77369.320,                                   1.000,
8/12/2026 1:50:15 PM  ,    2840.000,                                  10.143,                                  12.923,                                  18.043,                                   0.007,                                   0.012,                               77381.172,                                   1.000,
8/12/2026 1:50:20 PM  ,    2845.000,                                  10.144,                                  12.932,                                  18.056,                                   0.007,                                   0.012,                               77325.109,                                   1.000,
8/12/2026 1:50:25 PM  ,    2850.000,                                  10.144,                                  12.927,                                  18.048,                                   0.007,                                   0.012,                               77359.188,                                   1.000,
8/12/2026 1:50:30 PM  ,    2855.000,                                  10.145,                                  12.931,                                  18.054,                                   0.007,                                   0.012,                               77331.070,                                   1.000,
8/12/2026 1:50:35 PM  ,    2860.000,                                  10.144,                                  12.937,                                  18.062,                                   0.007,                                   0.012,                               77297.953,                                   1.000,
8/12/2026 1:50:40 PM  ,    2865.000,                                  10.145,                                  12.931,                                  18.053,                                   0.007,                                   0.012,                               77336.383,                                   1.000,
8/12/2026 1:50:45 PM  ,    2870.000,                                  10.145,                                  12.923,                                  18.042,                                   0.007,                                   0.012,                               77382.703,                                   1.000,
8/12/2026 1:50:50 PM  ,    2875.000,                                  10.145,                                  12.912,                                  18.026,                                   0.007,                                   0.012,                               77448.094,                                   1.000,
8/12/2026 1:50:55 PM  ,    2880.000,                                  10.146,                                  12.916,                                  18.031,                                   0.007,                                   0.012,                               77425.695,                                   1.000,
8/12/2026 1:51:00 PM  ,    2885.000,                                  10.146,                                  12.909,                                  18.022,                                   0.007,                                   0.012,                               77464.141,                                   1.000,
8/12/2026 1:51:05 PM  ,    2890.000,                                  10.146,                                  12.914,                                  18.029,                                   0.007,                                   0.012,                               77436.266,                                   1.000,
8/12/2026 1:51:10 PM  ,    2895.000,                                  10.146,                                  12.915,                                  18.031,                                   0.007,                                   0.012,                               77427.008,                                   1.000,
8/12/2026 1:51:15 PM  ,    2900.000,                                  10.146,                                  12.901,                                  18.011,                                   0.007,                                   0.012,                               77511.633,                                   1.000,
8/12/2026 1:51:20 PM  ,    2905.000,                                  10.147,                                  12.913,                                  18.028,                                   0.007,                                   0.012,                               77438.828,                                   1.000,
8/12/2026 1:51:25 PM  ,    2910.000,                                  10.147,                                  12.896,                                  18.003,                                   0.007,                                   0.012,                               77545.742,                                   1.000,
8/12/2026 1:51:30 PM  ,    2915.000,                                  10.147,                                  12.909,                                  18.021,                                   0.007,                                   0.012,                               77467.875,                                   1.000,
8/12/2026 1:51:35 PM  ,    2920.000,                                  10.148,                                  12.918,                                  18.033,                                   0.007,                                   0.012,                               77412.953,                                   1.000,
8/12/2026 1:51:40 PM  ,    2925.000,                                  10.148,                                  12.914,                                  18.028,                                   0.007,                                   0.012,                               77436.313,                                   1.000,
8/12/2026 1:51:45 PM  ,    2930.000,                                  10.148,                                  12.913,                                  18.027,                                   0.007,                                   0.012,                               77441.867,                                   1.000,
8/12/2026 1:51:50 PM  ,    2935.000,                                  10.149,                                  12.904,                                  18.014,                                   0.007,                                   0.012,                               77496.414,                                   1.000,
8/12/2026 1:51:55 PM  ,    2940.000,                                  10.149,                                  12.908,                                  18.020,                                   0.007,                                   0.012,                               77469.375,                                   1.000,
8/12/2026 1:52:00 PM  ,    2945.000,                                  10.149,                                  12.898,                                  18.006,                                   0.007,                                   0.012,                               77528.664,                                   1.000,
8/12/2026 1:52:05 PM  ,    2950.000,                                  10.149,                                  12.908,                                  18.019,                                   0.007,                                   0.012,                               77472.031,                                   1.000,
8/12/2026 1:52:10 PM  ,    2955.000,                                  10.149,                                  12.910,                                  18.022,                                   0.007,                                   0.012,                               77458.766,                                   1.000,
8/12/2026 1:52:15 PM  ,    2960.000,                                  10.149,                                  12.906,                                  18.016,                                   0.007,                                   0.012,                               77485.844,                                   1.000,
8/12/2026 1:52:20 PM  ,    2965.000,                                  10.150,                                  12.899,                                  18.007,                                   0.007,                                   0.012,                               77524.539,                                   1.000,
8/12/2026 1:52:25 PM  ,    2970.000,                                  10.149,                                  12.912,                                  18.025,                                   0.007,                                   0.012,                               77447.070,                                   1.000,
8/12/2026 1:52:30 PM  ,    2975.000,                                  10.150,                                  12.904,                                  18.013,                                   0.007,                                   0.012,                               77494.883,                                   1.000,
8/12/2026 1:52:35 PM  ,    2980.000,                                  10.150,                                  12.878,                                  17.977,                                   0.007,                                   0.012,                               77652.047,                                   1.000,
8/12/2026 1:52:40 PM  ,    2985.000,                                  10.149,                                  12.882,                                  17.983,                                   0.007,                                   0.012,                               77627.641,                                   1.000,
8/12/2026 1:52:45 PM  ,    2990.000,                                  10.150,                                  12.893,                                  17.998,                                   0.007,                                   0.012,                               77562.563,                                   1.000,
8/12/2026 1:52:50 PM  ,    2995.000,                                  10.150,                                  12.873,                                  17.970,                                   0.007,                                   0.012,                               77682.523,                                   1.000,
8/12/2026 1:52:55 PM  ,    3000.000,                                  10.150,                                  12.869,                                  17.965,                                   0.007,                                   0.012,                               77704.461,                                   1.000,
8/12/2026 1:53:00 PM  ,    3005.000,                                  10.150,                                  12.883,                                  17.983,                                   0.007,                                   0.012,                               77624.375,                                   1.000,
8/12/2026 1:53:05 PM  ,    3010.000,                                  10.150,                                  12.873,                                  17.969,                                   0.007,                                   0.012,                               77684.688,                                   1.000,
8/12/2026 1:53:10 PM  ,    3015.000,                                  10.150,                                  12.869,                                  17.965,                                   0.007,                                   0.012,                               77703.727,                                   1.000,
8/12/2026 1:53:15 PM  ,    3020.000,                                  10.150,                                  12.872,                                  17.969,                                   0.007,                                   0.012,                               77687.266,                                   1.000,
8/12/2026 1:53:20 PM  ,    3025.000,                                  10.150,                                  12.878,                                  17.977,                                   0.007,                                   0.012,                               77652.211,                                   1.000,
8/12/2026 1:53:25 PM  ,    3030.000,                                  10.150,                                  12.862,                                  17.955,                                   0.007,                                   0.012,                               77747.383,                                   1.000,
8/12/2026 1:53:30 PM  ,    3035.000,                                  10.150,                                  12.865,                                  17.959,                                   0.007,                                   0.012,                               77727.852,                                   1.000,
8/12/2026 1:53:35 PM  ,    3040.000,                                  10.150,                                  12.877,                                  17.975,                                   0.007,                                   0.012,                               77658.055,                                   1.000,
8/12/2026 1:53:40 PM  ,    3045.000,                                  10.150,                                  12.879,                                  17.979,                                   0.007,                                   0.012,                               77642.891,                                   1.000,
8/12/2026 1:53:45 PM  ,    3050.000,                                  10.151,                                  12.887,                                  17.989,                                   0.007,                                   0.012,                               77599.734,                                   1.000,
8/12/2026 1:53:50 PM  ,    3055.000,                                  10.151,                                  12.882,                                  17.983,                                   0.007,                                   0.012,                               77625.453,                                   1.000,
8/12/2026 1:53:55 PM  ,    3060.000,                                  10.151,                                  12.873,                                  17.970,                                   0.007,                                   0.012,                               77681.305,                                   1.000,
8/12/2026 1:54:00 PM  ,    3065.000,                                  10.151,                                  12.867,                                  17.961,                                   0.007,                                   0.012,                               77718.570,                                   1.000,
8/12/2026 1:54:05 PM  ,    3070.000,                                  10.151,                                  12.893,                                  17.997,                                   0.007,                                   0.012,                               77561.570,                                   1.000,
8/12/2026 1:54:10 PM  ,    3075.000,                                  10.151,                                  12.872,                                  17.968,                                   0.007,                                   0.012,                               77689.195,                                   1.000,
8/12/2026 1:54:15 PM  ,    3080.000,                                  10.151,                                  12.858,                                  17.949,                                   0.007,                                   0.012,                               77771.414,                                   1.000,
8/12/2026 1:54:20 PM  ,    3085.000,                                  10.151,                                  12.878,                                  17.977,                                   0.007,                                   0.012,                               77650.781,                                   1.000,
8/12/2026 1:54:25 PM  ,    3090.000,                                  10.152,                                  12.874,                                  17.970,                                   0.007,                                   0.012,                               77678.758,                                   1.000,
8/12/2026 1:54:30 PM  ,    3095.000,                                  10.151,                                  12.869,                                  17.964,                                   0.007,                                   0.012,                               77706.797,                                   1.000,
8/12/2026 1:54:35 PM  ,    3100.000,                                  10.151,                                  12.865,                                  17.959,                                   0.007,                                   0.012,                               77727.352,                                   1.000,
8/12/2026 1:54:40 PM  ,    3105.000,                                  10.152,                                  12.874,                                  17.970,                                   0.007,                                   0.012,                               77677.195,                                   1.000,
8/12/2026 1:54:45 PM  ,    3110.000,                                  10.152,                                  12.865,                                  17.958,                                   0.007,                                   0.012,                               77731.938,                                   1.000,
8/12/2026 1:54:50 PM  ,    3115.000,                                  10.152,                                  12.850,                                  17.936,                                   0.007,                                   0.012,                               77823.219,                                   1.000,
8/12/2026 1:54:55 PM  ,    3120.000,                                  10.152,                                  12.878,                                  17.976,                                   0.007,                                   0.012,                               77653.352,                                   1.000,
8/12/2026 1:55:00 PM  ,    3125.000,                                  10.152,                                  12.871,                                  17.966,                                   0.007,                                   0.012,                               77693.359,                                   1.000,
8/12/2026 1:55:05 PM  ,    3130.000,                                  10.152,                                  12.876,                                  17.973,                                   0.007,                                   0.012,                               77665.055,                                   1.000,
8/12/2026 1:55:10 PM  ,    3135.000,                                  10.152,                                  12.873,                                  17.969,                                   0.007,                                   0.012,                               77681.219,                                   1.000,
8/12/2026 1:55:15 PM  ,    3140.000,                                  10.152,                                  12.868,                                  17.962,                                   0.007,                                   0.012,                               77709.898,                                   1.000,
8/12/2026 1:55:20 PM  ,    3145.000,                                  10.153,                                  12.870,                                  17.964,                                   0.007,                                   0.012,                               77702.531,                                   1.000,
8/12/2026 1:55:25 PM  ,    3150.000,                                  10.153,                                  12.865,                                  17.958,                                   0.007,                                   0.012,                               77728.102,                                   1.000,
8/12/2026 1:55:30 PM  ,    3155.000,                                  10.153,                                  12.859,                                  17.949,                                   0.007,                                   0.012,                               77766.516,                                   1.000,
8/12/2026 1:55:35 PM  ,    3160.000,                                  10.153,                                  12.866,                                  17.959,                                   0.007,                                   0.012,                               77722.133,                                   1.000,
8/12/2026 1:55:40 PM  ,    3165.000,                                  10.154,                                  12.854,                                  17.941,                                   0.007,                                   0.012,                               77798.547,                                   1.000,
8/12/2026 1:55:45 PM  ,    3170.000,                                  10.154,                                  12.864,                                  17.956,                                   0.007,                                   0.012,                               77735.828,                                   1.000,
8/12/2026 1:55:50 PM  ,    3175.000,                                  10.153,                                  12.849,                                  17.935,                                   0.007,                                   0.012,                               77825.508,                                   1.000,
8/12/2026 1:55:55 PM  ,    3180.000,                                  10.154,                                  12.871,                                  17.966,                                   0.007,                                   0.012,                               77692.641,                                   1.000,
8/12/2026 1:56:00 PM  ,    3185.000,                                  10.154,                                  12.856,                                  17.944,                                   0.007,                                   0.012,                               77783.688,                                   1.000,
8/12/2026 1:56:05 PM  ,    3190.000,                                  10.154,                                  12.870,                                  17.964,                                   0.007,                                   0.012,                               77699.992,                                   1.000,
8/12/2026 1:56:10 PM  ,    3195.000,                                  10.154,                                  12.857,                                  17.945,                                   0.007,                                   0.012,                               77780.469,                                   1.000,
8/12/2026 1:56:15 PM  ,    3200.000,                                  10.155,                                  12.863,                                  17.954,                                   0.007,                                   0.012,                               77739.797,                                   1.000,
8/12/2026 1:56:20 PM  ,    3205.000,                                  10.155,                                  12.862,                                  17.952,                                   0.007,                                   0.012,                               77750.055,                                   1.000,
8/12/2026 1:56:25 PM  ,    3210.000,                                  10.155,                                  12.877,                                  17.972,                                   0.007,                                   0.012,                               77660.789,                                   1.000,
8/12/2026 1:56:30 PM  ,    3215.000,                                  10.155,                                  12.867,                                  17.960,                                   0.007,                                   0.012,                               77715.781,                                   1.000,
8/12/2026 1:56:35 PM  ,    3220.000,                                  10.155,                                  12.868,                                  17.960,                                   0.007,                                   0.012,                               77711.977,                                   1.000,
8/12/2026 1:56:40 PM  ,    3225.000,                                  10.156,                                  12.864,                                  17.954,                                   0.007,                                   0.012,                               77738.008,                                   1.000,
8/12/2026 1:56:45 PM  ,    3230.000,                                  10.156,                                  12.856,                                  17.943,                                   0.007,                                   0.012,                               77786.164,                                   1.000,
8/12/2026 1:56:50 PM  ,    3235.000,                                  10.156,                                  12.864,                                  17.955,                                   0.007,                                   0.012,                               77735.328,                                   1.000,
8/12/2026 1:56:55 PM  ,    3240.000,                                  10.157,                                  12.855,                                  17.941,                                   0.007,                                   0.012,                               77793.453,                                   1.000,
8/12/2026 1:57:00 PM  ,    3245.000,                                  10.157,                                  12.851,                                  17.936,                                   0.007,                                   0.012,                               77816.750,                                   1.000,
8/12/2026 1:57:05 PM  ,    3250.000,                                  10.157,                                  12.863,                                  17.953,                                   0.007,                                   0.012,                               77740.516,                                   1.000,
8/12/2026 1:57:10 PM  ,    3255.000,                                  10.157,                                  12.855,                                  17.941,                                   0.007,                                   0.012,                               77790.305,                                   1.000,
8/12/2026 1:57:15 PM  ,    3260.000,                                  10.157,                                  12.859,                                  17.946,                                   0.007,                                   0.012,                               77768.422,                                   1.000,
8/12/2026 1:57:20 PM  ,    3265.000,                                  10.157,                                  12.863,                                  17.953,                                   0.007,                                   0.012,                               77739.453,                                   1.000,
8/12/2026 1:57:25 PM  ,    3270.000,                                  10.157,                                  12.870,                                  17.962,                                   0.007,                                   0.012,                               77699.758,                                   1.000,
8/12/2026 1:57:30 PM  ,    3275.000,                                  10.158,                                  12.872,                                  17.965,                                   0.007,                                   0.012,                               77688.453,                                   1.000,
8/12/2026 1:57:35 PM  ,    3280.000,                                  10.158,                                  12.869,                                  17.961,                                   0.007,                                   0.012,                               77704.070,                                   1.000,
8/12/2026 1:57:40 PM  ,    3285.000,                                  10.158,                                  12.846,                                  17.929,                                   0.007,                                   0.012,                               77843.695,                                   1.000,
8/12/2026 1:57:45 PM  ,    3290.000,                                  10.158,                                  12.864,                                  17.953,                                   0.007,                                   0.012,                               77738.023,                                   1.000,
8/12/2026 1:57:50 PM  ,    3295.000,                                  10.158,                                  12.863,                                  17.952,                                   0.007,                                   0.012,                               77742.766,                                   1.000,
8/12/2026 1:57:55 PM  ,    3300.000,                                  10.159,                                  12.848,                                  17.931,                                   0.007,                                   0.012,                               77833.703,                                   1.000,
8/12/2026 1:58:00 PM  ,    3305.000,                                  10.159,                                  12.858,                                  17.945,                                   0.007,                                   0.012,                               77770.625,                                   1.000,
8/12/2026 1:58:05 PM  ,    3310.000,                                  10.159,                                  12.839,                                  17.919,                                   0.007,                                   0.012,                               77885.445,                                   1.000,
8/12/2026 1:58:10 PM  ,    3315.000,                                  10.159,                                  12.866,                                  17.955,                                   0.007,                                   0.012,                               77726.664,                                   1.000,
8/12/2026 1:58:15 PM  ,    3320.000,                                  10.160,                                  12.840,                                  17.919,                                   0.007,                                   0.012,                               77881.125,                                   1.000,
8/12/2026 1:58:20 PM  ,    3325.000,                                  10.159,                                  12.858,                                  17.944,                                   0.007,                                   0.012,                               77772.391,                                   1.000,
8/12/2026 1:58:25 PM  ,    3330.000,                                  10.160,                                  12.846,                                  17.928,                                   0.007,                                   0.012,                               77844.930,                                   1.000,
8/12/2026 1:58:30 PM  ,    3335.000,                                  10.161,                                  12.857,                                  17.942,                                   0.007,                                   0.012,                               77780.336,                                   1.000,
8/12/2026 1:58:35 PM  ,    3340.000,                                  10.161,                                  12.846,                                  17.927,                                   0.007,                                   0.012,                               77844.930,                                   1.000,
8/12/2026 1:58:40 PM  ,    3345.000,                                  10.161,                                  12.853,                                  17.936,                                   0.007,                                   0.012,                               77803.484,                                   1.000,
8/12/2026 1:58:45 PM  ,    3350.000,                                  10.162,                                  12.830,                                  17.904,                                   0.007,                                   0.012,                               77943.586,                                   1.000,
8/12/2026 1:58:50 PM  ,    3355.000,                                  10.163,                                  12.837,                                  17.913,                                   0.007,                                   0.012,                               77900.750,                                   1.000,
8/12/2026 1:58:55 PM  ,    3360.000,                                  10.163,                                  12.839,                                  17.917,                                   0.007,                                   0.012,                               77885.711,                                   1.000,
8/12/2026 1:59:00 PM  ,    3365.000,                                  10.165,                                  12.836,                                  17.912,                                   0.007,                                   0.012,                               77904.500,                                   1.000,
8/12/2026 1:59:05 PM  ,    3370.000,                                  10.165,                                  12.831,                                  17.904,                                   0.007,                                   0.012,                               77938.523,                                   1.000,
8/12/2026 1:59:10 PM  ,    3375.000,                                  10.165,                                  12.848,                                  17.928,                                   0.007,                                   0.012,                               77832.422,                                   1.000,
8/12/2026 1:59:15 PM  ,    3380.000,                                  10.167,                                  12.846,                                  17.924,                                   0.007,                                   0.012,                               77846.422,                                   1.000,
8/12/2026 1:59:20 PM  ,    3385.000,                                  10.167,                                  12.835,                                  17.908,                                   0.007,                                   0.012,                               77912.766,                                   1.000,
8/12/2026 1:59:25 PM  ,    3390.000,                                  10.168,                                  12.850,                                  17.929,                                   0.007,                                   0.012,                               77823.828,                                   1.000,
8/12/2026 1:59:30 PM  ,    3395.000,                                  10.169,                                  12.818,                                  17.884,                                   0.007,                                   0.012,                               78016.500,                                   1.000,
8/12/2026 1:59:35 PM  ,    3400.000,                                  10.169,                                  12.818,                                  17.884,                                   0.007,                                   0.012,                               78016.008,                                   1.000,
8/12/2026 1:59:40 PM  ,    3405.000,                                  10.169,                                  12.827,                                  17.897,                                   0.007,                                   0.012,                               77959.961,                                   1.000,
8/12/2026 1:59:45 PM  ,    3410.000,                                  10.170,                                  12.833,                                  17.904,                                   0.007,                                   0.012,                               77925.156,                                   1.000,
8/12/2026 1:59:50 PM  ,    3415.000,                                  10.170,                                  12.826,                                  17.894,                                   0.007,                                   0.012,                               77968.375,                                   1.000,
8/12/2026 1:59:55 PM  ,    3420.000,                                  10.171,                                  12.830,                                  17.899,                                   0.007,                                   0.012,                               77943.695,                                   1.000,
8/12/2026 2:00:00 PM  ,    3425.000,                                  10.171,                                  12.826,                                  17.894,                                   0.007,                                   0.012,                               77965.680,                                   1.000,
8/12/2026 2:00:05 PM  ,    3430.000,                                  10.172,                                  12.838,                                  17.910,                                   0.007,                                   0.012,                               77894.977,                                   1.000,
8/12/2026 2:00:10 PM  ,    3435.000,                                  10.172,                                  12.833,                                  17.903,                                   0.007,                                   0.012,                               77926.867,                                   1.000,
8/12/2026 2:00:15 PM  ,    3440.000,                                  10.172,                                  12.822,                                  17.888,                                   0.007,                                   0.012,                               77992.117,                                   1.000,
8/12/2026 2:00:20 PM  ,    3445.000,                                  10.173,                                  12.836,                                  17.907,                                   0.007,                                   0.012,                               77906.195,                                   1.000,
8/12/2026 2:00:25 PM  ,    3450.000,                                  10.174,                                  12.832,                                  17.901,                                   0.007,                                   0.012,                               77929.750,                                   1.000,
8/12/2026 2:00:30 PM  ,    3455.000,                                  10.174,                                  12.812,                                  17.873,                                   0.007,                                   0.012,                               78053.297,                                   1.000,
8/12/2026 2:00:35 PM  ,    3460.000,                                  10.175,                                  12.830,                                  17.898,                                   0.007,                                   0.012,                               77944.625,                                   1.000,
8/12/2026 2:00:40 PM  ,    3465.000,                                  10.175,                                  12.837,                                  17.908,                                   0.007,                                   0.012,                               77898.070,                                   1.000,
8/12/2026 2:00:45 PM  ,    3470.000,                                  10.175,                                  12.832,                                  17.901,                                   0.007,                                   0.012,                               77928.422,                                   1.000,
8/12/2026 2:00:50 PM  ,    3475.000,                                  10.175,                                  12.811,                                  17.872,                                   0.007,                                   0.012,                               78054.938,                                   1.000,
8/12/2026 2:00:55 PM  ,    3480.000,                                  10.176,                                  12.818,                                  17.881,                                   0.007,                                   0.012,                               78012.703,                                   1.000,
8/12/2026 2:01:00 PM  ,    3485.000,                                  10.175,                                  12.821,                                  17.885,                                   0.007,                                   0.012,                               77998.016,                                   1.000,
8/12/2026 2:01:05 PM  ,    3490.000,                                  10.176,                                  12.809,                                  17.868,                                   0.007,                                   0.012,                               78071.859,                                   1.000,
8/12/2026 2:01:10 PM  ,    3495.000,                                  10.176,                                  12.821,                                  17.886,                                   0.007,                                   0.012,                               77994.281,                                   1.000,
8/12/2026 2:01:15 PM  ,    3500.000,                                  10.176,                                  12.832,                                  17.900,                                   0.007,                                   0.012,                               77930.836,                                   1.000,
8/12/2026 2:01:20 PM  ,    3505.000,                                  10.176,                                  12.821,                                  17.884,                                   0.007,                                   0.012,                               77998.797,                                   1.000,
8/12/2026 2:01:25 PM  ,    3510.000,                                  10.176,                                  12.826,                                  17.892,                                   0.007,                                   0.012,                               77967.555,                                   1.000,
8/12/2026 2:01:30 PM  ,    3515.000,                                  10.176,                                  12.822,                                  17.886,                                   0.007,                                   0.012,                               77990.234,                                   1.000,
8/12/2026 2:01:35 PM  ,    3520.000,                                  10.176,                                  12.810,                                  17.869,                                   0.007,                                   0.012,                               78066.961,                                   1.000,
8/12/2026 2:01:40 PM  ,    3525.000,                                  10.176,                                  12.827,                                  17.893,                                   0.007,                                   0.012,                               77959.398,                                   1.000,
8/12/2026 2:01:45 PM  ,    3530.000,                                  10.177,                                  12.815,                                  17.877,                                   0.007,                                   0.012,                               78030.586,                                   1.000,
8/12/2026 2:01:50 PM  ,    3535.000,                                  10.177,                                  12.812,                                  17.872,                                   0.007,                                   0.012,                               78051.031,                                   1.000,
8/12/2026 2:01:55 PM  ,    3540.000,                                  10.177,                                  12.821,                                  17.885,                                   0.007,                                   0.012,                               77995.328,                                   1.000,
8/12/2026 2:02:00 PM  ,    3545.000,                                  10.176,                                  12.828,                                  17.894,                                   0.007,                                   0.012,                               77957.375,                                   1.000,
8/12/2026 2:02:05 PM  ,    3550.000,                                  10.176,                                  12.810,                                  17.870,                                   0.007,                                   0.012,                               78061.984,                                   1.000,
8/12/2026 2:02:10 PM  ,    3555.000,                                  10.176,                                  12.815,                                  17.876,                                   0.007,                                   0.012,                               78034.563,                                   1.000,
8/12/2026 2:02:15 PM  ,    3560.000,                                  10.177,                                  12.802,                                  17.858,                                   0.007,                                   0.012,                               78110.789,                                   1.000,
8/12/2026 2:02:20 PM  ,    3565.000,                                  10.176,                                  12.816,                                  17.878,                                   0.007,                                   0.012,                               78026.469,                                   1.000,
8/12/2026 2:02:25 PM  ,    3570.000,                                  10.176,                                  12.799,                                  17.854,                                   0.007,                                   0.012,                               78130.836,                                   1.000,
8/12/2026 2:02:30 PM  ,    3575.000,                                  10.177,                                  12.814,                                  17.875,                                   0.007,                                   0.012,                               78039.367,                                   1.000,
8/12/2026 2:02:35 PM  ,    3580.000,                                  10.177,                                  12.823,                                  17.888,                                   0.007,                                   0.012,                               77983.719,                                   1.000,
8/12/2026 2:02:40 PM  ,    3585.000,                                  10.176,                                  12.802,                                  17.858,                                   0.007,                                   0.012,                               78112.695,                                   1.000,
8/12/2026 2:02:45 PM  ,    3590.000,                                  10.177,                                  12.798,                                  17.853,                                   0.007,                                   0.012,                               78136.680,                                   1.000,
8/12/2026 2:02:50 PM  ,    3595.000,                                  10.176,                                  12.802,                                  17.859,                                   0.007,                                   0.012,                               78110.133,                                   1.000,
8/12/2026 2:02:55 PM  ,    3600.000,                                  10.177,                                  12.803,                                  17.859,                                   0.007,                                   0.012,                               78109.586,                                   1.000,
8/12/2026 2:03:00 PM  ,    3605.000,                                  10.177,                                  12.800,                                  17.856,                                   0.007,                                   0.012,                               78122.516,                                   1.000,
8/12/2026 2:03:05 PM  ,    3610.000,                                  10.177,                                  12.817,                                  17.879,                                   0.007,                                   0.012,                               78022.219,                                   1.000,
8/12/2026 2:03:10 PM  ,    3615.000,                                  10.177,                                  12.805,                                  17.862,                                   0.007,                                   0.012,                               78096.914,                                   1.000,
8/12/2026 2:03:15 PM  ,    3620.000,                                  10.177,                                  12.818,                                  17.880,                                   0.007,                                   0.012,                               78015.875,                                   1.000,
8/12/2026 2:03:20 PM  ,    3625.000,                                  10.177,                                  12.784,                                  17.834,                                   0.007,                                   0.012,                               78220.195,                                   1.000,
8/12/2026 2:03:25 PM  ,    3630.000,                                  10.177,                                  12.799,                                  17.854,                                   0.007,                                   0.012,                               78129.164,                                   1.000,
8/12/2026 2:03:30 PM  ,    3635.000,                                  10.177,                                  12.804,                                  17.860,                                   0.007,                                   0.012,                               78102.203,                                   1.000,
8/12/2026 2:03:35 PM  ,    3640.000,                                  10.177,                                  12.795,                                  17.849,                                   0.007,                                   0.012,                               78153.719,                                   1.000,
8/12/2026 2:03:40 PM  ,    3645.000,                                  10.176,                                  12.793,                                  17.845,                                   0.007,                                   0.012,                               78169.930,                                   1.000,
8/12/2026 2:03:45 PM  ,    3650.000,                                  10.178,                                  12.789,                                  17.839,                                   0.007,                                   0.012,                               78192.836,                                   1.000,
8/12/2026 2:03:50 PM  ,    3655.000,                                  10.177,                                  12.796,                                  17.849,                                   0.007,                                   0.012,                               78150.898,                                   1.000,
8/12/2026 2:03:55 PM  ,    3660.000,                                  10.177,                                  12.789,                                  17.840,                                   0.007,                                   0.012,                               78190.609,                                   1.000,
8/12/2026 2:04:00 PM  ,    3665.000,                                  10.178,                                  12.796,                                  17.849,                                   0.007,                                   0.012,                               78152.211,                                   1.000,
8/12/2026 2:04:05 PM  ,    3670.000,                                  10.178,                                  12.808,                                  17.866,                                   0.007,                                   0.012,                               78075.133,                                   1.000,
8/12/2026 2:04:10 PM  ,    3675.000,                                  10.178,                                  12.782,                                  17.829,                                   0.007,                                   0.012,                               78236.164,                                   1.000,
8/12/2026 2:04:15 PM  ,    3680.000,                                  10.178,                                  12.783,                                  17.830,                                   0.007,                                   0.012,                               78231.883,                                   1.000,
8/12/2026 2:04:20 PM  ,    3685.000,                                  10.178,                                  12.775,                                  17.819,                                   0.007,                                   0.012,                               78278.555,                                   1.000,
8/12/2026 2:04:25 PM  ,    3690.000,                                  10.178,                                  12.792,                                  17.844,                                   0.007,                                   0.012,                               78172.789,                                   1.000,
8/12/2026 2:04:30 PM  ,    3695.000,                                  10.179,                                  12.771,                                  17.813,                                   0.007,                                   0.012,                               78305.320,                                   1.000,
8/12/2026 2:04:35 PM  ,    3700.000,                                  10.179,                                  12.778,                                  17.824,                                   0.007,                                   0.012,                               78257.672,                                   1.000,
8/12/2026 2:04:40 PM  ,    3705.000,                                  10.179,                                  12.784,                                  17.831,                                   0.007,                                   0.012,                               78224.609,                                   1.000,
8/12/2026 2:04:45 PM  ,    3710.000,                                  10.180,                                  12.793,                                  17.844,                                   0.007,                                   0.012,                               78165.797,                                   1.000,
8/12/2026 2:04:50 PM  ,    3715.000,                                  10.181,                                  12.766,                                  17.805,                                   0.007,                                   0.012,                               78336.031,                                   1.000,
8/12/2026 2:04:55 PM  ,    3720.000,                                  10.181,                                  12.783,                                  17.829,                                   0.007,                                   0.012,                               78229.953,                                   1.000,
8/12/2026 2:05:00 PM  ,    3725.000,                                  10.181,                                  12.780,                                  17.825,                                   0.007,                                   0.012,                               78246.742,                                   1.000,
8/12/2026 2:05:05 PM  ,    3730.000,                                  10.181,                                  12.779,                                  17.824,                                   0.007,                                   0.012,                               78250.617,                                   1.000,
8/12/2026 2:05:10 PM  ,    3735.000,                                  10.182,                                  12.781,                                  17.827,                                   0.007,                                   0.012,                               78238.766,                                   1.000,
8/12/2026 2:05:15 PM  ,    3740.000,                                  10.182,                                  12.781,                                  17.826,                                   0.007,                                   0.012,                               78242.680,                                   1.000,
8/12/2026 2:05:20 PM  ,    3745.000,                                  10.183,                                  12.771,                                  17.811,                                   0.007,                                   0.012,                               78304.641,                                   1.000,
8/12/2026 2:05:25 PM  ,    3750.000,                                  10.184,                                  12.787,                                  17.834,                                   0.007,                                   0.012,                               78204.836,                                   1.000,
8/12/2026 2:05:30 PM  ,    3755.000,                                  10.184,                                  12.777,                                  17.819,                                   0.007,                                   0.012,                               78267.219,                                   1.000,
8/12/2026 2:05:35 PM  ,    3760.000,                                  10.184,                                  12.781,                                  17.825,                                   0.007,                                   0.012,                               78242.883,                                   1.000,
8/12/2026 2:05:40 PM  ,    3765.000,                                  10.186,                                  12.772,                                  17.812,                                   0.007,                                   0.012,                               78295.789,                                   1.000,
8/12/2026 2:05:45 PM  ,    3770.000,                                  10.185,                                  12.764,                                  17.800,                                   0.007,                                   0.012,                               78347.891,                                   1.000,
8/12/2026 2:05:50 PM  ,    3775.000,                                  10.186,                                  12.782,                                  17.826,                                   0.007,                                   0.012,                               78233.070,                                   1.000,
8/12/2026 2:05:55 PM  ,    3780.000,                                  10.186,                                  12.789,                                  17.835,                                   0.007,                                   0.012,                               78191.648,                                   1.000,
8/12/2026 2:06:00 PM  ,    3785.000,                                  10.187,                                  12.777,                                  17.818,                                   0.007,                                   0.012,                               78264.617,                                   1.000,
8/12/2026 2:06:05 PM  ,    3790.000,                                  10.188,                                  12.767,                                  17.804,                                   0.007,                                   0.012,                               78325.938,                                   1.000,
8/12/2026 2:06:10 PM  ,    3795.000,                                  10.189,                                  12.768,                                  17.805,                                   0.007,                                   0.012,                               78319.148,                                   1.000,
8/12/2026 2:06:15 PM  ,    3800.000,                                  10.189,                                  12.767,                                  17.803,                                   0.007,                                   0.012,                               78327.625,                                   1.000,
8/12/2026 2:06:20 PM  ,    3805.000,                                  10.189,                                  12.774,                                  17.813,                                   0.007,                                   0.012,                               78282.711,                                   1.000,
8/12/2026 2:06:25 PM  ,    3810.000,                                  10.190,                                  12.778,                                  17.818,                                   0.007,                                   0.012,                               78258.359,                                   1.000,
8/12/2026 2:06:30 PM  ,    3815.000,                                  10.191,                                  12.782,                                  17.823,                                   0.007,                                   0.012,                               78235.555,                                   1.000,
8/12/2026 2:06:35 PM  ,    3820.000,                                  10.191,                                  12.763,                                  17.796,                                   0.007,                                   0.012,                               78354.531,                                   1.000,
8/12/2026 2:06:40 PM  ,    3825.000,                                  10.192,                                  12.778,                                  17.818,                                   0.007,                                   0.012,                               78258.133,                                   1.000,
8/12/2026 2:06:45 PM  ,    3830.000,                                  10.193,                                  12.768,                                  17.802,                                   0.007,                                   0.012,                               78323.500,                                   1.000,
8/12/2026 2:06:50 PM  ,    3835.000,                                  10.194,                                  12.774,                                  17.811,                                   0.007,                                   0.012,                               78283.695,                                   1.000,
8/12/2026 2:06:53 PM  ,    3838.000,                                  10.194,                                  12.777,                                  17.814,                                   0.007,                                   0.012,                               78267.023,                                   1.000,
8/12/2026 2:06:54 PM  ,    3839.000,                                  10.195,                                  12.770,                                  17.804,                                   0.007,                                   0.012,                               78310.594,                                   1.000,
8/12/2026 2:06:55 PM  ,    3840.000,                                  10.195,                                  12.779,                                  17.817,                                   0.007,                                   0.012,                               78254.508,                                   1.000,
8/12/2026 2:06:56 PM  ,    3841.000,                                  10.196,                                  12.772,                                  17.807,                                   0.007,                                   0.012,                               78297.711,                                   1.000,
8/12/2026 2:06:57 PM  ,    3842.000,                                  10.196,                                  12.768,                                  17.801,                                   0.007,                                   0.012,                               78322.773,                                   1.000,
8/12/2026 2:06:58 PM  ,    3843.000,                                  10.197,                                  12.779,                                  17.817,                                   0.007,                                   0.012,                               78250.781,                                   1.000,
8/12/2026 2:06:59 PM  ,    3844.000,                                  10.197,                                  12.778,                                  17.815,                                   0.007,                                   0.012,                               78260.336,                                   1.000,
8/12/2026 2:07:00 PM  ,    3845.000,                                  10.197,                                  12.764,                                  17.796,                                   0.007,                                   0.012,                               78344.414,                                   1.000,
8/12/2026 2:07:01 PM  ,    3846.000,                                  10.197,                                  12.768,                                  17.801,                                   0.007,                                   0.012,                               78321.320,                                   1.000,
8/12/2026 2:07:02 PM  ,    3847.000,                                  10.197,                                  12.780,                                  17.818,                                   0.007,                                   0.012,                               78246.602,                                   1.000,
8/12/2026 2:07:03 PM  ,    3848.000,                                  10.198,                                  12.769,                                  17.801,                                   0.007,                                   0.012,                               78317.328,                                   1.000,
8/12/2026 2:07:04 PM  ,    3849.000,                                  10.198,                                  12.779,                                  17.815,                                   0.007,                                   0.012,                               78256.406,                                   1.000,
8/12/2026 2:07:05 PM  ,    3850.000,                                  10.198,                                  12.767,                                  17.799,                                   0.007,                                   0.012,                               78325.148,                                   1.000,
8/12/2026 2:07:06 PM  ,    3851.000,                                  10.198,                                  12.778,                                  17.815,                                   0.007,                                   0.012,                               78257.242,                                   1.000,
8/12/2026 2:07:07 PM  ,    3852.000,                                  10.198,                                  12.771,                                  17.804,                                   0.007,                                   0.012,                               78304.969,                                   1.000,
8/12/2026 2:07:08 PM  ,    3853.000,                                  10.199,                                  12.789,                                  17.830,                                   0.007,                                   0.012,                               78191.055,                                   1.000,
8/12/2026 2:07:09 PM  ,    3854.000,                                  10.199,                                  12.784,                                  17.822,                                   0.007,                                   0.012,                               78223.625,                                   1.000,
8/12/2026 2:07:10 PM  ,    3855.000,                                  10.200,                                  12.774,                                  17.808,                                   0.007,                                   0.012,                               78283.922,                                   1.000,
8/12/2026 2:07:11 PM  ,    3856.000,                                  10.200,                                  12.773,                                  17.806,                                   0.007,                                   0.012,                               78290.586,                                   1.000,
8/12/2026 2:07:12 PM  ,    3857.010,                                  10.200,                                  12.785,                                  17.823,                                   0.007,                                   0.012,                               78217.008,                                   1.000,
8/12/2026 2:07:13 PM  ,    3858.000,                                  10.201,                                  12.783,                                  17.821,                                   0.007,                                   0.012,                               78226.094,                                   1.000,
8/12/2026 2:07:14 PM  ,    3859.000,                                  10.202,                                  12.791,                                  17.832,                                   0.007,                                   0.012,                               78176.961,                                   1.000,
8/12/2026 2:07:15 PM  ,    3860.000,                                  10.202,                                  12.799,                                  17.843,                                   0.007,                                   0.012,                               78128.969,                                   1.000,
8/12/2026 2:07:16 PM  ,    3861.000,                                  10.202,                                  12.781,                                  17.817,                                   0.007,                                   0.012,                               78239.391,                                   1.000,
8/12/2026 2:07:17 PM  ,    3862.000,                                  10.202,                                  12.778,                                  17.813,                                   0.007,                                   0.012,                               78257.703,                                   1.000,
8/12/2026 2:07:18 PM  ,    3863.000,                                  10.202,                                  12.783,                                  17.819,                                   0.007,                                   0.012,                               78230.211,                                   1.000,
8/12/2026 2:07:19 PM  ,    3864.000,                                  10.203,                                  12.795,                                  17.836,                                   0.007,                                   0.012,                               78156.125,                                   1.000,
8/12/2026 2:07:20 PM  ,    3865.000,                                  10.204,                                  12.778,                                  17.812,                                   0.007,                                   0.012,                               78260.438,                                   1.000,
8/12/2026 2:07:21 PM  ,    3866.000,                                  10.204,                                  12.791,                                  17.829,                                   0.007,                                   0.012,                               78181.695,                                   1.000,
8/12/2026 2:07:22 PM  ,    3867.000,                                  10.204,                                  12.788,                                  17.825,                                   0.007,                                   0.012,                               78201.094,                                   1.000,
8/12/2026 2:07:23 PM  ,    3868.000,                                  10.204,                                  12.791,                                  17.830,                                   0.007,                                   0.012,                               78179.781,                                   1.000,
8/12/2026 2:07:24 PM  ,    3869.000,                                  10.204,                                  12.812,                                  17.858,                                   0.007,                                   0.012,                               78053.703,                                   1.000,
8/12/2026 2:07:25 PM  ,    3870.000,                                  10.205,                                  12.795,                                  17.835,                                   0.007,                                   0.012,                               78154.906,                                   1.000,
8/12/2026 2:07:26 PM  ,    3871.000,                                  10.205,                                  12.813,                                  17.860,                                   0.007,                                   0.012,                               78044.750,                                   1.000,
8/12/2026 2:07:27 PM  ,    3872.000,                                  10.206,                                  12.822,                                  17.873,                                   0.007,                                   0.012,                               77988.000,                                   1.000,
8/12/2026 2:07:28 PM  ,    3873.000,                                  10.206,                                  12.818,                                  17.866,                                   0.007,                                   0.012,                               78017.922,                                   1.000,
8/12/2026 2:07:29 PM  ,    3874.000,                                  10.206,                                  12.804,                                  17.846,                                   0.007,                                   0.012,                               78102.797,                                   1.000,
8/12/2026 2:07:30 PM  ,    3875.053,                                  10.206,                                  12.801,                                  17.843,                                   0.007,                                   0.012,                               78118.383,                                   1.000,
8/12/2026 2:07:31 PM  ,    3876.000,                                  10.207,                                  12.800,                                  17.841,                                   0.007,                                   0.012,                               78126.172,                                   1.000,
8/12/2026 2:07:32 PM  ,    3877.000,                                   0.000,                                   0.000,                                   0.000,                                   0.000,                                   0.000,                                   0.000,                                   0.000,
8/12/2026 2:07:33 PM  ,    3878.000,                                  10.207,                                  12.793,                                  17.831,                                   0.007,                                   0.012,                               78169.203,                                   1.000,
8/12/2026 2:07:34 PM  ,    3879.000,                                  10.208,                                  12.805,                                  17.848,                                   0.007,                                   0.012,                               78092.250,                                   1.000,
8/12/2026 2:07:35 PM  ,    3880.000,                                  10.208,                                  12.796,                                  17.835,                                   0.007,                                   0.012,                               78149.820,                                   1.000,
8/12/2026 2:07:36 PM  ,    3881.000,                                  10.208,                                  12.813,                                  17.858,                                   0.007,                                   0.012,                               78046.570,                                   1.000,
8/12/2026 2:07:37 PM  ,    3882.000,                                  10.209,                                  12.806,                                  17.848,                                   0.007,                                   0.012,                               78089.680,                                   1.000,
8/12/2026 2:07:38 PM  ,    3883.000,                                  10.209,                                  12.797,                                  17.835,                                   0.007,                                   0.012,                               78146.102,                                   1.000,
8/12/2026 2:07:39 PM  ,    3884.000,                                  10.210,                                  12.802,                                  17.843,                                   0.007,                                   0.012,                               78112.375,                                   1.000,
8/12/2026 2:07:40 PM  ,    3885.000,                                  10.210,                                  12.808,                                  17.851,                                   0.007,                                   0.012,                               78074.383,                                   1.000,
8/12/2026 2:07:41 PM  ,    3886.000,                                  10.210,                                  12.817,                                  17.864,                                   0.007,                                   0.012,                               78019.805,                                   1.000,
8/12/2026 2:07:42 PM  ,    3887.000,                                  10.210,                                  12.811,                                  17.854,                                   0.007,                                   0.012,                               78060.703,                                   1.000,
8/12/2026 2:07:43 PM  ,    3888.000,                                  10.210,                                  12.808,                                  17.851,                                   0.007,                                   0.012,                               78073.313,                                   1.000,
8/12/2026 2:07:44 PM  ,    3889.000,                                  10.211,                                  12.816,                                  17.861,                                   0.007,                                   0.012,                               78028.047,                                   1.000,
8/12/2026 2:07:45 PM  ,    3890.000,                                  10.211,                                  12.810,                                  17.852,                                   0.007,                                   0.012,                               78066.883,                                   1.000,
8/12/2026 2:07:46 PM  ,    3891.000,                                  10.212,                                  12.807,                                  17.848,                                   0.007,                                   0.012,                               78085.203,                                   1.000,
8/12/2026 2:07:47 PM  ,    3892.000,                                  10.212,                                  12.801,                                  17.839,                                   0.007,                                   0.012,                               78120.594,                                   1.000,
8/12/2026 2:07:48 PM  ,    3893.000,                                  10.212,                                  12.820,                                  17.866,                                   0.007,                                   0.012,                               78006.117,                                   1.000,
8/12/2026 2:07:49 PM  ,    3894.010,                                  10.212,                                  12.811,                                  17.854,                                   0.007,                                   0.012,                               78057.859,                                   1.000,
8/12/2026 2:07:50 PM  ,    3895.000,                                  10.212,                                  12.802,                                  17.842,                                   0.007,                                   0.012,                               78110.016,                                   1.000,
8/12/2026 2:07:51 PM  ,    3896.000,                                  10.212,                                  12.798,                                  17.836,                                   0.007,                                   0.012,                               78135.219,                                   1.000,
8/12/2026 2:07:52 PM  ,    3897.000,                                  10.213,                                  12.800,                                  17.839,                                   0.007,                                   0.012,                               78122.438,                                   1.000,
8/12/2026 2:07:53 PM  ,    3898.000,                                  10.213,                                  12.809,                                  17.850,                                   0.007,                                   0.012,                               78071.625,                                   1.000,
8/12/2026 2:07:54 PM  ,    3899.000,                                  10.213,                                  12.810,                                  17.852,                                   0.007,                                   0.012,                               78062.617,                                   1.000,
8/12/2026 2:07:55 PM  ,    3900.000,                                  10.214,                                  12.803,                                  17.842,                                   0.007,                                   0.012,                               78106.008,                                   1.000,
8/12/2026 2:07:56 PM  ,    3901.000,                                  10.214,                                  12.809,                                  17.851,                                   0.007,                                   0.012,                               78067.938,                                   1.000,
8/12/2026 2:07:57 PM  ,    3902.000,                                  10.214,                                  12.814,                                  17.858,                                   0.007,                                   0.012,                               78037.008,                                   1.000,
8/12/2026 2:07:58 PM  ,    3903.000,                                  10.214,                                  12.810,                                  17.852,                                   0.007,                                   0.012,                               78061.805,                                   1.000,
8/12/2026 2:07:59 PM  ,    3904.000,                                  10.215,                                  12.816,                                  17.859,                                   0.007,                                   0.012,                               78029.031,                                   1.000,
8/12/2026 2:08:00 PM  ,    3905.000,                                  10.215,                                  12.814,                                  17.856,                                   0.007,                                   0.012,                               78041.281,                                   1.000,
8/12/2026 2:08:01 PM  ,    3906.000,                                  10.215,                                  12.819,                                  17.863,                                   0.007,                                   0.012,                               78011.797,                                   1.000,
8/12/2026 2:08:02 PM  ,    3907.000,                                  10.215,                                  12.809,                                  17.849,                                   0.007,                                   0.012,                               78072.086,                                   1.000,
8/12/2026 2:08:03 PM  ,    3908.000,                                  10.216,                                  12.798,                                  17.833,                                   0.007,                                   0.012,                               78138.289,                                   1.000,
8/12/2026 2:08:04 PM  ,    3909.000,                                  10.217,                                  12.807,                                  17.846,                                   0.007,                                   0.012,                               78080.414,                                   1.000,
8/12/2026 2:08:05 PM  ,    3910.000,                                  10.217,                                  12.798,                                  17.834,                                   0.007,                                   0.012,                               78134.883,                                   1.000,
8/12/2026 2:08:06 PM  ,    3911.000,                                  10.217,                                  12.807,                                  17.845,                                   0.007,                                   0.012,                               78085.055,                                   1.000,
8/12/2026 2:08:07 PM  ,    3912.000,                                  10.217,                                  12.812,                                  17.852,                                   0.007,                                   0.012,                               78052.820,                                   1.000,
8/12/2026 2:08:08 PM  ,    3913.000,                                  10.218,                                  12.798,                                  17.833,                                   0.007,                                   0.012,                               78135.969,                                   1.000,
8/12/2026 2:08:09 PM  ,    3914.000,                                  10.218,                                  12.795,                                  17.829,                                   0.007,                                   0.012,                               78153.328,                                   1.000,
8/12/2026 2:08:10 PM  ,    3915.000,                                  10.218,                                  12.806,                                  17.844,                                   0.007,                                   0.012,                               78087.039,                                   1.000,
8/12/2026 2:08:11 PM  ,    3916.000,                                  10.218,                                  12.821,                                  17.865,                                   0.007,                                   0.012,                               77997.188,                                   1.000,
8/12/2026 2:08:12 PM  ,    3917.000,                                  10.218,                                  12.797,                                  17.831,                                   0.007,                                   0.012,                               78144.461,                                   1.000,
8/12/2026 2:08:13 PM  ,    3918.000,                                  10.219,                                  12.809,                                  17.848,                                   0.007,                                   0.012,                               78067.172,                                   1.000,
8/12/2026 2:08:14 PM  ,    3919.000,                                  10.219,                                  12.803,                                  17.840,                                   0.007,                                   0.012,                               78105.273,                                   1.000,
8/12/2026 2:08:15 PM  ,    3920.000,                                  10.220,                                  12.828,                                  17.874,                                   0.007,                                   0.012,                               77953.672,                                   1.000,
8/12/2026 2:08:16 PM  ,    3921.000,                                  10.220,                                  12.814,                                  17.855,                                   0.007,                                   0.012,                               78037.094,                                   1.000,
8/12/2026 2:08:17 PM  ,    3922.000,                                  10.221,                                  12.826,                                  17.871,                                   0.007,                                   0.012,                               77966.844,                                   1.000,
8/12/2026 2:08:18 PM  ,    3923.000,                                  10.220,                                  12.810,                                  17.848,                                   0.007,                                   0.012,                               78064.719,                                   1.000,
8/12/2026 2:08:19 PM  ,    3924.000,                                  10.220,                                  12.810,                                  17.849,                                   0.007,                                   0.012,                               78061.961,                                   1.000,
8/12/2026 2:08:20 PM  ,    3925.000,                                  10.221,                                  12.812,                                  17.852,                                   0.007,                                   0.012,                               78048.984,                                   1.000,
8/12/2026 2:08:21 PM  ,    3926.000,                                  10.221,                                  12.808,                                  17.845,                                   0.007,                                   0.012,                               78076.406,                                   1.000,
8/12/2026 2:08:22 PM  ,    3927.000,                                  10.222,                                  12.808,                                  17.844,                                   0.007,                                   0.012,                               78078.586,                                   1.000,
8/12/2026 2:08:23 PM  ,    3928.000,                                  10.222,                                  12.825,                                  17.868,                                   0.007,                                   0.012,                               77975.531,                                   1.000,
8/12/2026 2:08:24 PM  ,    3929.000,                                  10.222,                                  12.803,                                  17.838,                                   0.007,                                   0.012,                               78108.789,                                   1.000,
8/12/2026 2:08:25 PM  ,    3930.000,                                  10.222,                                  12.801,                                  17.835,                                   0.007,                                   0.012,                               78120.633,                                   1.000,
8/12/2026 2:08:26 PM  ,    3931.000,                                  10.223,                                  12.799,                                  17.832,                                   0.007,                                   0.012,                               78129.711,                                   1.000,
8/12/2026 2:08:27 PM  ,    3932.000,                                  10.223,                                  12.799,                                  17.833,                                   0.007,                                   0.012,                               78128.711,                                   1.000,
8/12/2026 2:08:28 PM  ,    3933.000,                                  10.223,                                  12.796,                                  17.828,                                   0.007,                                   0.012,                               78148.602,                                   1.000,
8/12/2026 2:08:29 PM  ,    3934.000,                                  10.224,                                  12.791,                                  17.820,                                   0.007,                                   0.012,                               78182.672,                                   1.000,
8/12/2026 2:08:30 PM  ,    3935.000,                                  10.223,                                  12.792,                                  17.822,                                   0.007,                                   0.012,                               78173.719,                                   1.000,
8/12/2026 2:08:31 PM  ,    3936.000,                                  10.223,                                  12.789,                                  17.817,                                   0.007,                                   0.012,                               78194.422,                                   1.000,
8/12/2026 2:08:32 PM  ,    3937.000,                                  10.223,                                  12.795,                                  17.826,                                   0.007,                                   0.012,                               78154.984,                                   1.000,
8/12/2026 2:08:33 PM  ,    3938.000,                                  10.224,                                  12.790,                                  17.819,                                   0.007,                                   0.012,                               78184.445,                                   1.000,
8/12/2026 2:08:34 PM  ,    3939.000,                                  10.224,                                  12.795,                                  17.826,                                   0.007,                                   0.012,                               78154.344,                                   1.000,
8/12/2026 2:08:35 PM  ,    3940.000,                                  10.224,                                  12.800,                                  17.832,                                   0.007,                                   0.012,                               78126.055,                                   1.000,
8/12/2026 2:08:36 PM  ,    3941.000,                                  10.225,                                  12.794,                                  17.825,                                   0.007,                                   0.012,                               78158.852,                                   1.000,
8/12/2026 2:08:37 PM  ,    3942.000,                                  10.225,                                  12.795,                                  17.826,                                   0.007,                                   0.012,                               78154.875,                                   1.000,
8/12/2026 2:08:38 PM  ,    3943.000,                                  10.225,                                  12.798,                                  17.830,                                   0.007,                                   0.012,                               78134.352,                                   1.000,
8/12/2026 2:08:39 PM  ,    3944.000,                                  10.225,                                  12.800,                                  17.833,                                   0.007,                                   0.012,                               78123.844,                                   1.000,
8/12/2026 2:08:40 PM  ,    3945.000,                                  10.226,                                  12.805,                                  17.839,                                   0.007,                                   0.012,                               78093.031,                                   1.000,
8/12/2026 2:08:41 PM  ,    3946.000,                                  10.226,                                  12.788,                                  17.816,                                   0.007,                                   0.012,                               78196.148,                                   1.000,
8/12/2026 2:08:42 PM  ,    3947.000,                                  10.226,                                  12.802,                                  17.835,                                   0.007,                                   0.012,                               78110.695,                                   1.000,
8/12/2026 2:08:43 PM  ,    3948.000,                                  10.226,                                  12.799,                                  17.831,                                   0.007,                                   0.012,                               78128.617,                                   1.000,
8/12/2026 2:08:44 PM  ,    3949.000,                                  10.227,                                  12.801,                                  17.833,                                   0.007,                                   0.012,                               78119.352,                                   1.000,
8/12/2026 2:08:45 PM  ,    3950.000,                                  10.226,                                  12.796,                                  17.826,                                   0.007,                                   0.012,                               78149.789,                                   1.000,
8/12/2026 2:08:46 PM  ,    3951.000,                                  10.227,                                  12.786,                                  17.812,                                   0.007,                                   0.012,                               78212.469,                                   1.000,
8/12/2026 2:08:47 PM  ,    3952.000,                                  10.227,                                  12.792,                                  17.821,                                   0.007,                                   0.012,                               78171.711,                                   1.000,
8/12/2026 2:08:48 PM  ,    3953.000,                                  10.228,                                  12.788,                                  17.815,                                   0.007,                                   0.012,                               78195.297,                                   1.000,
8/12/2026 2:08:49 PM  ,    3954.000,                                  10.227,                                  12.793,                                  17.822,                                   0.007,                                   0.012,                               78164.961,                                   1.000,
8/12/2026 2:08:50 PM  ,    3955.000,                                  10.228,                                  12.792,                                  17.820,                                   0.007,                                   0.012,                               78172.328,                                   1.000,
8/12/2026 2:08:51 PM  ,    3956.000,                                  10.227,                                  12.790,                                  17.818,                                   0.007,                                   0.012,                               78184.344,                                   1.000,
8/12/2026 2:08:52 PM  ,    3957.000,                                  10.228,                                  12.779,                                  17.802,                                   0.007,                                   0.012,                               78252.500,                                   1.000,
8/12/2026 2:08:53 PM  ,    3958.000,                                  10.228,                                  12.781,                                  17.805,                                   0.007,                                   0.012,                               78238.133,                                   1.000,
8/12/2026 2:08:54 PM  ,    3959.000,                                  10.228,                                  12.787,                                  17.812,                                   0.007,                                   0.012,                               78205.664,                                   1.000,
8/12/2026 2:08:55 PM  ,    3960.000,                                  10.228,                                  12.790,                                  17.817,                                   0.007,                                   0.012,                               78186.273,                                   1.000,
8/12/2026 2:08:56 PM  ,    3961.000,                                  10.229,                                  12.788,                                  17.814,                                   0.007,                                   0.012,                               78196.703,                                   1.000,
8/12/2026 2:08:57 PM  ,    3962.000,                                  10.228,                                  12.779,                                  17.801,                                   0.007,                                   0.012,                               78255.719,                                   1.000,
8/12/2026 2:08:58 PM  ,    3963.000,                                  10.229,                                  12.769,                                  17.787,                                   0.007,                                   0.012,                               78313.969,                                   1.000,
8/12/2026 2:08:59 PM  ,    3964.000,                                  10.229,                                  12.780,                                  17.802,                                   0.007,                                   0.012,                               78247.359,                                   1.000,
8/12/2026 2:09:00 PM  ,    3965.000,                                  10.230,                                  12.785,                                  17.809,                                   0.007,                                   0.012,                               78216.844,                                   1.000,
8/12/2026 2:09:01 PM  ,    3966.000,                                  10.230,                                  12.785,                                  17.809,                                   0.007,                                   0.012,                               78217.180,                                   1.000,
8/12/2026 2:09:02 PM  ,    3967.000,                                  10.230,                                  12.777,                                  17.798,                                   0.007,                                   0.012,                               78264.914,                                   1.000,
8/12/2026 2:09:03 PM  ,    3968.000,                                  10.230,                                  12.785,                                  17.809,                                   0.007,                                   0.012,                               78215.820,                                   1.000,
8/12/2026 2:09:04 PM  ,    3969.000,                                  10.230,                                  12.783,                                  17.806,                                   0.007,                                   0.012,                               78231.953,                                   1.000,
8/12/2026 2:09:05 PM  ,    3970.000,                                  10.230,                                  12.772,                                  17.791,                                   0.007,                                   0.012,                               78295.828,                                   1.000,
8/12/2026 2:09:06 PM  ,    3971.000,                                  10.230,                                  12.777,                                  17.798,                                   0.007,                                   0.012,                               78264.453,                                   1.000,
8/12/2026 2:09:07 PM  ,    3972.000,                                  10.231,                                  12.782,                                  17.804,                                   0.007,                                   0.012,                               78237.094,                                   1.000,
8/12/2026 2:09:08 PM  ,    3973.000,                                  10.231,                                  12.782,                                  17.805,                                   0.007,                                   0.012,                               78233.203,                                   1.000,
8/12/2026 2:09:09 PM  ,    3974.000,                                  10.231,                                  12.781,                                  17.803,                                   0.007,                                   0.012,                               78240.055,                                   1.000,
8/12/2026 2:09:10 PM  ,    3975.000,                                  10.231,                                  12.777,                                  17.798,                                   0.007,                                   0.012,                               78264.094,                                   1.000,
8/12/2026 2:09:11 PM  ,    3976.000,                                  10.231,                                  12.778,                                  17.798,                                   0.007,                                   0.012,                               78261.523,                                   1.000,
8/12/2026 2:09:12 PM  ,    3977.000,                                  10.231,                                  12.781,                                  17.803,                                   0.007,                                   0.012,                               78239.297,                                   1.000,
8/12/2026 2:09:13 PM  ,    3978.000,                                  10.231,                                  12.777,                                  17.797,                                   0.007,                                   0.012,                               78265.375,                                   1.000,
8/12/2026 2:09:14 PM  ,    3979.000,                                  10.232,                                  12.774,                                  17.793,                                   0.007,                                   0.012,                               78283.016,                                   1.000,
8/12/2026 2:09:15 PM  ,    3980.000,                                  10.231,                                  12.767,                                  17.784,                                   0.007,                                   0.012,                               78324.984,                                   1.000,
8/12/2026 2:09:16 PM  ,    3981.000,                                  10.232,                                  12.772,                                  17.790,                                   0.007,                                   0.012,                               78295.914,                                   1.000,
8/12/2026 2:09:17 PM  ,    3982.000,                                  10.232,                                  12.777,                                  17.797,                                   0.007,                                   0.012,                               78265.438,                                   1.000,
8/12/2026 2:09:18 PM  ,    3983.000,                                  10.232,                                  12.770,                                  17.788,                                   0.007,                                   0.012,                               78306.109,                                   1.000,
8/12/2026 2:09:19 PM  ,    3984.000,                                  10.232,                                  12.768,                                  17.784,                                   0.007,                                   0.012,                               78320.914,                                   1.000,
8/12/2026 2:09:20 PM  ,    3985.000,                                  10.233,                                  12.770,                                  17.787,                                   0.007,                                   0.012,                               78309.344,                                   1.000,
8/12/2026 2:09:21 PM  ,    3986.000,                                  10.233,                                  12.767,                                  17.782,                                   0.007,                                   0.012,                               78328.578,                                   1.000,
8/12/2026 2:09:22 PM  ,    3987.000,                                  10.232,                                  12.784,                                  17.806,                                   0.007,                                   0.012,                               78223.023,                                   1.000,
8/12/2026 2:09:23 PM  ,    3988.000,                                  10.233,                                  12.774,                                  17.792,                                   0.007,                                   0.012,                               78284.953,                                   1.000,
8/12/2026 2:09:24 PM  ,    3989.000,                                  10.233,                                  12.772,                                  17.790,                                   0.007,                                   0.012,                               78294.906,                                   1.000,
8/12/2026 2:09:25 PM  ,    3990.000,                                  10.233,                                  12.782,                                  17.803,                                   0.007,                                   0.012,                               78235.211,                                   1.000,
8/12/2026 2:09:26 PM  ,    3991.000,                                  10.233,                                  12.779,                                  17.799,                                   0.007,                                   0.012,                               78254.961,                                   1.000,
8/12/2026 2:09:27 PM  ,    3992.000,                                  10.233,                                  12.783,                                  17.804,                                   0.007,                                   0.012,                               78230.766,                                   1.000,
8/12/2026 2:09:28 PM  ,    3993.000,                                  10.234,                                  12.771,                                  17.788,                                   0.007,                                   0.012,                               78302.523,                                   1.000,
8/12/2026 2:09:29 PM  ,    3994.000,                                  10.233,                                  12.764,                                  17.778,                                   0.007,                                   0.012,                               78346.898,                                   1.000,
8/12/2026 2:09:30 PM  ,    3995.000,                                  10.233,                                  12.766,                                  17.781,                                   0.007,                                   0.012,                               78332.328,                                   1.000,
8/12/2026 2:09:31 PM  ,    3996.000,                                  10.234,                                  12.773,                                  17.790,                                   0.007,                                   0.012,                               78291.289,                                   1.000,
8/12/2026 2:09:32 PM  ,    3997.000,                                  10.234,                                  12.771,                                  17.787,                                   0.007,                                   0.012,                               78304.898,                                   1.000,
8/12/2026 2:09:33 PM  ,    3998.000,                                  10.234,                                  12.772,                                  17.789,                                   0.007,                                   0.012,                               78296.188,                                   1.000,
8/12/2026 2:09:34 PM  ,    3999.000,                                  10.234,                                  12.773,                                  17.791,                                   0.007,                                   0.012,                               78288.539,                                   1.000,
8/12/2026 2:09:35 PM  ,    4000.000,                                  10.235,                                  12.765,                                  17.779,                                   0.007,                                   0.012,                               78337.781,                                   1.000,
8/12/2026 2:09:36 PM  ,    4001.000,                                  10.234,                                  12.764,                                  17.778,                                   0.007,                                   0.012,                               78345.813,                                   1.000,
8/12/2026 2:09:37 PM  ,    4002.000,                                  10.234,                                  12.767,                                  17.782,                                   0.007,                                   0.012,                               78326.469,                                   1.000,
8/12/2026 2:09:38 PM  ,    4003.000,                                  10.235,                                  12.770,                                  17.786,                                   0.007,                                   0.012,                               78309.148,                                   1.000,
8/12/2026 2:09:39 PM  ,    4004.000,                                  10.234,                                  12.763,                                  17.776,                                   0.007,                                   0.012,                               78352.969,                                   1.000,
8/12/2026 2:09:40 PM  ,    4005.000,                                  10.235,                                  12.770,                                  17.786,                                   0.007,                                   0.012,                               78308.359,                                   1.000,
8/12/2026 2:09:41 PM  ,    4006.000,                                  10.235,                                  12.754,                                  17.764,                                   0.007,                                   0.012,                               78404.773,                                   1.000,
8/12/2026 2:09:42 PM  ,    4007.000,                                  10.234,                                  12.770,                                  17.786,                                   0.007,                                   0.012,                               78309.016,                                   1.000,
8/12/2026 2:09:43 PM  ,    4008.000,                                  10.235,                                  12.760,                                  17.772,                                   0.007,                                   0.012,                               78369.281,                                   1.000,
8/12/2026 2:09:44 PM  ,    4009.000,                                  10.235,                                  12.753,                                  17.763,                                   0.007,                                   0.012,                               78410.859,                                   1.000,
8/12/2026 2:09:45 PM  ,    4010.000,                                  10.235,                                  12.759,                                  17.770,                                   0.007,                                   0.012,                               78376.609,                                   1.000,
8/12/2026 2:09:46 PM  ,    4011.000,                                  10.235,                                  12.762,                                  17.775,                                   0.007,                                   0.012,                               78356.211,                                   1.000,
8/12/2026 2:09:47 PM  ,    4012.000,                                  10.235,                                  12.768,                                  17.783,                                   0.007,                                   0.012,                               78319.344,                                   1.000,
8/12/2026 2:09:48 PM  ,    4013.000,                                  10.235,                                  12.754,                                  17.764,                                   0.007,                                   0.012,                               78405.672,                                   1.000,
8/12/2026 2:09:49 PM  ,    4014.000,                                  10.235,                                  12.768,                                  17.782,                                   0.007,                                   0.012,                               78322.180,                                   1.000,
8/12/2026 2:09:50 PM  ,    4015.000,                                  10.236,                                  12.762,                                  17.774,                                   0.007,                                   0.012,                               78358.813,                                   1.000,
8/12/2026 2:09:51 PM  ,    4016.000,                                  10.236,                                  12.767,                                  17.781,                                   0.007,                                   0.012,                               78328.383,                                   1.000,
8/12/2026 2:09:52 PM  ,    4017.000,                                  10.236,                                  12.751,                                  17.759,                                   0.007,                                   0.012,                               78423.430,                                   1.000,
8/12/2026 2:09:53 PM  ,    4018.000,                                  10.236,                                  12.770,                                  17.785,                                   0.007,                                   0.012,                               78309.508,                                   1.000,
8/12/2026 2:09:54 PM  ,    4019.000,                                  10.236,                                  12.764,                                  17.777,                                   0.007,                                   0.012,                               78345.977,                                   1.000,
8/12/2026 2:09:55 PM  ,    4020.000,                                  10.236,                                  12.770,                                  17.785,                                   0.007,                                   0.012,                               78311.250,                                   1.000,
8/12/2026 2:09:56 PM  ,    4021.000,                                  10.236,                                  12.763,                                  17.776,                                   0.007,                                   0.012,                               78351.352,                                   1.000,
8/12/2026 2:09:57 PM  ,    4022.000,                                  10.236,                                  12.749,                                  17.756,                                   0.007,                                   0.012,                               78435.039,                                   1.000,
8/12/2026 2:09:58 PM  ,    4023.000,                                  10.237,                                  12.763,                                  17.775,                                   0.007,                                   0.012,                               78353.828,                                   1.000,
8/12/2026 2:09:59 PM  ,    4024.000,                                  10.237,                                  12.758,                                  17.769,                                   0.007,                                   0.012,                               78381.305,                                   1.000,
8/12/2026 2:10:00 PM  ,    4025.000,                                  10.237,                                  12.770,                                  17.785,                                   0.007,                                   0.012,                               78310.367,                                   1.000,
8/12/2026 2:10:01 PM  ,    4026.000,                                  10.237,                                  12.761,                                  17.772,                                   0.007,                                   0.012,                               78365.742,                                   1.000,
8/12/2026 2:10:02 PM  ,    4027.000,                                  10.237,                                  12.759,                                  17.769,                                   0.007,                                   0.012,                               78378.961,                                   1.000,
8/12/2026 2:10:03 PM  ,    4028.000,                                  10.237,                                  12.758,                                  17.768,                                   0.007,                                   0.012,                               78382.258,                                   1.000,
8/12/2026 2:10:04 PM  ,    4029.000,                                  10.237,                                  12.757,                                  17.767,                                   0.007,                                   0.012,                               78386.000,                                   1.000,
8/12/2026 2:10:05 PM  ,    4030.000,                                  10.237,                                  12.767,                                  17.781,                                   0.007,                                   0.012,                               78327.094,                                   1.000,
8/12/2026 2:10:06 PM  ,    4031.000,                                  10.237,                                  12.750,                                  17.758,                                   0.007,                                   0.012,                               78428.320,                                   1.000,
8/12/2026 2:10:07 PM  ,    4032.000,                                  10.238,                                  12.755,                                  17.764,                                   0.007,                                   0.012,                               78399.195,                                   1.000,
8/12/2026 2:10:08 PM  ,    4033.000,                                  10.237,                                  12.762,                                  17.773,                                   0.007,                                   0.012,                               78359.016,                                   1.000,
8/12/2026 2:10:09 PM  ,    4034.000,                                  10.238,                                  12.750,                                  17.756,                                   0.007,                                   0.012,                               78432.195,                                   1.000,
8/12/2026 2:10:10 PM  ,    4035.000,                                  10.238,                                  12.760,                                  17.770,                                   0.007,                                   0.012,                               78372.281,                                   1.000,
8/12/2026 2:10:11 PM  ,    4036.000,                                  10.238,                                  12.748,                                  17.753,                                   0.007,                                   0.012,                               78445.398,                                   1.000,
8/12/2026 2:10:12 PM  ,    4037.000,                                  10.238,                                  12.762,                                  17.773,                                   0.007,                                   0.012,                               78358.641,                                   1.000,
8/12/2026 2:10:13 PM  ,    4038.000,                                  10.238,                                  12.760,                                  17.771,                                   0.007,                                   0.012,                               78369.578,                                   1.000,
8/12/2026 2:10:14 PM  ,    4039.000,                                  10.238,                                  12.757,                                  17.767,                                   0.007,                                   0.012,                               78386.633,                                   1.000,
8/12/2026 2:10:15 PM  ,    4040.000,                                  10.239,                                  12.764,                                  17.775,                                   0.007,                                   0.012,                               78347.656,                                   1.000,
8/12/2026 2:10:16 PM  ,    4041.000,                                  10.238,                                  12.760,                                  17.770,                                   0.007,                                   0.012,                               78371.664,                                   1.000,
8/12/2026 2:10:17 PM  ,    4042.000,                                  10.238,                                  12.767,                                  17.780,                                   0.007,                                   0.012,                               78325.602,                                   1.000,
8/12/2026 2:10:18 PM  ,    4043.000,                                  10.238,                                  12.747,                                  17.752,                                   0.007,                                   0.012,                               78452.445,                                   1.000,
8/12/2026 2:10:19 PM  ,    4044.000,                                  10.238,                                  12.761,                                  17.772,                                   0.007,                                   0.012,                               78364.297,                                   1.000,
8/12/2026 2:10:20 PM  ,    4045.000,                                  10.239,                                  12.765,                                  17.778,                                   0.007,                                   0.012,                               78337.227,                                   1.000,
8/12/2026 2:10:21 PM  ,    4046.000,                                  10.238,                                  12.771,                                  17.786,                                   0.007,                                   0.012,                               78302.672,                                   1.000,
8/12/2026 2:10:22 PM  ,    4047.000,                                  10.238,                                  12.765,                                  17.777,                                   0.007,                                   0.012,                               78340.859,                                   1.000,
8/12/2026 2:10:23 PM  ,    4048.000,                                  10.238,                                  12.765,                                  17.777,                                   0.007,                                   0.012,                               78341.648,                                   1.000,
8/12/2026 2:10:24 PM  ,    4049.000,                                  10.238,                                  12.763,                                  17.774,                                   0.007,                                   0.012,                               78352.453,                                   1.000,
8/12/2026 2:10:25 PM  ,    4050.000,                                  10.238,                                  12.764,                                  17.776,                                   0.007,                                   0.012,                               78346.469,                                   1.000,
8/12/2026 2:10:26 PM  ,    4051.000,                                  10.238,                                  12.753,                                  17.760,                                   0.007,                                   0.012,                               78415.492,                                   1.000,
8/12/2026 2:10:27 PM  ,    4052.000,                                  10.238,                                  12.759,                                  17.768,                                   0.007,                                   0.012,                               78378.172,                                   1.000,
8/12/2026 2:10:28 PM  ,    4053.000,                                  10.238,                                  12.766,                                  17.778,                                   0.007,                                   0.012,                               78335.672,                                   1.000,
8/12/2026 2:10:29 PM  ,    4054.000,                                  10.238,                                  12.762,                                  17.773,                                   0.007,                                   0.012,                               78359.641,                                   1.000,
8/12/2026 2:10:30 PM  ,    4055.000,                                  10.238,                                  12.757,                                  17.767,                                   0.007,                                   0.012,                               78386.727,                                   1.000,
8/12/2026 2:10:31 PM  ,    4056.000,                                  10.239,                                  12.753,                                  17.760,                                   0.007,                                   0.012,                               78413.203,                                   1.000,
8/12/2026 2:10:32 PM  ,    4057.000,                                  10.238,                                  12.761,                                  17.771,                                   0.007,                                   0.012,                               78365.258,                                   1.000,
8/12/2026 2:10:33 PM  ,    4058.000,                                  10.239,                                  12.764,                                  17.776,                                   0.007,                                   0.012,                               78344.156,                                   1.000,
8/12/2026 2:10:34 PM  ,    4059.000,                                  10.239,                                  12.769,                                  17.782,                                   0.007,                                   0.012,                               78317.133,                                   1.000,
8/12/2026 2:10:35 PM  ,    4060.000,                                  10.239,                                  12.765,                                  17.777,                                   0.007,                                   0.012,                               78337.102,                                   1.000,
8/12/2026 2:10:36 PM  ,    4061.000,                                  10.239,                                  12.762,                                  17.772,                                   0.007,                                   0.012,                               78359.672,                                   1.000,
8/12/2026 2:10:37 PM  ,    4062.000,                                  10.239,                                  12.753,                                  17.760,                                   0.007,                                   0.012,                               78411.188,                                   1.000,
8/12/2026 2:10:38 PM  ,    4063.000,                                  10.240,                                  12.749,                                  17.754,                                   0.007,                                   0.012,                               78437.523,                                   1.000,
8/12/2026 2:10:39 PM  ,    4064.000,                                  10.239,                                  12.751,                                  17.757,                                   0.007,                                   0.012,                               78425.148,                                   1.000,
8/12/2026 2:10:40 PM  ,    4065.000,                                  10.239,                                  12.749,                                  17.754,                                   0.007,                                   0.012,                               78440.070,                                   1.000,
8/12/2026 2:10:41 PM  ,    4066.000,                                  10.239,                                  12.748,                                  17.753,                                   0.007,                                   0.012,                               78444.836,                                   1.000,
8/12/2026 2:10:42 PM  ,    4067.000,                                  10.239,                                  12.765,                                  17.776,                                   0.007,                                   0.012,                               78341.516,                                   1.000,
8/12/2026 2:10:43 PM  ,    4068.000,                                  10.239,                                  12.753,                                  17.760,                                   0.007,                                   0.012,                               78413.609,                                   1.000,
8/12/2026 2:10:44 PM  ,    4069.000,                                  10.239,                                  12.751,                                  17.757,                                   0.007,                                   0.012,                               78427.000,                                   1.000,
8/12/2026 2:10:45 PM  ,    4070.000,                                  10.239,                                  12.761,                                  17.772,                                   0.007,                                   0.012,                               78362.422,                                   1.000,
8/12/2026 2:10:46 PM  ,    4071.000,                                  10.239,                                  12.754,                                  17.761,                                   0.007,                                   0.012,                               78408.242,                                   1.000,
8/12/2026 2:10:47 PM  ,    4072.000,                                  10.239,                                  12.758,                                  17.767,                                   0.007,                                   0.012,                               78381.180,                                   1.000,
8/12/2026 2:10:48 PM  ,    4073.000,                                  10.239,                                  12.749,                                  17.755,                                   0.007,                                   0.012,                               78436.000,                                   1.000,
8/12/2026 2:10:49 PM  ,    4074.000,                                  10.239,                                  12.755,                                  17.763,                                   0.007,                                   0.012,                               78399.195,                                   1.000,
8/12/2026 2:10:50 PM  ,    4075.000,                                  10.239,                                  12.750,                                  17.756,                                   0.007,                                   0.012,                               78432.031,                                   1.000,
8/12/2026 2:10:51 PM  ,    4076.000,                                  10.239,                                  12.758,                                  17.767,                                   0.007,                                   0.012,                               78380.844,                                   1.000,
8/12/2026 2:10:52 PM  ,    4077.000,                                  10.239,                                  12.752,                                  17.759,                                   0.007,                                   0.012,                               78418.602,                                   1.000,
8/12/2026 2:10:53 PM  ,    4078.000,                                  10.240,                                  12.763,                                  17.774,                                   0.007,                                   0.012,                               78350.359,                                   1.000,
8/12/2026 2:10:54 PM  ,    4079.000,                                  10.239,                                  12.764,                                  17.775,                                   0.007,                                   0.012,                               78348.383,                                   1.000,
8/12/2026 2:10:55 PM  ,    4080.000,                                  10.239,                                  12.755,                                  17.762,                                   0.007,                                   0.012,                               78402.930,                                   1.000,
8/12/2026 2:10:56 PM  ,    4081.000,                                  10.240,                                  12.771,                                  17.784,                                   0.007,                                   0.012,                               78303.875,                                   1.000,
8/12/2026 2:10:57 PM  ,    4082.000,                                  10.240,                                  12.749,                                  17.754,                                   0.007,                                   0.012,                               78437.523,                                   1.000,
8/12/2026 2:10:58 PM  ,    4083.000,                                  10.240,                                  12.756,                                  17.764,                                   0.007,                                   0.012,                               78393.742,                                   1.000,
8/12/2026 2:10:59 PM  ,    4084.000,                                  10.240,                                  12.759,                                  17.768,                                   0.007,                                   0.012,                               78376.914,                                   1.000,
8/12/2026 2:11:00 PM  ,    4085.000,                                  10.241,                                  12.757,                                  17.765,                                   0.007,                                   0.012,                               78387.688,                                   1.000,
8/12/2026 2:11:01 PM  ,    4086.000,                                  10.240,                                  12.751,                                  17.757,                                   0.007,                                   0.012,                               78422.633,                                   1.000,
8/12/2026 2:11:02 PM  ,    4087.000,                                  10.240,                                  12.754,                                  17.761,                                   0.007,                                   0.012,                               78408.523,                                   1.000,
8/12/2026 2:11:03 PM  ,    4088.000,                                  10.240,                                  12.747,                                  17.752,                                   0.007,                                   0.012,                               78448.469,                                   1.000,
8/12/2026 2:11:04 PM  ,    4089.000,                                  10.240,                                  12.756,                                  17.765,                                   0.007,                                   0.012,                               78391.688,                                   1.000,
8/12/2026 2:11:05 PM  ,    4090.000,                                  10.240,                                  12.757,                                  17.766,                                   0.007,                                   0.012,                               78386.328,                                   1.000,
8/12/2026 2:11:06 PM  ,    4091.000,                                  10.240,                                  12.763,                                  17.774,                                   0.007,                                   0.012,                               78351.188,                                   1.000,
8/12/2026 2:11:07 PM  ,    4092.000,                                  10.241,                                  12.759,                                  17.768,                                   0.007,                                   0.012,                               78373.313,                                   1.000,
8/12/2026 2:11:08 PM  ,    4093.000,                                  10.240,                                  12.755,                                  17.762,                                   0.007,                                   0.012,                               78403.180,                                   1.000,
8/12/2026 2:11:09 PM  ,    4094.000,                                  10.241,                                  12.759,                                  17.767,                                   0.007,                                   0.012,                               78377.508,                                   1.000,
8/12/2026 2:11:10 PM  ,    4095.000,                                  10.241,                                  12.761,                                  17.771,                                   0.007,                                   0.012,                               78362.156,                                   1.000,
8/12/2026 2:11:11 PM  ,    4096.000,                                  10.241,                                  12.765,                                  17.776,                                   0.007,                                   0.012,                               78336.367,                                   1.000,
8/12/2026 2:11:12 PM  ,    4097.000,                                  10.241,                                  12.771,                                  17.785,                                   0.007,                                   0.012,                               78301.633,                                   1.000,
8/12/2026 2:11:13 PM  ,    4098.000,                                  10.241,                                  12.756,                                  17.764,                                   0.007,                                   0.012,                               78393.859,                                   1.000,
8/12/2026 2:11:14 PM  ,    4099.000,                                  10.242,                                  12.766,                                  17.778,                                   0.007,                                   0.012,                               78331.250,                                   1.000,
8/12/2026 2:11:15 PM  ,    4100.000,                                  10.242,                                  12.760,                                  17.769,                                   0.007,                                   0.012,                               78368.422,                                   1.000,
8/12/2026 2:11:16 PM  ,    4101.000,                                  10.241,                                  12.756,                                  17.764,                                   0.007,                                   0.012,                               78391.422,                                   1.000,
8/12/2026 2:11:17 PM  ,    4102.000,                                  10.241,                                  12.712,                                  17.702,                                   0.007,                                   0.012,                               78664.117,                                   1.000,
8/12/2026 2:11:18 PM  ,    4103.000,                                  10.242,                                  12.786,                                  17.805,                                   0.007,                                   0.012,                               78211.719,                                   1.000,
8/12/2026 2:11:19 PM  ,    4104.000,                                  10.242,                                  12.860,                                  17.908,                                   0.007,                                   0.012,                               77760.508,                                   1.000,
8/12/2026 2:11:20 PM  ,    4105.000,                                  10.242,                                  12.779,                                  17.795,                                   0.007,                                   0.012,                               78255.430,                                   1.000,
8/12/2026 2:11:21 PM  ,    4106.000,                                  10.243,                                  12.796,                                  17.818,                                   0.007,                                   0.012,                               78149.297,                                   1.000,
8/12/2026 2:11:22 PM  ,    4107.000,                                  10.242,                                  12.804,                                  17.830,                                   0.007,                                   0.012,                               78099.445,                                   1.000,
8/12/2026 2:11:23 PM  ,    4108.000,                                  10.242,                                  12.803,                                  17.828,                                   0.007,                                   0.012,                               78108.156,                                   1.000,
8/12/2026 2:11:24 PM  ,    4109.000,                                  10.242,                                  12.820,                                  17.852,                                   0.007,                                   0.012,                               78003.648,                                   1.000,
8/12/2026 2:11:25 PM  ,    4110.000,                                  10.242,                                  12.815,                                  17.846,                                   0.007,                                   0.012,                               78030.906,                                   1.000,
8/12/2026 2:11:26 PM  ,    4111.000,                                  10.243,                                  12.828,                                  17.863,                                   0.007,                                   0.012,                               77956.078,                                   1.000,
8/12/2026 2:11:27 PM  ,    4112.000,                                  10.242,                                  12.838,                                  17.877,                                   0.007,                                   0.012,                               77893.563,                                   1.000,
8/12/2026 2:11:28 PM  ,    4113.000,                                  10.242,                                  12.841,                                  17.882,                                   0.007,                                   0.012,                               77872.727,                                   1.000,
8/12/2026 2:11:29 PM  ,    4114.000,                                  10.242,                                  12.848,                                  17.891,                                   0.007,                                   0.012,                               77835.922,                                   1.000,
8/12/2026 2:11:30 PM  ,    4115.000,                                  10.242,                                  12.853,                                  17.898,                                   0.007,                                   0.012,                               77801.367,                                   1.000,
8/12/2026 2:11:31 PM  ,    4116.000,                                  10.243,                                  12.887,                                  17.945,                                   0.007,                                   0.012,                               77599.023,                                   1.000,
8/12/2026 2:11:32 PM  ,    4117.000,                                  10.243,                                  12.903,                                  17.967,                                   0.007,                                   0.012,                               77502.016,                                   1.000,
8/12/2026 2:11:33 PM  ,    4118.000,                                  10.243,                                  12.927,                                  18.001,                                   0.007,                                   0.012,                               77356.828,                                   1.000,
8/12/2026 2:11:34 PM  ,    4119.000,                                  10.243,                                  12.962,                                  18.050,                                   0.007,                                   0.012,                               77145.781,                                   1.000,
8/12/2026 2:11:35 PM  ,    4120.000,                                  10.243,                                  12.932,                                  18.008,                                   0.007,                                   0.012,                               77325.531,                                   1.000,
8/12/2026 2:11:36 PM  ,    4121.000,                                  10.243,                                  12.977,                                  18.070,                                   0.007,                                   0.012,                               77061.273,                                   1.000,
8/12/2026 2:11:37 PM  ,    4122.000,                                  10.244,                                  13.007,                                  18.112,                                   0.007,                                   0.012,                               76881.672,                                   1.000,
8/12/2026 2:11:38 PM  ,    4123.000,                                  10.243,                                  13.040,                                  18.158,                                   0.007,                                   0.012,                               76687.570,                                   1.000,
8/12/2026 2:11:39 PM  ,    4124.000,                                  10.244,                                  13.079,                                  18.212,                                   0.007,                                   0.012,                               76457.273,                                   1.000,
8/12/2026 2:11:40 PM  ,    4125.000,                                  10.243,                                  13.123,                                  18.273,                                   0.007,                                   0.012,                               76204.055,                                   1.000,
8/12/2026 2:11:41 PM  ,    4126.000,                                  10.243,                                  13.172,                                  18.341,                                   0.007,                                   0.012,                               75920.234,                                   1.000,
8/12/2026 2:11:42 PM  ,    4127.000,                                  10.243,                                  13.238,                                  18.433,                                   0.007,                                   0.012,                               75542.844,                                   1.000,
8/12/2026 2:11:43 PM  ,    4128.000,                                  10.244,                                  13.308,                                  18.531,                                   0.007,                                   0.012,                               75141.047,                                   1.000,
8/12/2026 2:11:44 PM  ,    4129.000,                                  10.243,                                  13.299,                                  18.519,                                   0.007,                                   0.012,                               75193.555,                                   1.000,
8/12/2026 2:11:45 PM  ,    4130.000,                                  10.243,                                  13.298,                                  18.517,                                   0.007,                                   0.012,                               75199.656,                                   1.000,
8/12/2026 2:11:46 PM  ,    4131.000,                                  10.243,                                  13.335,                                  18.568,                                   0.007,                                   0.012,                               74992.844,                                   1.000,
8/12/2026 2:11:47 PM  ,    4132.000,                                  10.243,                                  13.385,                                  18.638,                                   0.007,                                   0.012,                               74710.445,                                   1.000,
8/12/2026 2:11:48 PM  ,    4133.000,                                  10.244,                                  13.429,                                  18.699,                                   0.007,                                   0.012,                               74465.789,                                   1.000,
8/12/2026 2:11:49 PM  ,    4134.000,                                  10.244,                                  13.428,                                  18.698,                                   0.007,                                   0.012,                               74470.359,                                   1.000,
8/12/2026 2:11:50 PM  ,    4135.000,                                  10.243,                                  13.484,                                  18.776,                                   0.007,                                   0.012,                               74161.078,                                   1.000,
8/12/2026 2:11:51 PM  ,    4136.000,                                  10.244,                                  13.476,                                  18.764,                                   0.007,                                   0.012,                               74208.156,                                   1.000,
8/12/2026 2:11:52 PM  ,    4137.000,                                  10.244,                                  13.480,                                  18.770,                                   0.007,                                   0.012,                               74183.398,                                   1.000,
8/12/2026 2:11:53 PM  ,    4138.000,                                  10.244,                                  13.526,                                  18.834,                                   0.007,                                   0.012,                               73932.523,                                   1.000,
8/12/2026 2:11:54 PM  ,    4139.000,                                  10.244,                                  13.613,                                  18.955,                                   0.007,                                   0.012,                               73460.719,                                   1.000,
8/12/2026 2:11:55 PM  ,    4140.000,                                  10.245,                                  13.667,                                  19.030,                                   0.007,                                   0.012,                               73168.625,                                   1.000,
8/12/2026 2:11:56 PM  ,    4141.000,                                  10.244,                                  13.704,                                  19.081,                                   0.008,                                   0.012,                               72974.039,                                   1.000,
8/12/2026 2:11:57 PM  ,    4142.000,                                  10.244,                                  13.792,                                  19.204,                                   0.008,                                   0.012,                               72507.445,                                   1.000,
8/12/2026 2:11:58 PM  ,    4143.000,                                  10.245,                                  13.890,                                  19.341,                                   0.008,                                   0.013,                               71994.859,                                   1.000,
8/12/2026 2:11:59 PM  ,    4144.000,                                  10.245,                                  13.982,                                  19.468,                                   0.008,                                   0.013,                               71522.820,                                   1.000,
8/12/2026 2:12:00 PM  ,    4145.000,                                  10.245,                                  13.999,                                  19.492,                                   0.008,                                   0.013,                               71434.852,                                   1.000,
8/12/2026 2:12:01 PM  ,    4146.000,                                  10.245,                                  14.010,                                  19.507,                                   0.008,                                   0.013,                               71380.094,                                   1.000,
8/12/2026 2:12:02 PM  ,    4147.000,                                  10.245,                                  14.062,                                  19.580,                                   0.008,                                   0.013,                               71115.164,                                   1.000,
8/12/2026 2:12:03 PM  ,    4148.000,                                  10.245,                                  14.078,                                  19.602,                                   0.008,                                   0.013,                               71032.203,                                   1.000,
8/12/2026 2:12:04 PM  ,    4149.000,                                  10.246,                                  14.151,                                  19.703,                                   0.008,                                   0.013,                               70667.539,                                   1.000,
8/12/2026 2:12:05 PM  ,    4150.000,                                  10.245,                                  14.225,                                  19.808,                                   0.008,                                   0.013,                               70297.227,                                   1.000,
8/12/2026 2:12:06 PM  ,    4151.000,                                  10.245,                                  14.314,                                  19.931,                                   0.008,                                   0.013,                               69863.484,                                   1.000,
8/12/2026 2:12:07 PM  ,    4152.000,                                  10.245,                                  14.421,                                  20.080,                                   0.008,                                   0.013,                               69342.250,                                   1.000,
8/12/2026 2:12:08 PM  ,    4153.000,                                  10.245,                                  14.544,                                  20.252,                                   0.008,                                   0.013,                               68754.906,                                   1.000,
8/12/2026 2:12:09 PM  ,    4154.000,                                  10.245,                                  14.653,                                  20.403,                                   0.008,                                   0.013,                               68245.289,                                   1.000,
8/12/2026 2:12:10 PM  ,    4155.000,                                  10.244,                                  14.781,                                  20.582,                                   0.008,                                   0.013,                               67654.094,                                   1.000,
8/12/2026 2:12:11 PM  ,    4156.000,                                  10.244,                                  14.938,                                  20.800,                                   0.008,                                   0.014,                               66943.883,                                   1.000,
8/12/2026 2:12:12 PM  ,    4157.000,                                  10.244,                                  15.091,                                  21.013,                                   0.008,                                   0.014,                               66265.813,                                   1.000,
8/12/2026 2:12:13 PM  ,    4158.000,                                  10.244,                                  14.948,                                  20.815,                                   0.008,                                   0.014,                               66898.008,                                   1.000,
8/12/2026 2:12:14 PM  ,    4159.000,                                  10.244,                                  14.264,                                  19.862,                                   0.008,                                   0.013,                               70107.203,                                   1.000,
8/12/2026 2:12:15 PM  ,    4160.000,                                  10.244,                                  15.056,                                  20.965,                                   0.008,                                   0.014,                               66418.898,                                   1.000,
8/12/2026 2:12:16 PM  ,    4161.000,                                  10.244,                                  14.981,                                  20.860,                                   0.008,                                   0.014,                               66750.797,                                   1.000,
8/12/2026 2:12:17 PM  ,    4162.000,                                  10.244,                                  15.000,                                  20.887,                                   0.008,                                   0.014,                               66665.914,                                   1.000,
8/12/2026 2:12:18 PM  ,    4163.000,                                  10.244,                                  15.077,                                  20.994,                                   0.008,                                   0.014,                               66326.805,                                   1.000,
8/12/2026 2:12:19 PM  ,    4164.000,                                  10.244,                                  15.158,                                  21.106,                                   0.008,                                   0.014,                               65973.867,                                   1.000,
8/12/2026 2:12:20 PM  ,    4165.000,                                  10.244,                                  15.241,                                  21.222,                                   0.009,                                   0.014,                               65611.883,                                   1.000,
8/12/2026 2:12:21 PM  ,    4166.000,                                  10.245,                                  15.251,                                  21.236,                                   0.009,                                   0.014,                               65570.438,                                   1.000,
8/12/2026 2:12:22 PM  ,    4167.000,                                  10.245,                                  15.211,                                  21.181,                                   0.009,                                   0.014,                               65739.742,                                   1.000,
8/12/2026 2:12:23 PM  ,    4168.000,                                  10.245,                                  15.522,                                  21.613,                                   0.009,                                   0.014,                               64424.344,                                   1.000,
8/12/2026 2:12:24 PM  ,    4169.000,                                  10.245,                                  15.687,                                  21.843,                                   0.009,                                   0.014,                               63745.801,                                   1.000,
8/12/2026 2:12:25 PM  ,    4170.000,                                  10.244,                                  15.637,                                  21.774,                                   0.009,                                   0.014,                               63949.777,                                   1.000,
8/12/2026 2:12:26 PM  ,    4171.000,                                  10.245,                                  15.524,                                  21.615,                                   0.009,                                   0.014,                               64417.000,                                   1.000,
8/12/2026 2:12:27 PM  ,    4172.000,                                  10.245,                                  15.805,                                  22.007,                                   0.009,                                   0.014,                               63270.383,                                   1.000,
8/12/2026 2:12:28 PM  ,    4173.000,                                  10.244,                                  15.756,                                  21.940,                                   0.009,                                   0.014,                               63465.879,                                   1.000,
8/12/2026 2:12:29 PM  ,    4174.000,                                  10.245,                                  15.781,                                  21.973,                                   0.009,                                   0.014,                               63367.152,                                   1.000,
8/12/2026 2:12:30 PM  ,    4175.000,                                  10.245,                                  15.954,                                  22.214,                                   0.009,                                   0.014,                               62681.828,                                   1.000,
8/12/2026 2:12:31 PM  ,    4176.000,                                  10.245,                                  16.043,                                  22.338,                                   0.009,                                   0.015,                               62333.078,                                   1.000,
8/12/2026 2:12:32 PM  ,    4177.000,                                  10.245,                                  15.943,                                  22.199,                                   0.009,                                   0.014,                               62723.688,                                   1.000,
8/12/2026 2:12:33 PM  ,    4178.000,                                  10.245,                                  16.154,                                  22.492,                                   0.009,                                   0.015,                               61906.016,                                   1.000,
8/12/2026 2:12:34 PM  ,    4179.000,                                  10.246,                                  16.135,                                  22.466,                                   0.009,                                   0.015,                               61977.410,                                   1.000,
8/12/2026 2:12:35 PM  ,    4180.000,                                  10.245,                                  16.110,                                  22.432,                                   0.009,                                   0.015,                               62071.941,                                   1.000,
8/12/2026 2:12:36 PM  ,    4181.000,                                  10.245,                                  16.223,                                  22.589,                                   0.009,                                   0.015,                               61641.984,                                   1.000,
8/12/2026 2:12:37 PM  ,    4182.000,                                  10.245,                                  16.243,                                  22.617,                                   0.009,                                   0.015,                               61563.688,                                   1.000,
8/12/2026 2:12:38 PM  ,    4183.000,                                  10.245,                                  16.207,                                  22.567,                                   0.009,                                   0.015,                               61700.801,                                   1.000,
8/12/2026 2:12:39 PM  ,    4184.000,                                  10.245,                                  16.262,                                  22.644,                                   0.009,                                   0.015,                               61491.402,                                   1.000,
8/12/2026 2:12:40 PM  ,    4185.000,                                  10.246,                                  16.246,                                  22.621,                                   0.009,                                   0.015,                               61552.594,                                   1.000,
8/12/2026 2:12:41 PM  ,    4186.000,                                  10.245,                                  16.258,                                  22.637,                                   0.009,                                   0.015,                               61509.063,                                   1.000,
8/12/2026 2:12:42 PM  ,    4187.000,                                  10.246,                                  16.314,                                  22.715,                                   0.009,                                   0.015,                               61297.113,                                   1.000,
8/12/2026 2:12:43 PM  ,    4188.008,                                  10.246,                                  16.372,                                  22.796,                                   0.009,                                   0.015,                               61080.797,                                   1.000,
8/12/2026 2:12:44 PM  ,    4189.000,                                  10.246,                                  16.378,                                  22.804,                                   0.009,                                   0.015,                               61057.609,                                   1.000,
8/12/2026 2:12:45 PM  ,    4190.000,                                  10.246,                                  16.439,                                  22.889,                                   0.009,                                   0.015,                               60830.691,                                   1.000,
8/12/2026 2:12:46 PM  ,    4191.000,                                  10.246,                                  16.422,                                  22.866,                                   0.009,                                   0.015,                               60893.742,                                   1.000,
8/12/2026 2:12:47 PM  ,    4192.000,                                  10.246,                                  16.420,                                  22.863,                                   0.009,                                   0.015,                               60900.965,                                   1.000,
8/12/2026 2:12:48 PM  ,    4193.000,                                  10.246,                                  16.537,                                  23.025,                                   0.009,                                   0.015,                               60471.406,                                   1.000,
8/12/2026 2:12:49 PM  ,    4194.000,                                  10.246,                                  16.414,                                  22.855,                                   0.009,                                   0.015,                               60923.836,                                   1.000,
8/12/2026 2:12:50 PM  ,    4195.000,                                  10.246,                                  16.411,                                  22.851,                                   0.009,                                   0.015,                               60933.070,                                   1.000,
8/12/2026 2:12:51 PM  ,    4196.000,                                  10.245,                                  16.409,                                  22.848,                                   0.009,                                   0.015,                               60943.113,                                   1.000,
8/12/2026 2:12:52 PM  ,    4197.000,                                  10.246,                                  16.390,                                  22.821,                                   0.009,                                   0.015,                               61012.121,                                   1.000,
8/12/2026 2:12:53 PM  ,    4198.000,                                  10.245,                                  16.411,                                  22.851,                                   0.009,                                   0.015,                               60933.664,                                   1.000,
8/12/2026 2:12:54 PM  ,    4199.000,                                  10.246,                                  16.395,                                  22.828,                                   0.009,                                   0.015,                               60995.645,                                   1.000,
8/12/2026 2:12:55 PM  ,    4200.000,                                  10.246,                                  16.484,                                  22.953,                                   0.009,                                   0.015,                               60663.414,                                   1.000,
8/12/2026 2:12:56 PM  ,    4201.000,                                  10.246,                                  16.511,                                  22.989,                                   0.009,                                   0.015,                               60565.957,                                   1.000,
8/12/2026 2:12:57 PM  ,    4202.000,                                  10.246,                                  16.569,                                  23.070,                                   0.009,                                   0.015,                               60355.109,                                   1.000,
8/12/2026 2:12:58 PM  ,    4203.000,                                  10.246,                                  16.567,                                  23.067,                                   0.009,                                   0.015,                               60361.023,                                   1.000,
8/12/2026 2:12:59 PM  ,    4204.000,                                  10.246,                                  16.709,                                  23.264,                                   0.009,                                   0.015,                               59849.723,                                   1.000,
8/12/2026 2:13:00 PM  ,    4205.000,                                  10.246,                                  16.661,                                  23.198,                                   0.009,                                   0.015,                               60019.887,                                   1.000,
8/12/2026 2:13:01 PM  ,    4206.000,                                  10.246,                                  16.639,                                  23.167,                                   0.009,                                   0.015,                               60101.281,                                   1.000,
8/12/2026 2:13:02 PM  ,    4207.000,                                  10.247,                                  16.634,                                  23.160,                                   0.009,                                   0.015,                               60118.531,                                   1.000,
8/12/2026 2:13:03 PM  ,    4208.000,                                  10.246,                                  16.626,                                  23.149,                                   0.009,                                   0.015,                               60147.582,                                   1.000,
8/12/2026 2:13:04 PM  ,    4209.000,                                  10.246,                                  16.598,                                  23.110,                                   0.009,                                   0.015,                               60249.074,                                   1.000,
8/12/2026 2:13:05 PM  ,    4210.000,                                  10.247,                                  16.677,                                  23.220,                                   0.009,                                   0.015,                               59963.688,                                   1.000,
8/12/2026 2:13:06 PM  ,    4211.000,                                  10.246,                                  16.715,                                  23.274,                                   0.009,                                   0.015,                               59825.648,                                   1.000,
8/12/2026 2:13:07 PM  ,    4212.000,                                  10.246,                                  16.698,                                  23.250,                                   0.009,                                   0.015,                               59885.871,                                   1.000,
8/12/2026 2:13:08 PM  ,    4213.000,                                  10.247,                                  16.642,                                  23.172,                                   0.009,                                   0.015,                               60087.484,                                   1.000,
8/12/2026 2:13:09 PM  ,    4214.000,                                  10.246,                                  16.662,                                  23.199,                                   0.009,                                   0.015,                               60017.586,                                   1.000,
8/12/2026 2:13:10 PM  ,    4215.000,                                  10.246,                                  15.935,                                  22.187,                                   0.009,                                   0.014,                               62755.199,                                   1.000,
8/12/2026 2:13:11 PM  ,    4216.000,                                  10.245,                                  16.745,                                  23.316,                                   0.010,                                   0.015,                               59717.941,                                   1.000,
8/12/2026 2:13:12 PM  ,    4217.000,                                  10.246,                                  16.541,                                  23.031,                                   0.009,                                   0.015,                               60457.371,                                   1.000,
8/12/2026 2:13:13 PM  ,    4218.000,                                  10.246,                                  16.615,                                  23.134,                                   0.009,                                   0.015,                               60188.320,                                   1.000,
8/12/2026 2:13:14 PM  ,    4219.000,                                  10.246,                                  16.615,                                  23.134,                                   0.009,                                   0.015,                               60185.707,                                   1.000,
8/12/2026 2:13:15 PM  ,    4220.000,                                  10.247,                                  16.542,                                  23.033,                                   0.009,                                   0.015,                               60451.367,                                   1.000,
8/12/2026 2:13:16 PM  ,    4221.000,                                  10.247,                                  16.518,                                  22.999,                                   0.009,                                   0.015,                               60538.859,                                   1.000,
8/12/2026 2:13:17 PM  ,    4222.000,                                  10.247,                                  16.563,                                  23.062,                                   0.009,                                   0.015,                               60374.207,                                   1.000,
8/12/2026 2:13:18 PM  ,    4223.000,                                  10.247,                                  16.659,                                  23.195,                                   0.009,                                   0.015,                               60028.719,                                   1.000,
8/12/2026 2:13:19 PM  ,    4224.000,                                  10.247,                                  16.727,                                  23.290,                                   0.010,                                   0.015,                               59784.320,                                   1.000,
8/12/2026 2:13:20 PM  ,    4225.000,                                  10.247,                                  16.705,                                  23.259,                                   0.009,                                   0.015,                               59862.434,                                   1.000,
8/12/2026 2:13:21 PM  ,    4226.000,                                  10.247,                                  16.701,                                  23.253,                                   0.009,                                   0.015,                               59877.852,                                   1.000,
8/12/2026 2:13:22 PM  ,    4227.000,                                  10.247,                                  16.718,                                  23.277,                                   0.009,                                   0.015,                               59816.332,                                   1.000,
8/12/2026 2:13:23 PM  ,    4228.000,                                  10.247,                                  16.731,                                  23.295,                                   0.010,                                   0.015,                               59768.695,                                   1.000,
8/12/2026 2:13:24 PM  ,    4229.000,                                  10.247,                                  16.799,                                  23.390,                                   0.010,                                   0.015,                               59527.957,                                   1.000,
8/12/2026 2:13:25 PM  ,    4230.000,                                  10.247,                                  16.698,                                  23.249,                                   0.009,                                   0.015,                               59886.715,                                   1.000,
8/12/2026 2:13:26 PM  ,    4231.000,                                  10.247,                                  16.714,                                  23.271,                                   0.009,                                   0.015,                               59831.582,                                   1.000,
8/12/2026 2:13:27 PM  ,    4232.000,                                  10.247,                                  16.685,                                  23.231,                                   0.009,                                   0.015,                               59932.555,                                   1.000,
8/12/2026 2:13:28 PM  ,    4233.000,                                  10.247,                                  16.716,                                  23.274,                                   0.009,                                   0.015,                               59824.617,                                   1.000,
8/12/2026 2:13:29 PM  ,    4234.000,                                  10.248,                                  16.694,                                  23.243,                                   0.009,                                   0.015,                               59901.520,                                   1.000,
8/12/2026 2:13:30 PM  ,    4235.000,                                  10.248,                                  16.725,                                  23.286,                                   0.010,                                   0.015,                               59790.684,                                   1.000,
8/12/2026 2:13:31 PM  ,    4236.000,                                  10.248,                                  16.735,                                  23.301,                                   0.010,                                   0.015,                               59753.898,                                   1.000,
8/12/2026 2:13:32 PM  ,    4237.000,                                  10.248,                                  16.732,                                  23.296,                                   0.010,                                   0.015,                               59765.801,                                   1.000,
8/12/2026 2:13:33 PM  ,    4238.000,                                  10.248,                                  16.794,                                  23.383,                                   0.010,                                   0.015,                               59544.031,                                   1.000,
8/12/2026 2:13:34 PM  ,    4239.000,                                  10.248,                                  16.810,                                  23.404,                                   0.010,                                   0.015,                               59489.570,                                   1.000,
8/12/2026 2:13:35 PM  ,    4240.000,                                  10.248,                                  16.756,                                  23.329,                                   0.010,                                   0.015,                               59681.484,                                   1.000,
8/12/2026 2:13:36 PM  ,    4241.000,                                  10.247,                                  16.746,                                  23.316,                                   0.010,                                   0.015,                               59715.031,                                   1.000,
8/12/2026 2:13:37 PM  ,    4242.000,                                  10.248,                                  16.721,                                  23.281,                                   0.009,                                   0.015,                               59804.652,                                   1.000,
8/12/2026 2:13:38 PM  ,    4243.000,                                  10.248,                                  16.753,                                  23.325,                                   0.010,                                   0.015,                               59690.305,                                   1.000,
8/12/2026 2:13:39 PM  ,    4244.000,                                  10.248,                                  16.579,                                  23.084,                                   0.009,                                   0.015,                               60315.656,                                   1.000,
8/12/2026 2:13:40 PM  ,    4245.000,                                  10.247,                                  16.819,                                  23.417,                                   0.010,                                   0.015,                               59457.391,                                   1.000,
8/12/2026 2:13:41 PM  ,    4246.000,                                  10.247,                                  16.850,                                  23.461,                                   0.010,                                   0.015,                               59346.090,                                   1.000,
8/12/2026 2:13:42 PM  ,    4247.000,                                  10.247,                                  16.840,                                  23.447,                                   0.010,                                   0.015,                               59381.434,                                   1.000,
8/12/2026 2:13:43 PM  ,    4248.000,                                  10.247,                                  16.340,                                  22.750,                                   0.009,                                   0.015,                               61199.680,                                   1.000,
8/12/2026 2:13:44 PM  ,    4249.000,                                  10.248,                                  16.898,                                  23.527,                                   0.010,                                   0.015,                               59179.074,                                   1.000,
8/12/2026 2:13:45 PM  ,    4250.000,                                  10.247,                                  16.845,                                  23.453,                                   0.010,                                   0.015,                               59365.195,                                   1.000,
8/12/2026 2:13:46 PM  ,    4251.000,                                  10.248,                                  16.784,                                  23.369,                                   0.010,                                   0.015,                               59579.449,                                   1.000,
8/12/2026 2:13:47 PM  ,    4252.000,                                  10.248,                                  16.690,                                  23.238,                                   0.009,                                   0.015,                               59915.418,                                   1.000,
8/12/2026 2:13:48 PM  ,    4253.000,                                  10.248,                                  16.582,                                  23.088,                                   0.009,                                   0.015,                               60304.723,                                   1.000,
8/12/2026 2:13:49 PM  ,    4254.000,                                  10.247,                                  16.967,                                  23.623,                                   0.010,                                   0.015,                               58938.910,                                   1.000,
8/12/2026 2:13:50 PM  ,    4255.000,                                  10.248,                                  16.992,                                  23.658,                                   0.010,                                   0.015,                               58852.168,                                   1.000,
8/12/2026 2:13:51 PM  ,    4256.000,                                  10.248,                                  16.738,                                  23.305,                                   0.010,                                   0.015,                               59744.320,                                   1.000,
8/12/2026 2:13:52 PM  ,    4257.000,                                  10.247,                                  16.282,                                  22.670,                                   0.009,                                   0.015,                               61416.395,                                   1.000,
8/12/2026 2:13:53 PM  ,    4258.000,                                  10.247,                                  16.790,                                  23.377,                                   0.010,                                   0.015,                               59558.621,                                   1.000,
8/12/2026 2:13:54 PM  ,    4259.000,                                  10.247,                                  16.438,                                  22.887,                                   0.009,                                   0.015,                               60835.258,                                   1.000,
8/12/2026 2:13:55 PM  ,    4260.000,                                  10.247,                                  16.412,                                  22.851,                                   0.009,                                   0.015,                               60930.969,                                   1.000,
8/12/2026 2:13:56 PM  ,    4261.000,                                  10.247,                                  16.419,                                  22.862,                                   0.009,                                   0.015,                               60903.371,                                   1.000,
8/12/2026 2:13:57 PM  ,    4262.000,                                  10.247,                                  16.434,                                  22.882,                                   0.009,                                   0.015,                               60848.668,                                   1.000,
8/12/2026 2:13:58 PM  ,    4263.000,                                  10.247,                                  16.406,                                  22.843,                                   0.009,                                   0.015,                               60953.047,                                   1.000,
8/12/2026 2:13:59 PM  ,    4264.000,                                  10.247,                                  16.403,                                  22.838,                                   0.009,                                   0.015,                               60964.289,                                   1.000,
8/12/2026 2:14:00 PM  ,    4265.000,                                  10.248,                                  16.454,                                  22.909,                                   0.009,                                   0.015,                               60774.875,                                   1.000,
8/12/2026 2:14:01 PM  ,    4266.000,                                  10.248,                                  16.445,                                  22.896,                                   0.009,                                   0.015,                               60809.047,                                   1.000,
8/12/2026 2:14:02 PM  ,    4267.000,                                  10.247,                                  16.416,                                  22.857,                                   0.009,                                   0.015,                               60914.473,                                   1.000,
8/12/2026 2:14:03 PM  ,    4268.000,                                  10.248,                                  16.426,                                  22.871,                                   0.009,                                   0.015,                               60878.145,                                   1.000,
8/12/2026 2:14:04 PM  ,    4269.000,                                  10.248,                                  16.404,                                  22.840,                                   0.009,                                   0.015,                               60960.672,                                   1.000,
8/12/2026 2:14:05 PM  ,    4270.000,                                  10.247,                                  16.412,                                  22.850,                                   0.009,                                   0.015,                               60931.938,                                   1.000,
8/12/2026 2:14:06 PM  ,    4271.000,                                  10.247,                                  16.375,                                  22.800,                                   0.009,                                   0.015,                               61067.125,                                   1.000,
8/12/2026 2:14:07 PM  ,    4272.000,                                  10.247,                                  16.369,                                  22.792,                                   0.009,                                   0.015,                               61089.223,                                   1.000,
8/12/2026 2:14:08 PM  ,    4273.000,                                  10.248,                                  16.348,                                  22.761,                                   0.009,                                   0.015,                               61169.449,                                   1.000,
8/12/2026 2:14:09 PM  ,    4274.000,                                  10.248,                                  16.398,                                  22.831,                                   0.009,                                   0.015,                               60983.102,                                   1.000,
8/12/2026 2:14:10 PM  ,    4275.000,                                  10.248,                                  16.370,                                  22.793,                                   0.009,                                   0.015,                               61086.254,                                   1.000,
8/12/2026 2:14:11 PM  ,    4276.000,                                  10.247,                                  16.358,                                  22.776,                                   0.009,                                   0.015,                               61131.340,                                   1.000,
8/12/2026 2:14:12 PM  ,    4277.000,                                  10.247,                                  16.314,                                  22.715,                                   0.009,                                   0.015,                               61297.156,                                   1.000,
8/12/2026 2:14:13 PM  ,    4278.000,                                  10.247,                                  16.293,                                  22.685,                                   0.009,                                   0.015,                               61376.066,                                   1.000,
8/12/2026 2:14:14 PM  ,    4279.000,                                  10.247,                                  16.301,                                  22.697,                                   0.009,                                   0.015,                               61345.152,                                   1.000,
8/12/2026 2:14:15 PM  ,    4280.000,                                  10.247,                                  16.271,                                  22.654,                                   0.009,                                   0.015,                               61460.703,                                   1.000,
8/12/2026 2:14:16 PM  ,    4281.000,                                  10.247,                                  16.267,                                  22.649,                                   0.009,                                   0.015,                               61473.082,                                   1.000,
8/12/2026 2:14:17 PM  ,    4282.000,                                  10.247,                                  16.267,                                  22.649,                                   0.009,                                   0.015,                               61474.047,                                   1.000,
8/12/2026 2:14:18 PM  ,    4283.000,                                  10.247,                                  16.300,                                  22.695,                                   0.009,                                   0.015,                               61348.965,                                   1.000,
8/12/2026 2:14:19 PM  ,    4284.000,                                  10.247,                                  16.289,                                  22.679,                                   0.009,                                   0.015,                               61392.441,                                   1.000,
8/12/2026 2:14:20 PM  ,    4285.000,                                  10.247,                                  16.238,                                  22.608,                                   0.009,                                   0.015,                               61585.688,                                   1.000,
8/12/2026 2:14:21 PM  ,    4286.000,                                  10.247,                                  16.248,                                  22.622,                                   0.009,                                   0.015,                               61546.891,                                   1.000,
8/12/2026 2:14:22 PM  ,    4287.000,                                  10.247,                                  16.227,                                  22.594,                                   0.009,                                   0.015,                               61623.922,                                   1.000,
8/12/2026 2:14:23 PM  ,    4288.000,                                  10.247,                                  16.267,                                  22.649,                                   0.009,                                   0.015,                               61475.266,                                   1.000,
8/12/2026 2:14:24 PM  ,    4289.000,                                  10.247,                                  16.236,                                  22.605,                                   0.009,                                   0.015,                               61593.406,                                   1.000,
8/12/2026 2:14:25 PM  ,    4290.000,                                  10.248,                                  16.253,                                  22.630,                                   0.009,                                   0.015,                               61526.039,                                   1.000,
8/12/2026 2:14:26 PM  ,    4291.000,                                  10.247,                                  16.222,                                  22.587,                                   0.009,                                   0.015,                               61643.434,                                   1.000,
8/12/2026 2:14:27 PM  ,    4292.000,                                  10.247,                                  16.210,                                  22.569,                                   0.009,                                   0.015,                               61691.785,                                   1.000,
8/12/2026 2:14:28 PM  ,    4293.000,                                  10.247,                                  16.188,                                  22.539,                                   0.009,                                   0.015,                               61774.098,                                   1.000,
8/12/2026 2:14:29 PM  ,    4294.000,                                  10.247,                                  16.230,                                  22.598,                                   0.009,                                   0.015,                               61614.410,                                   1.000,
8/12/2026 2:14:30 PM  ,    4295.000,                                  10.248,                                  16.255,                                  22.632,                                   0.009,                                   0.015,                               61520.137,                                   1.000,
8/12/2026 2:14:31 PM  ,    4296.000,                                  10.248,                                  16.248,                                  22.623,                                   0.009,                                   0.015,                               61544.531,                                   1.000,
8/12/2026 2:14:32 PM  ,    4297.000,                                  10.247,                                  16.305,                                  22.702,                                   0.009,                                   0.015,                               61329.625,                                   1.000,
8/12/2026 2:14:33 PM  ,    4298.000,                                  10.247,                                  16.289,                                  22.680,                                   0.009,                                   0.015,                               61391.176,                                   1.000,
8/12/2026 2:14:34 PM  ,    4299.000,                                  10.247,                                  16.303,                                  22.698,                                   0.009,                                   0.015,                               61340.199,                                   1.000,
8/12/2026 2:14:35 PM  ,    4300.000,                                  10.247,                                  16.233,                                  22.601,                                   0.009,                                   0.015,                               61604.523,                                   1.000,
8/12/2026 2:14:36 PM  ,    4301.000,                                  10.247,                                  16.282,                                  22.670,                                   0.009,                                   0.015,                               61415.703,                                   1.000,
8/12/2026 2:14:37 PM  ,    4302.000,                                  10.248,                                  16.243,                                  22.616,                                   0.009,                                   0.015,                               61563.391,                                   1.000,
8/12/2026 2:14:38 PM  ,    4303.000,                                  10.247,                                  16.220,                                  22.583,                                   0.009,                                   0.015,                               61653.305,                                   1.000,
8/12/2026 2:14:39 PM  ,    4304.000,                                  10.247,                                  16.257,                                  22.635,                                   0.009,                                   0.015,                               61512.852,                                   1.000,
8/12/2026 2:14:40 PM  ,    4305.000,                                  10.247,                                  16.231,                                  22.599,                                   0.009,                                   0.015,                               61609.953,                                   1.000,
8/12/2026 2:14:41 PM  ,    4306.000,                                  10.247,                                  16.268,                                  22.650,                                   0.009,                                   0.015,                               61471.121,                                   1.000,
8/12/2026 2:14:42 PM  ,    4307.000,                                  10.247,                                  16.272,                                  22.655,                                   0.009,                                   0.015,                               61457.094,                                   1.000,
8/12/2026 2:14:43 PM  ,    4308.000,                                  10.247,                                  16.286,                                  22.676,                                   0.009,                                   0.015,                               61402.160,                                   1.000,
8/12/2026 2:14:44 PM  ,    4309.000,                                  10.247,                                  16.314,                                  22.715,                                   0.009,                                   0.015,                               61295.535,                                   1.000,
8/12/2026 2:14:45 PM  ,    4310.000,                                  10.247,                                  16.305,                                  22.702,                                   0.009,                                   0.015,                               61332.035,                                   1.000,
8/12/2026 2:14:46 PM  ,    4311.000,                                  10.248,                                  16.303,                                  22.698,                                   0.009,                                   0.015,                               61339.555,                                   1.000,
8/12/2026 2:14:47 PM  ,    4312.000,                                  10.247,                                  16.312,                                  22.711,                                   0.009,                                   0.015,                               61306.367,                                   1.000,
8/12/2026 2:14:48 PM  ,    4313.000,                                  10.247,                                  16.301,                                  22.696,                                   0.009,                                   0.015,                               61345.813,                                   1.000,
8/12/2026 2:14:49 PM  ,    4314.000,                                  10.247,                                  16.364,                                  22.783,                                   0.009,                                   0.015,                               61111.234,                                   1.000,
8/12/2026 2:14:50 PM  ,    4315.000,                                  10.247,                                  16.399,                                  22.833,                                   0.009,                                   0.015,                               60980.371,                                   1.000,
8/12/2026 2:14:51 PM  ,    4316.000,                                  10.247,                                  16.387,                                  22.816,                                   0.009,                                   0.015,                               61023.914,                                   1.000,
8/12/2026 2:14:52 PM  ,    4317.000,                                  10.247,                                  16.395,                                  22.827,                                   0.009,                                   0.015,                               60994.645,                                   1.000,
8/12/2026 2:14:53 PM  ,    4318.000,                                  10.247,                                  16.394,                                  22.825,                                   0.009,                                   0.015,                               60999.188,                                   1.000,
8/12/2026 2:14:54 PM  ,    4319.000,                                  10.247,                                  16.444,                                  22.895,                                   0.009,                                   0.015,                               60813.957,                                   1.000,
8/12/2026 2:14:55 PM  ,    4320.000,                                  10.246,                                  16.437,                                  22.886,                                   0.009,                                   0.015,                               60838.746,                                   1.000,
8/12/2026 2:14:56 PM  ,    4321.000,                                  10.247,                                  16.393,                                  22.825,                                   0.009,                                   0.015,                               61001.797,                                   1.000,
8/12/2026 2:14:57 PM  ,    4322.000,                                  10.247,                                  16.400,                                  22.835,                                   0.009,                                   0.015,                               60974.102,                                   1.000,
8/12/2026 2:14:58 PM  ,    4323.000,                                  10.247,                                  16.406,                                  22.843,                                   0.009,                                   0.015,                               60952.836,                                   1.000,
8/12/2026 2:14:59 PM  ,    4324.000,                                  10.247,                                  16.407,                                  22.844,                                   0.009,                                   0.015,                               60950.590,                                   1.000,
8/12/2026 2:15:00 PM  ,    4325.000,                                  10.247,                                  16.447,                                  22.900,                                   0.009,                                   0.015,                               60800.133,                                   1.000,
8/12/2026 2:15:01 PM  ,    4326.000,                                  10.247,                                  16.468,                                  22.929,                                   0.009,                                   0.015,                               60723.055,                                   1.000,
8/12/2026 2:15:02 PM  ,    4327.000,                                  10.247,                                  16.499,                                  22.972,                                   0.009,                                   0.015,                               60610.992,                                   1.000,
8/12/2026 2:15:03 PM  ,    4328.000,                                  10.247,                                  16.490,                                  22.959,                                   0.009,                                   0.015,                               60644.602,                                   1.000,
8/12/2026 2:15:04 PM  ,    4329.000,                                  10.246,                                  16.498,                                  22.971,                                   0.009,                                   0.015,                               60614.309,                                   1.000,
8/12/2026 2:15:05 PM  ,    4330.000,                                  10.246,                                  16.526,                                  23.010,                                   0.009,                                   0.015,                               60512.145,                                   1.000,
8/12/2026 2:15:06 PM  ,    4331.000,                                  10.246,                                  16.506,                                  22.983,                                   0.009,                                   0.015,                               60583.277,                                   1.000,
8/12/2026 2:15:07 PM  ,    4332.000,                                  10.246,                                  16.507,                                  22.983,                                   0.009,                                   0.015,                               60581.598,                                   1.000,
8/12/2026 2:15:08 PM  ,    4333.000,                                  10.246,                                  16.520,                                  23.002,                                   0.009,                                   0.015,                               60532.758,                                   1.000,
8/12/2026 2:15:09 PM  ,    4334.000,                                  10.245,                                  16.565,                                  23.066,                                   0.009,                                   0.015,                               60367.090,                                   1.000,
8/12/2026 2:15:10 PM  ,    4335.000,                                  10.245,                                  16.537,                                  23.026,                                   0.009,                                   0.015,                               60472.188,                                   1.000,
8/12/2026 2:15:11 PM  ,    4336.000,                                  10.245,                                  16.544,                                  23.036,                                   0.009,                                   0.015,                               60445.129,                                   1.000,
8/12/2026 2:15:12 PM  ,    4337.000,                                  10.244,                                  16.535,                                  23.024,                                   0.009,                                   0.015,                               60477.746,                                   1.000,
8/12/2026 2:15:13 PM  ,    4338.000,                                  10.244,                                  16.533,                                  23.022,                                   0.009,                                   0.015,                               60484.863,                                   1.000,
8/12/2026 2:15:14 PM  ,    4339.000,                                  10.244,                                  16.531,                                  23.019,                                   0.009,                                   0.015,                               60491.488,                                   1.000,
8/12/2026 2:15:15 PM  ,    4340.000,                                  10.243,                                  16.511,                                  22.991,                                   0.009,                                   0.015,                               60565.902,                                   1.000,
8/12/2026 2:15:16 PM  ,    4341.000,                                  10.242,                                  16.510,                                  22.991,                                   0.009,                                   0.015,                               60569.168,                                   1.000,
8/12/2026 2:15:17 PM  ,    4342.000,                                  10.242,                                  16.504,                                  22.983,                                   0.009,                                   0.015,                               60590.238,                                   1.000,
8/12/2026 2:15:18 PM  ,    4343.000,                                  10.242,                                  16.499,                                  22.976,                                   0.009,                                   0.015,                               60608.707,                                   1.000,
8/12/2026 2:15:19 PM  ,    4344.000,                                  10.242,                                  16.469,                                  22.934,                                   0.009,                                   0.015,                               60720.520,                                   1.000,
8/12/2026 2:15:20 PM  ,    4345.000,                                  10.241,                                  16.459,                                  22.920,                                   0.009,                                   0.015,                               60757.563,                                   1.000,
8/12/2026 2:15:21 PM  ,    4346.000,                                  10.241,                                  16.416,                                  22.861,                                   0.009,                                   0.015,                               60915.570,                                   1.000,
8/12/2026 2:15:22 PM  ,    4347.000,                                  10.240,                                  16.376,                                  22.805,                                   0.009,                                   0.015,                               61066.129,                                   1.000,
8/12/2026 2:15:23 PM  ,    4348.000,                                  10.239,                                  16.317,                                  22.723,                                   0.009,                                   0.015,                               61285.684,                                   1.000,
8/12/2026 2:15:24 PM  ,    4349.000,                                  10.239,                                  16.289,                                  22.685,                                   0.009,                                   0.015,                               61391.230,                                   1.000,
8/12/2026 2:15:25 PM  ,    4350.000,                                  10.238,                                  16.253,                                  22.635,                                   0.009,                                   0.015,                               61526.914,                                   1.000,
8/12/2026 2:15:26 PM  ,    4351.000,                                  10.238,                                  16.192,                                  22.550,                                   0.009,                                   0.015,                               61758.008,                                   1.000,
8/12/2026 2:15:27 PM  ,    4352.000,                                  10.237,                                  16.127,                                  22.460,                                   0.009,                                   0.015,                               62008.977,                                   1.000,
8/12/2026 2:15:28 PM  ,    4353.000,                                  10.236,                                  16.025,                                  22.318,                                   0.009,                                   0.015,                               62404.422,                                   1.000,
8/12/2026 2:15:29 PM  ,    4354.000,                                  10.234,                                  15.920,                                  22.174,                                   0.009,                                   0.014,                               62813.766,                                   1.000,
8/12/2026 2:15:30 PM  ,    4355.000,                                  10.233,                                  15.860,                                  22.090,                                   0.009,                                   0.014,                               63052.953,                                   1.000,
8/12/2026 2:15:31 PM  ,    4356.000,                                  10.233,                                  15.835,                                  22.056,                                   0.009,                                   0.014,                               63151.531,                                   1.000,
8/12/2026 2:15:32 PM  ,    4357.000,                                  10.233,                                  15.834,                                  22.055,                                   0.009,                                   0.014,                               63154.773,                                   1.000,
8/12/2026 2:15:33 PM  ,    4358.000,                                  10.233,                                  15.741,                                  21.925,                                   0.009,                                   0.014,                               63529.914,                                   1.000,
8/12/2026 2:15:34 PM  ,    4359.000,                                  10.233,                                  15.707,                                  21.878,                                   0.009,                                   0.014,                               63666.305,                                   1.000,
8/12/2026 2:15:35 PM  ,    4360.000,                                  10.232,                                  15.635,                                  21.778,                                   0.009,                                   0.014,                               63960.387,                                   1.000,
8/12/2026 2:15:36 PM  ,    4361.000,                                  10.232,                                  15.656,                                  21.807,                                   0.009,                                   0.014,                               63874.379,                                   1.000,
8/12/2026 2:15:37 PM  ,    4362.000,                                  10.232,                                  15.680,                                  21.840,                                   0.009,                                   0.014,                               63776.734,                                   1.000,
8/12/2026 2:15:38 PM  ,    4363.000,                                  10.232,                                  15.610,                                  21.743,                                   0.009,                                   0.014,                               64061.500,                                   1.000,
8/12/2026 2:15:39 PM  ,    4364.000,                                  10.232,                                  15.592,                                  21.719,                                   0.009,                                   0.014,                               64134.043,                                   1.000,
8/12/2026 2:15:40 PM  ,    4365.000,                                  10.232,                                  15.586,                                  21.710,                                   0.009,                                   0.014,                               64159.375,                                   1.000,
8/12/2026 2:15:41 PM  ,    4366.000,                                  10.232,                                  15.605,                                  21.735,                                   0.009,                                   0.014,                               64083.938,                                   1.000,
8/12/2026 2:15:42 PM  ,    4367.000,                                  10.232,                                  15.542,                                  21.649,                                   0.009,                                   0.014,                               64339.902,                                   1.000,
8/12/2026 2:15:43 PM  ,    4368.000,                                  10.232,                                  15.499,                                  21.588,                                   0.009,                                   0.014,                               64520.469,                                   1.000,
8/12/2026 2:15:44 PM  ,    4369.000,                                  10.232,                                  15.488,                                  21.573,                                   0.009,                                   0.014,                               64565.445,                                   1.000,
8/12/2026 2:15:45 PM  ,    4370.000,                                  10.232,                                  15.431,                                  21.494,                                   0.009,                                   0.014,                               64804.969,                                   1.000,
8/12/2026 2:15:46 PM  ,    4371.000,                                  10.232,                                  15.392,                                  21.439,                                   0.009,                                   0.014,                               64968.734,                                   1.000,
8/12/2026 2:15:47 PM  ,    4372.000,                                  10.232,                                  15.419,                                  21.477,                                   0.009,                                   0.014,                               64856.883,                                   1.000,
8/12/2026 2:15:48 PM  ,    4373.000,                                  10.232,                                  15.452,                                  21.523,                                   0.009,                                   0.014,                               64716.387,                                   1.000,
8/12/2026 2:15:49 PM  ,    4374.000,                                  10.232,                                  15.458,                                  21.532,                                   0.009,                                   0.014,                               64691.277,                                   1.000,
8/12/2026 2:15:50 PM  ,    4375.000,                                  10.232,                                  15.490,                                  21.576,                                   0.009,                                   0.014,                               64558.547,                                   1.000,
8/12/2026 2:15:51 PM  ,    4376.000,                                  10.231,                                  15.469,                                  21.547,                                   0.009,                                   0.014,                               64645.469,                                   1.000,
8/12/2026 2:15:52 PM  ,    4377.000,                                  10.232,                                  15.473,                                  21.552,                                   0.009,                                   0.014,                               64629.781,                                   1.000,
8/12/2026 2:15:53 PM  ,    4378.000,                                  10.232,                                  15.468,                                  21.544,                                   0.009,                                   0.014,                               64651.551,                                   1.000,
8/12/2026 2:15:54 PM  ,    4379.000,                                  10.232,                                  15.448,                                  21.516,                                   0.009,                                   0.014,                               64735.320,                                   1.000,
8/12/2026 2:15:55 PM  ,    4380.000,                                  10.232,                                  15.476,                                  21.557,                                   0.009,                                   0.014,                               64614.578,                                   1.000,
8/12/2026 2:15:56 PM  ,    4381.000,                                  10.233,                                  15.464,                                  21.540,                                   0.009,                                   0.014,                               64664.625,                                   1.000,
8/12/2026 2:15:57 PM  ,    4382.000,                                  10.233,                                  15.450,                                  21.520,                                   0.009,                                   0.014,                               64725.027,                                   1.000,
8/12/2026 2:15:58 PM  ,    4383.000,                                  10.233,                                  15.417,                                  21.473,                                   0.009,                                   0.014,                               64865.406,                                   1.000,
8/12/2026 2:15:59 PM  ,    4384.000,                                  10.233,                                  15.395,                                  21.443,                                   0.009,                                   0.014,                               64955.707,                                   1.000,
8/12/2026 2:16:00 PM  ,    4385.000,                                  10.233,                                  15.366,                                  21.402,                                   0.009,                                   0.014,                               65079.230,                                   1.000,
8/12/2026 2:16:01 PM  ,    4386.000,                                  10.233,                                  15.396,                                  21.444,                                   0.009,                                   0.014,                               64952.719,                                   1.000,
8/12/2026 2:16:02 PM  ,    4387.000,                                  10.233,                                  15.395,                                  21.443,                                   0.009,                                   0.014,                               64958.195,                                   1.000,
8/12/2026 2:16:03 PM  ,    4388.000,                                  10.232,                                  15.383,                                  21.427,                                   0.009,                                   0.014,                               65005.793,                                   1.000,
8/12/2026 2:16:04 PM  ,    4389.000,                                  10.232,                                  15.372,                                  21.412,                                   0.009,                                   0.014,                               65052.586,                                   1.000,
8/12/2026 2:16:05 PM  ,    4390.000,                                  10.232,                                  15.361,                                  21.396,                                   0.009,                                   0.014,                               65100.992,                                   1.000,
8/12/2026 2:16:06 PM  ,    4391.000,                                  10.232,                                  15.329,                                  21.352,                                   0.009,                                   0.014,                               65235.207,                                   1.000,
8/12/2026 2:16:07 PM  ,    4392.000,                                  10.232,                                  15.308,                                  21.322,                                   0.009,                                   0.014,                               65325.910,                                   1.000,
8/12/2026 2:16:08 PM  ,    4393.000,                                  10.232,                                  15.307,                                  21.321,                                   0.009,                                   0.014,                               65329.008,                                   1.000,
8/12/2026 2:16:09 PM  ,    4394.000,                                  10.232,                                  15.306,                                  21.319,                                   0.009,                                   0.014,                               65334.410,                                   1.000,
8/12/2026 2:16:10 PM  ,    4395.000,                                  10.233,                                  15.282,                                  21.286,                                   0.009,                                   0.014,                               65435.711,                                   1.000,
8/12/2026 2:16:11 PM  ,    4396.000,                                  10.233,                                  15.299,                                  21.310,                                   0.009,                                   0.014,                               65362.211,                                   1.000,
8/12/2026 2:16:12 PM  ,    4397.000,                                  10.232,                                  15.276,                                  21.278,                                   0.009,                                   0.014,                               65462.707,                                   1.000,
8/12/2026 2:16:13 PM  ,    4398.000,                                  10.232,                                  15.254,                                  21.248,                                   0.009,                                   0.014,                               65554.633,                                   1.000,
8/12/2026 2:16:14 PM  ,    4399.000,                                  10.232,                                  15.245,                                  21.235,                                   0.009,                                   0.014,                               65594.188,                                   1.000,
8/12/2026 2:16:15 PM  ,    4400.000,                                  10.232,                                  15.242,                                  21.230,                                   0.009,                                   0.014,                               65607.875,                                   1.000,
8/12/2026 2:16:16 PM  ,    4401.000,                                  10.233,                                  15.233,                                  21.217,                                   0.009,                                   0.014,                               65648.125,                                   1.000,
8/12/2026 2:16:17 PM  ,    4402.000,                                  10.233,                                  15.224,                                  21.204,                                   0.009,                                   0.014,                               65687.203,                                   1.000,
8/12/2026 2:16:18 PM  ,    4403.000,                                  10.232,                                  15.225,                                  21.207,                                   0.009,                                   0.014,                               65679.406,                                   1.000,
8/12/2026 2:16:19 PM  ,    4404.000,                                  10.232,                                  15.219,                                  21.198,                                   0.009,                                   0.014,                               65707.289,                                   1.000,
8/12/2026 2:16:20 PM  ,    4405.000,                                  10.232,                                  15.217,                                  21.195,                                   0.009,                                   0.014,                               65716.984,                                   1.000,
8/12/2026 2:16:21 PM  ,    4406.000,                                  10.232,                                  15.227,                                  21.209,                                   0.009,                                   0.014,                               65674.727,                                   1.000,
8/12/2026 2:16:22 PM  ,    4407.000,                                  10.232,                                  15.226,                                  21.207,                                   0.009,                                   0.014,                               65679.133,                                   1.000,
8/12/2026 2:16:23 PM  ,    4408.006,                                  10.232,                                  15.219,                                  21.199,                                   0.009,                                   0.014,                               65707.164,                                   1.000,
8/12/2026 2:16:24 PM  ,    4409.000,                                  10.232,                                  15.214,                                  21.192,                                   0.009,                                   0.014,                               65728.492,                                   1.000,
8/12/2026 2:16:25 PM  ,    4410.000,                                  10.231,                                  15.201,                                  21.174,                                   0.009,                                   0.014,                               65784.922,                                   1.000,
8/12/2026 2:16:26 PM  ,    4411.000,                                  10.231,                                  15.181,                                  21.146,                                   0.008,                                   0.014,                               65872.578,                                   1.000,
8/12/2026 2:16:27 PM  ,    4412.000,                                  10.231,                                  15.195,                                  21.165,                                   0.008,                                   0.014,                               65811.680,                                   1.000,
8/12/2026 2:16:28 PM  ,    4413.000,                                  10.232,                                  15.184,                                  21.150,                                   0.008,                                   0.014,                               65859.258,                                   1.000,
8/12/2026 2:16:29 PM  ,    4414.000,                                  10.232,                                  15.203,                                  21.176,                                   0.009,                                   0.014,                               65778.094,                                   1.000,
8/12/2026 2:16:30 PM  ,    4415.000,                                  10.232,                                  15.182,                                  21.147,                                   0.008,                                   0.014,                               65867.063,                                   1.000,
8/12/2026 2:16:31 PM  ,    4416.000,                                  10.232,                                  15.164,                                  21.121,                                   0.008,                                   0.014,                               65947.547,                                   1.000,
8/12/2026 2:16:32 PM  ,    4417.000,                                  10.231,                                  15.172,                                  21.133,                                   0.008,                                   0.014,                               65912.688,                                   1.000,
8/12/2026 2:16:33 PM  ,    4418.000,                                  10.231,                                  15.183,                                  21.148,                                   0.008,                                   0.014,                               65864.672,                                   1.000,
8/12/2026 2:16:34 PM  ,    4419.000,                                  10.231,                                  15.150,                                  21.103,                                   0.008,                                   0.014,                               66007.203,                                   1.000,
8/12/2026 2:16:35 PM  ,    4420.000,                                  10.231,                                  15.118,                                  21.058,                                   0.008,                                   0.014,                               66147.195,                                   1.000,
8/12/2026 2:16:36 PM  ,    4421.000,                                  10.231,                                  15.151,                                  21.104,                                   0.008,                                   0.014,                               66002.531,                                   1.000,
8/12/2026 2:16:37 PM  ,    4422.000,                                  10.231,                                  15.106,                                  21.041,                                   0.008,                                   0.014,                               66199.289,                                   1.000,
8/12/2026 2:16:38 PM  ,    4423.000,                                  10.231,                                  15.118,                                  21.059,                                   0.008,                                   0.014,                               66145.195,                                   1.000,
8/12/2026 2:16:39 PM  ,    4424.000,                                  10.231,                                  15.118,                                  21.058,                                   0.008,                                   0.014,                               66147.102,                                   1.000,
8/12/2026 2:16:40 PM  ,    4425.000,                                  10.230,                                  15.113,                                  21.052,                                   0.008,                                   0.014,                               66167.195,                                   1.000,
8/12/2026 2:16:41 PM  ,    4426.000,                                  10.230,                                  15.095,                                  21.027,                                   0.008,                                   0.014,                               66246.102,                                   1.000,
8/12/2026 2:16:42 PM  ,    4427.000,                                  10.230,                                  15.096,                                  21.028,                                   0.008,                                   0.014,                               66242.711,                                   1.000,
8/12/2026 2:16:43 PM  ,    4428.000,                                  10.230,                                  15.114,                                  21.052,                                   0.008,                                   0.014,                               66165.734,                                   1.000,
8/12/2026 2:16:44 PM  ,    4429.000,                                  10.231,                                  15.098,                                  21.031,                                   0.008,                                   0.014,                               66232.281,                                   1.000,
8/12/2026 2:16:45 PM  ,    4430.000,                                  10.231,                                  15.117,                                  21.058,                                   0.008,                                   0.014,                               66148.875,                                   1.000,
8/12/2026 2:16:46 PM  ,    4431.000,                                  10.231,                                  15.075,                                  20.998,                                   0.008,                                   0.014,                               66336.766,                                   1.000,
8/12/2026 2:16:47 PM  ,    4432.000,                                  10.231,                                  15.071,                                  20.993,                                   0.008,                                   0.014,                               66352.805,                                   1.000,
8/12/2026 2:16:48 PM  ,    4433.000,                                  10.231,                                  15.105,                                  21.040,                                   0.008,                                   0.014,                               66202.820,                                   1.000,
8/12/2026 2:16:49 PM  ,    4434.000,                                  10.231,                                  15.057,                                  20.973,                                   0.008,                                   0.014,                               66415.227,                                   1.000,
8/12/2026 2:16:50 PM  ,    4435.000,                                  10.230,                                  15.070,                                  20.992,                                   0.008,                                   0.014,                               66355.281,                                   1.000,
8/12/2026 2:16:51 PM  ,    4436.000,                                  10.230,                                  15.088,                                  21.017,                                   0.008,                                   0.014,                               66276.797,                                   1.000,
8/12/2026 2:16:52 PM  ,    4437.000,                                  10.230,                                  15.075,                                  20.998,                                   0.008,                                   0.014,                               66336.078,                                   1.000,
8/12/2026 2:16:53 PM  ,    4438.000,                                  10.230,                                  15.046,                                  20.958,                                   0.008,                                   0.014,                               66462.922,                                   1.000,
8/12/2026 2:16:54 PM  ,    4439.000,                                  10.230,                                  15.060,                                  20.978,                                   0.008,                                   0.014,                               66402.148,                                   1.000,
8/12/2026 2:16:55 PM  ,    4440.000,                                  10.231,                                  15.118,                                  21.059,                                   0.008,                                   0.014,                               66145.500,                                   1.000,
8/12/2026 2:16:56 PM  ,    4441.000,                                  10.231,                                  15.081,                                  21.007,                                   0.008,                                   0.014,                               66307.539,                                   1.000,
8/12/2026 2:16:57 PM  ,    4442.000,                                  10.230,                                  15.069,                                  20.990,                                   0.008,                                   0.014,                               66361.711,                                   1.000,
8/12/2026 2:16:58 PM  ,    4443.000,                                  10.230,                                  15.084,                                  21.011,                                   0.008,                                   0.014,                               66297.016,                                   1.000,
8/12/2026 2:16:59 PM  ,    4444.000,                                  10.230,                                  15.092,                                  21.023,                                   0.008,                                   0.014,                               66258.211,                                   1.000,
8/12/2026 2:17:00 PM  ,    4445.000,                                  10.230,                                  15.053,                                  20.968,                                   0.008,                                   0.014,                               66431.469,                                   1.000,
8/12/2026 2:17:01 PM  ,    4446.000,                                  10.230,                                  15.043,                                  20.955,                                   0.008,                                   0.014,                               66475.109,                                   1.000,
8/12/2026 2:17:02 PM  ,    4447.000,                                  10.230,                                  15.059,                                  20.976,                                   0.008,                                   0.014,                               66407.563,                                   1.000,
8/12/2026 2:17:03 PM  ,    4448.000,                                  10.230,                                  15.052,                                  20.967,                                   0.008,                                   0.014,                               66435.484,                                   1.000,
8/12/2026 2:17:04 PM  ,    4449.000,                                  10.230,                                  14.946,                                  20.819,                                   0.008,                                   0.014,                               66908.086,                                   1.000,
8/12/2026 2:17:05 PM  ,    4450.000,                                  10.229,                                  15.089,                                  21.018,                                   0.008,                                   0.014,                               66275.195,                                   1.000,
8/12/2026 2:17:06 PM  ,    4451.000,                                  10.229,                                  15.219,                                  21.200,                                   0.009,                                   0.014,                               65708.516,                                   1.000,
8/12/2026 2:17:07 PM  ,    4452.000,                                  10.229,                                  15.044,                                  20.956,                                   0.008,                                   0.014,                               66472.398,                                   1.000,
8/12/2026 2:17:08 PM  ,    4453.000,                                  10.229,                                  15.013,                                  20.913,                                   0.008,                                   0.014,                               66608.117,                                   1.000,
8/12/2026 2:17:09 PM  ,    4454.000,                                  10.229,                                  15.001,                                  20.897,                                   0.008,                                   0.014,                               66660.852,                                   1.000,
8/12/2026 2:17:10 PM  ,    4455.000,                                  10.230,                                  14.998,                                  20.892,                                   0.008,                                   0.014,                               66675.500,                                   1.000,
8/12/2026 2:17:11 PM  ,    4456.000,                                  10.229,                                  15.002,                                  20.898,                                   0.008,                                   0.014,                               66656.375,                                   1.000,
8/12/2026 2:17:12 PM  ,    4457.000,                                  10.230,                                  14.987,                                  20.876,                                   0.008,                                   0.014,                               66726.133,                                   1.000,
8/12/2026 2:17:13 PM  ,    4458.000,                                  10.230,                                  14.967,                                  20.849,                                   0.008,                                   0.014,                               66813.281,                                   1.000,
8/12/2026 2:17:14 PM  ,    4459.000,                                  10.229,                                  14.985,                                  20.874,                                   0.008,                                   0.014,                               66735.328,                                   1.000,
8/12/2026 2:17:15 PM  ,    4460.000,                                  10.229,                                  14.880,                                  20.727,                                   0.008,                                   0.013,                               67205.211,                                   1.000,
8/12/2026 2:17:16 PM  ,    4461.000,                                  10.229,                                  14.974,                                  20.859,                                   0.008,                                   0.014,                               66781.453,                                   1.000,
8/12/2026 2:17:17 PM  ,    4462.000,                                  10.228,                                  15.012,                                  20.912,                                   0.008,                                   0.014,                               66614.703,                                   1.000,
8/12/2026 2:17:18 PM  ,    4463.000,                                  10.228,                                  14.981,                                  20.869,                                   0.008,                                   0.014,                               66751.477,                                   1.000,
8/12/2026 2:17:19 PM  ,    4464.000,                                  10.228,                                  14.999,                                  20.894,                                   0.008,                                   0.014,                               66672.148,                                   1.000,
8/12/2026 2:17:20 PM  ,    4465.000,                                  10.228,                                  14.996,                                  20.890,                                   0.008,                                   0.014,                               66685.477,                                   1.000,
8/12/2026 2:17:21 PM  ,    4466.000,                                  10.228,                                  14.984,                                  20.874,                                   0.008,                                   0.014,                               66737.438,                                   1.000,
8/12/2026 2:17:22 PM  ,    4467.000,                                  10.228,                                  14.977,                                  20.864,                                   0.008,                                   0.014,                               66769.102,                                   1.000,
8/12/2026 2:17:23 PM  ,    4468.000,                                  10.228,                                  14.975,                                  20.862,                                   0.008,                                   0.014,                               66775.789,                                   1.000,
8/12/2026 2:17:24 PM  ,    4469.000,                                  10.227,                                  14.974,                                  20.859,                                   0.008,                                   0.014,                               66783.688,                                   1.000,
8/12/2026 2:17:25 PM  ,    4470.000,                                  10.228,                                  14.968,                                  20.851,                                   0.008,                                   0.014,                               66808.203,                                   1.000,
8/12/2026 2:17:26 PM  ,    4471.000,                                  10.228,                                  14.955,                                  20.832,                                   0.008,                                   0.014,                               66868.938,                                   1.000,
8/12/2026 2:17:27 PM  ,    4472.000,                                  10.228,                                  15.005,                                  20.903,                                   0.008,                                   0.014,                               66643.234,                                   1.000,
8/12/2026 2:17:28 PM  ,    4473.000,                                  10.228,                                  14.957,                                  20.836,                                   0.008,                                   0.014,                               66856.563,                                   1.000,
8/12/2026 2:17:29 PM  ,    4474.000,                                  10.228,                                  14.957,                                  20.836,                                   0.008,                                   0.014,                               66857.688,                                   1.000,
8/12/2026 2:17:30 PM  ,    4475.000,                                  10.228,                                  14.974,                                  20.859,                                   0.008,                                   0.014,                               66784.352,                                   1.000,
8/12/2026 2:17:31 PM  ,    4476.000,                                  10.228,                                  14.933,                                  20.802,                                   0.008,                                   0.014,                               66965.516,                                   1.000,
8/12/2026 2:17:32 PM  ,    4477.000,                                  10.228,                                  14.949,                                  20.825,                                   0.008,                                   0.014,                               66893.797,                                   1.000,
8/12/2026 2:17:33 PM  ,    4478.000,                                  10.228,                                  14.959,                                  20.839,                                   0.008,                                   0.014,                               66848.344,                                   1.000,
8/12/2026 2:17:34 PM  ,    4479.000,                                  10.227,                                  14.950,                                  20.826,                                   0.008,                                   0.014,                               66888.938,                                   1.000,
8/12/2026 2:17:35 PM  ,    4480.000,                                  10.228,                                  14.925,                                  20.791,                                   0.008,                                   0.014,                               67001.617,                                   1.000,
8/12/2026 2:17:36 PM  ,    4481.000,                                  10.227,                                  14.964,                                  20.847,                                   0.008,                                   0.014,                               66825.266,                                   1.000,
8/12/2026 2:17:37 PM  ,    4482.000,                                  10.227,                                  14.952,                                  20.830,                                   0.008,                                   0.014,                               66880.367,                                   1.000,
8/12/2026 2:17:38 PM  ,    4483.000,                                  10.227,                                  14.955,                                  20.833,                                   0.008,                                   0.014,                               66868.867,                                   1.000,
8/12/2026 2:17:39 PM  ,    4484.000,                                  10.226,                                  14.968,                                  20.852,                                   0.008,                                   0.014,                               66808.477,                                   1.000,
8/12/2026 2:17:40 PM  ,    4485.000,                                  10.226,                                  14.967,                                  20.850,                                   0.008,                                   0.014,                               66815.563,                                   1.000,
8/12/2026 2:17:41 PM  ,    4486.000,                                  10.226,                                  14.970,                                  20.855,                                   0.008,                                   0.014,                               66800.375,                                   1.000,
8/12/2026 2:17:42 PM  ,    4487.000,                                  10.226,                                  14.959,                                  20.839,                                   0.008,                                   0.014,                               66851.344,                                   1.000,
8/12/2026 2:17:43 PM  ,    4488.000,                                  10.226,                                  14.974,                                  20.860,                                   0.008,                                   0.014,                               66783.727,                                   1.000,
8/12/2026 2:17:44 PM  ,    4489.000,                                  10.226,                                  14.960,                                  20.840,                                   0.008,                                   0.014,                               66846.469,                                   1.000,
8/12/2026 2:17:45 PM  ,    4490.000,                                  10.226,                                  14.947,                                  20.823,                                   0.008,                                   0.014,                               66902.352,                                   1.000,
8/12/2026 2:17:46 PM  ,    4491.000,                                  10.226,                                  14.942,                                  20.816,                                   0.008,                                   0.014,                               66923.930,                                   1.000,
8/12/2026 2:17:47 PM  ,    4492.000,                                  10.226,                                  14.924,                                  20.791,                                   0.008,                                   0.014,                               67004.422,                                   1.000,
8/12/2026 2:17:48 PM  ,    4493.000,                                  10.226,                                  14.965,                                  20.849,                                   0.008,                                   0.014,                               66820.594,                                   1.000,
8/12/2026 2:17:49 PM  ,    4494.000,                                  10.225,                                  14.928,                                  20.796,                                   0.008,                                   0.014,                               66990.070,                                   1.000,
8/12/2026 2:17:50 PM  ,    4495.000,                                  10.225,                                  14.925,                                  20.793,                                   0.008,                                   0.014,                               67000.797,                                   1.000,
8/12/2026 2:17:51 PM  ,    4496.000,                                  10.226,                                  14.889,                                  20.743,                                   0.008,                                   0.013,                               67162.273,                                   1.000,
8/12/2026 2:17:55 PM  ,    4500.000,                                  10.223,                                  14.899,                                  20.758,                                   0.008,                                   0.013,                               67117.750,                                   1.000,
8/12/2026 2:18:00 PM  ,    4505.000,                                  10.223,                                  14.918,                                  20.784,                                   0.008,                                   0.014,                               67033.875,                                   1.000,
8/12/2026 2:18:05 PM  ,    4510.000,                                  10.222,                                  14.862,                                  20.707,                                   0.008,                                   0.013,                               67286.336,                                   1.000,
8/12/2026 2:18:10 PM  ,    4515.000,                                  10.221,                                  14.879,                                  20.731,                                   0.008,                                   0.013,                               67207.930,                                   1.000,
8/12/2026 2:18:15 PM  ,    4520.000,                                  10.220,                                  14.842,                                  20.679,                                   0.008,                                   0.013,                               67378.617,                                   1.000,
8/12/2026 2:18:20 PM  ,    4525.000,                                  10.219,                                  14.846,                                  20.686,                                   0.008,                                   0.013,                               67356.719,                                   1.000,
8/12/2026 2:18:25 PM  ,    4530.000,                                  10.217,                                  14.819,                                  20.650,                                   0.008,                                   0.013,                               67480.172,                                   1.000,
8/12/2026 2:18:30 PM  ,    4535.000,                                  10.216,                                  14.801,                                  20.624,                                   0.008,                                   0.013,                               67564.148,                                   1.000,
8/12/2026 2:18:35 PM  ,    4540.000,                                  10.214,                                  14.777,                                  20.592,                                   0.008,                                   0.013,                               67674.938,                                   1.000,
8/12/2026 2:18:40 PM  ,    4545.000,                                  10.213,                                  14.763,                                  20.574,                                   0.008,                                   0.013,                               67735.859,                                   1.000,
8/12/2026 2:18:45 PM  ,    4550.000,                                  10.211,                                  14.734,                                  20.535,                                   0.008,                                   0.013,                               67869.180,                                   1.000,
8/12/2026 2:18:50 PM  ,    4555.000,                                  10.208,                                  14.642,                                  20.407,                                   0.008,                                   0.013,                               68298.039,                                   1.000,
8/12/2026 2:18:55 PM  ,    4560.000,                                  10.206,                                  14.559,                                  20.293,                                   0.008,                                   0.013,                               68684.289,                                   1.000,
8/12/2026 2:19:00 PM  ,    4565.000,                                  10.205,                                  14.510,                                  20.226,                                   0.008,                                   0.013,                               68915.773,                                   1.000,
8/12/2026 2:19:05 PM  ,    4570.000,                                  10.203,                                  14.459,                                  20.155,                                   0.008,                                   0.013,                               69162.367,                                   1.000,
8/12/2026 2:19:10 PM  ,    4575.000,                                  10.202,                                  14.448,                                  20.140,                                   0.008,                                   0.013,                               69215.789,                                   1.000,
8/12/2026 2:19:13 PM  ,    4578.000,                                  10.200,                                  14.334,                                  19.983,                                   0.008,                                   0.013,                               69765.070,                                   1.000,
8/12/2026 2:19:14 PM  ,    4579.000,                                  10.200,                                  14.346,                                  19.999,                                   0.008,                                   0.013,                               69706.086,                                   1.000,
8/12/2026 2:19:15 PM  ,    4580.000,                                  10.200,                                  14.298,                                  19.932,                                   0.008,                                   0.013,                               69942.148,                                   1.000,
8/12/2026 2:19:16 PM  ,    4581.000,                                  10.199,                                  14.267,                                  19.890,                                   0.008,                                   0.013,                               70089.578,                                   1.000,
8/12/2026 2:19:17 PM  ,    4582.000,                                  10.199,                                  14.263,                                  19.884,                                   0.008,                                   0.013,                               70110.711,                                   1.000,
8/12/2026 2:19:18 PM  ,    4583.000,                                  10.199,                                  14.197,                                  19.792,                                   0.008,                                   0.013,                               70439.297,                                   1.000,
8/12/2026 2:19:19 PM  ,    4584.000,                                  10.198,                                  14.204,                                  19.802,                                   0.008,                                   0.013,                               70403.352,                                   1.000,
8/12/2026 2:19:20 PM  ,    4585.000,                                  10.198,                                  14.178,                                  19.766,                                   0.008,                                   0.013,                               70531.844,                                   1.000,
8/12/2026 2:19:21 PM  ,    4586.000,                                  10.197,                                  14.156,                                  19.736,                                   0.008,                                   0.013,                               70640.766,                                   1.000,
8/12/2026 2:19:22 PM  ,    4587.000,                                  10.197,                                  14.146,                                  19.722,                                   0.008,                                   0.013,                               70692.516,                                   1.000,
8/12/2026 2:19:23 PM  ,    4588.000,                                  10.196,                                  14.095,                                  19.651,                                   0.008,                                   0.013,                               70949.555,                                   1.000,
8/12/2026 2:19:24 PM  ,    4589.000,                                  10.195,                                  14.047,                                  19.585,                                   0.008,                                   0.013,                               71190.164,                                   1.000,
8/12/2026 2:19:25 PM  ,    4590.000,                                  10.195,                                  14.028,                                  19.559,                                   0.008,                                   0.013,                               71286.711,                                   1.000,
8/12/2026 2:19:26 PM  ,    4591.000,                                  10.194,                                  14.032,                                  19.564,                                   0.008,                                   0.013,                               71266.961,                                   1.000,
8/12/2026 2:19:27 PM  ,    4592.000,                                  10.194,                                  14.013,                                  19.538,                                   0.008,                                   0.013,                               71363.836,                                   1.000,
8/12/2026 2:19:28 PM  ,    4593.000,                                  10.194,                                  13.985,                                  19.499,                                   0.008,                                   0.013,                               71504.461,                                   1.000,
8/12/2026 2:19:29 PM  ,    4594.000,                                  10.193,                                  13.940,                                  19.436,                                   0.008,                                   0.013,                               71737.992,                                   1.000,
8/12/2026 2:19:30 PM  ,    4595.000,                                  10.192,                                  13.913,                                  19.400,                                   0.008,                                   0.013,                               71876.305,                                   1.000,
8/12/2026 2:19:31 PM  ,    4596.000,                                  10.192,                                  13.923,                                  19.414,                                   0.008,                                   0.013,                               71822.367,                                   1.000,
8/12/2026 2:19:32 PM  ,    4597.000,                                  10.191,                                  13.893,                                  19.372,                                   0.008,                                   0.013,                               71980.055,                                   1.000,
8/12/2026 2:19:33 PM  ,    4598.000,                                  10.191,                                  13.892,                                  19.371,                                   0.008,                                   0.013,                               71984.852,                                   1.000,
8/12/2026 2:19:34 PM  ,    4599.000,                                  10.191,                                  13.837,                                  19.294,                                   0.008,                                   0.013,                               72272.336,                                   1.000,
8/12/2026 2:19:35 PM  ,    4600.000,                                  10.190,                                  13.777,                                  19.211,                                   0.008,                                   0.012,                               72585.438,                                   1.000,
8/12/2026 2:19:36 PM  ,    4601.000,                                  10.188,                                  13.752,                                  19.178,                                   0.008,                                   0.012,                               72714.852,                                   1.000,
8/12/2026 2:19:37 PM  ,    4602.000,                                  10.188,                                  13.736,                                  19.155,                                   0.008,                                   0.012,                               72802.461,                                   1.000,
8/12/2026 2:19:38 PM  ,    4603.000,                                  10.187,                                  13.713,                                  19.123,                                   0.008,                                   0.012,                               72925.609,                                   1.000,
8/12/2026 2:19:39 PM  ,    4604.006,                                  10.187,                                  13.676,                                  19.073,                                   0.008,                                   0.012,                               73118.648,                                   1.000,
8/12/2026 2:19:40 PM  ,    4605.000,                                  10.186,                                  13.687,                                  19.088,                                   0.008,                                   0.012,                               73061.797,                                   1.000,
8/12/2026 2:19:41 PM  ,    4606.000,                                  10.186,                                  13.660,                                  19.050,                                   0.008,                                   0.012,                               73209.000,                                   1.000,
8/12/2026 2:19:42 PM  ,    4607.000,                                  10.186,                                  13.674,                                  19.070,                                   0.008,                                   0.012,                               73130.422,                                   1.000,
8/12/2026 2:19:43 PM  ,    4608.000,                                  10.186,                                  13.642,                                  19.025,                                   0.007,                                   0.012,                               73301.484,                                   1.000,
8/12/2026 2:19:44 PM  ,    4609.000,                                  10.186,                                  13.618,                                  18.992,                                   0.007,                                   0.012,                               73430.266,                                   1.000,
8/12/2026 2:19:45 PM  ,    4610.000,                                  10.185,                                  13.614,                                  18.987,                                   0.007,                                   0.012,                               73453.680,                                   1.000,
8/12/2026 2:19:46 PM  ,    4611.000,                                  10.185,                                  13.594,                                  18.959,                                   0.007,                                   0.012,                               73560.422,                                   1.000,
8/12/2026 2:19:47 PM  ,    4612.000,                                  10.185,                                  13.572,                                  18.929,                                   0.007,                                   0.012,                               73678.875,                                   1.000,
8/12/2026 2:19:48 PM  ,    4613.000,                                  10.185,                                  13.589,                                  18.952,                                   0.007,                                   0.012,                               73587.758,                                   1.000,
8/12/2026 2:19:49 PM  ,    4614.000,                                  10.185,                                  13.574,                                  18.930,                                   0.007,                                   0.012,                               73672.383,                                   1.000,
8/12/2026 2:19:50 PM  ,    4615.000,                                  10.185,                                  13.559,                                  18.909,                                   0.007,                                   0.012,                               73753.445,                                   1.000,
8/12/2026 2:19:51 PM  ,    4616.000,                                  10.185,                                  13.532,                                  18.872,                                   0.007,                                   0.012,                               73898.703,                                   1.000,
8/12/2026 2:19:52 PM  ,    4617.000,                                  10.184,                                  13.506,                                  18.836,                                   0.007,                                   0.012,                               74043.273,                                   1.000,
8/12/2026 2:19:53 PM  ,    4618.000,                                  10.184,                                  13.487,                                  18.810,                                   0.007,                                   0.012,                               74147.156,                                   1.000,
8/12/2026 2:19:54 PM  ,    4619.000,                                  10.183,                                  13.462,                                  18.775,                                   0.007,                                   0.012,                               74283.586,                                   1.000,
8/12/2026 2:19:55 PM  ,    4620.000,                                  10.183,                                  13.463,                                  18.777,                                   0.007,                                   0.012,                               74278.867,                                   1.000,
8/12/2026 2:19:56 PM  ,    4621.000,                                  10.183,                                  13.434,                                  18.737,                                   0.007,                                   0.012,                               74437.984,                                   1.000,
8/12/2026 2:19:57 PM  ,    4622.000,                                  10.183,                                  13.426,                                  18.726,                                   0.007,                                   0.012,                               74481.063,                                   1.000,
8/12/2026 2:19:58 PM  ,    4623.000,                                  10.183,                                  13.421,                                  18.718,                                   0.007,                                   0.012,                               74512.609,                                   1.000,
8/12/2026 2:19:59 PM  ,    4624.000,                                  10.182,                                  13.440,                                  18.746,                                   0.007,                                   0.012,                               74403.516,                                   1.000,
8/12/2026 2:20:00 PM  ,    4625.000,                                  10.183,                                  13.419,                                  18.716,                                   0.007,                                   0.012,                               74520.086,                                   1.000,
8/12/2026 2:20:01 PM  ,    4626.000,                                  10.183,                                  13.404,                                  18.695,                                   0.007,                                   0.012,                               74604.992,                                   1.000,
8/12/2026 2:20:02 PM  ,    4627.000,                                  10.182,                                  13.377,                                  18.658,                                   0.007,                                   0.012,                               74754.914,                                   1.000,
8/12/2026 2:20:03 PM  ,    4628.000,                                  10.182,                                  13.359,                                  18.632,                                   0.007,                                   0.012,                               74857.711,                                   1.000,
8/12/2026 2:20:04 PM  ,    4629.000,                                  10.181,                                  13.355,                                  18.627,                                   0.007,                                   0.012,                               74878.305,                                   1.000,
8/12/2026 2:20:05 PM  ,    4630.000,                                  10.181,                                  13.332,                                  18.595,                                   0.007,                                   0.012,                               75010.289,                                   1.000,
8/12/2026 2:20:06 PM  ,    4631.000,                                  10.181,                                  13.337,                                  18.602,                                   0.007,                                   0.012,                               74980.258,                                   1.000,
8/12/2026 2:20:07 PM  ,    4632.000,                                  10.181,                                  13.333,                                  18.596,                                   0.007,                                   0.012,                               75004.289,                                   1.000,
8/12/2026 2:20:08 PM  ,    4633.000,                                  10.181,                                  13.305,                                  18.557,                                   0.007,                                   0.012,                               75161.883,                                   1.000,
8/12/2026 2:20:09 PM  ,    4634.000,                                  10.180,                                  13.278,                                  18.521,                                   0.007,                                   0.012,                               75311.594,                                   1.000,
8/12/2026 2:20:10 PM  ,    4635.000,                                  10.180,                                  13.263,                                  18.500,                                   0.007,                                   0.012,                               75397.523,                                   1.000,
8/12/2026 2:20:11 PM  ,    4636.000,                                  10.180,                                  13.256,                                  18.490,                                   0.007,                                   0.012,                               75436.758,                                   1.000,
8/12/2026 2:20:12 PM  ,    4637.000,                                  10.178,                                  13.244,                                  18.474,                                   0.007,                                   0.012,                               75504.969,                                   1.000,
8/12/2026 2:20:13 PM  ,    4638.000,                                  10.178,                                  13.224,                                  18.446,                                   0.007,                                   0.012,                               75619.109,                                   1.000,
8/12/2026 2:20:14 PM  ,    4639.000,                                  10.178,                                  13.219,                                  18.439,                                   0.007,                                   0.012,                               75650.438,                                   1.000,
8/12/2026 2:20:15 PM  ,    4640.000,                                  10.178,                                  13.203,                                  18.417,                                   0.007,                                   0.012,                               75737.641,                                   1.000,
8/12/2026 2:20:16 PM  ,    4641.000,                                  10.178,                                  13.201,                                  18.414,                                   0.007,                                   0.012,                               75753.492,                                   1.000,
8/12/2026 2:20:17 PM  ,    4642.000,                                  10.177,                                  13.203,                                  18.418,                                   0.007,                                   0.012,                               75738.508,                                   1.000,
8/12/2026 2:20:18 PM  ,    4643.000,                                  10.178,                                  13.185,                                  18.392,                                   0.007,                                   0.012,                               75843.211,                                   1.000,
8/12/2026 2:20:19 PM  ,    4644.000,                                  10.177,                                  13.187,                                  18.395,                                   0.007,                                   0.012,                               75833.156,                                   1.000,
8/12/2026 2:20:20 PM  ,    4645.000,                                  10.178,                                  13.198,                                  18.410,                                   0.007,                                   0.012,                               75768.758,                                   1.000,
8/12/2026 2:20:21 PM  ,    4646.000,                                  10.178,                                  13.192,                                  18.401,                                   0.007,                                   0.012,                               75803.375,                                   1.000,
8/12/2026 2:20:22 PM  ,    4647.000,                                  10.179,                                  13.187,                                  18.394,                                   0.007,                                   0.012,                               75833.883,                                   1.000,
8/12/2026 2:20:23 PM  ,    4648.000,                                  10.178,                                  13.170,                                  18.371,                                   0.007,                                   0.012,                               75931.328,                                   1.000,
8/12/2026 2:20:24 PM  ,    4649.000,                                  10.178,                                  13.189,                                  18.397,                                   0.007,                                   0.012,                               75823.492,                                   1.000,
8/12/2026 2:20:25 PM  ,    4650.000,                                  10.179,                                  13.169,                                  18.369,                                   0.007,                                   0.012,                               75937.344,                                   1.000,
8/12/2026 2:20:26 PM  ,    4651.000,                                  10.179,                                  13.184,                                  18.390,                                   0.007,                                   0.012,                               75847.602,                                   1.000,
8/12/2026 2:20:27 PM  ,    4652.000,                                  10.178,                                  13.176,                                  18.379,                                   0.007,                                   0.012,                               75894.594,                                   1.000,
8/12/2026 2:20:28 PM  ,    4653.000,                                  10.179,                                  13.171,                                  18.372,                                   0.007,                                   0.012,                               75923.219,                                   1.000,
8/12/2026 2:20:29 PM  ,    4654.000,                                   0.000,                                   0.000,                                   0.000,                                   0.000,                                   0.000,                                   0.000,                                   0.000,
8/12/2026 2:20:30 PM  ,    4655.000,                                  10.179,                                  13.163,                                  18.360,                                   0.007,                                   0.012,                               75973.070,                                   1.000,
8/12/2026 2:20:31 PM  ,    4656.000,                                  10.179,                                  13.165,                                  18.364,                                   0.007,                                   0.012,                               75956.656,                                   1.000,
8/12/2026 2:20:32 PM  ,    4657.000,                                  10.179,                                  13.150,                                  18.343,                                   0.007,                                   0.012,                               76044.992,                                   1.000,
8/12/2026 2:20:33 PM  ,    4658.000,                                  10.178,                                  13.148,                                  18.339,                                   0.007,                                   0.012,                               76059.656,                                   1.000,
8/12/2026 2:20:34 PM  ,    4659.000,                                  10.179,                                  13.129,                                  18.313,                                   0.007,                                   0.012,                               76167.125,                                   1.000,
8/12/2026 2:20:35 PM  ,    4660.000,                                  10.179,                                  13.138,                                  18.325,                                   0.007,                                   0.012,                               76117.758,                                   1.000,
8/12/2026 2:20:36 PM  ,    4661.000,                                  10.179,                                  13.134,                                  18.320,                                   0.007,                                   0.012,                               76139.609,                                   1.000,
8/12/2026 2:20:37 PM  ,    4662.000,                                  10.179,                                  13.119,                                  18.300,                                   0.007,                                   0.012,                               76223.344,                                   1.000,
8/12/2026 2:20:38 PM  ,    4663.000,                                  10.179,                                  13.131,                                  18.316,                                   0.007,                                   0.012,                               76156.578,                                   1.000,
8/12/2026 2:20:39 PM  ,    4664.000,                                  10.179,                                  13.117,                                  18.297,                                   0.007,                                   0.012,                               76235.156,                                   1.000,
8/12/2026 2:20:40 PM  ,    4665.000,                                  10.179,                                  13.114,                                  18.292,                                   0.007,                                   0.012,                               76255.281,                                   1.000,
8/12/2026 2:20:41 PM  ,    4666.000,                                  10.180,                                  13.106,                                  18.281,                                   0.007,                                   0.012,                               76298.625,                                   1.000,
8/12/2026 2:20:42 PM  ,    4667.000,                                  10.179,                                  13.103,                                  18.276,                                   0.007,                                   0.012,                               76320.023,                                   1.000,
8/12/2026 2:20:43 PM  ,    4668.000,                                  10.179,                                  13.095,                                  18.265,                                   0.007,                                   0.012,                               76367.000,                                   1.000,
8/12/2026 2:20:44 PM  ,    4669.000,                                  10.179,                                  13.109,                                  18.286,                                   0.007,                                   0.012,                               76281.273,                                   1.000,
8/12/2026 2:20:45 PM  ,    4670.000,                                  10.179,                                  13.107,                                  18.283,                                   0.007,                                   0.012,                               76292.547,                                   1.000,
8/12/2026 2:20:46 PM  ,    4671.000,                                  10.179,                                  13.103,                                  18.277,                                   0.007,                                   0.012,                               76320.227,                                   1.000,
8/12/2026 2:20:47 PM  ,    4672.000,                                  10.178,                                  13.099,                                  18.272,                                   0.007,                                   0.012,                               76341.359,                                   1.000,
8/12/2026 2:20:48 PM  ,    4673.000,                                  10.178,                                  13.100,                                  18.274,                                   0.007,                                   0.012,                               76333.055,                                   1.000,
8/12/2026 2:20:49 PM  ,    4674.000,                                  10.178,                                  13.083,                                  18.249,                                   0.007,                                   0.012,                               76437.414,                                   1.000,
8/12/2026 2:20:50 PM  ,    4675.000,                                  10.179,                                  13.076,                                  18.240,                                   0.007,                                   0.012,                               76475.336,                                   1.000,
8/12/2026 2:20:51 PM  ,    4676.000,                                  10.178,                                  13.073,                                  18.235,                                   0.007,                                   0.012,                               76496.117,                                   1.000,
8/12/2026 2:20:52 PM  ,    4677.000,                                  10.178,                                  13.056,                                  18.212,                                   0.007,                                   0.012,                               76590.563,                                   1.000,
8/12/2026 2:20:53 PM  ,    4678.000,                                  10.178,                                  13.050,                                  18.204,                                   0.007,                                   0.012,                               76627.297,                                   1.000,
8/12/2026 2:20:54 PM  ,    4679.000,                                  10.178,                                  13.062,                                  18.221,                                   0.007,                                   0.012,                               76555.938,                                   1.000,
8/12/2026 2:20:55 PM  ,    4680.000,                                  10.178,                                  13.054,                                  18.209,                                   0.007,                                   0.012,                               76606.727,                                   1.000,
8/12/2026 2:20:56 PM  ,    4681.000,                                  10.178,                                  13.048,                                  18.201,                                   0.007,                                   0.012,                               76638.172,                                   1.000,
8/12/2026 2:20:57 PM  ,    4682.000,                                  10.177,                                  13.047,                                  18.200,                                   0.007,                                   0.012,                               76643.141,                                   1.000,
8/12/2026 2:20:58 PM  ,    4683.000,                                  10.178,                                  13.029,                                  18.174,                                   0.007,                                   0.012,                               76751.227,                                   1.000,
8/12/2026 2:20:59 PM  ,    4684.000,                                  10.178,                                  13.047,                                  18.199,                                   0.007,                                   0.012,                               76645.766,                                   1.000,
8/12/2026 2:21:00 PM  ,    4685.000,                                  10.178,                                  13.033,                                  18.179,                                   0.007,                                   0.012,                               76731.148,                                   1.000,
8/12/2026 2:21:01 PM  ,    4686.000,                                  10.178,                                  13.032,                                  18.178,                                   0.007,                                   0.012,                               76736.680,                                   1.000,
8/12/2026 2:21:02 PM  ,    4687.000,                                  10.177,                                  13.034,                                  18.182,                                   0.007,                                   0.012,                               76721.625,                                   1.000,
8/12/2026 2:21:03 PM  ,    4688.000,                                  10.178,                                  13.036,                                  18.183,                                   0.007,                                   0.012,                               76713.125,                                   1.000,
8/12/2026 2:21:04 PM  ,    4689.000,                                  10.178,                                  13.019,                                  18.160,                                   0.007,                                   0.012,                               76813.563,                                   1.000,
8/12/2026 2:21:05 PM  ,    4690.000,                                  10.178,                                  13.034,                                  18.181,                                   0.007,                                   0.012,                               76722.852,                                   1.000,
8/12/2026 2:21:06 PM  ,    4691.010,                                  10.179,                                  13.020,                                  18.162,                                   0.007,                                   0.012,                               76802.820,                                   1.000,
8/12/2026 2:21:07 PM  ,    4692.000,                                  10.178,                                  13.009,                                  18.146,                                   0.007,                                   0.012,                               76871.805,                                   1.000,
8/12/2026 2:21:08 PM  ,    4693.000,                                  10.178,                                  13.008,                                  18.145,                                   0.007,                                   0.012,                               76874.211,                                   1.000,
8/12/2026 2:21:09 PM  ,    4694.000,                                  10.177,                                  13.006,                                  18.143,                                   0.007,                                   0.012,                               76885.859,                                   1.000,
8/12/2026 2:21:10 PM  ,    4695.000,                                  10.177,                                  13.003,                                  18.139,                                   0.007,                                   0.012,                               76902.883,                                   1.000,
8/12/2026 2:21:11 PM  ,    4696.000,                                  10.177,                                  12.987,                                  18.115,                                   0.007,                                   0.012,                               77002.984,                                   1.000,
8/12/2026 2:21:12 PM  ,    4697.000,                                  10.177,                                  12.986,                                  18.114,                                   0.007,                                   0.012,                               77007.922,                                   1.000,
8/12/2026 2:21:13 PM  ,    4698.000,                                  10.177,                                  12.995,                                  18.126,                                   0.007,                                   0.012,                               76955.234,                                   1.000,
8/12/2026 2:21:14 PM  ,    4699.000,                                  10.177,                                  12.978,                                  18.103,                                   0.007,                                   0.012,                               77055.461,                                   1.000,
8/12/2026 2:21:15 PM  ,    4700.000,                                  10.176,                                  12.983,                                  18.111,                                   0.007,                                   0.012,                               77024.484,                                   1.000,
8/12/2026 2:21:16 PM  ,    4701.000,                                  10.177,                                  12.977,                                  18.102,                                   0.007,                                   0.012,                               77060.922,                                   1.000,
8/12/2026 2:21:17 PM  ,    4702.000,                                  10.177,                                  12.980,                                  18.107,                                   0.007,                                   0.012,                               77039.125,                                   1.000,
8/12/2026 2:21:18 PM  ,    4703.000,                                  10.176,                                  12.976,                                  18.101,                                   0.007,                                   0.012,                               77066.820,                                   1.000,
8/12/2026 2:21:19 PM  ,    4704.000,                                  10.176,                                  12.960,                                  18.079,                                   0.007,                                   0.012,                               77158.617,                                   1.000,
8/12/2026 2:21:20 PM  ,    4705.000,                                  10.175,                                  12.949,                                  18.063,                                   0.007,                                   0.012,                               77228.203,                                   1.000,
8/12/2026 2:21:21 PM  ,    4706.000,                                  10.175,                                  12.940,                                  18.052,                                   0.007,                                   0.012,                               77277.227,                                   1.000,
8/12/2026 2:21:22 PM  ,    4707.000,                                  10.175,                                  12.942,                                  18.055,                                   0.007,                                   0.012,                               77264.914,                                   1.000,
8/12/2026 2:21:23 PM  ,    4708.006,                                  10.175,                                  12.931,                                  18.038,                                   0.007,                                   0.012,                               77336.023,                                   1.000,
8/12/2026 2:21:24 PM  ,    4709.000,                                  10.174,                                  12.928,                                  18.035,                                   0.007,                                   0.012,                               77351.664,                                   1.000,
8/12/2026 2:21:25 PM  ,    4710.000,                                  10.174,                                  12.914,                                  18.016,                                   0.007,                                   0.012,                               77435.953,                                   1.000,
8/12/2026 2:21:26 PM  ,    4711.000,                                  10.173,                                  12.913,                                  18.014,                                   0.007,                                   0.012,                               77442.344,                                   1.000,
8/12/2026 2:21:27 PM  ,    4712.000,                                  10.173,                                  12.904,                                  18.002,                                   0.007,                                   0.012,                               77493.469,                                   1.000,
8/12/2026 2:21:28 PM  ,    4713.000,                                  10.173,                                  12.905,                                  18.004,                                   0.007,                                   0.012,                               77487.016,                                   1.000,
8/12/2026 2:21:29 PM  ,    4714.000,                                  10.173,                                  12.908,                                  18.009,                                   0.007,                                   0.012,                               77468.531,                                   1.000,
8/12/2026 2:21:30 PM  ,    4715.000,                                  10.172,                                  12.889,                                  17.982,                                   0.007,                                   0.012,                               77584.180,                                   1.000,
8/12/2026 2:21:31 PM  ,    4716.000,                                  10.172,                                  12.895,                                  17.990,                                   0.007,                                   0.012,                               77551.750,                                   1.000,
8/12/2026 2:21:32 PM  ,    4717.000,                                  10.172,                                  12.897,                                  17.993,                                   0.007,                                   0.012,                               77534.914,                                   1.000,
8/12/2026 2:21:33 PM  ,    4718.000,                                  10.172,                                  12.890,                                  17.984,                                   0.007,                                   0.012,                               77578.375,                                   1.000,
8/12/2026 2:21:34 PM  ,    4719.000,                                  10.171,                                  12.884,                                  17.975,                                   0.007,                                   0.012,                               77617.195,                                   1.000,
8/12/2026 2:21:35 PM  ,    4720.000,                                  10.172,                                  12.877,                                  17.965,                                   0.007,                                   0.012,                               77656.063,                                   1.000,
8/12/2026 2:21:36 PM  ,    4721.000,                                  10.172,                                  12.893,                                  17.987,                                   0.007,                                   0.012,                               77562.281,                                   1.000,
8/12/2026 2:21:37 PM  ,    4722.000,                                  10.171,                                  12.883,                                  17.973,                                   0.007,                                   0.012,                               77622.523,                                   1.000,
8/12/2026 2:21:38 PM  ,    4723.000,                                  10.171,                                  12.872,                                  17.959,                                   0.007,                                   0.012,                               77686.625,                                   1.000,
8/12/2026 2:21:39 PM  ,    4724.000,                                  10.171,                                  12.877,                                  17.965,                                   0.007,                                   0.012,                               77660.172,                                   1.000,
8/12/2026 2:21:40 PM  ,    4725.000,                                  10.171,                                  12.873,                                  17.960,                                   0.007,                                   0.012,                               77681.938,                                   1.000,
8/12/2026 2:21:41 PM  ,    4726.010,                                  10.171,                                  12.868,                                  17.953,                                   0.007,                                   0.012,                               77713.945,                                   1.000,
8/12/2026 2:21:42 PM  ,    4727.000,                                  10.170,                                  12.849,                                  17.927,                                   0.007,                                   0.012,                               77827.914,                                   1.000,
8/12/2026 2:21:43 PM  ,    4728.000,                                  10.170,                                  12.856,                                  17.936,                                   0.007,                                   0.012,                               77786.031,                                   1.000,
8/12/2026 2:21:44 PM  ,    4729.000,                                  10.170,                                  12.855,                                  17.935,                                   0.007,                                   0.012,                               77793.352,                                   1.000,
8/12/2026 2:21:45 PM  ,    4730.000,                                  10.171,                                  12.861,                                  17.943,                                   0.007,                                   0.012,                               77755.313,                                   1.000,
8/12/2026 2:21:46 PM  ,    4731.000,                                  10.171,                                  12.847,                                  17.924,                                   0.007,                                   0.012,                               77838.273,                                   1.000,
8/12/2026 2:21:47 PM  ,    4732.000,                                  10.170,                                  12.857,                                  17.938,                                   0.007,                                   0.012,                               77777.086,                                   1.000,
8/12/2026 2:21:48 PM  ,    4733.000,                                  10.170,                                  12.849,                                  17.927,                                   0.007,                                   0.012,                               77824.633,                                   1.000,
8/12/2026 2:21:49 PM  ,    4734.000,                                  10.171,                                  12.863,                                  17.946,                                   0.007,                                   0.012,                               77743.016,                                   1.000,
8/12/2026 2:21:50 PM  ,    4735.000,                                  10.171,                                  12.838,                                  17.912,                                   0.007,                                   0.012,                               77891.570,                                   1.000,
8/12/2026 2:21:51 PM  ,    4736.000,                                  10.170,                                  12.852,                                  17.931,                                   0.007,                                   0.012,                               77808.781,                                   1.000,
8/12/2026 2:21:52 PM  ,    4737.000,                                  10.171,                                  12.844,                                  17.920,                                   0.007,                                   0.012,                               77855.086,                                   1.000,
8/12/2026 2:21:53 PM  ,    4738.000,                                  10.171,                                  12.840,                                  17.914,                                   0.007,                                   0.012,                               77882.594,                                   1.000,
8/12/2026 2:21:54 PM  ,    4739.000,                                  10.170,                                  12.836,                                  17.908,                                   0.007,                                   0.012,                               77908.516,                                   1.000,
8/12/2026 2:21:55 PM  ,    4740.000,                                  10.171,                                  12.843,                                  17.918,                                   0.007,                                   0.012,                               77865.461,                                   1.000,
8/12/2026 2:21:56 PM  ,    4741.000,                                  10.171,                                  12.845,                                  17.920,                                   0.007,                                   0.012,                               77854.133,                                   1.000,
8/12/2026 2:21:57 PM  ,    4742.000,                                  10.170,                                  12.830,                                  17.900,                                   0.007,                                   0.012,                               77941.594,                                   1.000,
8/12/2026 2:21:58 PM  ,    4743.000,                                  10.170,                                  12.825,                                  17.893,                                   0.007,                                   0.012,                               77972.961,                                   1.000,
8/12/2026 2:21:59 PM  ,    4744.000,                                  10.169,                                  12.830,                                  17.901,                                   0.007,                                   0.012,                               77940.641,                                   1.000,
8/12/2026 2:22:00 PM  ,    4745.000,                                  10.170,                                  12.823,                                  17.891,                                   0.007,                                   0.012,                               77984.711,                                   1.000,
8/12/2026 2:22:01 PM  ,    4746.000,                                  10.170,                                  12.819,                                  17.885,                                   0.007,                                   0.012,                               78008.719,                                   1.000,
8/12/2026 2:22:02 PM  ,    4747.000,                                  10.170,                                  12.829,                                  17.899,                                   0.007,                                   0.012,                               77949.633,                                   1.000,
8/12/2026 2:22:03 PM  ,    4748.000,                                  10.171,                                  12.837,                                  17.910,                                   0.007,                                   0.012,                               77897.828,                                   1.000,
8/12/2026 2:22:04 PM  ,    4749.000,                                  10.171,                                  12.821,                                  17.887,                                   0.007,                                   0.012,                               77998.039,                                   1.000,
8/12/2026 2:22:05 PM  ,    4750.000,                                  10.170,                                  12.832,                                  17.904,                                   0.007,                                   0.012,                               77927.297,                                   1.000,
8/12/2026 2:22:06 PM  ,    4751.000,                                  10.170,                                  12.822,                                  17.889,                                   0.007,                                   0.012,                               77989.438,                                   1.000,
8/12/2026 2:22:07 PM  ,    4752.000,                                  10.170,                                  12.826,                                  17.895,                                   0.007,                                   0.012,                               77965.820,                                   1.000,
8/12/2026 2:22:08 PM  ,    4753.000,                                  10.170,                                  12.823,                                  17.890,                                   0.007,                                   0.012,                               77987.133,                                   1.000,
8/12/2026 2:22:09 PM  ,    4754.000,                                  10.170,                                  12.815,                                  17.880,                                   0.007,                                   0.012,                               78031.242,                                   1.000,
8/12/2026 2:22:10 PM  ,    4755.000,                                  10.169,                                  12.818,                                  17.885,                                   0.007,                                   0.012,                               78013.063,                                   1.000,
8/12/2026 2:22:11 PM  ,    4756.000,                                  10.170,                                  12.814,                                  17.879,                                   0.007,                                   0.012,                               78037.523,                                   1.000,
8/12/2026 2:22:12 PM  ,    4757.000,                                  10.168,                                  12.806,                                  17.868,                                   0.007,                                   0.012,                               78085.648,                                   1.000,
8/12/2026 2:22:13 PM  ,    4758.000,                                  10.169,                                  12.809,                                  17.872,                                   0.007,                                   0.012,                               78068.109,                                   1.000,
8/12/2026 2:22:14 PM  ,    4759.000,                                  10.169,                                  12.790,                                  17.845,                                   0.007,                                   0.012,                               78185.859,                                   1.000,
8/12/2026 2:22:15 PM  ,    4760.000,                                  10.169,                                  12.802,                                  17.861,                                   0.007,                                   0.012,                               78113.672,                                   1.000,
8/12/2026 2:22:16 PM  ,    4761.000,                                  10.169,                                  12.804,                                  17.865,                                   0.007,                                   0.012,                               78098.648,                                   1.000,
8/12/2026 2:22:17 PM  ,    4762.000,                                  10.169,                                  12.790,                                  17.845,                                   0.007,                                   0.012,                               78187.914,                                   1.000,
8/12/2026 2:22:18 PM  ,    4763.000,                                  10.169,                                  12.795,                                  17.852,                                   0.007,                                   0.012,                               78155.320,                                   1.000,
8/12/2026 2:22:19 PM  ,    4764.000,                                  10.169,                                  12.804,                                  17.864,                                   0.007,                                   0.012,                               78100.219,                                   1.000,
8/12/2026 2:22:20 PM  ,    4765.000,                                  10.169,                                  12.798,                                  17.856,                                   0.007,                                   0.012,                               78135.688,                                   1.000,
8/12/2026 2:22:21 PM  ,    4766.000,                                  10.169,                                  12.789,                                  17.843,                                   0.007,                                   0.012,                               78193.484,                                   1.000,
8/12/2026 2:22:22 PM  ,    4767.000,                                  10.169,                                  12.800,                                  17.858,                                   0.007,                                   0.012,                               78127.156,                                   1.000,
8/12/2026 2:22:23 PM  ,    4768.000,                                  10.169,                                  12.796,                                  17.854,                                   0.007,                                   0.012,                               78148.758,                                   1.000,
8/12/2026 2:22:24 PM  ,    4769.000,                                   0.000,                                   0.000,                                   0.000,                                   0.000,                                   0.000,                                   0.000,                                   0.000,
8/12/2026 2:22:25 PM  ,    4770.000,                                  10.169,                                  12.797,                                  17.855,                                   0.007,                                   0.012,                               78140.492,                                   1.000,
8/12/2026 2:22:26 PM  ,    4771.000,                                  10.169,                                  12.788,                                  17.842,                                   0.007,                                   0.012,                               78197.438,                                   1.000,
8/12/2026 2:22:27 PM  ,    4772.000,                                  10.169,                                  12.785,                                  17.837,                                   0.007,                                   0.012,                               78218.141,                                   1.000,
8/12/2026 2:22:28 PM  ,    4773.000,                                  10.169,                                  12.790,                                  17.846,                                   0.007,                                   0.012,                               78183.469,                                   1.000,
8/12/2026 2:22:29 PM  ,    4774.000,                                  10.169,                                  12.785,                                  17.838,                                   0.007,                                   0.012,                               78218.266,                                   1.000,
8/12/2026 2:22:30 PM  ,    4775.000,                                  10.169,                                  12.782,                                  17.833,                                   0.007,                                   0.012,                               78237.906,                                   1.000,
8/12/2026 2:22:31 PM  ,    4776.000,                                  10.169,                                  12.791,                                  17.846,                                   0.007,                                   0.012,                               78179.844,                                   1.000,
8/12/2026 2:22:32 PM  ,    4777.000,                                  10.169,                                  12.791,                                  17.846,                                   0.007,                                   0.012,                               78180.805,                                   1.000,
8/12/2026 2:22:33 PM  ,    4778.000,                                  10.169,                                  12.782,                                  17.834,                                   0.007,                                   0.012,                               78233.305,                                   1.000,
8/12/2026 2:22:34 PM  ,    4779.000,                                  10.169,                                  12.782,                                  17.834,                                   0.007,                                   0.012,                               78234.352,                                   1.000,
8/12/2026 2:22:35 PM  ,    4780.000,                                  10.169,                                  12.784,                                  17.837,                                   0.007,                                   0.012,                               78221.617,                                   1.000,
8/12/2026 2:22:36 PM  ,    4781.002,                                  10.170,                                  12.778,                                  17.829,                                   0.007,                                   0.012,                               78257.102,                                   1.000,
8/12/2026 2:22:37 PM  ,    4782.000,                                  10.170,                                  12.788,                                  17.842,                                   0.007,                                   0.012,                               78199.445,                                   1.000,
8/12/2026 2:22:38 PM  ,    4783.000,                                  10.169,                                  12.781,                                  17.832,                                   0.007,                                   0.012,                               78243.203,                                   1.000,
8/12/2026 2:22:39 PM  ,    4784.000,                                  10.169,                                  12.784,                                  17.836,                                   0.007,                                   0.012,                               78223.102,                                   1.000,
8/12/2026 2:22:40 PM  ,    4785.000,                                  10.170,                                  12.786,                                  17.839,                                   0.007,                                   0.012,                               78211.594,                                   1.000,
8/12/2026 2:22:41 PM  ,    4786.000,                                  10.169,                                  12.771,                                  17.818,                                   0.007,                                   0.012,                               78302.977,                                   1.000,
8/12/2026 2:22:42 PM  ,    4787.000,                                  10.170,                                  12.772,                                  17.819,                                   0.007,                                   0.012,                               78297.648,                                   1.000,
8/12/2026 2:22:43 PM  ,    4788.000,                                  10.169,                                  12.775,                                  17.824,                                   0.007,                                   0.012,                               78277.109,                                   1.000,
8/12/2026 2:22:44 PM  ,    4789.000,                                  10.169,                                  12.776,                                  17.825,                                   0.007,                                   0.012,                               78272.695,                                   1.000,
8/12/2026 2:22:45 PM  ,    4790.000,                                  10.168,                                  12.764,                                  17.809,                                   0.007,                                   0.012,                               78344.789,                                   1.000,
8/12/2026 2:22:46 PM  ,    4791.000,                                  10.168,                                  12.766,                                  17.811,                                   0.007,                                   0.012,                               78334.727,                                   1.000,
8/12/2026 2:22:47 PM  ,    4792.000,                                  10.168,                                  12.771,                                  17.819,                                   0.007,                                   0.012,                               78304.242,                                   1.000,
8/12/2026 2:22:48 PM  ,    4793.000,                                  10.168,                                  12.750,                                  17.790,                                   0.007,                                   0.012,                               78429.078,                                   1.000,
8/12/2026 2:22:49 PM  ,    4794.000,                                  10.167,                                  12.762,                                  17.807,                                   0.007,                                   0.012,                               78358.547,                                   1.000,
8/12/2026 2:22:50 PM  ,    4795.000,                                  10.166,                                  12.758,                                  17.801,                                   0.007,                                   0.012,                               78383.594,                                   1.000,
8/12/2026 2:22:51 PM  ,    4796.000,                                  10.166,                                  12.755,                                  17.797,                                   0.007,                                   0.012,                               78401.578,                                   1.000,
8/12/2026 2:22:52 PM  ,    4797.000,                                  10.166,                                  12.754,                                  17.797,                                   0.007,                                   0.012,                               78404.336,                                   1.000,
8/12/2026 2:22:53 PM  ,    4798.000,                                  10.167,                                  12.746,                                  17.784,                                   0.007,                                   0.012,                               78457.156,                                   1.000,
8/12/2026 2:22:54 PM  ,    4799.000,                                  10.166,                                  12.737,                                  17.773,                                   0.007,                                   0.012,                               78509.266,                                   1.000,
8/12/2026 2:22:55 PM  ,    4800.000,                                  10.166,                                  12.741,                                  17.779,                                   0.007,                                   0.012,                               78484.109,                                   1.000,
8/12/2026 2:22:56 PM  ,    4801.000,                                  10.166,                                  12.731,                                  17.765,                                   0.007,                                   0.012,                               78545.805,                                   1.000,
8/12/2026 2:22:57 PM  ,    4802.000,                                  10.165,                                  12.744,                                  17.782,                                   0.007,                                   0.012,                               78471.320,                                   1.000,
8/12/2026 2:22:58 PM  ,    4803.000,                                  10.165,                                  12.729,                                  17.762,                                   0.007,                                   0.012,                               78559.516,                                   1.000,
8/12/2026 2:22:59 PM  ,    4804.000,                                  10.164,                                  12.739,                                  17.777,                                   0.007,                                   0.012,                               78496.266,                                   1.000,
8/12/2026 2:23:00 PM  ,    4805.000,                                  10.164,                                  12.731,                                  17.765,                                   0.007,                                   0.012,                               78548.828,                                   1.000,
8/12/2026 2:23:01 PM  ,    4806.000,                                  10.164,                                  12.724,                                  17.756,                                   0.007,                                   0.012,                               78588.914,                                   1.000,
8/12/2026 2:23:02 PM  ,    4807.000,                                  10.164,                                  12.720,                                  17.750,                                   0.007,                                   0.012,                               78613.820,                                   1.000,
8/12/2026 2:23:03 PM  ,    4808.000,                                  10.163,                                  12.719,                                  17.749,                                   0.007,                                   0.012,                               78619.508,                                   1.000,
8/12/2026 2:23:04 PM  ,    4809.000,                                  10.163,                                  12.727,                                  17.760,                                   0.007,                                   0.012,                               78571.625,                                   1.000,
8/12/2026 2:23:05 PM  ,    4810.000,                                  10.163,                                  12.722,                                  17.752,                                   0.007,                                   0.012,                               78606.953,                                   1.000,
8/12/2026 2:23:06 PM  ,    4811.000,                                  10.163,                                  12.721,                                  17.752,                                   0.007,                                   0.012,                               78607.438,                                   1.000,
8/12/2026 2:23:07 PM  ,    4812.000,                                  10.162,                                  12.725,                                  17.757,                                   0.007,                                   0.012,                               78588.172,                                   1.000,
8/12/2026 2:23:08 PM  ,    4813.000,                                  10.162,                                  12.708,                                  17.734,                                   0.007,                                   0.012,                               78689.461,                                   1.000,
8/12/2026 2:23:09 PM  ,    4814.000,                                  10.162,                                  12.709,                                  17.736,                                   0.007,                                   0.012,                               78681.625,                                   1.000,
8/12/2026 2:23:10 PM  ,    4815.000,                                  10.162,                                  12.699,                                  17.721,                                   0.007,                                   0.012,                               78747.609,                                   1.000,
8/12/2026 2:23:11 PM  ,    4816.000,                                  10.162,                                  12.717,                                  17.747,                                   0.007,                                   0.012,                               78634.234,                                   1.000,
8/12/2026 2:23:12 PM  ,    4817.000,                                  10.162,                                  12.712,                                  17.740,                                   0.007,                                   0.012,                               78665.609,                                   1.000,
8/12/2026 2:23:13 PM  ,    4818.000,                                  10.162,                                  12.717,                                  17.746,                                   0.007,                                   0.012,                               78635.703,                                   1.000,
8/12/2026 2:23:14 PM  ,    4819.000,                                  10.162,                                  12.715,                                  17.744,                                   0.007,                                   0.012,                               78646.414,                                   1.000,
8/12/2026 2:23:15 PM  ,    4820.000,                                  10.161,                                  12.705,                                  17.730,                                   0.007,                                   0.012,                               78709.977,                                   1.000,
8/12/2026 2:23:16 PM  ,    4821.000,                                  10.161,                                  12.720,                                  17.751,                                   0.007,                                   0.012,                               78617.945,                                   1.000,
8/12/2026 2:23:17 PM  ,    4822.000,                                  10.162,                                  12.720,                                  17.751,                                   0.007,                                   0.012,                               78615.523,                                   1.000,
8/12/2026 2:23:18 PM  ,    4823.000,                                  10.161,                                  12.713,                                  17.741,                                   0.007,                                   0.012,                               78661.922,                                   1.000,
8/12/2026 2:23:19 PM  ,    4824.000,                                  10.161,                                  12.712,                                  17.740,                                   0.007,                                   0.012,                               78663.383,                                   1.000,
8/12/2026 2:23:20 PM  ,    4825.000,                                  10.162,                                  12.713,                                  17.742,                                   0.007,                                   0.012,                               78657.320,                                   1.000,
8/12/2026 2:23:21 PM  ,    4826.000,                                  10.161,                                  12.722,                                  17.754,                                   0.007,                                   0.012,                               78601.859,                                   1.000,
8/12/2026 2:23:22 PM  ,    4827.000,                                  10.162,                                  12.716,                                  17.745,                                   0.007,                                   0.012,                               78643.617,                                   1.000,
8/12/2026 2:23:23 PM  ,    4828.000,                                  10.162,                                  12.707,                                  17.733,                                   0.007,                                   0.012,                               78696.773,                                   1.000,
8/12/2026 2:23:24 PM  ,    4829.000,                                  10.162,                                  12.704,                                  17.729,                                   0.007,                                   0.012,                               78713.359,                                   1.000,
8/12/2026 2:23:25 PM  ,    4830.000,                                  10.162,                                  12.719,                                  17.749,                                   0.007,                                   0.012,                               78622.703,                                   1.000,
8/12/2026 2:23:26 PM  ,    4831.000,                                  10.162,                                  12.714,                                  17.742,                                   0.007,                                   0.012,                               78653.570,                                   1.000,
8/12/2026 2:23:27 PM  ,    4832.000,                                  10.162,                                  12.714,                                  17.742,                                   0.007,                                   0.012,                               78653.461,                                   1.000,
8/12/2026 2:23:28 PM  ,    4833.000,                                  10.162,                                  12.710,                                  17.736,                                   0.007,                                   0.012,                               78681.227,                                   1.000,
8/12/2026 2:23:29 PM  ,    4834.000,                                  10.162,                                  12.715,                                  17.743,                                   0.007,                                   0.012,                               78649.883,                                   1.000,
8/12/2026 2:23:30 PM  ,    4835.000,                                  10.161,                                  12.701,                                  17.725,                                   0.007,                                   0.012,                               78730.930,                                   1.000,
8/12/2026 2:23:31 PM  ,    4836.000,                                  10.162,                                  12.701,                                  17.724,                                   0.007,                                   0.012,                               78736.383,                                   1.000,
8/12/2026 2:23:32 PM  ,    4837.000,                                  10.162,                                  12.712,                                  17.739,                                   0.007,                                   0.012,                               78667.406,                                   1.000,
8/12/2026 2:23:33 PM  ,    4838.000,                                  10.161,                                  12.714,                                  17.743,                                   0.007,                                   0.012,                               78652.000,                                   1.000,
8/12/2026 2:23:34 PM  ,    4839.000,                                  10.161,                                  12.710,                                  17.738,                                   0.007,                                   0.012,                               78675.461,                                   1.000,
8/12/2026 2:23:35 PM  ,    4840.000,                                  10.161,                                  12.708,                                  17.735,                                   0.007,                                   0.012,                               78689.547,                                   1.000,
8/12/2026 2:23:36 PM  ,    4841.000,                                  10.161,                                  12.703,                                  17.728,                                   0.007,                                   0.012,                               78720.367,                                   1.000,
8/12/2026 2:23:37 PM  ,    4842.000,                                  10.161,                                  12.705,                                  17.730,                                   0.007,                                   0.012,                               78710.195,                                   1.000,
8/12/2026 2:23:38 PM  ,    4843.000,                                  10.161,                                  12.701,                                  17.725,                                   0.007,                                   0.012,                               78732.711,                                   1.000,
8/12/2026 2:23:39 PM  ,    4844.000,                                  10.160,                                  12.704,                                  17.729,                                   0.007,                                   0.012,                               78717.320,                                   1.000,
8/12/2026 2:23:40 PM  ,    4845.000,                                  10.160,                                  12.704,                                  17.729,                                   0.007,                                   0.012,                               78716.000,                                   1.000,
8/12/2026 2:23:41 PM  ,    4846.000,                                  10.160,                                  12.698,                                  17.721,                                   0.007,                                   0.012,                               78754.070,                                   1.000,
8/12/2026 2:23:42 PM  ,    4847.000,                                  10.160,                                  12.695,                                  17.717,                                   0.007,                                   0.012,                               78769.438,                                   1.000,
8/12/2026 2:23:43 PM  ,    4848.000,                                  10.160,                                  12.696,                                  17.718,                                   0.007,                                   0.012,                               78766.984,                                   1.000,
8/12/2026 2:23:44 PM  ,    4849.000,                                  10.160,                                  12.707,                                  17.733,                                   0.007,                                   0.012,                               78697.852,                                   1.000,
8/12/2026 2:23:45 PM  ,    4850.000,                                  10.160,                                  12.702,                                  17.726,                                   0.007,                                   0.012,                               78730.344,                                   1.000,
8/12/2026 2:23:46 PM  ,    4851.000,                                  10.159,                                  12.696,                                  17.718,                                   0.007,                                   0.012,                               78766.672,                                   1.000,
8/12/2026 2:23:47 PM  ,    4852.000,                                  10.159,                                  12.689,                                  17.709,                                   0.007,                                   0.012,                               78808.406,                                   1.000,
8/12/2026 2:23:48 PM  ,    4853.000,                                  10.159,                                  12.706,                                  17.732,                                   0.007,                                   0.012,                               78704.992,                                   1.000,
8/12/2026 2:23:49 PM  ,    4854.000,                                  10.160,                                  12.688,                                  17.707,                                   0.007,                                   0.012,                               78815.125,                                   1.000,
8/12/2026 2:23:50 PM  ,    4855.000,                                  10.159,                                  12.689,                                  17.709,                                   0.007,                                   0.012,                               78806.688,                                   1.000,
8/12/2026 2:23:51 PM  ,    4856.000,                                  10.160,                                  12.689,                                  17.709,                                   0.007,                                   0.012,                               78805.891,                                   1.000,
8/12/2026 2:23:52 PM  ,    4857.000,                                  10.159,                                  12.702,                                  17.727,                                   0.007,                                   0.012,                               78725.773,                                   1.000,
8/12/2026 2:23:53 PM  ,    4858.000,                                  10.159,                                  12.694,                                  17.715,                                   0.007,                                   0.012,                               78780.453,                                   1.000,
8/12/2026 2:23:54 PM  ,    4859.000,                                  10.159,                                  12.699,                                  17.723,                                   0.007,                                   0.012,                               78745.664,                                   1.000,
8/12/2026 2:23:55 PM  ,    4860.000,                                  10.159,                                  12.693,                                  17.715,                                   0.007,                                   0.012,                               78781.609,                                   1.000,
8/12/2026 2:23:56 PM  ,    4861.000,                                  10.159,                                  12.701,                                  17.725,                                   0.007,                                   0.012,                               78734.563,                                   1.000,
8/12/2026 2:23:57 PM  ,    4862.000,                                  10.159,                                  12.693,                                  17.715,                                   0.007,                                   0.012,                               78781.766,                                   1.000,
8/12/2026 2:23:58 PM  ,    4863.000,                                  10.159,                                  12.699,                                  17.723,                                   0.007,                                   0.012,                               78747.914,                                   1.000,
8/12/2026 2:23:59 PM  ,    4864.000,                                  10.158,                                  12.694,                                  17.717,                                   0.007,                                   0.012,                               78774.695,                                   1.000,
8/12/2026 2:24:00 PM  ,    4865.000,                                  10.158,                                  12.697,                                  17.721,                                   0.007,                                   0.012,                               78756.641,                                   1.000,
8/12/2026 2:24:01 PM  ,    4866.000,                                  10.158,                                  12.701,                                  17.726,                                   0.007,                                   0.012,                               78732.625,                                   1.000,
8/12/2026 2:24:02 PM  ,    4867.000,                                  10.158,                                  12.707,                                  17.734,                                   0.007,                                   0.012,                               78699.039,                                   1.000,
8/12/2026 2:24:03 PM  ,    4868.000,                                  10.159,                                  12.697,                                  17.721,                                   0.007,                                   0.012,                               78756.547,                                   1.000,
8/12/2026 2:24:04 PM  ,    4869.000,                                  10.159,                                  12.702,                                  17.727,                                   0.007,                                   0.012,                               78729.906,                                   1.000,
8/12/2026 2:24:05 PM  ,    4870.000,                                  10.159,                                  12.692,                                  17.713,                                   0.007,                                   0.012,                               78788.750,                                   1.000,
8/12/2026 2:24:06 PM  ,    4871.000,                                  10.159,                                  12.710,                                  17.738,                                   0.007,                                   0.012,                               78680.617,                                   1.000,
8/12/2026 2:24:07 PM  ,    4872.000,                                  10.158,                                  12.691,                                  17.712,                                   0.007,                                   0.012,                               78795.828,                                   1.000,
8/12/2026 2:24:08 PM  ,    4873.000,                                  10.159,                                  12.702,                                  17.727,                                   0.007,                                   0.012,                               78729.289,                                   1.000,
8/12/2026 2:24:09 PM  ,    4874.000,                                  10.159,                                  12.691,                                  17.712,                                   0.007,                                   0.012,                               78794.297,                                   1.000,
8/12/2026 2:24:10 PM  ,    4875.000,                                  10.159,                                  12.700,                                  17.724,                                   0.007,                                   0.012,                               78740.195,                                   1.000,
8/12/2026 2:24:11 PM  ,    4876.000,                                  10.159,                                  12.697,                                  17.720,                                   0.007,                                   0.012,                               78761.555,                                   1.000,
8/12/2026 2:24:12 PM  ,    4877.000,                                  10.159,                                  12.691,                                  17.711,                                   0.007,                                   0.012,                               78798.352,                                   1.000,
8/12/2026 2:24:13 PM  ,    4878.000,                                  10.159,                                  12.694,                                  17.717,                                   0.007,                                   0.012,                               78775.031,                                   1.000,
8/12/2026 2:24:14 PM  ,    4879.000,                                  10.158,                                  12.692,                                  17.713,                                   0.007,                                   0.012,                               78790.859,                                   1.000,
8/12/2026 2:24:15 PM  ,    4880.000,                                  10.158,                                  12.696,                                  17.720,                                   0.007,                                   0.012,                               78762.188,                                   1.000,
8/12/2026 2:24:16 PM  ,    4881.000,                                  10.158,                                  12.688,                                  17.709,                                   0.007,                                   0.012,                               78811.625,                                   1.000,
8/12/2026 2:24:17 PM  ,    4882.000,                                  10.158,                                  12.692,                                  17.714,                                   0.007,                                   0.012,                               78788.883,                                   1.000,
8/12/2026 2:24:18 PM  ,    4883.000,                                  10.158,                                  12.693,                                  17.715,                                   0.007,                                   0.012,                               78785.055,                                   1.000,
8/12/2026 2:24:19 PM  ,    4884.000,                                  10.158,                                  12.699,                                  17.723,                                   0.007,                                   0.012,                               78747.641,                                   1.000,
8/12/2026 2:24:20 PM  ,    4885.000,                                  10.158,                                  12.691,                                  17.712,                                   0.007,                                   0.012,                               78795.828,                                   1.000,
8/12/2026 2:24:21 PM  ,    4886.000,                                  10.157,                                  12.700,                                  17.725,                                   0.007,                                   0.012,                               78739.898,                                   1.000,
8/12/2026 2:24:22 PM  ,    4887.000,                                  10.157,                                  12.698,                                  17.722,                                   0.007,                                   0.012,                               78753.977,                                   1.000,
8/12/2026 2:24:23 PM  ,    4888.000,                                  10.157,                                  12.698,                                  17.722,                                   0.007,                                   0.012,                               78752.570,                                   1.000,
8/12/2026 2:24:24 PM  ,    4889.000,                                  10.157,                                  12.710,                                  17.740,                                   0.007,                                   0.012,                               78676.750,                                   1.000,
8/12/2026 2:24:25 PM  ,    4890.000,                                  10.157,                                  12.701,                                  17.726,                                   0.007,                                   0.012,                               78736.555,                                   1.000,
8/12/2026 2:24:26 PM  ,    4891.000,                                  10.157,                                  12.694,                                  17.717,                                   0.007,                                   0.012,                               78776.328,                                   1.000,
8/12/2026 2:24:27 PM  ,    4892.000,                                  10.156,                                  12.717,                                  17.749,                                   0.007,                                   0.012,                               78634.703,                                   1.000,
8/12/2026 2:24:28 PM  ,    4893.000,                                  10.156,                                  12.701,                                  17.726,                                   0.007,                                   0.012,                               78736.531,                                   1.000,
8/12/2026 2:24:29 PM  ,    4894.000,                                  10.157,                                  12.711,                                  17.740,                                   0.007,                                   0.012,                               78673.242,                                   1.000,
8/12/2026 2:24:30 PM  ,    4895.000,                                  10.157,                                  12.700,                                  17.726,                                   0.007,                                   0.012,                               78738.672,                                   1.000,
8/12/2026 2:24:31 PM  ,    4896.000,                                  10.157,                                  12.703,                                  17.730,                                   0.007,                                   0.012,                               78719.336,                                   1.000,
8/12/2026 2:24:32 PM  ,    4897.000,                                  10.157,                                  12.704,                                  17.731,                                   0.007,                                   0.012,                               78712.719,                                   1.000,
8/12/2026 2:24:33 PM  ,    4898.000,                                  10.156,                                  12.716,                                  17.747,                                   0.007,                                   0.012,                               78643.109,                                   1.000,
8/12/2026 2:24:34 PM  ,    4899.000,                                  10.156,                                  12.719,                                  17.752,                                   0.007,                                   0.012,                               78623.063,                                   1.000,
8/12/2026 2:24:35 PM  ,    4900.000,                                  10.157,                                  12.711,                                  17.740,                                   0.007,                                   0.012,                               78672.570,                                   1.000,
8/12/2026 2:24:36 PM  ,    4901.000,                                  10.156,                                  12.704,                                  17.731,                                   0.007,                                   0.012,                               78714.844,                                   1.000,
8/12/2026 2:24:37 PM  ,    4902.000,                                  10.156,                                  12.722,                                  17.756,                                   0.007,                                   0.012,                               78605.648,                                   1.000,
8/12/2026 2:24:38 PM  ,    4903.000,                                  10.156,                                  12.713,                                  17.744,                                   0.007,                                   0.012,                               78657.992,                                   1.000,
8/12/2026 2:24:39 PM  ,    4904.000,                                  10.156,                                  12.722,                                  17.756,                                   0.007,                                   0.012,                               78606.781,                                   1.000,
8/12/2026 2:24:40 PM  ,    4905.007,                                  10.156,                                  12.713,                                  17.744,                                   0.007,                                   0.012,                               78656.953,                                   1.000,
8/12/2026 2:24:41 PM  ,    4906.000,                                  10.156,                                  12.721,                                  17.755,                                   0.007,                                   0.012,                               78611.672,                                   1.000,
8/12/2026 2:24:42 PM  ,    4907.000,                                  10.156,                                  12.713,                                  17.744,                                   0.007,                                   0.012,                               78661.109,                                   1.000,
8/12/2026 2:24:43 PM  ,    4908.000,                                  10.156,                                  12.720,                                  17.753,                                   0.007,                                   0.012,                               78618.875,                                   1.000,
8/12/2026 2:24:44 PM  ,    4909.000,                                  10.155,                                  12.712,                                  17.743,                                   0.007,                                   0.012,                               78663.773,                                   1.000,
8/12/2026 2:24:45 PM  ,    4910.000,                                  10.156,                                  12.715,                                  17.747,                                   0.007,                                   0.012,                               78647.352,                                   1.000,
8/12/2026 2:24:46 PM  ,    4911.000,                                  10.155,                                  12.710,                                  17.740,                                   0.007,                                   0.012,                               78679.094,                                   1.000,
8/12/2026 2:24:47 PM  ,    4912.000,                                  10.155,                                  12.710,                                  17.740,                                   0.007,                                   0.012,                               78675.375,                                   1.000,
8/12/2026 2:24:48 PM  ,    4913.000,                                  10.155,                                  12.710,                                  17.740,                                   0.007,                                   0.012,                               78678.539,                                   1.000,
8/12/2026 2:24:49 PM  ,    4914.000,                                  10.155,                                  12.712,                                  17.743,                                   0.007,                                   0.012,                               78666.563,                                   1.000,
8/12/2026 2:24:50 PM  ,    4915.000,                                  10.154,                                  12.710,                                  17.740,                                   0.007,                                   0.012,                               78680.281,                                   1.000,
8/12/2026 2:24:51 PM  ,    4916.000,                                  10.155,                                  12.706,                                  17.735,                                   0.007,                                   0.012,                               78701.789,                                   1.000,
8/12/2026 2:24:52 PM  ,    4917.000,                                   0.000,                                   0.000,                                   0.000,                                   0.000,                                   0.000,                                   0.000,                                   0.000,
8/12/2026 2:24:53 PM  ,    4918.000,                                  10.155,                                  12.719,                                  17.752,                                   0.007,                                   0.012,                               78623.039,                                   1.000,
8/12/2026 2:24:54 PM  ,    4919.000,                                  10.155,                                  12.698,                                  17.724,                                   0.007,                                   0.012,                               78750.508,                                   1.000,
8/12/2026 2:24:55 PM  ,    4920.000,                                  10.155,                                  12.701,                                  17.727,                                   0.007,                                   0.012,                               78734.188,                                   1.000,
8/12/2026 2:24:56 PM  ,    4921.000,                                  10.154,                                  12.697,                                  17.722,                                   0.007,                                   0.012,                               78758.625,                                   1.000,
8/12/2026 2:24:57 PM  ,    4922.000,                                  10.155,                                  12.697,                                  17.721,                                   0.007,                                   0.012,                               78761.063,                                   1.000,
8/12/2026 2:24:58 PM  ,    4923.000,                                  10.154,                                  12.710,                                  17.740,                                   0.007,                                   0.012,                               78681.289,                                   1.000,
8/12/2026 2:24:59 PM  ,    4924.000,                                  10.153,                                  12.696,                                  17.721,                                   0.007,                                   0.012,                               78764.305,                                   1.000,
8/12/2026 2:25:00 PM  ,    4925.000,                                  10.154,                                  12.702,                                  17.729,                                   0.007,                                   0.012,                               78730.641,                                   1.000,
8/12/2026 2:25:01 PM  ,    4926.000,                                  10.154,                                  12.699,                                  17.725,                                   0.007,                                   0.012,                               78748.844,                                   1.000,
8/12/2026 2:25:02 PM  ,    4927.000,                                  10.154,                                  12.700,                                  17.727,                                   0.007,                                   0.012,                               78737.063,                                   1.000,
8/12/2026 2:25:03 PM  ,    4928.000,                                  10.153,                                  12.697,                                  17.723,                                   0.007,                                   0.012,                               78756.336,                                   1.000,
8/12/2026 2:25:04 PM  ,    4929.000,                                  10.153,                                  12.697,                                  17.723,                                   0.007,                                   0.012,                               78759.258,                                   1.000,
8/12/2026 2:25:05 PM  ,    4930.000,                                  10.153,                                  12.706,                                  17.735,                                   0.007,                                   0.012,                               78705.234,                                   1.000,
8/12/2026 2:25:06 PM  ,    4931.000,                                  10.153,                                  12.704,                                  17.733,                                   0.007,                                   0.012,                               78715.555,                                   1.000,
8/12/2026 2:25:07 PM  ,    4932.000,                                  10.153,                                  12.703,                                  17.731,                                   0.007,                                   0.012,                               78723.742,                                   1.000,
8/12/2026 2:25:08 PM  ,    4933.000,                                  10.153,                                  12.712,                                  17.744,                                   0.007,                                   0.012,                               78665.922,                                   1.000,
8/12/2026 2:25:09 PM  ,    4934.000,                                  10.153,                                  12.698,                                  17.725,                                   0.007,                                   0.012,                               78750.234,                                   1.000,
8/12/2026 2:25:10 PM  ,    4935.000,                                  10.153,                                  12.698,                                  17.724,                                   0.007,                                   0.012,                               78753.781,                                   1.000,
8/12/2026 2:25:11 PM  ,    4936.000,                                  10.153,                                  12.706,                                  17.736,                                   0.007,                                   0.012,                               78700.984,                                   1.000,
8/12/2026 2:25:12 PM  ,    4937.000,                                  10.152,                                  12.698,                                  17.725,                                   0.007,                                   0.012,                               78751.305,                                   1.000,
8/12/2026 2:25:13 PM  ,    4938.000,                                  10.152,                                  12.696,                                  17.721,                                   0.007,                                   0.012,                               78766.602,                                   1.000,
8/12/2026 2:25:14 PM  ,    4939.000,                                  10.151,                                  12.698,                                  17.724,                                   0.007,                                   0.012,                               78755.313,                                   1.000,
8/12/2026 2:25:15 PM  ,    4940.000,                                  10.151,                                  12.696,                                  17.723,                                   0.007,                                   0.012,                               78762.500,                                   1.000,
8/12/2026 2:25:16 PM  ,    4941.000,                                  10.151,                                  12.693,                                  17.717,                                   0.007,                                   0.012,                               78785.750,                                   1.000,
8/12/2026 2:25:17 PM  ,    4942.000,                                  10.152,                                  12.703,                                  17.731,                                   0.007,                                   0.012,                               78724.438,                                   1.000,
8/12/2026 2:25:18 PM  ,    4943.000,                                  10.151,                                  12.707,                                  17.737,                                   0.007,                                   0.012,                               78698.352,                                   1.000,
8/12/2026 2:25:19 PM  ,    4944.006,                                  10.152,                                  12.687,                                  17.710,                                   0.007,                                   0.012,                               78820.172,                                   1.000,
8/12/2026 2:25:20 PM  ,    4945.000,                                  10.151,                                  12.696,                                  17.723,                                   0.007,                                   0.012,                               78764.523,                                   1.000,
8/12/2026 2:25:21 PM  ,    4946.000,                                  10.151,                                  12.684,                                  17.706,                                   0.007,                                   0.012,                               78838.188,                                   1.000,
8/12/2026 2:25:22 PM  ,    4947.000,                                  10.151,                                  12.706,                                  17.736,                                   0.007,                                   0.012,                               78703.570,                                   1.000,
8/12/2026 2:25:23 PM  ,    4948.000,                                  10.151,                                  12.700,                                  17.728,                                   0.007,                                   0.012,                               78741.844,                                   1.000,
8/12/2026 2:25:24 PM  ,    4949.000,                                  10.150,                                  12.696,                                  17.723,                                   0.007,                                   0.012,                               78764.156,                                   1.000,
8/12/2026 2:25:25 PM  ,    4950.000,                                  10.150,                                  12.695,                                  17.721,                                   0.007,                                   0.012,                               78772.398,                                   1.000,
8/12/2026 2:25:26 PM  ,    4951.000,                                  10.150,                                  12.688,                                  17.712,                                   0.007,                                   0.012,                               78813.211,                                   1.000,
8/12/2026 2:25:27 PM  ,    4952.000,                                  10.150,                                  12.682,                                  17.703,                                   0.007,                                   0.012,                               78853.555,                                   1.000,
8/12/2026 2:25:28 PM  ,    4953.000,                                  10.150,                                  12.703,                                  17.732,                                   0.007,                                   0.012,                               78722.492,                                   1.000,
8/12/2026 2:25:29 PM  ,    4954.000,                                  10.150,                                  12.689,                                  17.713,                                   0.007,                                   0.012,                               78809.672,                                   1.000,
8/12/2026 2:25:30 PM  ,    4955.000,                                  10.150,                                  12.703,                                  17.732,                                   0.007,                                   0.012,                               78724.094,                                   1.000,
8/12/2026 2:25:31 PM  ,    4956.000,                                  10.150,                                  12.703,                                  17.732,                                   0.007,                                   0.012,                               78723.820,                                   1.000,
8/12/2026 2:25:32 PM  ,    4957.000,                                  10.150,                                  12.696,                                  17.722,                                   0.007,                                   0.012,                               78767.336,                                   1.000,
8/12/2026 2:25:33 PM  ,    4958.000,                                  10.149,                                  12.698,                                  17.726,                                   0.007,                                   0.012,                               78750.969,                                   1.000,
8/12/2026 2:25:34 PM  ,    4959.000,                                  10.150,                                  12.688,                                  17.712,                                   0.007,                                   0.012,                               78813.445,                                   1.000,
8/12/2026 2:25:35 PM  ,    4960.000,                                  10.150,                                  12.697,                                  17.724,                                   0.007,                                   0.012,                               78759.680,                                   1.000,
8/12/2026 2:25:36 PM  ,    4961.000,                                  10.150,                                  12.683,                                  17.706,                                   0.007,                                   0.012,                               78842.820,                                   1.000,
8/12/2026 2:25:37 PM  ,    4962.000,                                  10.149,                                  12.694,                                  17.720,                                   0.007,                                   0.012,                               78777.602,                                   1.000,
8/12/2026 2:25:38 PM  ,    4963.000,                                  10.150,                                  12.694,                                  17.720,                                   0.007,                                   0.012,                               78779.461,                                   1.000,
8/12/2026 2:25:39 PM  ,    4964.000,                                  10.149,                                  12.699,                                  17.728,                                   0.007,                                   0.012,                               78744.016,                                   1.000,
8/12/2026 2:25:40 PM  ,    4965.000,                                  10.149,                                  12.699,                                  17.728,                                   0.007,                                   0.012,                               78744.852,                                   1.000,
8/12/2026 2:25:41 PM  ,    4966.000,                                  10.149,                                  12.695,                                  17.721,                                   0.007,                                   0.012,                               78774.133,                                   1.000,
8/12/2026 2:25:42 PM  ,    4967.000,                                  10.149,                                  12.699,                                  17.727,                                   0.007,                                   0.012,                               78747.570,                                   1.000,
8/12/2026 2:25:43 PM  ,    4968.000,                                  10.149,                                  12.691,                                  17.716,                                   0.007,                                   0.012,                               78798.742,                                   1.000,
8/12/2026 2:25:44 PM  ,    4969.000,                                  10.149,                                  12.705,                                  17.736,                                   0.007,                                   0.012,                               78709.141,                                   1.000,
8/12/2026 2:25:45 PM  ,    4970.000,                                  10.149,                                  12.688,                                  17.713,                                   0.007,                                   0.012,                               78812.281,                                   1.000,
8/12/2026 2:25:46 PM  ,    4971.000,                                  10.149,                                  12.702,                                  17.732,                                   0.007,                                   0.012,                               78726.063,                                   1.000,
8/12/2026 2:25:47 PM  ,    4972.000,                                  10.149,                                  12.690,                                  17.715,                                   0.007,                                   0.012,                               78799.961,                                   1.000,
8/12/2026 2:25:48 PM  ,    4973.000,                                  10.148,                                  12.695,                                  17.722,                                   0.007,                                   0.012,                               78772.813,                                   1.000,
8/12/2026 2:25:49 PM  ,    4974.000,                                  10.149,                                  12.705,                                  17.736,                                   0.007,                                   0.012,                               78707.539,                                   1.000,
8/12/2026 2:25:50 PM  ,    4975.000,                                  10.148,                                  12.688,                                  17.712,                                   0.007,                                   0.012,                               78815.000,                                   1.000,
8/12/2026 2:25:51 PM  ,    4976.000,                                  10.149,                                  12.699,                                  17.728,                                   0.007,                                   0.012,                               78743.602,                                   1.000,
8/12/2026 2:25:52 PM  ,    4977.000,                                  10.148,                                  12.694,                                  17.721,                                   0.007,                                   0.012,                               78775.742,                                   1.000,
8/12/2026 2:25:53 PM  ,    4978.000,                                  10.148,                                  12.704,                                  17.735,                                   0.007,                                   0.012,                               78715.047,                                   1.000,
8/12/2026 2:25:54 PM  ,    4979.000,                                  10.148,                                  12.692,                                  17.718,                                   0.007,                                   0.012,                               78789.609,                                   1.000,
8/12/2026 2:25:55 PM  ,    4980.000,                                  10.147,                                  12.691,                                  17.717,                                   0.007,                                   0.012,                               78798.516,                                   1.000,
8/12/2026 2:25:56 PM  ,    4981.000,                                   0.000,                                   0.000,                                   0.000,                                   0.000,                                   0.000,                                   0.000,                                   0.000,
8/12/2026 2:25:57 PM  ,    4982.000,                                  10.147,                                  12.702,                                  17.733,                                   0.007,                                   0.012,                               78724.773,                                   1.000,
8/12/2026 2:25:58 PM  ,    4983.000,                                  10.147,                                  12.689,                                  17.714,                                   0.007,                                   0.012,                               78810.391,                                   1.000,
8/12/2026 2:25:59 PM  ,    4984.000,                                  10.147,                                  12.694,                                  17.722,                                   0.007,                                   0.012,                               78774.406,                                   1.000,
8/12/2026 2:26:00 PM  ,    4985.000,                                  10.147,                                  12.685,                                  17.708,                                   0.007,                                   0.012,                               78834.922,                                   1.000,
8/12/2026 2:26:01 PM  ,    4986.000,                                  10.147,                                  12.691,                                  17.717,                                   0.007,                                   0.012,                               78798.961,                                   1.000,
8/12/2026 2:26:02 PM  ,    4987.002,                                  10.147,                                  12.686,                                  17.710,                                   0.007,                                   0.012,                               78829.797,                                   1.000,
8/12/2026 2:26:03 PM  ,    4988.000,                                  10.147,                                  12.694,                                  17.722,                                   0.007,                                   0.012,                               78774.867,                                   1.000,
8/12/2026 2:26:04 PM  ,    4989.000,                                  10.147,                                  12.696,                                  17.725,                                   0.007,                                   0.012,                               78762.758,                                   1.000,
8/12/2026 2:26:05 PM  ,    4990.000,                                  10.147,                                  12.695,                                  17.722,                                   0.007,                                   0.012,                               78773.891,                                   1.000,
8/12/2026 2:26:06 PM  ,    4991.000,                                  10.146,                                  12.685,                                  17.709,                                   0.007,                                   0.012,                               78834.016,                                   1.000,
8/12/2026 2:26:07 PM  ,    4992.000,                                  10.146,                                  12.696,                                  17.725,                                   0.007,                                   0.012,                               78763.289,                                   1.000,
8/12/2026 2:26:08 PM  ,    4993.000,                                  10.146,                                  12.694,                                  17.722,                                   0.007,                                   0.012,                               78779.039,                                   1.000,
8/12/2026 2:26:09 PM  ,    4994.000,                                  10.146,                                  12.693,                                  17.721,                                   0.007,                                   0.012,                               78781.102,                                   1.000,
8/12/2026 2:26:10 PM  ,    4995.000,                                  10.146,                                  12.697,                                  17.726,                                   0.007,                                   0.012,                               78761.281,                                   1.000,
8/12/2026 2:26:11 PM  ,    4996.000,                                  10.145,                                  12.686,                                  17.711,                                   0.007,                                   0.012,                               78827.102,                                   1.000,
8/12/2026 2:26:12 PM  ,    4997.000,                                  10.145,                                  12.697,                                  17.726,                                   0.007,                                   0.012,                               78761.539,                                   1.000,
8/12/2026 2:26:13 PM  ,    4998.000,                                  10.145,                                  12.687,                                  17.712,                                   0.007,                                   0.012,                               78823.336,                                   1.000,
8/12/2026 2:26:14 PM  ,    4999.000,                                  10.145,                                  12.682,                                  17.705,                                   0.007,                                   0.012,                               78854.367,                                   1.000,
8/12/2026 2:26:15 PM  ,    5000.000,                                  10.145,                                  12.689,                                  17.715,                                   0.007,                                   0.012,                               78810.898,                                   1.000,
8/12/2026 2:26:16 PM  ,    5001.000,                                  10.145,                                  12.691,                                  17.719,                                   0.007,                                   0.012,                               78793.227,                                   1.000,
8/12/2026 2:26:17 PM  ,    5002.000,                                  10.144,                                  12.694,                                  17.723,                                   0.007,                                   0.012,                               78777.727,                                   1.000,
8/12/2026 2:26:18 PM  ,    5003.000,                                  10.144,                                  12.695,                                  17.724,                                   0.007,                                   0.012,                               78771.172,                                   1.000,
8/12/2026 2:26:19 PM  ,    5004.000,                                  10.144,                                  12.690,                                  17.717,                                   0.007,                                   0.012,                               78802.773,                                   1.000,
8/12/2026 2:26:20 PM  ,    5005.000,                                  10.144,                                  12.686,                                  17.711,                                   0.007,                                   0.012,                               78829.125,                                   1.000,
8/12/2026 2:26:21 PM  ,    5006.000,                                  10.144,                                  12.694,                                  17.722,                                   0.007,                                   0.012,                               78780.234,                                   1.000,
8/12/2026 2:26:22 PM  ,    5007.000,                                  10.143,                                  12.681,                                  17.705,                                   0.007,                                   0.012,                               78857.297,                                   1.000,
8/12/2026 2:26:23 PM  ,    5008.000,                                  10.143,                                  12.692,                                  17.720,                                   0.007,                                   0.012,                               78792.508,                                   1.000,
8/12/2026 2:26:24 PM  ,    5009.000,                                  10.143,                                  12.691,                                  17.719,                                   0.007,                                   0.012,                               78794.680,                                   1.000,
8/12/2026 2:26:25 PM  ,    5010.000,                                  10.143,                                  12.678,                                  17.701,                                   0.007,                                   0.012,                               78874.398,                                   1.000,
8/12/2026 2:26:26 PM  ,    5011.000,                                  10.143,                                  12.682,                                  17.707,                                   0.007,                                   0.012,                               78852.031,                                   1.000,
8/12/2026 2:26:27 PM  ,    5012.000,                                  10.143,                                  12.672,                                  17.692,                                   0.007,                                   0.011,                               78916.906,                                   1.000,
8/12/2026 2:26:28 PM  ,    5013.000,                                  10.142,                                  12.689,                                  17.717,                                   0.007,                                   0.012,                               78809.023,                                   1.000,
8/12/2026 2:26:29 PM  ,    5014.000,                                  10.141,                                  12.671,                                  17.692,                                   0.007,                                   0.012,                               78918.344,                                   1.000,
8/12/2026 2:26:30 PM  ,    5015.000,                                  10.141,                                  12.684,                                  17.710,                                   0.007,                                   0.012,                               78838.805,                                   1.000,
8/12/2026 2:26:31 PM  ,    5016.000,                                  10.141,                                  12.681,                                  17.706,                                   0.007,                                   0.012,                               78860.219,                                   1.000,
8/12/2026 2:26:32 PM  ,    5017.000,                                  10.141,                                  12.686,                                  17.713,                                   0.007,                                   0.012,                               78827.086,                                   1.000,
8/12/2026 2:26:33 PM  ,    5018.000,                                   0.000,                                   0.000,                                   0.000,                                   0.000,                                   0.000,                                   0.000,                                   0.000,
8/12/2026 2:26:34 PM  ,    5019.000,                                  10.140,                                  12.661,                                  17.679,                                   0.007,                                   0.011,                               78983.273,                                   1.000,
8/12/2026 2:26:35 PM  ,    5020.000,                                  10.140,                                  12.674,                                  17.697,                                   0.007,                                   0.012,                               78898.797,                                   1.000,
8/12/2026 2:26:36 PM  ,    5021.000,                                  10.140,                                  12.665,                                  17.685,                                   0.007,                                   0.011,                               78955.844,                                   1.000,
8/12/2026 2:26:37 PM  ,    5022.000,                                  10.140,                                  12.677,                                  17.701,                                   0.007,                                   0.012,                               78881.055,                                   1.000,
8/12/2026 2:26:38 PM  ,    5023.000,                                  10.139,                                  12.676,                                  17.700,                                   0.007,                                   0.012,                               78889.250,                                   1.000,
8/12/2026 2:26:39 PM  ,    5024.000,                                  10.140,                                  12.679,                                  17.703,                                   0.007,                                   0.012,                               78872.609,                                   1.000,
8/12/2026 2:26:40 PM  ,    5025.000,                                  10.140,                                  12.666,                                  17.686,                                   0.007,                                   0.011,                               78951.531,                                   1.000,
8/12/2026 2:26:41 PM  ,    5026.000,                                  10.139,                                  12.663,                                  17.682,                                   0.007,                                   0.011,                               78972.117,                                   1.000,
8/12/2026 2:26:42 PM  ,    5027.000,                                  10.139,                                  12.677,                                  17.702,                                   0.007,                                   0.012,                               78880.852,                                   1.000,
8/12/2026 2:26:43 PM  ,    5028.000,                                  10.139,                                  12.661,                                  17.679,                                   0.007,                                   0.011,                               78983.375,                                   1.000,
8/12/2026 2:26:44 PM  ,    5029.000,                                  10.139,                                  12.662,                                  17.680,                                   0.007,                                   0.011,                               78976.789,                                   1.000,
8/12/2026 2:26:45 PM  ,    5030.000,                                  10.138,                                  12.665,                                  17.686,                                   0.007,                                   0.011,                               78955.531,                                   1.000,
8/12/2026 2:26:46 PM  ,    5031.000,                                  10.138,                                  12.662,                                  17.681,                                   0.007,                                   0.011,                               78978.594,                                   1.000,
8/12/2026 2:26:47 PM  ,    5032.000,                                  10.137,                                  12.660,                                  17.678,                                   0.007,                                   0.011,                               78989.086,                                   1.000,
8/12/2026 2:26:48 PM  ,    5033.000,                                  10.138,                                  12.653,                                  17.668,                                   0.007,                                   0.011,                               79034.805,                                   1.000,
8/12/2026 2:26:49 PM  ,    5034.000,                                  10.137,                                  12.660,                                  17.679,                                   0.007,                                   0.011,                               78988.125,                                   1.000,
8/12/2026 2:26:50 PM  ,    5035.000,                                  10.137,                                  12.663,                                  17.683,                                   0.007,                                   0.011,                               78968.758,                                   1.000,
8/12/2026 2:26:51 PM  ,    5036.000,                                  10.137,                                  12.659,                                  17.678,                                   0.007,                                   0.011,                               78992.422,                                   1.000,
8/12/2026 2:26:52 PM  ,    5037.000,                                  10.137,                                  12.659,                                  17.677,                                   0.007,                                   0.011,                               78997.516,                                   1.000,
8/12/2026 2:26:53 PM  ,    5038.006,                                  10.136,                                  12.649,                                  17.664,                                   0.007,                                   0.011,                               79055.875,                                   1.000,
8/12/2026 2:26:54 PM  ,    5039.000,                                  10.136,                                  12.653,                                  17.669,                                   0.007,                                   0.011,                               79035.023,                                   1.000,
8/12/2026 2:26:55 PM  ,    5040.000,                                  10.135,                                  12.639,                                  17.651,                                   0.007,                                   0.011,                               79117.867,                                   1.000,
8/12/2026 2:26:56 PM  ,    5041.000,                                  10.135,                                  12.655,                                  17.672,                                   0.007,                                   0.011,                               79021.430,                                   1.000,
8/12/2026 2:26:57 PM  ,    5042.000,                                  10.135,                                  12.663,                                  17.683,                                   0.007,                                   0.011,                               78973.219,                                   1.000,
8/12/2026 2:26:58 PM  ,    5043.000,                                  10.135,                                  12.654,                                  17.671,                                   0.007,                                   0.011,                               79027.367,                                   1.000,
8/12/2026 2:26:59 PM  ,    5044.000,                                  10.134,                                  12.649,                                  17.665,                                   0.007,                                   0.011,                               79055.102,                                   1.000,
8/12/2026 2:27:00 PM  ,    5045.000,                                  10.134,                                  12.652,                                  17.670,                                   0.007,                                   0.011,                               79036.844,                                   1.000,
8/12/2026 2:27:01 PM  ,    5046.000,                                  10.133,                                  12.641,                                  17.654,                                   0.007,                                   0.011,                               79107.563,                                   1.000,
8/12/2026 2:27:02 PM  ,    5047.000,                                  10.133,                                  12.648,                                  17.664,                                   0.007,                                   0.011,                               79064.570,                                   1.000,
8/12/2026 2:27:03 PM  ,    5048.000,                                  10.133,                                  12.645,                                  17.660,                                   0.007,                                   0.011,                               79080.867,                                   1.000,
8/12/2026 2:27:04 PM  ,    5049.000,                                  10.132,                                  12.641,                                  17.655,                                   0.007,                                   0.011,                               79105.695,                                   1.000,
8/12/2026 2:27:05 PM  ,    5050.000,                                  10.132,                                  12.635,                                  17.646,                                   0.007,                                   0.011,                               79144.344,                                   1.000,
8/12/2026 2:27:06 PM  ,    5051.000,                                  10.132,                                  12.637,                                  17.649,                                   0.007,                                   0.011,                               79133.555,                                   1.000,
8/12/2026 2:27:07 PM  ,    5052.000,                                  10.132,                                  12.639,                                  17.652,                                   0.007,                                   0.011,                               79118.641,                                   1.000,
8/12/2026 2:27:08 PM  ,    5053.000,                                  10.132,                                  12.641,                                  17.655,                                   0.007,                                   0.011,                               79107.813,                                   1.000,
8/12/2026 2:27:09 PM  ,    5054.000,                                  10.131,                                  12.631,                                  17.642,                                   0.007,                                   0.011,                               79168.508,                                   1.000,
8/12/2026 2:27:10 PM  ,    5055.000,                                  10.130,                                  12.631,                                  17.642,                                   0.007,                                   0.011,                               79169.219,                                   1.000,
8/12/2026 2:27:11 PM  ,    5056.000,                                  10.130,                                  12.637,                                  17.650,                                   0.007,                                   0.011,                               79134.008,                                   1.000,
8/12/2026 2:27:12 PM  ,    5057.000,                                  10.129,                                  12.628,                                  17.637,                                   0.007,                                   0.011,                               79190.961,                                   1.000,
8/12/2026 2:27:13 PM  ,    5058.000,                                  10.129,                                  12.632,                                  17.644,                                   0.007,                                   0.011,                               79161.633,                                   1.000,
8/12/2026 2:27:14 PM  ,    5059.000,                                  10.129,                                  12.626,                                  17.635,                                   0.007,                                   0.011,                               79201.172,                                   1.000,
8/12/2026 2:27:15 PM  ,    5060.000,                                  10.129,                                  12.633,                                  17.645,                                   0.007,                                   0.011,                               79159.234,                                   1.000,
8/12/2026 2:27:16 PM  ,    5061.000,                                  10.128,                                  12.629,                                  17.640,                                   0.007,                                   0.011,                               79184.422,                                   1.000,
8/12/2026 2:27:17 PM  ,    5062.000,                                  10.127,                                  12.628,                                  17.638,                                   0.007,                                   0.011,                               79190.445,                                   1.000,
8/12/2026 2:27:18 PM  ,    5063.010,                                  10.127,                                  12.620,                                  17.627,                                   0.007,                                   0.011,                               79240.594,                                   1.000,
8/12/2026 2:27:19 PM  ,    5064.000,                                  10.126,                                  12.626,                                  17.636,                                   0.007,                                   0.011,                               79202.922,                                   1.000,
8/12/2026 2:27:20 PM  ,    5065.000,                                  10.126,                                  12.623,                                  17.633,                                   0.007,                                   0.011,                               79219.250,                                   1.000,
8/12/2026 2:27:21 PM  ,    5066.000,                                  10.125,                                  12.627,                                  17.639,                                   0.007,                                   0.011,                               79192.977,                                   1.000,
8/12/2026 2:27:22 PM  ,    5067.000,                                  10.124,                                  12.623,                                  17.633,                                   0.007,                                   0.011,                               79222.656,                                   1.000,
8/12/2026 2:27:23 PM  ,    5068.000,                                  10.122,                                  12.612,                                  17.618,                                   0.007,                                   0.011,                               79291.266,                                   1.000,
8/12/2026 2:27:24 PM  ,    5069.000,                                  10.122,                                  12.613,                                  17.620,                                   0.007,                                   0.011,                               79285.688,                                   1.000,
8/12/2026 2:27:25 PM  ,    5070.000,                                  10.121,                                  12.598,                                  17.600,                                   0.007,                                   0.011,                               79377.250,                                   1.000,
8/12/2026 2:27:26 PM  ,    5071.000,                                  10.121,                                  12.594,                                  17.594,                                   0.007,                                   0.011,                               79403.039,                                   1.000,
8/12/2026 2:27:27 PM  ,    5072.000,                                  10.120,                                  12.605,                                  17.610,                                   0.007,                                   0.011,                               79335.445,                                   1.000,
8/12/2026 2:27:28 PM  ,    5073.000,                                  10.119,                                  12.598,                                  17.601,                                   0.007,                                   0.011,                               79375.539,                                   1.000,
8/12/2026 2:27:29 PM  ,    5074.000,                                  10.119,                                  12.600,                                  17.603,                                   0.007,                                   0.011,                               79364.633,                                   1.000,
8/12/2026 2:27:30 PM  ,    5075.000,                                  10.118,                                  12.602,                                  17.607,                                   0.007,                                   0.011,                               79351.867,                                   1.000,
8/12/2026 2:27:31 PM  ,    5076.000,                                  10.118,                                  12.596,                                  17.599,                                   0.007,                                   0.011,                               79389.031,                                   1.000,
8/12/2026 2:27:32 PM  ,    5077.000,                                  10.116,                                  12.597,                                  17.601,                                   0.007,                                   0.011,                               79381.180,                                   1.000,
8/12/2026 2:27:33 PM  ,    5078.000,                                  10.116,                                  12.592,                                  17.593,                                   0.007,                                   0.011,                               79417.609,                                   1.000,
8/12/2026 2:27:34 PM  ,    5079.000,                                  10.115,                                  12.586,                                  17.585,                                   0.007,                                   0.011,                               79453.945,                                   1.000,
8/12/2026 2:27:35 PM  ,    5080.000,                                  10.115,                                  12.584,                                  17.583,                                   0.007,                                   0.011,                               79465.414,                                   1.000,
8/12/2026 2:27:36 PM  ,    5081.000,                                  10.114,                                  12.591,                                  17.594,                                   0.007,                                   0.011,                               79418.852,                                   1.000,
8/12/2026 2:27:37 PM  ,    5082.000,                                  10.113,                                  12.576,                                  17.573,                                   0.007,                                   0.011,                               79516.063,                                   1.000,
8/12/2026 2:27:38 PM  ,    5083.000,                                   0.000,                                   0.000,                                   0.000,                                   0.000,                                   0.000,                                   0.000,                                   0.000,
8/12/2026 2:27:39 PM  ,    5084.000,                                  10.113,                                  12.599,                                  17.604,                                   0.007,                                   0.011,                               79374.086,                                   1.000,
8/12/2026 2:27:40 PM  ,    5085.000,                                  10.112,                                  12.569,                                  17.563,                                   0.007,                                   0.011,                               79561.875,                                   1.000,
8/12/2026 2:27:41 PM  ,    5086.000,                                  10.112,                                  12.576,                                  17.573,                                   0.007,                                   0.011,                               79516.328,                                   1.000,
8/12/2026 2:27:42 PM  ,    5087.000,                                  10.112,                                  12.585,                                  17.586,                                   0.007,                                   0.011,                               79456.648,                                   1.000,
8/12/2026 2:27:43 PM  ,    5088.000,                                  10.112,                                  12.567,                                  17.560,                                   0.007,                                   0.011,                               79575.227,                                   1.000,
8/12/2026 2:27:44 PM  ,    5089.000,                                  10.112,                                  12.578,                                  17.576,                                   0.007,                                   0.011,                               79505.500,                                   1.000,
8/12/2026 2:27:45 PM  ,    5090.000,                                  10.111,                                  12.570,                                  17.566,                                   0.007,                                   0.011,                               79552.164,                                   1.000,
8/12/2026 2:27:46 PM  ,    5091.000,                                  10.110,                                  12.567,                                  17.561,                                   0.007,                                   0.011,                               79574.094,                                   1.000,
8/12/2026 2:27:47 PM  ,    5092.000,                                  10.111,                                  12.572,                                  17.568,                                   0.007,                                   0.011,                               79542.430,                                   1.000,
8/12/2026 2:27:48 PM  ,    5093.000,                                  10.110,                                  12.560,                                  17.551,                                   0.007,                                   0.011,                               79619.227,                                   1.000,
8/12/2026 2:27:49 PM  ,    5094.000,                                  10.111,                                  12.564,                                  17.557,                                   0.007,                                   0.011,                               79591.594,                                   1.000,
8/12/2026 2:27:50 PM  ,    5095.000,                                  10.111,                                  12.569,                                  17.564,                                   0.007,                                   0.011,                               79560.453,                                   1.000,
8/12/2026 2:27:51 PM  ,    5096.000,                                  10.111,                                  12.567,                                  17.562,                                   0.007,                                   0.011,                               79570.875,                                   1.000,
8/12/2026 2:27:52 PM  ,    5097.000,                                  10.111,                                  12.557,                                  17.548,                                   0.007,                                   0.011,                               79634.203,                                   1.000,
8/12/2026 2:27:53 PM  ,    5098.000,                                  10.111,                                  12.568,                                  17.562,                                   0.007,                                   0.011,                               79568.711,                                   1.000,
8/12/2026 2:27:54 PM  ,    5099.002,                                  10.111,                                  12.564,                                  17.556,                                   0.007,                                   0.011,                               79595.430,                                   1.000,
8/12/2026 2:27:55 PM  ,    5100.000,                                  10.110,                                  12.575,                                  17.573,                                   0.007,                                   0.011,                               79520.781,                                   1.000,
8/12/2026 2:27:56 PM  ,    5101.000,                                  10.110,                                  12.558,                                  17.549,                                   0.007,                                   0.011,                               79632.039,                                   1.000,
8/12/2026 2:27:57 PM  ,    5102.000,                                  10.110,                                  12.570,                                  17.566,                                   0.007,                                   0.011,                               79552.773,                                   1.000,
8/12/2026 2:27:58 PM  ,    5103.000,                                  10.109,                                  12.568,                                  17.563,                                   0.007,                                   0.011,                               79566.352,                                   1.000,
8/12/2026 2:27:59 PM  ,    5104.000,                                  10.109,                                  12.567,                                  17.562,                                   0.007,                                   0.011,                               79572.766,                                   1.000,
8/12/2026 2:28:00 PM  ,    5105.000,                                  10.108,                                  12.560,                                  17.553,                                   0.007,                                   0.011,                               79614.672,                                   1.000,
8/12/2026 2:28:01 PM  ,    5106.000,                                  10.108,                                  12.568,                                  17.563,                                   0.007,                                   0.011,                               79570.109,                                   1.000,
8/12/2026 2:28:02 PM  ,    5107.000,                                  10.108,                                  12.573,                                  17.570,                                   0.007,                                   0.011,                               79537.938,                                   1.000,
8/12/2026 2:28:03 PM  ,    5108.000,                                  10.108,                                  12.562,                                  17.556,                                   0.007,                                   0.011,                               79603.219,                                   1.000,
8/12/2026 2:28:04 PM  ,    5109.000,                                  10.108,                                  12.575,                                  17.573,                                   0.007,                                   0.011,                               79524.031,                                   1.000,
8/12/2026 2:28:05 PM  ,    5110.000,                                  10.108,                                  12.563,                                  17.557,                                   0.007,                                   0.011,                               79597.070,                                   1.000,
8/12/2026 2:28:06 PM  ,    5111.000,                                  10.108,                                  12.564,                                  17.559,                                   0.007,                                   0.011,                               79590.211,                                   1.000,
8/12/2026 2:28:07 PM  ,    5112.000,                                  10.107,                                  12.570,                                  17.567,                                   0.007,                                   0.011,                               79555.047,                                   1.000,
8/12/2026 2:28:08 PM  ,    5113.000,                                  10.107,                                  12.569,                                  17.566,                                   0.007,                                   0.011,                               79561.633,                                   1.000,
8/12/2026 2:28:09 PM  ,    5114.000,                                  10.107,                                  12.565,                                  17.560,                                   0.007,                                   0.011,                               79584.617,                                   1.000,
8/12/2026 2:28:10 PM  ,    5115.000,                                  10.107,                                  12.566,                                  17.562,                                   0.007,                                   0.011,                               79577.148,                                   1.000,
8/12/2026 2:28:11 PM  ,    5116.000,                                  10.107,                                  12.570,                                  17.567,                                   0.007,                                   0.011,                               79555.508,                                   1.000,
8/12/2026 2:28:12 PM  ,    5117.000,                                  10.106,                                  12.569,                                  17.566,                                   0.007,                                   0.011,                               79560.336,                                   1.000,
8/12/2026 2:28:13 PM  ,    5118.000,                                  10.106,                                  12.585,                                  17.589,                                   0.007,                                   0.011,                               79459.141,                                   1.000,
8/12/2026 2:28:14 PM  ,    5119.000,                                  10.106,                                  12.597,                                  17.606,                                   0.007,                                   0.011,                               79382.719,                                   1.000,
8/12/2026 2:28:15 PM  ,    5120.000,                                  10.106,                                  12.535,                                  17.518,                                   0.007,                                   0.011,                               79777.305,                                   1.000,
8/12/2026 2:28:16 PM  ,    5121.000,                                  10.106,                                  12.551,                                  17.541,                                   0.007,                                   0.011,                               79673.844,                                   1.000,
8/12/2026 2:28:17 PM  ,    5122.000,                                  10.106,                                  12.535,                                  17.518,                                   0.007,                                   0.011,                               79779.445,                                   1.000,
8/12/2026 2:28:18 PM  ,    5123.000,                                  10.106,                                  12.595,                                  17.602,                                   0.007,                                   0.011,                               79399.391,                                   1.000,
8/12/2026 2:28:19 PM  ,    5124.000,                                  10.106,                                  12.575,                                  17.575,                                   0.007,                                   0.011,                               79520.406,                                   1.000,
8/12/2026 2:28:20 PM  ,    5125.000,                                  10.105,                                  12.565,                                  17.561,                                   0.007,                                   0.011,                               79585.789,                                   1.000,
8/12/2026 2:28:21 PM  ,    5126.000,                                  10.105,                                  12.580,                                  17.581,                                   0.007,                                   0.011,                               79494.219,                                   1.000,
8/12/2026 2:28:22 PM  ,    5127.000,                                  10.105,                                  12.570,                                  17.568,                                   0.007,                                   0.011,                               79554.664,                                   1.000,
8/12/2026 2:28:23 PM  ,    5128.000,                                  10.105,                                  12.618,                                  17.636,                                   0.007,                                   0.011,                               79249.430,                                   1.000,
8/12/2026 2:28:24 PM  ,    5129.000,                                  10.104,                                  12.550,                                  17.541,                                   0.007,                                   0.011,                               79678.711,                                   1.000,
8/12/2026 2:28:25 PM  ,    5130.000,                                  10.104,                                  12.568,                                  17.565,                                   0.007,                                   0.011,                               79568.195,                                   1.000,
8/12/2026 2:28:26 PM  ,    5131.000,                                  10.104,                                  12.577,                                  17.579,                                   0.007,                                   0.011,                               79507.141,                                   1.000,
8/12/2026 2:28:27 PM  ,    5132.000,                                  10.104,                                  12.548,                                  17.538,                                   0.007,                                   0.011,                               79694.109,                                   1.000,
8/12/2026 2:28:28 PM  ,    5133.000,                                  10.103,                                  12.592,                                  17.599,                                   0.007,                                   0.011,                               79418.063,                                   1.000,
8/12/2026 2:28:29 PM  ,    5134.000,                                  10.102,                                  12.573,                                  17.573,                                   0.007,                                   0.011,                               79538.000,                                   1.000,
8/12/2026 2:28:30 PM  ,    5135.000,                                  10.103,                                  12.552,                                  17.543,                                   0.007,                                   0.011,                               79671.227,                                   1.000,
8/12/2026 2:28:31 PM  ,    5136.000,                                  10.102,                                  12.550,                                  17.542,                                   0.007,                                   0.011,                               79680.133,                                   1.000,
8/12/2026 2:28:32 PM  ,    5137.000,                                  10.102,                                  12.575,                                  17.577,                                   0.007,                                   0.011,                               79519.945,                                   1.000,
8/12/2026 2:28:33 PM  ,    5138.000,                                  10.102,                                  12.528,                                  17.511,                                   0.007,                                   0.011,                               79821.531,                                   1.000,
8/12/2026 2:28:34 PM  ,    5139.000,                                  10.102,                                  12.573,                                  17.574,                                   0.007,                                   0.011,                               79536.008,                                   1.000,
8/12/2026 2:28:35 PM  ,    5140.000,                                  10.101,                                  12.547,                                  17.538,                                   0.007,                                   0.011,                               79698.773,                                   1.000,
8/12/2026 2:28:36 PM  ,    5141.000,                                  10.102,                                  12.547,                                  17.537,                                   0.007,                                   0.011,                               79702.789,                                   1.000,
8/12/2026 2:28:37 PM  ,    5142.000,                                  10.101,                                  12.542,                                  17.531,                                   0.007,                                   0.011,                               79732.469,                                   1.000,
8/12/2026 2:28:38 PM  ,    5143.000,                                  10.101,                                  12.560,                                  17.556,                                   0.007,                                   0.011,                               79615.266,                                   1.000,
8/12/2026 2:28:39 PM  ,    5144.000,                                  10.101,                                  12.903,                                  18.035,                                   0.007,                                   0.012,                               77504.039,                                   1.000,
8/12/2026 2:28:40 PM  ,    5145.000,                                  10.102,                                  12.556,                                  17.549,                                   0.007,                                   0.011,                               79646.211,                                   1.000,
8/12/2026 2:28:41 PM  ,    5146.000,                                  10.101,                                  12.559,                                  17.555,                                   0.007,                                   0.011,                               79622.508,                                   1.000,
8/12/2026 2:28:42 PM  ,    5147.000,                                  10.100,                                  12.550,                                  17.542,                                   0.007,                                   0.011,                               79681.859,                                   1.000,
8/12/2026 2:28:43 PM  ,    5148.000,                                  10.100,                                  12.542,                                  17.532,                                   0.007,                                   0.011,                               79729.000,                                   1.000,
8/12/2026 2:28:44 PM  ,    5149.000,                                  10.100,                                  12.543,                                  17.533,                                   0.007,                                   0.011,                               79725.523,                                   1.000,
8/12/2026 2:28:45 PM  ,    5150.000,                                  10.100,                                  12.551,                                  17.544,                                   0.007,                                   0.011,                               79673.781,                                   1.000,
8/12/2026 2:28:46 PM  ,    5151.000,                                  10.100,                                  12.545,                                  17.535,                                   0.007,                                   0.011,                               79713.859,                                   1.000,
8/12/2026 2:28:47 PM  ,    5152.000,                                  10.099,                                  12.549,                                  17.541,                                   0.007,                                   0.011,                               79688.313,                                   1.000,
8/12/2026 2:28:48 PM  ,    5153.000,                                  10.099,                                  12.537,                                  17.524,                                   0.007,                                   0.011,                               79764.516,                                   1.000,
8/12/2026 2:28:49 PM  ,    5154.000,                                  10.100,                                  12.540,                                  17.529,                                   0.007,                                   0.011,                               79742.109,                                   1.000,
8/12/2026 2:28:50 PM  ,    5155.000,                                  10.099,                                  12.543,                                  17.533,                                   0.007,                                   0.011,                               79723.859,                                   1.000,
8/12/2026 2:28:51 PM  ,    5156.000,                                  10.099,                                  12.547,                                  17.539,                                   0.007,                                   0.011,                               79698.109,                                   1.000,
8/12/2026 2:28:52 PM  ,    5157.000,                                  10.099,                                  12.549,                                  17.541,                                   0.007,                                   0.011,                               79689.688,                                   1.000,
8/12/2026 2:28:53 PM  ,    5158.000,                                  10.099,                                  12.549,                                  17.541,                                   0.007,                                   0.011,                               79689.336,                                   1.000,
8/12/2026 2:28:54 PM  ,    5159.000,                                  10.099,                                  12.678,                                  17.722,                                   0.007,                                   0.012,                               78877.625,                                   1.000,
8/12/2026 2:28:55 PM  ,    5160.000,                                  10.099,                                  12.532,                                  17.517,                                   0.007,                                   0.011,                               79798.547,                                   1.000,
8/12/2026 2:28:56 PM  ,    5161.000,                                  10.099,                                  12.719,                                  17.780,                                   0.007,                                   0.012,                               78619.789,                                   1.000,
8/12/2026 2:28:57 PM  ,    5162.000,                                  10.099,                                  12.538,                                  17.527,                                   0.007,                                   0.011,                               79754.531,                                   1.000,
8/12/2026 2:28:58 PM  ,    5163.000,                                  10.099,                                  12.542,                                  17.532,                                   0.007,                                   0.011,                               79733.617,                                   1.000,
8/12/2026 2:28:59 PM  ,    5164.000,                                  10.098,                                  12.541,                                  17.531,                                   0.007,                                   0.011,                               79737.570,                                   1.000,
8/12/2026 2:29:00 PM  ,    5165.000,                                  10.099,                                  12.538,                                  17.526,                                   0.007,                                   0.011,                               79758.719,                                   1.000,
8/12/2026 2:29:01 PM  ,    5166.000,                                  10.098,                                  12.537,                                  17.526,                                   0.007,                                   0.011,                               79762.047,                                   1.000,
8/12/2026 2:29:02 PM  ,    5167.000,                                  10.097,                                  12.539,                                  17.529,                                   0.007,                                   0.011,                               79748.469,                                   1.000,
8/12/2026 2:29:03 PM  ,    5168.000,                                  10.097,                                  12.541,                                  17.531,                                   0.007,                                   0.011,                               79736.773,                                   1.000,
8/12/2026 2:29:04 PM  ,    5169.000,                                  10.097,                                  12.542,                                  17.532,                                   0.007,                                   0.011,                               79733.180,                                   1.000,
8/12/2026 2:29:05 PM  ,    5170.000,                                  10.097,                                  12.533,                                  17.519,                                   0.007,                                   0.011,                               79791.156,                                   1.000,
8/12/2026 2:29:06 PM  ,    5171.000,                                  10.097,                                  12.539,                                  17.529,                                   0.007,                                   0.011,                               79748.367,                                   1.000,
8/12/2026 2:29:07 PM  ,    5172.000,                                  10.097,                                  12.541,                                  17.532,                                   0.007,                                   0.011,                               79736.750,                                   1.000,
8/12/2026 2:29:08 PM  ,    5173.000,                                  10.096,                                  12.534,                                  17.522,                                   0.007,                                   0.011,                               79782.500,                                   1.000,
8/12/2026 2:29:09 PM  ,    5174.000,                                  10.096,                                  12.540,                                  17.531,                                   0.007,                                   0.011,                               79743.031,                                   1.000,
8/12/2026 2:29:10 PM  ,    5175.000,                                  10.096,                                  12.536,                                  17.525,                                   0.007,                                   0.011,                               79767.266,                                   1.000,
8/12/2026 2:29:11 PM  ,    5176.000,                                  10.096,                                  12.533,                                  17.520,                                   0.007,                                   0.011,                               79791.898,                                   1.000,
8/12/2026 2:29:12 PM  ,    5177.000,                                  10.096,                                  12.538,                                  17.528,                                   0.007,                                   0.011,                               79756.063,                                   1.000,
8/12/2026 2:29:13 PM  ,    5178.000,                                  10.096,                                  12.538,                                  17.527,                                   0.007,                                   0.011,                               79759.000,                                   1.000,
8/12/2026 2:29:14 PM  ,    5179.000,                                  10.096,                                  12.535,                                  17.523,                                   0.007,                                   0.011,                               79777.813,                                   1.000,
8/12/2026 2:29:15 PM  ,    5180.000,                                  10.095,                                  12.545,                                  17.537,                                   0.007,                                   0.011,                               79715.805,                                   1.000,
8/12/2026 2:29:16 PM  ,    5181.000,                                  10.095,                                  12.537,                                  17.526,                                   0.007,                                   0.011,                               79764.711,                                   1.000,
8/12/2026 2:29:17 PM  ,    5182.000,                                  10.095,                                  12.534,                                  17.523,                                   0.007,                                   0.011,                               79779.828,                                   1.000,
8/12/2026 2:29:18 PM  ,    5183.000,                                  10.096,                                  12.549,                                  17.544,                                   0.007,                                   0.011,                               79684.867,                                   1.000,
8/12/2026 2:29:19 PM  ,    5184.000,                                  10.096,                                  12.541,                                  17.532,                                   0.007,                                   0.011,                               79736.633,                                   1.000,
8/12/2026 2:29:20 PM  ,    5185.000,                                  10.096,                                  12.537,                                  17.526,                                   0.007,                                   0.011,                               79764.219,                                   1.000,
8/12/2026 2:29:21 PM  ,    5186.000,                                  10.095,                                  12.534,                                  17.522,                                   0.007,                                   0.011,                               79784.867,                                   1.000,
8/12/2026 2:29:22 PM  ,    5187.000,                                  10.094,                                  12.529,                                  17.516,                                   0.007,                                   0.011,                               79812.164,                                   1.000,
8/12/2026 2:29:23 PM  ,    5188.000,                                  10.095,                                  12.543,                                  17.535,                                   0.007,                                   0.011,                               79726.117,                                   1.000,
8/12/2026 2:29:24 PM  ,    5189.000,                                  10.094,                                  12.541,                                  17.533,                                   0.007,                                   0.011,                               79736.328,                                   1.000,
8/12/2026 2:29:25 PM  ,    5190.000,                                  10.094,                                  12.533,                                  17.522,                                   0.007,                                   0.011,                               79788.242,                                   1.000,
8/12/2026 2:29:26 PM  ,    5191.000,                                  10.094,                                  12.538,                                  17.529,                                   0.007,                                   0.011,                               79757.242,                                   1.000,
8/12/2026 2:29:27 PM  ,    5192.000,                                  10.094,                                  12.534,                                  17.523,                                   0.007,                                   0.011,                               79783.211,                                   1.000,
8/12/2026 2:29:28 PM  ,    5193.000,                                  10.094,                                  12.534,                                  17.523,                                   0.007,                                   0.011,                               79784.820,                                   1.000,
8/12/2026 2:29:29 PM  ,    5194.000,                                  10.095,                                  12.535,                                  17.524,                                   0.007,                                   0.011,                               79775.070,                                   1.000,
8/12/2026 2:29:30 PM  ,    5195.000,                                  10.094,                                  12.537,                                  17.527,                                   0.007,                                   0.011,                               79764.984,                                   1.000,
8/12/2026 2:29:31 PM  ,    5196.000,                                  10.094,                                  12.544,                                  17.537,                                   0.007,                                   0.011,                               79716.594,                                   1.000,
8/12/2026 2:29:32 PM  ,    5197.000,                                  10.094,                                  12.543,                                  17.536,                                   0.007,                                   0.011,                               79723.797,                                   1.000,
8/12/2026 2:29:33 PM  ,    5198.000,                                  10.094,                                  12.536,                                  17.526,                                   0.007,                                   0.011,                               79767.914,                                   1.000,
8/12/2026 2:29:34 PM  ,    5199.000,                                  10.094,                                  12.539,                                  17.530,                                   0.007,                                   0.011,                               79749.094,                                   1.000,
8/12/2026 2:29:35 PM  ,    5200.000,                                  10.094,                                  12.531,                                  17.519,                                   0.007,                                   0.011,                               79801.844,                                   1.000,
8/12/2026 2:29:36 PM  ,    5201.000,                                  10.094,                                  12.530,                                  17.517,                                   0.007,                                   0.011,                               79807.938,                                   1.000,
8/12/2026 2:29:37 PM  ,    5202.000,                                  10.093,                                  12.539,                                  17.530,                                   0.007,                                   0.011,                               79750.648,                                   1.000,
8/12/2026 2:29:38 PM  ,    5203.000,                                  10.094,                                  12.531,                                  17.518,                                   0.007,                                   0.011,                               79804.477,                                   1.000,
8/12/2026 2:29:39 PM  ,    5204.000,                                  10.093,                                  12.538,                                  17.528,                                   0.007,                                   0.011,                               79759.914,                                   1.000,
8/12/2026 2:29:40 PM  ,    5205.000,                                  10.093,                                  12.542,                                  17.534,                                   0.007,                                   0.011,                               79732.906,                                   1.000,
8/12/2026 2:29:41 PM  ,    5206.000,                                  10.093,                                  12.527,                                  17.514,                                   0.007,                                   0.011,                               79824.875,                                   1.000,
8/12/2026 2:29:42 PM  ,    5207.000,                                  10.093,                                  12.535,                                  17.525,                                   0.007,                                   0.011,                               79774.047,                                   1.000,
8/12/2026 2:29:43 PM  ,    5208.000,                                  10.093,                                  12.532,                                  17.520,                                   0.007,                                   0.011,                               79797.125,                                   1.000,
8/12/2026 2:29:44 PM  ,    5209.000,                                  10.093,                                  12.543,                                  17.536,                                   0.007,                                   0.011,                               79726.813,                                   1.000,
8/12/2026 2:29:45 PM  ,    5210.000,                                  10.093,                                  12.530,                                  17.518,                                   0.007,                                   0.011,                               79809.125,                                   1.000,
8/12/2026 2:29:46 PM  ,    5211.000,                                  10.093,                                  12.526,                                  17.513,                                   0.007,                                   0.011,                               79831.547,                                   1.000,
8/12/2026 2:29:47 PM  ,    5212.000,                                  10.093,                                  12.533,                                  17.522,                                   0.007,                                   0.011,                               79788.508,                                   1.000,
8/12/2026 2:29:48 PM  ,    5213.000,                                  10.092,                                  12.527,                                  17.514,                                   0.007,                                   0.011,                               79825.414,                                   1.000,
8/12/2026 2:29:49 PM  ,    5214.000,                                  10.093,                                  12.532,                                  17.520,                                   0.007,                                   0.011,                               79798.547,                                   1.000,
8/12/2026 2:29:50 PM  ,    5215.000,                                  10.092,                                  12.529,                                  17.517,                                   0.007,                                   0.011,                               79814.922,                                   1.000,
8/12/2026 2:29:51 PM  ,    5216.000,                                  10.092,                                  12.528,                                  17.515,                                   0.007,                                   0.011,                               79823.805,                                   1.000,
8/12/2026 2:29:52 PM  ,    5217.000,                                  10.091,                                  12.545,                                  17.539,                                   0.007,                                   0.011,                               79716.195,                                   1.000,
8/12/2026 2:29:53 PM  ,    5218.000,                                  10.092,                                  12.525,                                  17.512,                                   0.007,                                   0.011,                               79838.469,                                   1.000,
8/12/2026 2:29:54 PM  ,    5219.000,                                  10.091,                                  12.534,                                  17.524,                                   0.007,                                   0.011,                               79784.766,                                   1.000,
8/12/2026 2:29:55 PM  ,    5220.000,                                  10.091,                                  12.532,                                  17.522,                                   0.007,                                   0.011,                               79794.930,                                   1.000,
8/12/2026 2:29:56 PM  ,    5221.000,                                  10.091,                                  12.526,                                  17.513,                                   0.007,                                   0.011,                               79833.250,                                   1.000,
8/12/2026 2:29:57 PM  ,    5222.000,                                  10.091,                                  12.535,                                  17.525,                                   0.007,                                   0.011,                               79777.695,                                   1.000,
8/12/2026 2:29:58 PM  ,    5223.000,                                  10.091,                                  12.523,                                  17.509,                                   0.007,                                   0.011,                               79854.023,                                   1.000,
8/12/2026 2:29:59 PM  ,    5224.000,                                  10.090,                                  12.528,                                  17.517,                                   0.007,                                   0.011,                               79819.258,                                   1.000,
8/12/2026 2:30:00 PM  ,    5225.000,                                  10.091,                                  12.535,                                  17.526,                                   0.007,                                   0.011,                               79774.555,                                   1.000,
8/12/2026 2:30:01 PM  ,    5226.000,                                  10.090,                                  12.532,                                  17.522,                                   0.007,                                   0.011,                               79796.508,                                   1.000,
8/12/2026 2:30:02 PM  ,    5227.000,                                  10.090,                                  12.522,                                  17.507,                                   0.007,                                   0.011,                               79862.063,                                   1.000,
8/12/2026 2:30:03 PM  ,    5228.000,                                  10.090,                                  12.533,                                  17.523,                                   0.007,                                   0.011,                               79790.180,                                   1.000,
8/12/2026 2:30:04 PM  ,    5229.000,                                  10.090,                                  12.530,                                  17.520,                                   0.007,                                   0.011,                               79806.008,                                   1.000,
8/12/2026 2:30:05 PM  ,    5230.000,                                  10.090,                                  12.529,                                  17.518,                                   0.007,                                   0.011,                               79811.945,                                   1.000,
8/12/2026 2:30:06 PM  ,    5231.000,                                  10.089,                                  12.529,                                  17.519,                                   0.007,                                   0.011,                               79811.695,                                   1.000,
8/12/2026 2:30:07 PM  ,    5232.000,                                  10.090,                                  12.530,                                  17.519,                                   0.007,                                   0.011,                               79809.414,                                   1.000,
8/12/2026 2:30:08 PM  ,    5233.000,                                  10.089,                                  12.527,                                  17.516,                                   0.007,                                   0.011,                               79824.906,                                   1.000,
8/12/2026 2:30:09 PM  ,    5234.000,                                  10.089,                                  12.527,                                  17.516,                                   0.007,                                   0.011,                               79826.898,                                   1.000,
8/12/2026 2:30:10 PM  ,    5235.000,                                  10.088,                                  12.529,                                  17.519,                                   0.007,                                   0.011,                               79813.453,                                   1.000,
8/12/2026 2:30:11 PM  ,    5236.000,                                  10.089,                                  12.534,                                  17.525,                                   0.007,                                   0.011,                               79783.344,                                   1.000,
8/12/2026 2:30:12 PM  ,    5237.000,                                  10.088,                                  12.528,                                  17.516,                                   0.007,                                   0.011,                               79824.180,                                   1.000,
8/12/2026 2:30:13 PM  ,    5238.000,                                  10.089,                                  12.523,                                  17.510,                                   0.007,                                   0.011,                               79851.227,                                   1.000,
8/12/2026 2:30:14 PM  ,    5239.000,                                  10.088,                                  12.526,                                  17.514,                                   0.007,                                   0.011,                               79837.078,                                   1.000,
8/12/2026 2:30:15 PM  ,    5240.000,                                  10.088,                                  12.520,                                  17.505,                                   0.007,                                   0.011,                               79874.797,                                   1.000,
8/12/2026 2:30:16 PM  ,    5241.000,                                  10.089,                                  12.534,                                  17.526,                                   0.007,                                   0.011,                               79779.992,                                   1.000,
8/12/2026 2:30:17 PM  ,    5242.000,                                  10.088,                                  12.530,                                  17.520,                                   0.007,                                   0.011,                               79808.672,                                   1.000,
8/12/2026 2:30:18 PM  ,    5243.000,                                  10.089,                                  12.534,                                  17.525,                                   0.007,                                   0.011,                               79785.180,                                   1.000,
8/12/2026 2:30:19 PM  ,    5244.000,                                  10.089,                                  12.532,                                  17.522,                                   0.007,                                   0.011,                               79795.828,                                   1.000,
8/12/2026 2:30:20 PM  ,    5245.000,                                  10.088,                                  12.522,                                  17.509,                                   0.007,                                   0.011,                               79858.273,                                   1.000,
8/12/2026 2:30:21 PM  ,    5246.000,                                  10.089,                                  12.535,                                  17.527,                                   0.007,                                   0.011,                               79776.125,                                   1.000,
8/12/2026 2:30:22 PM  ,    5247.000,                                  10.089,                                  12.525,                                  17.513,                                   0.007,                                   0.011,                               79840.477,                                   1.000,
8/12/2026 2:30:23 PM  ,    5248.000,                                  10.089,                                  12.526,                                  17.514,                                   0.007,                                   0.011,                               79835.773,                                   1.000,
8/12/2026 2:30:24 PM  ,    5249.000,                                  10.089,                                  12.529,                                  17.519,                                   0.007,                                   0.011,                               79811.945,                                   1.000,
8/12/2026 2:30:25 PM  ,    5250.000,                                  10.089,                                  12.521,                                  17.508,                                   0.007,                                   0.011,                               79863.438,                                   1.000,
8/12/2026 2:30:26 PM  ,    5251.000,                                  10.089,                                  12.537,                                  17.529,                                   0.007,                                   0.011,                               79765.742,                                   1.000,
8/12/2026 2:30:27 PM  ,    5252.000,                                  10.089,                                  12.526,                                  17.514,                                   0.007,                                   0.011,                               79833.547,                                   1.000,
8/12/2026 2:30:28 PM  ,    5253.000,                                  10.089,                                  12.524,                                  17.512,                                   0.007,                                   0.011,                               79844.531,                                   1.000,
8/12/2026 2:30:29 PM  ,    5254.000,                                  10.089,                                  12.538,                                  17.530,                                   0.007,                                   0.011,                               79758.719,                                   1.000,
8/12/2026 2:30:30 PM  ,    5255.000,                                  10.090,                                  12.531,                                  17.521,                                   0.007,                                   0.011,                               79799.750,                                   1.000,
8/12/2026 2:30:31 PM  ,    5256.000,                                  10.089,                                  12.526,                                  17.513,                                   0.007,                                   0.011,                               79836.375,                                   1.000,
8/12/2026 2:30:32 PM  ,    5257.000,                                  10.089,                                  12.527,                                  17.516,                                   0.007,                                   0.011,                               79825.531,                                   1.000,
8/12/2026 2:30:33 PM  ,    5258.000,                                  10.089,                                  12.530,                                  17.519,                                   0.007,                                   0.011,                               79810.875,                                   1.000,
8/12/2026 2:30:34 PM  ,    5259.000,                                  10.088,                                  12.523,                                  17.511,                                   0.007,                                   0.011,                               79850.391,                                   1.000,
8/12/2026 2:30:35 PM  ,    5260.000,                                  10.089,                                  12.524,                                  17.511,                                   0.007,                                   0.011,                               79849.391,                                   1.000,
8/12/2026 2:30:36 PM  ,    5261.000,                                  10.089,                                  12.528,                                  17.517,                                   0.007,                                   0.011,                               79820.828,                                   1.000,
8/12/2026 2:30:37 PM  ,    5262.000,                                  10.089,                                  12.529,                                  17.517,                                   0.007,                                   0.011,                               79817.750,                                   1.000,
8/12/2026 2:30:38 PM  ,    5263.000,                                  10.089,                                  12.531,                                  17.522,                                   0.007,                                   0.011,                               79799.109,                                   1.000,
8/12/2026 2:30:39 PM  ,    5264.000,                                  10.088,                                  12.532,                                  17.522,                                   0.007,                                   0.011,                               79798.828,                                   1.000,
8/12/2026 2:30:40 PM  ,    5265.000,                                  10.088,                                  12.528,                                  17.517,                                   0.007,                                   0.011,                               79820.805,                                   1.000,
8/12/2026 2:30:41 PM  ,    5266.000,                                  10.088,                                  12.523,                                  17.510,                                   0.007,                                   0.011,                               79854.531,                                   1.000,
8/12/2026 2:30:42 PM  ,    5267.000,                                  10.089,                                  12.532,                                  17.522,                                   0.007,                                   0.011,                               79797.922,                                   1.000,
8/12/2026 2:30:43 PM  ,    5268.000,                                  10.088,                                  12.522,                                  17.509,                                   0.007,                                   0.011,                               79859.133,                                   1.000,
8/12/2026 2:30:44 PM  ,    5269.000,                                  10.088,                                  12.522,                                  17.509,                                   0.007,                                   0.011,                               79857.211,                                   1.000,
8/12/2026 2:30:45 PM  ,    5270.000,                                  10.088,                                  12.522,                                  17.508,                                   0.007,                                   0.011,                               79862.063,                                   1.000,
8/12/2026 2:30:46 PM  ,    5271.000,                                  10.089,                                  12.525,                                  17.513,                                   0.007,                                   0.011,                               79840.563,                                   1.000,
8/12/2026 2:30:47 PM  ,    5272.000,                                  10.089,                                  12.526,                                  17.515,                                   0.007,                                   0.011,                               79831.250,                                   1.000,
8/12/2026 2:30:48 PM  ,    5273.000,                                  10.089,                                  12.525,                                  17.513,                                   0.007,                                   0.011,                               79837.359,                                   1.000,
8/12/2026 2:30:49 PM  ,    5274.000,                                  10.089,                                  12.529,                                  17.519,                                   0.007,                                   0.011,                               79812.445,                                   1.000,
8/12/2026 2:30:50 PM  ,    5275.000,                                  10.089,                                  12.529,                                  17.519,                                   0.007,                                   0.011,                               79812.820,                                   1.000,
8/12/2026 2:30:51 PM  ,    5276.000,                                  10.089,                                  12.524,                                  17.512,                                   0.007,                                   0.011,                               79844.281,                                   1.000,
8/12/2026 2:30:52 PM  ,    5277.000,                                  10.089,                                  12.536,                                  17.528,                                   0.007,                                   0.011,                               79769.367,                                   1.000,
8/12/2026 2:30:53 PM  ,    5278.000,                                  10.090,                                  12.524,                                  17.511,                                   0.007,                                   0.011,                               79843.922,                                   1.000,
8/12/2026 2:30:54 PM  ,    5279.000,                                  10.089,                                  12.522,                                  17.509,                                   0.007,                                   0.011,                               79856.656,                                   1.000,
8/12/2026 2:30:55 PM  ,    5280.000,                                  10.089,                                  12.534,                                  17.525,                                   0.007,                                   0.011,                               79785.422,                                   1.000,
8/12/2026 2:30:56 PM  ,    5281.000,                                  10.089,                                  12.529,                                  17.517,                                   0.007,                                   0.011,                               79817.352,                                   1.000,
8/12/2026 2:30:57 PM  ,    5282.000,                                  10.089,                                  12.523,                                  17.511,                                   0.007,                                   0.011,                               79849.961,                                   1.000,
8/12/2026 2:30:58 PM  ,    5283.000,                                  10.089,                                  12.518,                                  17.504,                                   0.007,                                   0.011,                               79881.906,                                   1.000,
8/12/2026 2:30:59 PM  ,    5284.000,                                  10.089,                                  12.531,                                  17.521,                                   0.007,                                   0.011,                               79801.734,                                   1.000,
8/12/2026 2:31:00 PM  ,    5285.000,                                  10.089,                                  12.528,                                  17.517,                                   0.007,                                   0.011,                               79821.352,                                   1.000,
8/12/2026 2:31:01 PM  ,    5286.000,                                  10.089,                                  12.527,                                  17.516,                                   0.007,                                   0.011,                               79825.188,                                   1.000,
8/12/2026 2:31:02 PM  ,    5287.000,                                  10.089,                                  12.534,                                  17.525,                                   0.007,                                   0.011,                               79782.195,                                   1.000,
8/12/2026 2:31:03 PM  ,    5288.000,                                  10.089,                                  12.535,                                  17.526,                                   0.007,                                   0.011,                               79779.797,                                   1.000,
8/12/2026 2:31:04 PM  ,    5289.000,                                  10.089,                                  12.534,                                  17.525,                                   0.007,                                   0.011,                               79782.563,                                   1.000,
8/12/2026 2:31:05 PM  ,    5290.000,                                  10.089,                                  12.532,                                  17.522,                                   0.007,                                   0.011,                               79796.281,                                   1.000,
8/12/2026 2:31:06 PM  ,    5291.000,                                  10.089,                                  12.528,                                  17.516,                                   0.007,                                   0.011,                               79822.805,                                   1.000,
8/12/2026 2:31:07 PM  ,    5292.000,                                  10.089,                                  12.522,                                  17.509,                                   0.007,                                   0.011,                               79857.102,                                   1.000,
8/12/2026 2:31:08 PM  ,    5293.000,                                  10.089,                                  12.529,                                  17.518,                                   0.007,                                   0.011,                               79817.328,                                   1.000,
8/12/2026 2:31:09 PM  ,    5294.000,                                  10.089,                                  12.525,                                  17.513,                                   0.007,                                   0.011,                               79837.883,                                   1.000,
8/12/2026 2:31:10 PM  ,    5295.000,                                  10.089,                                  12.515,                                  17.499,                                   0.007,                                   0.011,                               79903.156,                                   1.000,
8/12/2026 2:31:11 PM  ,    5296.000,                                  10.088,                                  12.524,                                  17.511,                                   0.007,                                   0.011,                               79848.008,                                   1.000,
8/12/2026 2:31:12 PM  ,    5297.000,                                  10.088,                                  12.527,                                  17.516,                                   0.007,                                   0.011,                               79827.523,                                   1.000,
8/12/2026 2:31:13 PM  ,    5298.000,                                  10.088,                                  12.521,                                  17.508,                                   0.007,                                   0.011,                               79863.813,                                   1.000,
8/12/2026 2:31:14 PM  ,    5299.000,                                  10.088,                                  12.526,                                  17.514,                                   0.007,                                   0.011,                               79836.852,                                   1.000,
8/12/2026 2:31:15 PM  ,    5300.000,                                  10.087,                                  12.526,                                  17.515,                                   0.007,                                   0.011,                               79834.977,                                   1.000,
8/12/2026 2:31:16 PM  ,    5301.000,                                  10.087,                                  12.535,                                  17.527,                                   0.007,                                   0.011,                               79778.758,                                   1.000,
8/12/2026 2:31:17 PM  ,    5302.000,                                  10.087,                                  12.520,                                  17.507,                                   0.007,                                   0.011,                               79869.109,                                   1.000,
8/12/2026 2:31:18 PM  ,    5303.000,                                  10.087,                                  12.521,                                  17.508,                                   0.007,                                   0.011,                               79865.914,                                   1.000,
8/12/2026 2:31:19 PM  ,    5304.000,                                  10.086,                                  12.527,                                  17.517,                                   0.007,                                   0.011,                               79827.703,                                   1.000,
8/12/2026 2:31:20 PM  ,    5305.000,                                  10.086,                                  12.529,                                  17.520,                                   0.007,                                   0.011,                               79812.820,                                   1.000,
8/12/2026 2:31:21 PM  ,    5306.000,                                  10.086,                                  12.526,                                  17.516,                                   0.007,                                   0.011,                               79832.109,                                   1.000,
8/12/2026 2:31:22 PM  ,    5307.000,                                  10.086,                                  12.518,                                  17.504,                                   0.007,                                   0.011,                               79883.297,                                   1.000,
8/12/2026 2:31:23 PM  ,    5308.000,                                  10.086,                                  12.514,                                  17.499,                                   0.007,                                   0.011,                               79909.172,                                   1.000,
8/12/2026 2:31:24 PM  ,    5309.000,                                  10.086,                                  12.518,                                  17.504,                                   0.007,                                   0.011,                               79886.508,                                   1.000,
8/12/2026 2:31:25 PM  ,    5310.000,                                  10.086,                                  12.518,                                  17.504,                                   0.007,                                   0.011,                               79887.281,                                   1.000,
8/12/2026 2:31:26 PM  ,    5311.000,                                  10.086,                                  12.516,                                  17.502,                                   0.007,                                   0.011,                               79895.063,                                   1.000,
8/12/2026 2:31:27 PM  ,    5312.000,                                  10.085,                                  12.519,                                  17.506,                                   0.007,                                   0.011,                               79878.977,                                   1.000,
8/12/2026 2:31:28 PM  ,    5313.000,                                  10.085,                                  12.528,                                  17.519,                                   0.007,                                   0.011,                               79822.781,                                   1.000,
8/12/2026 2:31:29 PM  ,    5314.000,                                  10.084,                                  12.522,                                  17.510,                                   0.007,                                   0.011,                               79860.883,                                   1.000,
8/12/2026 2:31:30 PM  ,    5315.000,                                  10.084,                                  12.523,                                  17.512,                                   0.007,                                   0.011,                               79853.422,                                   1.000,
8/12/2026 2:31:31 PM  ,    5316.000,                                  10.084,                                  12.514,                                  17.499,                                   0.007,                                   0.011,                               79909.727,                                   1.000,
8/12/2026 2:31:32 PM  ,    5317.000,                                  10.084,                                  12.526,                                  17.516,                                   0.007,                                   0.011,                               79836.859,                                   1.000,
8/12/2026 2:31:33 PM  ,    5318.000,                                  10.083,                                  12.520,                                  17.509,                                   0.007,                                   0.011,                               79869.508,                                   1.000,
8/12/2026 2:31:34 PM  ,    5319.000,                                  10.083,                                  12.516,                                  17.502,                                   0.007,                                   0.011,                               79900.133,                                   1.000,
8/12/2026 2:31:35 PM  ,    5320.000,                                  10.083,                                  12.518,                                  17.505,                                   0.007,                                   0.011,                               79885.945,                                   1.000,
8/12/2026 2:31:36 PM  ,    5321.000,                                  10.084,                                  12.522,                                  17.511,                                   0.007,                                   0.011,                               79858.203,                                   1.000,
8/12/2026 2:31:37 PM  ,    5322.000,                                  10.083,                                  12.521,                                  17.510,                                   0.007,                                   0.011,                               79865.367,                                   1.000,
8/12/2026 2:31:38 PM  ,    5323.000,                                  10.083,                                  12.518,                                  17.505,                                   0.007,                                   0.011,                               79887.383,                                   1.000,
8/12/2026 2:31:39 PM  ,    5324.000,                                  10.083,                                  12.509,                                  17.492,                                   0.007,                                   0.011,                               79945.125,                                   1.000,
8/12/2026 2:31:40 PM  ,    5325.000,                                  10.083,                                  12.520,                                  17.509,                                   0.007,                                   0.011,                               79871.242,                                   1.000,
8/12/2026 2:31:41 PM  ,    5326.000,                                  10.083,                                  12.513,                                  17.499,                                   0.007,                                   0.011,                               79916.758,                                   1.000,
8/12/2026 2:31:42 PM  ,    5327.000,                                  10.083,                                  12.521,                                  17.509,                                   0.007,                                   0.011,                               79868.938,                                   1.000,
8/12/2026 2:31:43 PM  ,    5328.000,                                  10.083,                                  12.509,                                  17.494,                                   0.007,                                   0.011,                               79939.258,                                   1.000,
8/12/2026 2:31:44 PM  ,    5329.000,                                  10.083,                                  12.512,                                  17.498,                                   0.007,                                   0.011,                               79921.078,                                   1.000,
8/12/2026 2:31:45 PM  ,    5330.000,                                  10.082,                                  12.513,                                  17.500,                                   0.007,                                   0.011,                               79914.219,                                   1.000,
8/12/2026 2:31:46 PM  ,    5331.000,                                  10.082,                                  12.503,                                  17.486,                                   0.007,                                   0.011,                               79978.555,                                   1.000,
8/12/2026 2:31:47 PM  ,    5332.000,                                  10.082,                                  12.522,                                  17.512,                                   0.007,                                   0.011,                               79858.336,                                   1.000,
8/12/2026 2:31:48 PM  ,    5333.000,                                  10.082,                                  12.513,                                  17.499,                                   0.007,                                   0.011,                               79916.352,                                   1.000,
8/12/2026 2:31:49 PM  ,    5334.000,                                  10.081,                                  12.510,                                  17.495,                                   0.007,                                   0.011,                               79936.305,                                   1.000,
8/12/2026 2:31:50 PM  ,    5335.000,                                  10.082,                                  12.511,                                  17.496,                                   0.007,                                   0.011,                               79929.141,                                   1.000,
8/12/2026 2:31:51 PM  ,    5336.000,                                  10.082,                                  12.507,                                  17.491,                                   0.007,                                   0.011,                               79956.047,                                   1.000,
8/12/2026 2:31:52 PM  ,    5337.000,                                  10.082,                                  12.512,                                  17.497,                                   0.007,                                   0.011,                               79925.547,                                   1.000,
8/12/2026 2:31:53 PM  ,    5338.000,                                  10.082,                                  12.511,                                  17.496,                                   0.007,                                   0.011,                               79928.211,                                   1.000,
8/12/2026 2:31:54 PM  ,    5339.000,                                  10.082,                                  12.513,                                  17.499,                                   0.007,                                   0.011,                               79919.367,                                   1.000,
8/12/2026 2:31:55 PM  ,    5340.000,                                  10.082,                                  12.505,                                  17.488,                                   0.007,                                   0.011,                               79967.555,                                   1.000,
8/12/2026 2:31:56 PM  ,    5341.000,                                  10.082,                                  12.506,                                  17.490,                                   0.007,                                   0.011,                               79958.648,                                   1.000,
8/12/2026 2:31:57 PM  ,    5342.000,                                  10.082,                                  12.504,                                  17.486,                                   0.007,                                   0.011,                               79976.609,                                   1.000,
8/12/2026 2:31:58 PM  ,    5343.000,                                  10.082,                                  12.512,                                  17.498,                                   0.007,                                   0.011,                               79923.836,                                   1.000,
8/12/2026 2:31:59 PM  ,    5344.000,                                  10.082,                                  12.502,                                  17.484,                                   0.007,                                   0.011,                               79985.289,                                   1.000,
8/12/2026 2:32:00 PM  ,    5345.000,                                  10.082,                                  12.504,                                  17.487,                                   0.007,                                   0.011,                               79971.391,                                   1.000,
8/12/2026 2:32:01 PM  ,    5346.000,                                  10.082,                                  12.520,                                  17.509,                                   0.007,                                   0.011,                               79872.875,                                   1.000,
8/12/2026 2:32:02 PM  ,    5347.000,                                  10.081,                                  12.509,                                  17.494,                                   0.007,                                   0.011,                               79943.031,                                   1.000,
8/12/2026 2:32:03 PM  ,    5348.000,                                  10.081,                                  12.508,                                  17.493,                                   0.007,                                   0.011,                               79946.094,                                   1.000,
8/12/2026 2:32:04 PM  ,    5349.000,                                  10.081,                                  12.511,                                  17.496,                                   0.007,                                   0.011,                               79932.852,                                   1.000,
8/12/2026 2:32:05 PM  ,    5350.000,                                  10.081,                                  12.513,                                  17.500,                                   0.007,                                   0.011,                               79915.602,                                   1.000,
8/12/2026 2:32:06 PM  ,    5351.000,                                  10.081,                                  12.512,                                  17.498,                                   0.007,                                   0.011,                               79922.148,                                   1.000,
8/12/2026 2:32:07 PM  ,    5352.000,                                  10.081,                                  12.514,                                  17.501,                                   0.007,                                   0.011,                               79911.508,                                   1.000,
8/12/2026 2:32:08 PM  ,    5353.000,                                  10.080,                                  12.505,                                  17.489,                                   0.007,                                   0.011,                               79968.031,                                   1.000,
8/12/2026 2:32:09 PM  ,    5354.000,                                  10.081,                                  12.520,                                  17.509,                                   0.007,                                   0.011,                               79873.484,                                   1.000,
8/12/2026 2:32:10 PM  ,    5355.001,                                  10.081,                                  12.515,                                  17.502,                                   0.007,                                   0.011,                               79904.664,                                   1.000,
8/12/2026 2:32:11 PM  ,    5356.000,                                  10.081,                                  12.518,                                  17.507,                                   0.007,                                   0.011,                               79882.891,                                   1.000,
8/12/2026 2:32:12 PM  ,    5357.000,                                  10.081,                                  12.512,                                  17.499,                                   0.007,                                   0.011,                               79920.352,                                   1.000,
8/12/2026 2:32:13 PM  ,    5358.000,                                  10.081,                                  12.506,                                  17.490,                                   0.007,                                   0.011,                               79960.914,                                   1.000,
8/12/2026 2:32:14 PM  ,    5359.000,                                  10.080,                                  12.514,                                  17.501,                                   0.007,                                   0.011,                               79911.672,                                   1.000,
8/12/2026 2:32:15 PM  ,    5360.000,                                  10.080,                                  12.506,                                  17.490,                                   0.007,                                   0.011,                               79962.555,                                   1.000,
8/12/2026 2:32:16 PM  ,    5361.000,                                  10.081,                                  12.511,                                  17.497,                                   0.007,                                   0.011,                               79930.383,                                   1.000,
8/12/2026 2:32:17 PM  ,    5362.000,                                  10.080,                                  12.517,                                  17.505,                                   0.007,                                   0.011,                               79893.188,                                   1.000,
8/12/2026 2:32:18 PM  ,    5363.000,                                  10.080,                                  12.517,                                  17.506,                                   0.007,                                   0.011,                               79888.867,                                   1.000,
8/12/2026 2:32:19 PM  ,    5364.000,                                  10.080,                                  12.505,                                  17.489,                                   0.007,                                   0.011,                               79968.086,                                   1.000,
8/12/2026 2:32:20 PM  ,    5365.000,                                  10.080,                                  12.506,                                  17.490,                                   0.007,                                   0.011,                               79961.195,                                   1.000,
8/12/2026 2:32:21 PM  ,    5366.000,                                  10.080,                                  12.513,                                  17.500,                                   0.007,                                   0.011,                               79915.273,                                   1.000,
8/12/2026 2:32:22 PM  ,    5367.000,                                  10.079,                                  12.507,                                  17.491,                                   0.007,                                   0.011,                               79958.266,                                   1.000,
8/12/2026 2:32:23 PM  ,    5368.000,                                  10.079,                                  12.503,                                  17.486,                                   0.007,                                   0.011,                               79983.234,                                   1.000,
8/12/2026 2:32:24 PM  ,    5369.000,                                  10.078,                                  12.506,                                  17.490,                                   0.007,                                   0.011,                               79964.758,                                   1.000,
8/12/2026 2:32:25 PM  ,    5370.000,                                  10.079,                                  12.501,                                  17.484,                                   0.007,                                   0.011,                               79994.156,                                   1.000,
8/12/2026 2:32:26 PM  ,    5371.000,                                  10.079,                                  12.505,                                  17.489,                                   0.007,                                   0.011,                               79968.438,                                   1.000,
8/12/2026 2:32:27 PM  ,    5372.000,                                  10.079,                                  12.503,                                  17.486,                                   0.007,                                   0.011,                               79982.211,                                   1.000,
8/12/2026 2:32:28 PM  ,    5373.000,                                  10.079,                                  12.506,                                  17.490,                                   0.007,                                   0.011,                               79963.234,                                   1.000,
8/12/2026 2:32:29 PM  ,    5374.000,                                  10.078,                                  12.505,                                  17.490,                                   0.007,                                   0.011,                               79967.320,                                   1.000,
8/12/2026 2:32:30 PM  ,    5375.000,                                  10.078,                                  12.510,                                  17.496,                                   0.007,                                   0.011,                               79938.844,                                   1.000,
8/12/2026 2:32:31 PM  ,    5376.000,                                  10.078,                                  12.499,                                  17.481,                                   0.007,                                   0.011,                               80006.625,                                   1.000,
8/12/2026 2:32:32 PM  ,    5377.000,                                  10.078,                                  12.500,                                  17.482,                                   0.007,                                   0.011,                               80000.516,                                   1.000,
8/12/2026 2:32:33 PM  ,    5378.000,                                  10.079,                                  12.497,                                  17.478,                                   0.007,                                   0.011,                               80018.727,                                   1.000,
8/12/2026 2:32:34 PM  ,    5379.000,                                  10.079,                                  12.504,                                  17.488,                                   0.007,                                   0.011,                               79977.016,                                   1.000,
8/12/2026 2:32:35 PM  ,    5380.000,                                  10.078,                                  12.517,                                  17.506,                                   0.007,                                   0.011,                               79893.477,                                   1.000,
8/12/2026 2:32:36 PM  ,    5381.000,                                  10.078,                                  12.505,                                  17.490,                                   0.007,                                   0.011,                               79968.211,                                   1.000,
8/12/2026 2:32:37 PM  ,    5382.000,                                  10.078,                                  12.497,                                  17.479,                                   0.007,                                   0.011,                               80018.898,                                   1.000,
8/12/2026 2:32:38 PM  ,    5383.000,                                  10.077,                                  12.515,                                  17.504,                                   0.007,                                   0.011,                               79903.906,                                   1.000,
8/12/2026 2:32:39 PM  ,    5384.000,                                  10.078,                                  12.498,                                  17.480,                                   0.007,                                   0.011,                               80012.688,                                   1.000,
8/12/2026 2:32:40 PM  ,    5385.000,                                  10.078,                                  12.505,                                  17.490,                                   0.007,                                   0.011,                               79966.383,                                   1.000,
8/12/2026 2:32:41 PM  ,    5386.000,                                  10.078,                                  12.500,                                  17.483,                                   0.007,                                   0.011,                               79998.250,                                   1.000,
8/12/2026 2:32:42 PM  ,    5387.000,                                  10.077,                                  12.501,                                  17.484,                                   0.007,                                   0.011,                               79993.242,                                   1.000,
8/12/2026 2:32:43 PM  ,    5388.000,                                  10.078,                                  12.506,                                  17.491,                                   0.007,                                   0.011,                               79964.523,                                   1.000,
8/12/2026 2:32:44 PM  ,    5389.000,                                  10.077,                                  12.491,                                  17.470,                                   0.007,                                   0.011,                               80059.063,                                   1.000,
8/12/2026 2:32:45 PM  ,    5390.000,                                  10.077,                                  12.509,                                  17.496,                                   0.007,                                   0.011,                               79941.742,                                   1.000,
8/12/2026 2:32:46 PM  ,    5391.000,                                  10.077,                                  12.507,                                  17.493,                                   0.007,                                   0.011,                               79955.570,                                   1.000,
8/12/2026 2:32:47 PM  ,    5392.000,                                  10.077,                                  12.504,                                  17.489,                                   0.007,                                   0.011,                               79976.031,                                   1.000,
8/12/2026 2:32:48 PM  ,    5393.000,                                  10.077,                                  12.499,                                  17.482,                                   0.007,                                   0.011,                               80005.680,                                   1.000,
8/12/2026 2:32:49 PM  ,    5394.000,                                  10.077,                                  12.502,                                  17.486,                                   0.007,                                   0.011,                               79988.250,                                   1.000,
8/12/2026 2:32:50 PM  ,    5395.000,                                  10.077,                                  12.500,                                  17.484,                                   0.007,                                   0.011,                               79997.891,                                   1.000,
8/12/2026 2:32:51 PM  ,    5396.000,                                  10.077,                                  12.502,                                  17.486,                                   0.007,                                   0.011,                               79986.320,                                   1.000,
8/12/2026 2:32:52 PM  ,    5397.000,                                  10.077,                                  12.506,                                  17.493,                                   0.007,                                   0.011,                               79958.563,                                   1.000,
8/12/2026 2:32:53 PM  ,    5398.000,                                  10.076,                                  12.500,                                  17.484,                                   0.007,                                   0.011,                               79996.945,                                   1.000,
8/12/2026 2:32:54 PM  ,    5399.000,                                  10.076,                                  12.497,                                  17.480,                                   0.007,                                   0.011,                               80017.234,                                   1.000,
8/12/2026 2:32:55 PM  ,    5400.000,                                  10.076,                                  12.498,                                  17.480,                                   0.007,                                   0.011,                               80015.109,                                   1.000,
8/12/2026 2:32:56 PM  ,    5401.000,                                  10.075,                                  12.498,                                  17.481,                                   0.007,                                   0.011,                               80013.867,                                   1.000,
8/12/2026 2:32:57 PM  ,    5402.000,                                  10.075,                                  12.510,                                  17.498,                                   0.007,                                   0.011,                               79936.859,                                   1.000,
8/12/2026 2:32:58 PM  ,    5403.000,                                  10.075,                                  12.491,                                  17.472,                                   0.007,                                   0.011,                               80055.164,                                   1.000,
8/12/2026 2:32:59 PM  ,    5404.000,                                  10.074,                                  12.506,                                  17.493,                                   0.007,                                   0.011,                               79959.023,                                   1.000,
8/12/2026 2:33:00 PM  ,    5405.000,                                  10.074,                                  12.498,                                  17.482,                                   0.007,                                   0.011,                               80010.688,                                   1.000,
8/12/2026 2:33:01 PM  ,    5406.000,                                  10.075,                                  12.497,                                  17.480,                                   0.007,                                   0.011,                               80017.664,                                   1.000,
8/12/2026 2:33:02 PM  ,    5407.000,                                  10.075,                                  12.495,                                  17.477,                                   0.007,                                   0.011,                               80033.602,                                   1.000,
8/12/2026 2:33:03 PM  ,    5408.000,                                  10.074,                                  12.498,                                  17.482,                                   0.007,                                   0.011,                               80012.969,                                   1.000,
8/12/2026 2:33:04 PM  ,    5409.000,                                  10.074,                                  12.504,                                  17.490,                                   0.007,                                   0.011,                               79977.445,                                   1.000,
8/12/2026 2:33:05 PM  ,    5410.000,                                  10.073,                                  12.503,                                  17.490,                                   0.007,                                   0.011,                               79977.969,                                   1.000,
8/12/2026 2:33:06 PM  ,    5411.000,                                  10.073,                                  12.501,                                  17.486,                                   0.007,                                   0.011,                               79995.383,                                   1.000,
8/12/2026 2:33:07 PM  ,    5412.000,                                  10.073,                                  12.493,                                  17.476,                                   0.007,                                   0.011,                               80041.633,                                   1.000,
8/12/2026 2:33:08 PM  ,    5413.000,                                  10.072,                                  12.501,                                  17.487,                                   0.007,                                   0.011,                               79992.688,                                   1.000,
8/12/2026 2:33:09 PM  ,    5414.000,                                  10.072,                                  12.493,                                  17.476,                                   0.007,                                   0.011,                               80043.406,                                   1.000,
8/12/2026 2:33:10 PM  ,    5415.000,                                  10.072,                                  12.503,                                  17.489,                                   0.007,                                   0.011,                               79983.063,                                   1.000,
8/12/2026 2:33:11 PM  ,    5416.000,                                  10.072,                                  12.513,                                  17.504,                                   0.007,                                   0.011,                               79918.281,                                   1.000,
8/12/2026 2:33:12 PM  ,    5417.000,                                  10.072,                                  12.489,                                  17.470,                                   0.007,                                   0.011,                               80070.719,                                   1.000,
8/12/2026 2:33:13 PM  ,    5418.000,                                  10.071,                                  12.492,                                  17.475,                                   0.007,                                   0.011,                               80052.148,                                   1.000,
8/12/2026 2:33:14 PM  ,    5419.000,                                  10.072,                                  12.497,                                  17.482,                                   0.007,                                   0.011,                               80017.055,                                   1.000,
8/12/2026 2:33:15 PM  ,    5420.000,                                  10.071,                                  12.497,                                  17.481,                                   0.007,                                   0.011,                               80021.203,                                   1.000,
8/12/2026 2:33:16 PM  ,    5421.000,                                  10.071,                                  12.489,                                  17.470,                                   0.007,                                   0.011,                               80073.367,                                   1.000,
8/12/2026 2:33:17 PM  ,    5422.000,                                  10.072,                                  12.499,                                  17.484,                                   0.007,                                   0.011,                               80007.016,                                   1.000,
8/12/2026 2:33:18 PM  ,    5423.000,                                  10.071,                                  12.505,                                  17.493,                                   0.007,                                   0.011,                               79966.156,                                   1.000,
8/12/2026 2:33:19 PM  ,    5424.000,                                  10.071,                                  12.487,                                  17.467,                                   0.007,                                   0.011,                               80086.250,                                   1.000,
8/12/2026 2:33:20 PM  ,    5425.000,                                  10.070,                                  12.494,                                  17.478,                                   0.007,                                   0.011,                               80038.859,                                   1.000,
8/12/2026 2:33:21 PM  ,    5426.000,                                  10.070,                                  12.501,                                  17.488,                                   0.007,                                   0.011,                               79991.648,                                   1.000,
8/12/2026 2:33:22 PM  ,    5427.000,                                  10.069,                                  12.489,                                  17.472,                                   0.007,                                   0.011,                               80068.922,                                   1.000,
8/12/2026 2:33:23 PM  ,    5428.000,                                  10.069,                                  12.486,                                  17.467,                                   0.007,                                   0.011,                               80092.453,                                   1.000,
8/12/2026 2:33:24 PM  ,    5429.000,                                  10.069,                                  12.501,                                  17.488,                                   0.007,                                   0.011,                               79993.508,                                   1.000,
8/12/2026 2:33:25 PM  ,    5430.000,                                  10.068,                                  12.487,                                  17.469,                                   0.007,                                   0.011,                               80083.352,                                   1.000,
8/12/2026 2:33:26 PM  ,    5431.000,                                  10.068,                                  12.489,                                  17.472,                                   0.007,                                   0.011,                               80070.617,                                   1.000,
8/12/2026 2:33:27 PM  ,    5432.000,                                  10.068,                                  12.492,                                  17.477,                                   0.007,                                   0.011,                               80049.016,                                   1.000,
8/12/2026 2:33:28 PM  ,    5433.000,                                  10.068,                                  12.477,                                  17.456,                                   0.007,                                   0.011,                               80144.797,                                   1.000,
8/12/2026 2:33:29 PM  ,    5434.000,                                  10.067,                                  12.480,                                  17.460,                                   0.007,                                   0.011,                               80126.281,                                   1.000,
8/12/2026 2:33:30 PM  ,    5435.000,                                  10.067,                                  12.484,                                  17.466,                                   0.007,                                   0.011,                               80100.070,                                   1.000,
8/12/2026 2:33:31 PM  ,    5436.000,                                  10.067,                                  12.484,                                  17.466,                                   0.007,                                   0.011,                               80100.680,                                   1.000,
8/12/2026 2:33:32 PM  ,    5437.000,                                  10.066,                                  12.487,                                  17.471,                                   0.007,                                   0.011,                               80080.797,                                   1.000,
8/12/2026 2:33:33 PM  ,    5438.000,                                  10.066,                                  12.494,                                  17.481,                                   0.007,                                   0.011,                               80036.078,                                   1.000,
8/12/2026 2:33:34 PM  ,    5439.000,                                  10.065,                                  12.478,                                  17.459,                                   0.007,                                   0.011,                               80137.961,                                   1.000,
8/12/2026 2:33:35 PM  ,    5440.000,                                  10.065,                                  12.487,                                  17.471,                                   0.007,                                   0.011,                               80082.359,                                   1.000,
8/12/2026 2:33:36 PM  ,    5441.000,                                  10.065,                                  12.477,                                  17.456,                                   0.007,                                   0.011,                               80149.406,                                   1.000,
8/12/2026 2:33:37 PM  ,    5442.000,                                  10.065,                                  12.486,                                  17.470,                                   0.007,                                   0.011,                               80088.430,                                   1.000,
8/12/2026 2:33:38 PM  ,    5443.000,                                  10.064,                                  12.482,                                  17.464,                                   0.007,                                   0.011,                               80116.125,                                   1.000,
8/12/2026 2:33:39 PM  ,    5444.000,                                  10.064,                                  12.490,                                  17.476,                                   0.007,                                   0.011,                               80061.305,                                   1.000,
8/12/2026 2:33:40 PM  ,    5445.000,                                  10.064,                                  12.479,                                  17.460,                                   0.007,                                   0.011,                               80135.398,                                   1.000,
8/12/2026 2:33:41 PM  ,    5446.000,                                  10.064,                                  12.480,                                  17.462,                                   0.007,                                   0.011,                               80126.453,                                   1.000,
8/12/2026 2:33:42 PM  ,    5447.000,                                  10.064,                                  12.474,                                  17.453,                                   0.007,                                   0.011,                               80166.367,                                   1.000,
8/12/2026 2:33:43 PM  ,    5448.000,                                  10.065,                                  12.486,                                  17.469,                                   0.007,                                   0.011,                               80092.273,                                   1.000,
8/12/2026 2:33:44 PM  ,    5449.000,                                  10.064,                                  12.492,                                  17.478,                                   0.007,                                   0.011,                               80052.789,                                   1.000,
8/12/2026 2:33:45 PM  ,    5450.000,                                  10.064,                                  12.480,                                  17.461,                                   0.007,                                   0.011,                               80128.711,                                   1.000,
8/12/2026 2:33:46 PM  ,    5451.000,                                  10.063,                                  12.483,                                  17.466,                                   0.007,                                   0.011,                               80109.984,                                   1.000,
8/12/2026 2:33:47 PM  ,    5452.000,                                  10.063,                                  12.477,                                  17.458,                                   0.007,                                   0.011,                               80146.555,                                   1.000,
8/12/2026 2:33:48 PM  ,    5453.000,                                  10.063,                                  12.480,                                  17.462,                                   0.007,                                   0.011,                               80126.766,                                   1.000,
8/12/2026 2:33:49 PM  ,    5454.000,                                  10.063,                                  12.487,                                  17.471,                                   0.007,                                   0.011,                               80085.602,                                   1.000,
8/12/2026 2:33:50 PM  ,    5455.000,                                  10.064,                                  12.487,                                  17.472,                                   0.007,                                   0.011,                               80081.031,                                   1.000,
8/12/2026 2:33:51 PM  ,    5456.000,                                  10.063,                                  12.484,                                  17.467,                                   0.007,                                   0.011,                               80104.547,                                   1.000,
8/12/2026 2:33:52 PM  ,    5457.000,                                  10.063,                                  12.487,                                  17.472,                                   0.007,                                   0.011,                               80080.938,                                   1.000,
8/12/2026 2:33:53 PM  ,    5458.000,                                  10.063,                                  12.475,                                  17.455,                                   0.007,                                   0.011,                               80161.953,                                   1.000,
8/12/2026 2:33:54 PM  ,    5459.000,                                  10.063,                                  12.472,                                  17.451,                                   0.007,                                   0.011,                               80177.195,                                   1.000,
8/12/2026 2:33:55 PM  ,    5460.000,                                  10.063,                                  12.479,                                  17.461,                                   0.007,                                   0.011,                               80134.359,                                   1.000,
8/12/2026 2:33:56 PM  ,    5461.000,                                  10.063,                                  12.483,                                  17.467,                                   0.007,                                   0.011,                               80106.063,                                   1.000,
8/12/2026 2:33:57 PM  ,    5462.000,                                  10.063,                                  12.477,                                  17.458,                                   0.007,                                   0.011,                               80147.969,                                   1.000,
8/12/2026 2:33:58 PM  ,    5463.000,                                  10.063,                                  12.479,                                  17.461,                                   0.007,                                   0.011,                               80133.984,                                   1.000,
8/12/2026 2:33:59 PM  ,    5464.000,                                  10.063,                                  12.489,                                  17.474,                                   0.007,                                   0.011,                               80071.500,                                   1.000,
8/12/2026 2:34:00 PM  ,    5465.000,                                  10.062,                                  12.474,                                  17.453,                                   0.007,                                   0.011,                               80168.391,                                   1.000,
8/12/2026 2:34:01 PM  ,    5466.000,                                  10.063,                                  12.477,                                  17.458,                                   0.007,                                   0.011,                               80147.258,                                   1.000,
8/12/2026 2:34:02 PM  ,    5467.000,                                  10.062,                                  12.479,                                  17.461,                                   0.007,                                   0.011,                               80135.070,                                   1.000,
8/12/2026 2:34:03 PM  ,    5468.000,                                  10.062,                                  12.479,                                  17.460,                                   0.007,                                   0.011,                               80137.266,                                   1.000,
8/12/2026 2:34:04 PM  ,    5469.000,                                  10.062,                                  12.479,                                  17.461,                                   0.007,                                   0.011,                               80135.070,                                   1.000,
8/12/2026 2:34:05 PM  ,    5470.000,                                  10.062,                                  12.477,                                  17.457,                                   0.007,                                   0.011,                               80150.578,                                   1.000,
8/12/2026 2:34:06 PM  ,    5471.000,                                  10.062,                                  12.482,                                  17.465,                                   0.007,                                   0.011,                               80113.391,                                   1.000,
8/12/2026 2:34:07 PM  ,    5472.000,                                  10.062,                                  12.478,                                  17.459,                                   0.007,                                   0.011,                               80144.016,                                   1.000,
8/12/2026 2:34:08 PM  ,    5473.000,                                  10.062,                                  12.475,                                  17.455,                                   0.007,                                   0.011,                               80160.109,                                   1.000,
8/12/2026 2:34:09 PM  ,    5474.000,                                  10.062,                                  12.470,                                  17.449,                                   0.007,                                   0.011,                               80191.047,                                   1.000,
8/12/2026 2:34:10 PM  ,    5475.000,                                  10.062,                                  12.472,                                  17.451,                                   0.007,                                   0.011,                               80179.172,                                   1.000,
8/12/2026 2:34:11 PM  ,    5476.000,                                  10.061,                                  12.479,                                  17.461,                                   0.007,                                   0.011,                               80134.945,                                   1.000,
8/12/2026 2:34:12 PM  ,    5477.000,                                  10.061,                                  12.473,                                  17.453,                                   0.007,                                   0.011,                               80170.172,                                   1.000,
8/12/2026 2:34:13 PM  ,    5478.000,                                  10.062,                                  12.471,                                  17.449,                                   0.007,                                   0.011,                               80188.813,                                   1.000,
8/12/2026 2:34:14 PM  ,    5479.000,                                  10.062,                                  12.489,                                  17.475,                                   0.007,                                   0.011,                               80072.484,                                   1.000,
8/12/2026 2:34:15 PM  ,    5480.000,                                  10.061,                                  12.479,                                  17.461,                                   0.007,                                   0.011,                               80135.555,                                   1.000,
8/12/2026 2:34:16 PM  ,    5481.000,                                  10.061,                                  12.489,                                  17.476,                                   0.007,                                   0.011,                               80068.039,                                   1.000,
8/12/2026 2:34:17 PM  ,    5482.000,                                  10.062,                                  12.473,                                  17.453,                                   0.007,                                   0.011,                               80171.953,                                   1.000,
8/12/2026 2:34:18 PM  ,    5483.000,                                  10.062,                                  12.480,                                  17.462,                                   0.007,                                   0.011,                               80128.016,                                   1.000,
8/12/2026 2:34:19 PM  ,    5484.000,                                  10.062,                                  12.485,                                  17.470,                                   0.007,                                   0.011,                               80094.938,                                   1.000,
8/12/2026 2:34:20 PM  ,    5485.000,                                  10.062,                                  12.484,                                  17.468,                                   0.007,                                   0.011,                               80100.602,                                   1.000,
8/12/2026 2:34:21 PM  ,    5486.000,                                  10.062,                                  12.471,                                  17.450,                                   0.007,                                   0.011,                               80186.430,                                   1.000,
8/12/2026 2:34:22 PM  ,    5487.000,                                  10.062,                                  12.473,                                  17.453,                                   0.007,                                   0.011,                               80170.047,                                   1.000,
8/12/2026 2:34:23 PM  ,    5488.000,                                  10.062,                                  12.463,                                  17.438,                                   0.007,                                   0.011,                               80239.234,                                   1.000,
8/12/2026 2:34:24 PM  ,    5489.039,                                  10.063,                                  12.473,                                  17.452,                                   0.007,                                   0.011,                               80174.586,                                   1.000,
8/12/2026 2:34:25 PM  ,    5490.000,                                  10.063,                                  12.468,                                  17.445,                                   0.007,                                   0.011,                               80205.008,                                   1.000,
8/12/2026 2:34:26 PM  ,    5491.000,                                  10.063,                                  12.476,                                  17.456,                                   0.007,                                   0.011,                               80155.133,                                   1.000,
8/12/2026 2:34:27 PM  ,    5492.000,                                  10.063,                                  12.479,                                  17.461,                                   0.007,                                   0.011,                               80133.289,                                   1.000,
8/12/2026 2:34:28 PM  ,    5493.000,                                  10.063,                                  12.481,                                  17.463,                                   0.007,                                   0.011,                               80123.969,                                   1.000,
8/12/2026 2:34:29 PM  ,    5494.000,                                  10.063,                                  12.484,                                  17.467,                                   0.007,                                   0.011,                               80101.891,                                   1.000,
8/12/2026 2:34:30 PM  ,    5495.000,                                  10.063,                                  12.486,                                  17.470,                                   0.007,                                   0.011,                               80092.078,                                   1.000,
8/12/2026 2:34:31 PM  ,    5496.000,                                  10.063,                                  12.481,                                  17.463,                                   0.007,                                   0.011,                               80121.461,                                   1.000,
8/12/2026 2:34:32 PM  ,    5497.000,                                  10.063,                                  12.471,                                  17.449,                                   0.007,                                   0.011,                               80186.195,                                   1.000,
8/12/2026 2:34:33 PM  ,    5498.000,                                  10.063,                                  12.483,                                  17.465,                                   0.007,                                   0.011,                               80111.320,                                   1.000,
8/12/2026 2:34:34 PM  ,    5499.000,                                  10.064,                                  12.483,                                  17.466,                                   0.007,                                   0.011,                               80107.313,                                   1.000,
8/12/2026 2:34:35 PM  ,    5500.000,                                  10.063,                                  12.474,                                  17.454,                                   0.007,                                   0.011,                               80164.266,                                   1.000,
8/12/2026 2:34:36 PM  ,    5501.000,                                  10.064,                                  12.482,                                  17.464,                                   0.007,                                   0.011,                               80114.727,                                   1.000,
8/12/2026 2:34:37 PM  ,    5502.000,                                  10.063,                                  12.474,                                  17.453,                                   0.007,                                   0.011,                               80167.773,                                   1.000,
8/12/2026 2:34:38 PM  ,    5503.000,                                  10.063,                                  12.482,                                  17.464,                                   0.007,                                   0.011,                               80116.023,                                   1.000,
8/12/2026 2:34:39 PM  ,    5504.000,                                  10.064,                                  12.487,                                  17.471,                                   0.007,                                   0.011,                               80084.758,                                   1.000,
8/12/2026 2:34:40 PM  ,    5505.000,                                  10.064,                                  12.471,                                  17.448,                                   0.007,                                   0.011,                               80187.727,                                   1.000,
8/12/2026 2:34:41 PM  ,    5506.000,                                  10.064,                                  12.481,                                  17.462,                                   0.007,                                   0.011,                               80124.078,                                   1.000,
8/12/2026 2:34:42 PM  ,    5507.000,                                  10.064,                                  12.473,                                  17.452,                                   0.007,                                   0.011,                               80170.406,                                   1.000,
8/12/2026 2:34:43 PM  ,    5508.000,                                  10.064,                                  12.481,                                  17.462,                                   0.007,                                   0.011,                               80124.375,                                   1.000,
8/12/2026 2:34:44 PM  ,    5509.000,                                  10.064,                                  12.470,                                  17.448,                                   0.007,                                   0.011,                               80189.977,                                   1.000,
8/12/2026 2:34:45 PM  ,    5510.000,                                  10.064,                                  12.472,                                  17.450,                                   0.007,                                   0.011,                               80177.563,                                   1.000,
8/12/2026 2:34:46 PM  ,    5511.000,                                  10.064,                                  12.479,                                  17.459,                                   0.007,                                   0.011,                               80137.672,                                   1.000,
8/12/2026 2:34:47 PM  ,    5512.000,                                  10.065,                                  12.483,                                  17.465,                                   0.007,                                   0.011,                               80107.695,                                   1.000,
8/12/2026 2:34:48 PM  ,    5513.000,                                  10.065,                                  12.472,                                  17.450,                                   0.007,                                   0.011,                               80177.570,                                   1.000,
8/12/2026 2:34:49 PM  ,    5514.000,                                  10.065,                                  12.475,                                  17.454,                                   0.007,                                   0.011,                               80160.734,                                   1.000,
8/12/2026 2:34:50 PM  ,    5515.000,                                  10.065,                                  12.482,                                  17.464,                                   0.007,                                   0.011,                               80116.352,                                   1.000,
8/12/2026 2:34:51 PM  ,    5516.000,                                  10.065,                                  12.478,                                  17.458,                                   0.007,                                   0.011,                               80139.328,                                   1.000,
8/12/2026 2:34:52 PM  ,    5517.000,                                  10.065,                                  12.482,                                  17.464,                                   0.007,                                   0.011,                               80114.859,                                   1.000,
8/12/2026 2:34:53 PM  ,    5518.000,                                  10.065,                                  12.476,                                  17.455,                                   0.007,                                   0.011,                               80154.531,                                   1.000,
8/12/2026 2:34:54 PM  ,    5519.000,                                  10.065,                                  12.483,                                  17.465,                                   0.007,                                   0.011,                               80109.141,                                   1.000,
8/12/2026 2:34:55 PM  ,    5520.000,                                  10.065,                                  12.482,                                  17.463,                                   0.007,                                   0.011,                               80117.430,                                   1.000,
8/12/2026 2:34:56 PM  ,    5521.000,                                  10.065,                                  12.471,                                  17.448,                                   0.007,                                   0.011,                               80185.594,                                   1.000,
8/12/2026 2:34:57 PM  ,    5522.000,                                  10.066,                                  12.470,                                  17.447,                                   0.007,                                   0.011,                               80189.477,                                   1.000,
8/12/2026 2:34:58 PM  ,    5523.000,                                  10.066,                                  12.475,                                  17.454,                                   0.007,                                   0.011,                               80158.586,                                   1.000,
8/12/2026 2:34:59 PM  ,    5524.000,                                  10.066,                                  12.475,                                  17.454,                                   0.007,                                   0.011,                               80158.586,                                   1.000,
8/12/2026 2:35:00 PM  ,    5525.000,                                  10.066,                                  12.471,                                  17.448,                                   0.007,                                   0.011,                               80186.766,                                   1.000,
8/12/2026 2:35:01 PM  ,    5526.000,                                  10.066,                                  12.470,                                  17.447,                                   0.007,                                   0.011,                               80191.578,                                   1.000,
8/12/2026 2:35:02 PM  ,    5527.000,                                  10.066,                                  12.475,                                  17.453,                                   0.007,                                   0.011,                               80163.273,                                   1.000,
8/12/2026 2:35:03 PM  ,    5528.000,                                  10.066,                                  12.476,                                  17.454,                                   0.007,                                   0.011,                               80156.516,                                   1.000,
8/12/2026 2:35:04 PM  ,    5529.000,                                  10.066,                                  12.468,                                  17.444,                                   0.007,                                   0.011,                               80203.406,                                   1.000,
8/12/2026 2:35:05 PM  ,    5530.000,                                  10.066,                                  12.471,                                  17.447,                                   0.007,                                   0.011,                               80187.898,                                   1.000,
8/12/2026 2:35:06 PM  ,    5531.000,                                  10.066,                                  12.474,                                  17.452,                                   0.007,                                   0.011,                               80165.500,                                   1.000,
8/12/2026 2:35:07 PM  ,    5532.000,                                  10.066,                                  12.468,                                  17.443,                                   0.007,                                   0.011,                               80208.258,                                   1.000,
8/12/2026 2:35:08 PM  ,    5533.000,                                  10.066,                                  12.468,                                  17.444,                                   0.007,                                   0.011,                               80205.430,                                   1.000,
8/12/2026 2:35:09 PM  ,    5534.000,                                  10.066,                                  12.478,                                  17.457,                                   0.007,                                   0.011,                               80142.695,                                   1.000,
8/12/2026 2:35:10 PM  ,    5535.000,                                  10.066,                                  12.472,                                  17.449,                                   0.007,                                   0.011,                               80180.617,                                   1.000,
8/12/2026 2:35:11 PM  ,    5536.000,                                  10.066,                                  12.475,                                  17.453,                                   0.007,                                   0.011,                               80163.508,                                   1.000,
8/12/2026 2:35:12 PM  ,    5537.000,                                  10.067,                                  12.478,                                  17.457,                                   0.007,                                   0.011,                               80140.766,                                   1.000,
8/12/2026 2:35:13 PM  ,    5538.000,                                  10.067,                                  12.475,                                  17.453,                                   0.007,                                   0.011,                               80158.414,                                   1.000,
8/12/2026 2:35:14 PM  ,    5539.000,                                  10.067,                                  12.473,                                  17.450,                                   0.007,                                   0.011,                               80173.891,                                   1.000,
8/12/2026 2:35:15 PM  ,    5540.000,                                  10.067,                                  12.478,                                  17.457,                                   0.007,                                   0.011,                               80140.320,                                   1.000,
8/12/2026 2:35:16 PM  ,    5541.000,                                  10.067,                                  12.473,                                  17.450,                                   0.007,                                   0.011,                               80174.203,                                   1.000,
8/12/2026 2:35:17 PM  ,    5542.000,                                  10.067,                                  12.475,                                  17.453,                                   0.007,                                   0.011,                               80158.789,                                   1.000,
8/12/2026 2:35:18 PM  ,    5543.000,                                  10.067,                                  12.474,                                  17.452,                                   0.007,                                   0.011,                               80165.688,                                   1.000,
8/12/2026 2:35:19 PM  ,    5544.000,                                  10.067,                                  12.481,                                  17.461,                                   0.007,                                   0.011,                               80122.047,                                   1.000,
8/12/2026 2:35:20 PM  ,    5545.000,                                  10.068,                                  12.484,                                  17.464,                                   0.007,                                   0.011,                               80105.539,                                   1.000,
8/12/2026 2:35:21 PM  ,    5546.000,                                  10.068,                                  12.476,                                  17.453,                                   0.007,                                   0.011,                               80156.398,                                   1.000,
8/12/2026 2:35:22 PM  ,    5547.000,                                  10.068,                                  12.469,                                  17.445,                                   0.007,                                   0.011,                               80197.289,                                   1.000,
8/12/2026 2:35:23 PM  ,    5548.000,                                  10.068,                                  12.467,                                  17.442,                                   0.007,                                   0.011,                               80208.578,                                   1.000,
8/12/2026 2:35:24 PM  ,    5549.000,                                  10.068,                                  12.472,                                  17.448,                                   0.007,                                   0.011,                               80181.234,                                   1.000,
8/12/2026 2:35:25 PM  ,    5550.000,                                  10.068,                                  12.473,                                  17.450,                                   0.007,                                   0.011,                               80171.133,                                   1.000,
8/12/2026 2:35:26 PM  ,    5551.000,                                  10.069,                                  12.479,                                  17.458,                                   0.007,                                   0.011,                               80133.445,                                   1.000,
8/12/2026 2:35:27 PM  ,    5552.000,                                  10.068,                                  12.468,                                  17.443,                                   0.007,                                   0.011,                               80202.492,                                   1.000,
8/12/2026 2:35:28 PM  ,    5553.000,                                  10.068,                                  12.473,                                  17.450,                                   0.007,                                   0.011,                               80173.445,                                   1.000,
8/12/2026 2:35:29 PM  ,    5554.000,                                  10.069,                                  12.480,                                  17.460,                                   0.007,                                   0.011,                               80125.078,                                   1.000,
8/12/2026 2:35:30 PM  ,    5555.000,                                  10.069,                                  12.478,                                  17.457,                                   0.007,                                   0.011,                               80138.719,                                   1.000,
8/12/2026 2:35:31 PM  ,    5556.000,                                  10.069,                                  12.472,                                  17.448,                                   0.007,                                   0.011,                               80180.523,                                   1.000,
8/12/2026 2:35:32 PM  ,    5557.000,                                  10.069,                                  12.481,                                  17.460,                                   0.007,                                   0.011,                               80124.375,                                   1.000,
8/12/2026 2:35:33 PM  ,    5558.000,                                  10.069,                                  12.467,                                  17.441,                                   0.007,                                   0.011,                               80210.266,                                   1.000,
8/12/2026 2:35:34 PM  ,    5559.000,                                  10.069,                                  12.468,                                  17.443,                                   0.007,                                   0.011,                               80203.461,                                   1.000,
8/12/2026 2:35:35 PM  ,    5560.000,                                  10.069,                                  12.473,                                  17.449,                                   0.007,                                   0.011,                               80172.203,                                   1.000,
8/12/2026 2:35:36 PM  ,    5561.000,                                  10.069,                                  12.469,                                  17.444,                                   0.007,                                   0.011,                               80198.406,                                   1.000,
8/12/2026 2:35:37 PM  ,    5562.000,                                  10.069,                                  12.481,                                  17.460,                                   0.007,                                   0.011,                               80121.813,                                   1.000,
8/12/2026 2:35:38 PM  ,    5563.000,                                  10.069,                                  12.467,                                  17.440,                                   0.007,                                   0.011,                               80214.898,                                   1.000,
8/12/2026 2:35:39 PM  ,    5564.000,                                  10.070,                                  12.470,                                  17.445,                                   0.007,                                   0.011,                               80191.375,                                   1.000,
8/12/2026 2:35:40 PM  ,    5565.000,                                  10.070,                                  12.473,                                  17.449,                                   0.007,                                   0.011,                               80174.297,                                   1.000,
8/12/2026 2:35:41 PM  ,    5566.000,                                  10.070,                                  12.465,                                  17.437,                                   0.007,                                   0.011,                               80226.273,                                   1.000,
8/12/2026 2:35:42 PM  ,    5567.000,                                  10.070,                                  12.471,                                  17.447,                                   0.007,                                   0.011,                               80183.258,                                   1.000,
8/12/2026 2:35:43 PM  ,    5568.000,                                  10.070,                                  12.475,                                  17.451,                                   0.007,                                   0.011,                               80161.070,                                   1.000,
8/12/2026 2:35:44 PM  ,    5569.000,                                  10.071,                                  12.483,                                  17.462,                                   0.007,                                   0.011,                               80110.953,                                   1.000,
8/12/2026 2:35:45 PM  ,    5570.000,                                  10.070,                                  12.471,                                  17.446,                                   0.007,                                   0.011,                               80185.375,                                   1.000,
8/12/2026 2:35:46 PM  ,    5571.000,                                  10.071,                                  12.473,                                  17.449,                                   0.007,                                   0.011,                               80170.117,                                   1.000,
8/12/2026 2:35:47 PM  ,    5572.000,                                  10.071,                                  12.473,                                  17.448,                                   0.007,                                   0.011,                               80172.406,                                   1.000,
8/12/2026 2:35:48 PM  ,    5573.000,                                  10.071,                                  12.470,                                  17.444,                                   0.007,                                   0.011,                               80192.164,                                   1.000,
8/12/2026 2:35:49 PM  ,    5574.000,                                  10.071,                                  12.478,                                  17.455,                                   0.007,                                   0.011,                               80139.477,                                   1.000,
8/12/2026 2:35:50 PM  ,    5575.000,                                  10.072,                                  12.471,                                  17.446,                                   0.007,                                   0.011,                               80183.773,                                   1.000,
8/12/2026 2:35:51 PM  ,    5576.000,                                  10.071,                                  12.479,                                  17.457,                                   0.007,                                   0.011,                               80131.617,                                   1.000,
8/12/2026 2:35:52 PM  ,    5577.000,                                  10.071,                                  12.473,                                  17.449,                                   0.007,                                   0.011,                               80170.625,                                   1.000,
8/12/2026 2:35:53 PM  ,    5578.000,                                  10.071,                                  12.474,                                  17.449,                                   0.007,                                   0.011,                               80167.688,                                   1.000,
8/12/2026 2:35:54 PM  ,    5579.000,                                  10.072,                                  12.476,                                  17.452,                                   0.007,                                   0.011,                               80155.109,                                   1.000,
8/12/2026 2:35:55 PM  ,    5580.000,                                  10.071,                                  12.467,                                  17.440,                                   0.007,                                   0.011,                               80212.359,                                   1.000,
8/12/2026 2:35:56 PM  ,    5581.000,                                  10.071,                                  12.466,                                  17.439,                                   0.007,                                   0.011,                               80215.508,                                   1.000,
8/12/2026 2:35:57 PM  ,    5582.000,                                  10.072,                                  12.467,                                  17.439,                                   0.007,                                   0.011,                               80212.883,                                   1.000,
8/12/2026 2:35:58 PM  ,    5583.000,                                  10.072,                                  12.465,                                  17.437,                                   0.007,                                   0.011,                               80221.578,                                   1.000,
8/12/2026 2:35:59 PM  ,    5584.000,                                  10.072,                                  12.476,                                  17.451,                                   0.007,                                   0.011,                               80157.094,                                   1.000,
8/12/2026 2:36:00 PM  ,    5585.000,                                  10.072,                                  12.467,                                  17.439,                                   0.007,                                   0.011,                               80212.359,                                   1.000,
8/12/2026 2:36:01 PM  ,    5586.000,                                  10.072,                                  12.470,                                  17.444,                                   0.007,                                   0.011,                               80190.359,                                   1.000,
8/12/2026 2:36:02 PM  ,    5587.000,                                  10.073,                                  12.470,                                  17.444,                                   0.007,                                   0.011,                               80190.438,                                   1.000,
8/12/2026 2:36:03 PM  ,    5588.000,                                  10.073,                                  12.470,                                  17.443,                                   0.007,                                   0.011,                               80194.672,                                   1.000,
8/12/2026 2:36:04 PM  ,    5589.000,                                  10.073,                                  12.469,                                  17.442,                                   0.007,                                   0.011,                               80199.391,                                   1.000,
8/12/2026 2:36:05 PM  ,    5590.000,                                  10.073,                                  12.465,                                  17.437,                                   0.007,                                   0.011,                               80222.313,                                   1.000,
8/12/2026 2:36:06 PM  ,    5591.000,                                  10.073,                                  12.472,                                  17.446,                                   0.007,                                   0.011,                               80180.672,                                   1.000,
8/12/2026 2:36:07 PM  ,    5592.000,                                  10.073,                                  12.469,                                  17.442,                                   0.007,                                   0.011,                               80196.195,                                   1.000,
8/12/2026 2:36:08 PM  ,    5593.000,                                  10.073,                                  12.476,                                  17.451,                                   0.007,                                   0.011,                               80156.719,                                   1.000,
8/12/2026 2:36:09 PM  ,    5594.000,                                  10.074,                                  12.474,                                  17.448,                                   0.007,                                   0.011,                               80167.125,                                   1.000,
8/12/2026 2:36:10 PM  ,    5595.000,                                  10.074,                                  12.464,                                  17.435,                                   0.007,                                   0.011,                               80228.047,                                   1.000,
8/12/2026 2:36:11 PM  ,    5596.000,                                  10.074,                                  12.464,                                  17.434,                                   0.007,                                   0.011,                               80233.672,                                   1.000,
8/12/2026 2:36:12 PM  ,    5597.000,                                  10.074,                                  12.475,                                  17.450,                                   0.007,                                   0.011,                               80160.242,                                   1.000,
8/12/2026 2:36:13 PM  ,    5598.000,                                  10.074,                                  12.460,                                  17.429,                                   0.007,                                   0.011,                               80257.195,                                   1.000,
8/12/2026 2:36:14 PM  ,    5599.000,                                  10.074,                                  12.464,                                  17.434,                                   0.007,                                   0.011,                               80233.289,                                   1.000,
8/12/2026 2:36:15 PM  ,    5600.000,                                  10.075,                                  12.475,                                  17.450,                                   0.007,                                   0.011,                               80159.531,                                   1.000,
8/12/2026 2:36:16 PM  ,    5601.000,                                  10.074,                                  12.465,                                  17.436,                                   0.007,                                   0.011,                               80222.867,                                   1.000,
8/12/2026 2:36:17 PM  ,    5602.000,                                  10.074,                                  12.467,                                  17.438,                                   0.007,                                   0.011,                               80213.258,                                   1.000,
8/12/2026 2:36:18 PM  ,    5603.000,                                  10.074,                                  12.472,                                  17.445,                                   0.007,                                   0.011,                               80182.367,                                   1.000,
8/12/2026 2:36:19 PM  ,    5604.000,                                  10.074,                                  12.460,                                  17.429,                                   0.007,                                   0.011,                               80254.047,                                   1.000,
8/12/2026 2:36:20 PM  ,    5605.000,                                  10.075,                                  12.461,                                  17.429,                                   0.007,                                   0.011,                               80252.133,                                   1.000,
8/12/2026 2:36:21 PM  ,    5606.000,                                  10.075,                                  12.465,                                  17.435,                                   0.007,                                   0.011,                               80227.211,                                   1.000,
8/12/2026 2:36:22 PM  ,    5607.000,                                  10.075,                                  12.472,                                  17.446,                                   0.007,                                   0.011,                               80176.508,                                   1.000,
8/12/2026 2:36:23 PM  ,    5608.000,                                  10.075,                                  12.469,                                  17.440,                                   0.007,                                   0.011,                               80201.492,                                   1.000,
8/12/2026 2:36:24 PM  ,    5609.000,                                  10.075,                                  12.466,                                  17.436,                                   0.007,                                   0.011,                               80220.211,                                   1.000,
8/12/2026 2:36:25 PM  ,    5610.000,                                  10.075,                                  12.459,                                  17.427,                                   0.007,                                   0.011,                               80260.875,                                   1.000,
8/12/2026 2:36:26 PM  ,    5611.000,                                  10.076,                                  12.473,                                  17.446,                                   0.007,                                   0.011,                               80175.211,                                   1.000,
8/12/2026 2:36:27 PM  ,    5612.000,                                  10.076,                                  12.457,                                  17.423,                                   0.007,                                   0.011,                               80279.008,                                   1.000,
8/12/2026 2:36:28 PM  ,    5613.000,                                  10.076,                                  12.450,                                  17.414,                                   0.007,                                   0.011,                               80322.250,                                   1.000,
8/12/2026 2:36:29 PM  ,    5614.000,                                  10.076,                                  12.465,                                  17.435,                                   0.007,                                   0.011,                               80225.188,                                   1.000,
8/12/2026 2:36:30 PM  ,    5615.000,                                  10.076,                                  12.459,                                  17.427,                                   0.007,                                   0.011,                               80261.180,                                   1.000,
8/12/2026 2:36:31 PM  ,    5616.000,                                  10.076,                                  12.452,                                  17.417,                                   0.007,                                   0.011,                               80307.578,                                   1.000,
8/12/2026 2:36:32 PM  ,    5617.000,                                  10.077,                                  12.456,                                  17.422,                                   0.007,                                   0.011,                               80279.617,                                   1.000,
8/12/2026 2:36:33 PM  ,    5618.000,                                  10.077,                                  12.459,                                  17.426,                                   0.007,                                   0.011,                               80264.516,                                   1.000,
8/12/2026 2:36:34 PM  ,    5619.000,                                  10.077,                                  12.457,                                  17.423,                                   0.007,                                   0.011,                               80276.914,                                   1.000,
8/12/2026 2:36:35 PM  ,    5620.000,                                  10.077,                                  12.453,                                  17.417,                                   0.007,                                   0.011,                               80301.820,                                   1.000,
8/12/2026 2:36:36 PM  ,    5621.000,                                  10.078,                                  12.456,                                  17.421,                                   0.007,                                   0.011,                               80284.359,                                   1.000,
8/12/2026 2:36:37 PM  ,    5622.000,                                  10.078,                                  12.458,                                  17.424,                                   0.007,                                   0.011,                               80271.453,                                   1.000,
8/12/2026 2:36:38 PM  ,    5623.000,                                  10.078,                                  12.452,                                  17.415,                                   0.007,                                   0.011,                               80310.641,                                   1.000,
8/12/2026 2:36:39 PM  ,    5624.000,                                  10.078,                                  12.455,                                  17.419,                                   0.007,                                   0.011,                               80290.828,                                   1.000,
8/12/2026 2:36:40 PM  ,    5625.000,                                  10.078,                                  12.461,                                  17.428,                                   0.007,                                   0.011,                               80250.484,                                   1.000,
8/12/2026 2:36:41 PM  ,    5626.000,                                  10.078,                                  12.451,                                  17.414,                                   0.007,                                   0.011,                               80316.195,                                   1.000,
8/12/2026 2:36:42 PM  ,    5627.000,                                  10.079,                                  12.456,                                  17.421,                                   0.007,                                   0.011,                               80280.328,                                   1.000,
8/12/2026 2:36:43 PM  ,    5628.000,                                  10.079,                                  12.459,                                  17.425,                                   0.007,                                   0.011,                               80262.297,                                   1.000,
8/12/2026 2:36:44 PM  ,    5629.000,                                  10.078,                                  12.454,                                  17.419,                                   0.007,                                   0.011,                               80293.578,                                   1.000,
8/12/2026 2:36:45 PM  ,    5630.000,                                  10.079,                                  12.452,                                  17.415,                                   0.007,                                   0.011,                               80308.258,                                   1.000,
8/12/2026 2:36:46 PM  ,    5631.000,                                  10.079,                                  12.453,                                  17.416,                                   0.007,                                   0.011,                               80302.148,                                   1.000,
8/12/2026 2:36:47 PM  ,    5632.000,                                  10.079,                                  12.452,                                  17.415,                                   0.007,                                   0.011,                               80307.258,                                   1.000,
8/12/2026 2:36:48 PM  ,    5633.000,                                  10.079,                                  12.462,                                  17.430,                                   0.007,                                   0.011,                               80241.281,                                   1.000,
8/12/2026 2:36:49 PM  ,    5634.000,                                  10.080,                                  12.458,                                  17.423,                                   0.007,                                   0.011,                               80272.320,                                   1.000,
8/12/2026 2:36:50 PM  ,    5635.000,                                  10.080,                                  12.467,                                  17.435,                                   0.007,                                   0.011,                               80214.039,                                   1.000,
8/12/2026 2:36:51 PM  ,    5636.000,                                  10.080,                                  12.459,                                  17.425,                                   0.007,                                   0.011,                               80260.383,                                   1.000,
8/12/2026 2:36:52 PM  ,    5637.000,                                  10.080,                                  12.454,                                  17.418,                                   0.007,                                   0.011,                               80293.141,                                   1.000,
8/12/2026 2:36:53 PM  ,    5638.000,                                  10.080,                                  12.458,                                  17.423,                                   0.007,                                   0.011,                               80269.164,                                   1.000,
8/12/2026 2:36:54 PM  ,    5639.000,                                  10.081,                                  12.455,                                  17.418,                                   0.007,                                   0.011,                               80291.680,                                   1.000,
8/12/2026 2:36:55 PM  ,    5640.000,                                  10.081,                                  12.454,                                  17.417,                                   0.007,                                   0.011,                               80294.555,                                   1.000,
8/12/2026 2:36:56 PM  ,    5641.000,                                  10.081,                                  12.455,                                  17.418,                                   0.007,                                   0.011,                               80290.219,                                   1.000,
8/12/2026 2:36:57 PM  ,    5642.000,                                  10.081,                                  12.455,                                  17.419,                                   0.007,                                   0.011,                               80286.656,                                   1.000,
8/12/2026 2:36:58 PM  ,    5643.000,                                  10.082,                                  12.466,                                  17.434,                                   0.007,                                   0.011,                               80215.688,                                   1.000,
8/12/2026 2:36:59 PM  ,    5644.000,                                  10.082,                                  12.452,                                  17.414,                                   0.007,                                   0.011,                               80306.195,                                   1.000,
8/12/2026 2:37:00 PM  ,    5645.000,                                  10.082,                                  12.456,                                  17.420,                                   0.007,                                   0.011,                               80281.141,                                   1.000,
8/12/2026 2:37:01 PM  ,    5646.000,                                  10.082,                                  12.455,                                  17.417,                                   0.007,                                   0.011,                               80291.211,                                   1.000,
8/12/2026 2:37:02 PM  ,    5647.000,                                  10.082,                                  12.457,                                  17.421,                                   0.007,                                   0.011,                               80273.891,                                   1.000,
8/12/2026 2:37:03 PM  ,    5648.000,                                  10.082,                                  12.456,                                  17.419,                                   0.007,                                   0.011,                               80285.313,                                   1.000,
8/12/2026 2:37:04 PM  ,    5649.000,                                  10.082,                                  12.449,                                  17.409,                                   0.007,                                   0.011,                               80330.391,                                   1.000,
8/12/2026 2:37:05 PM  ,    5650.000,                                  10.082,                                  12.451,                                  17.412,                                   0.007,                                   0.011,                               80313.977,                                   1.000,
8/12/2026 2:37:06 PM  ,    5651.000,                                  10.082,                                  12.465,                                  17.432,                                   0.007,                                   0.011,                               80224.250,                                   1.000,
8/12/2026 2:37:07 PM  ,    5652.000,                                  10.083,                                  12.453,                                  17.415,                                   0.007,                                   0.011,                               80302.039,                                   1.000,
8/12/2026 2:37:08 PM  ,    5653.000,                                  10.083,                                  12.449,                                  17.410,                                   0.007,                                   0.011,                               80325.078,                                   1.000,
8/12/2026 2:37:09 PM  ,    5654.000,                                  10.083,                                  12.458,                                  17.422,                                   0.007,                                   0.011,                               80269.469,                                   1.000,
8/12/2026 2:37:10 PM  ,    5655.000,                                  10.083,                                  12.445,                                  17.403,                                   0.007,                                   0.011,                               80354.133,                                   1.000,
8/12/2026 2:37:11 PM  ,    5656.000,                                  10.084,                                  12.451,                                  17.411,                                   0.007,                                   0.011,                               80317.734,                                   1.000,
8/12/2026 2:37:12 PM  ,    5657.000,                                  10.084,                                  12.449,                                  17.408,                                   0.007,                                   0.011,                               80330.758,                                   1.000,
8/12/2026 2:37:13 PM  ,    5658.000,                                  10.084,                                  12.455,                                  17.417,                                   0.007,                                   0.011,                               80287.586,                                   1.000,
8/12/2026 2:37:14 PM  ,    5659.000,                                  10.084,                                  12.465,                                  17.431,                                   0.007,                                   0.011,                               80223.359,                                   1.000,
8/12/2026 2:37:15 PM  ,    5660.000,                                  10.085,                                  12.447,                                  17.405,                                   0.007,                                   0.011,                               80341.281,                                   1.000,
8/12/2026 2:37:16 PM  ,    5661.000,                                  10.084,                                  12.451,                                  17.411,                                   0.007,                                   0.011,                               80317.172,                                   1.000,
8/12/2026 2:37:17 PM  ,    5662.000,                                  10.085,                                  12.460,                                  17.423,                                   0.007,                                   0.011,                               80259.633,                                   1.000,
8/12/2026 2:37:18 PM  ,    5663.000,                                  10.085,                                  12.444,                                  17.402,                                   0.007,                                   0.011,                               80356.844,                                   1.000,
8/12/2026 2:37:19 PM  ,    5664.000,                                  10.085,                                  12.460,                                  17.423,                                   0.007,                                   0.011,                               80258.133,                                   1.000,
8/12/2026 2:37:20 PM  ,    5665.000,                                  10.085,                                  12.453,                                  17.413,                                   0.007,                                   0.011,                               80304.969,                                   1.000,
8/12/2026 2:37:21 PM  ,    5666.000,                                  10.085,                                  12.457,                                  17.420,                                   0.007,                                   0.011,                               80273.789,                                   1.000,
8/12/2026 2:37:22 PM  ,    5667.000,                                  10.086,                                  12.446,                                  17.403,                                   0.007,                                   0.011,                               80350.266,                                   1.000,
8/12/2026 2:37:23 PM  ,    5668.000,                                  10.086,                                  12.444,                                  17.401,                                   0.007,                                   0.011,                               80358.727,                                   1.000,
8/12/2026 2:37:24 PM  ,    5669.000,                                  10.086,                                  12.456,                                  17.418,                                   0.007,                                   0.011,                               80280.422,                                   1.000,
8/12/2026 2:37:25 PM  ,    5670.000,                                  10.086,                                  12.446,                                  17.404,                                   0.007,                                   0.011,                               80346.828,                                   1.000,
8/12/2026 2:37:26 PM  ,    5671.000,                                  10.086,                                  12.446,                                  17.403,                                   0.007,                                   0.011,                               80349.344,                                   1.000,
8/12/2026 2:37:27 PM  ,    5672.000,                                  10.086,                                  12.439,                                  17.394,                                   0.007,                                   0.011,                               80391.117,                                   1.000,
8/12/2026 2:37:28 PM  ,    5673.000,                                  10.086,                                  12.448,                                  17.407,                                   0.007,                                   0.011,                               80332.469,                                   1.000,
8/12/2026 2:37:29 PM  ,    5674.000,                                  10.087,                                  12.448,                                  17.407,                                   0.007,                                   0.011,                               80331.656,                                   1.000,
8/12/2026 2:37:30 PM  ,    5675.000,                                  10.087,                                  12.451,                                  17.410,                                   0.007,                                   0.011,                               80315.328,                                   1.000,
8/12/2026 2:37:31 PM  ,    5676.000,                                  10.087,                                  12.444,                                  17.401,                                   0.007,                                   0.011,                               80356.781,                                   1.000,
8/12/2026 2:37:32 PM  ,    5677.000,                                  10.087,                                  12.448,                                  17.406,                                   0.007,                                   0.011,                               80334.297,                                   1.000,
8/12/2026 2:37:33 PM  ,    5678.000,                                  10.087,                                  12.448,                                  17.406,                                   0.007,                                   0.011,                               80332.844,                                   1.000,
8/12/2026 2:37:34 PM  ,    5679.000,                                  10.088,                                  12.451,                                  17.410,                                   0.007,                                   0.011,                               80315.398,                                   1.000,
8/12/2026 2:37:35 PM  ,    5680.000,                                  10.088,                                  12.449,                                  17.407,                                   0.007,                                   0.011,                               80325.430,                                   1.000,
8/12/2026 2:37:36 PM  ,    5681.000,                                  10.088,                                  12.442,                                  17.398,                                   0.007,                                   0.011,                               80369.820,                                   1.000,
8/12/2026 2:37:37 PM  ,    5682.000,                                  10.088,                                  12.452,                                  17.411,                                   0.007,                                   0.011,                               80308.961,                                   1.000,
8/12/2026 2:37:38 PM  ,    5683.000,                                  10.088,                                  12.447,                                  17.404,                                   0.007,                                   0.011,                               80341.227,                                   1.000,
8/12/2026 2:37:39 PM  ,    5684.000,                                  10.089,                                  12.451,                                  17.409,                                   0.007,                                   0.011,                               80313.883,                                   1.000,
8/12/2026 2:37:40 PM  ,    5685.000,                                  10.088,                                  12.452,                                  17.411,                                   0.007,                                   0.011,                               80310.188,                                   1.000,
8/12/2026 2:37:41 PM  ,    5686.000,                                  10.089,                                  12.443,                                  17.397,                                   0.007,                                   0.011,                               80369.547,                                   1.000,
8/12/2026 2:37:42 PM  ,    5687.000,                                  10.089,                                  12.443,                                  17.398,                                   0.007,                                   0.011,                               80366.000,                                   1.000,
8/12/2026 2:37:43 PM  ,    5688.000,                                  10.089,                                  12.452,                                  17.410,                                   0.007,                                   0.011,                               80309.039,                                   1.000,
8/12/2026 2:37:44 PM  ,    5689.000,                                  10.089,                                  12.439,                                  17.392,                                   0.007,                                   0.011,                               80395.008,                                   1.000,
8/12/2026 2:37:45 PM  ,    5690.000,                                  10.090,                                  12.446,                                  17.402,                                   0.007,                                   0.011,                               80344.563,                                   1.000,
8/12/2026 2:37:46 PM  ,    5691.000,                                  10.090,                                  12.451,                                  17.409,                                   0.007,                                   0.011,                               80312.836,                                   1.000,
8/12/2026 2:37:47 PM  ,    5692.000,                                  10.090,                                  12.449,                                  17.406,                                   0.007,                                   0.011,                               80324.953,                                   1.000,
8/12/2026 2:37:48 PM  ,    5693.000,                                  10.091,                                  12.448,                                  17.404,                                   0.007,                                   0.011,                               80336.563,                                   1.000,
8/12/2026 2:37:49 PM  ,    5694.000,                                  10.090,                                  12.447,                                  17.402,                                   0.007,                                   0.011,                               80342.773,                                   1.000,
8/12/2026 2:37:50 PM  ,    5695.000,                                  10.091,                                  12.449,                                  17.406,                                   0.007,                                   0.011,                               80326.281,                                   1.000,
8/12/2026 2:37:51 PM  ,    5696.000,                                  10.091,                                  12.440,                                  17.393,                                   0.007,                                   0.011,                               80383.563,                                   1.000,
8/12/2026 2:37:52 PM  ,    5697.000,                                  10.091,                                  12.447,                                  17.403,                                   0.007,                                   0.011,                               80339.367,                                   1.000,
8/12/2026 2:37:53 PM  ,    5698.000,                                  10.091,                                  12.444,                                  17.398,                                   0.007,                                   0.011,                               80361.219,                                   1.000,
8/12/2026 2:37:54 PM  ,    5699.000,                                  10.091,                                  12.449,                                  17.405,                                   0.007,                                   0.011,                               80328.656,                                   1.000,
8/12/2026 2:37:55 PM  ,    5700.000,                                  10.091,                                  12.440,                                  17.393,                                   0.007,                                   0.011,                               80383.406,                                   1.000,
8/12/2026 2:37:56 PM  ,    5701.000,                                  10.091,                                  12.447,                                  17.402,                                   0.007,                                   0.011,                               80342.922,                                   1.000,
8/12/2026 2:37:57 PM  ,    5702.000,                                  10.092,                                  12.451,                                  17.408,                                   0.007,                                   0.011,                               80314.039,                                   1.000,
8/12/2026 2:37:58 PM  ,    5703.000,                                  10.092,                                  12.443,                                  17.396,                                   0.007,                                   0.011,                               80369.086,                                   1.000,
8/12/2026 2:37:59 PM  ,    5704.000,                                  10.091,                                  12.444,                                  17.399,                                   0.007,                                   0.011,                               80357.828,                                   1.000,
8/12/2026 2:38:00 PM  ,    5705.000,                                  10.092,                                  12.443,                                  17.397,                                   0.007,                                   0.011,                               80363.656,                                   1.000,
8/12/2026 2:38:01 PM  ,    5706.000,                                  10.092,                                  12.451,                                  17.408,                                   0.007,                                   0.011,                               80315.531,                                   1.000,
8/12/2026 2:38:02 PM  ,    5707.000,                                  10.093,                                  12.434,                                  17.384,                                   0.007,                                   0.011,                               80422.953,                                   1.000,
8/12/2026 2:38:03 PM  ,    5708.000,                                  10.092,                                  12.444,                                  17.398,                                   0.007,                                   0.011,                               80360.195,                                   1.000,
8/12/2026 2:38:04 PM  ,    5709.000,                                  10.093,                                  12.435,                                  17.385,                                   0.007,                                   0.011,                               80418.039,                                   1.000,
8/12/2026 2:38:05 PM  ,    5710.000,                                  10.093,                                  12.444,                                  17.398,                                   0.007,                                   0.011,                               80357.164,                                   1.000,
8/12/2026 2:38:06 PM  ,    5711.000,                                  10.093,                                  12.445,                                  17.399,                                   0.007,                                   0.011,                               80352.141,                                   1.000,
8/12/2026 2:38:07 PM  ,    5712.000,                                  10.093,                                  12.443,                                  17.396,                                   0.007,                                   0.011,                               80368.859,                                   1.000,
8/12/2026 2:38:08 PM  ,    5713.000,                                  10.094,                                  12.440,                                  17.392,                                   0.007,                                   0.011,                               80383.289,                                   1.000,
8/12/2026 2:38:09 PM  ,    5714.000,                                  10.094,                                  12.446,                                  17.399,                                   0.007,                                   0.011,                               80349.773,                                   1.000,
8/12/2026 2:38:10 PM  ,    5715.000,                                  10.094,                                  12.437,                                  17.387,                                   0.007,                                   0.011,                               80405.602,                                   1.000,
8/12/2026 2:38:11 PM  ,    5716.000,                                  10.094,                                  12.437,                                  17.388,                                   0.007,                                   0.011,                               80402.094,                                   1.000,
8/12/2026 2:38:12 PM  ,    5717.000,                                  10.094,                                  12.439,                                  17.390,                                   0.007,                                   0.011,                               80391.477,                                   1.000,
8/12/2026 2:38:13 PM  ,    5718.000,                                  10.095,                                  12.444,                                  17.397,                                   0.007,                                   0.011,                               80359.750,                                   1.000,
8/12/2026 2:38:14 PM  ,    5719.000,                                  10.095,                                  12.440,                                  17.391,                                   0.007,                                   0.011,                               80386.492,                                   1.000,
8/12/2026 2:38:15 PM  ,    5720.000,                                  10.095,                                  12.444,                                  17.397,                                   0.007,                                   0.011,                               80359.227,                                   1.000,
8/12/2026 2:38:16 PM  ,    5721.000,                                  10.095,                                  12.435,                                  17.385,                                   0.007,                                   0.011,                               80415.547,                                   1.000,
8/12/2026 2:38:17 PM  ,    5722.000,                                  10.096,                                  12.450,                                  17.404,                                   0.007,                                   0.011,                               80322.695,                                   1.000,
8/12/2026 2:38:18 PM  ,    5723.000,                                  10.096,                                  12.441,                                  17.392,                                   0.007,                                   0.011,                               80379.656,                                   1.000,
8/12/2026 2:38:19 PM  ,    5724.000,                                  10.096,                                  12.434,                                  17.382,                                   0.007,                                   0.011,                               80426.250,                                   1.000,
8/12/2026 2:38:20 PM  ,    5725.000,                                  10.096,                                  12.437,                                  17.387,                                   0.007,                                   0.011,                               80404.781,                                   1.000,
8/12/2026 2:38:21 PM  ,    5726.000,                                  10.096,                                  12.439,                                  17.390,                                   0.007,                                   0.011,                               80391.094,                                   1.000,
8/12/2026 2:38:22 PM  ,    5727.000,                                  10.095,                                  12.446,                                  17.400,                                   0.007,                                   0.011,                               80345.625,                                   1.000,
8/12/2026 2:38:23 PM  ,    5728.000,                                  10.096,                                  12.451,                                  17.405,                                   0.007,                                   0.011,                               80317.438,                                   1.000,
8/12/2026 2:38:24 PM  ,    5729.000,                                  10.096,                                  12.436,                                  17.385,                                   0.007,                                   0.011,                               80412.875,                                   1.000,
8/12/2026 2:38:25 PM  ,    5730.000,                                  10.097,                                  12.437,                                  17.386,                                   0.007,                                   0.011,                               80407.258,                                   1.000,
8/12/2026 2:38:26 PM  ,    5731.000,                                  10.097,                                  12.439,                                  17.389,                                   0.007,                                   0.011,                               80391.633,                                   1.000,
8/12/2026 2:38:27 PM  ,    5732.000,                                  10.097,                                  12.431,                                  17.378,                                   0.007,                                   0.011,                               80440.820,                                   1.000,
8/12/2026 2:38:28 PM  ,    5733.000,                                  10.097,                                  12.444,                                  17.395,                                   0.007,                                   0.011,                               80363.172,                                   1.000,
8/12/2026 2:38:29 PM  ,    5734.000,                                  10.097,                                  12.443,                                  17.395,                                   0.007,                                   0.011,                               80363.789,                                   1.000,
8/12/2026 2:38:30 PM  ,    5735.000,                                  10.097,                                  12.441,                                  17.391,                                   0.007,                                   0.011,                               80382.297,                                   1.000,
8/12/2026 2:38:31 PM  ,    5736.000,                                  10.097,                                  12.438,                                  17.386,                                   0.007,                                   0.011,                               80401.828,                                   1.000,
8/12/2026 2:38:32 PM  ,    5737.000,                                  10.097,                                  12.438,                                  17.387,                                   0.007,                                   0.011,                               80400.852,                                   1.000,
8/12/2026 2:38:33 PM  ,    5738.000,                                  10.098,                                  12.443,                                  17.394,                                   0.007,                                   0.011,                               80365.477,                                   1.000,
8/12/2026 2:38:34 PM  ,    5739.000,                                  10.098,                                  12.451,                                  17.405,                                   0.007,                                   0.011,                               80316.109,                                   1.000,
8/12/2026 2:38:35 PM  ,    5740.000,                                  10.098,                                  12.439,                                  17.388,                                   0.007,                                   0.011,                               80395.047,                                   1.000,
8/12/2026 2:38:36 PM  ,    5741.000,                                  10.098,                                  12.445,                                  17.397,                                   0.007,                                   0.011,                               80353.727,                                   1.000,
8/12/2026 2:38:37 PM  ,    5742.000,                                  10.098,                                  12.433,                                  17.380,                                   0.007,                                   0.011,                               80427.953,                                   1.000,
8/12/2026 2:38:38 PM  ,    5743.000,                                  10.098,                                  12.435,                                  17.382,                                   0.007,                                   0.011,                               80420.508,                                   1.000,
8/12/2026 2:38:39 PM  ,    5744.000,                                  10.099,                                  12.442,                                  17.392,                                   0.007,                                   0.011,                               80372.094,                                   1.000,
8/12/2026 2:38:40 PM  ,    5745.000,                                  10.099,                                  12.444,                                  17.395,                                   0.007,                                   0.011,                               80358.992,                                   1.000,
8/12/2026 2:38:41 PM  ,    5746.000,                                  10.099,                                  12.445,                                  17.396,                                   0.007,                                   0.011,                               80353.039,                                   1.000,
8/12/2026 2:38:42 PM  ,    5747.000,                                  10.099,                                  12.439,                                  17.387,                                   0.007,                                   0.011,                               80394.906,                                   1.000,
8/12/2026 2:38:43 PM  ,    5748.000,                                  10.100,                                  12.442,                                  17.392,                                   0.007,                                   0.011,                               80373.039,                                   1.000,
8/12/2026 2:38:44 PM  ,    5749.000,                                  10.100,                                  12.452,                                  17.406,                                   0.007,                                   0.011,                               80305.180,                                   1.000,
8/12/2026 2:38:45 PM  ,    5750.000,                                  10.099,                                  12.449,                                  17.402,                                   0.007,                                   0.011,                               80326.117,                                   1.000,
8/12/2026 2:38:46 PM  ,    5751.000,                                  10.100,                                  12.430,                                  17.375,                                   0.007,                                   0.011,                               80451.906,                                   1.000,
8/12/2026 2:38:47 PM  ,    5752.000,                                  10.100,                                  12.439,                                  17.388,                                   0.007,                                   0.011,                               80390.477,                                   1.000,
8/12/2026 2:38:48 PM  ,    5753.000,                                  10.100,                                  12.432,                                  17.377,                                   0.007,                                   0.011,                               80439.945,                                   1.000,
8/12/2026 2:38:49 PM  ,    5754.000,                                  10.100,                                  12.437,                                  17.384,                                   0.007,                                   0.011,                               80406.555,                                   1.000,
8/12/2026 2:38:50 PM  ,    5755.000,                                  10.100,                                  12.444,                                  17.395,                                   0.007,                                   0.011,                               80357.547,                                   1.000,
8/12/2026 2:38:51 PM  ,    5756.000,                                  10.100,                                  12.431,                                  17.375,                                   0.007,                                   0.011,                               80446.086,                                   1.000,
8/12/2026 2:38:52 PM  ,    5757.000,                                  10.100,                                  12.436,                                  17.383,                                   0.007,                                   0.011,                               80412.875,                                   1.000,
8/12/2026 2:38:53 PM  ,    5758.000,                                  10.101,                                  12.438,                                  17.385,                                   0.007,                                   0.011,                               80400.016,                                   1.000,
8/12/2026 2:38:54 PM  ,    5759.000,                                  10.101,                                  12.432,                                  17.376,                                   0.007,                                   0.011,                               80439.688,                                   1.000,
8/12/2026 2:38:55 PM  ,    5760.000,                                  10.102,                                  12.430,                                  17.374,                                   0.007,                                   0.011,                               80447.734,                                   1.000,
8/12/2026 2:38:56 PM  ,    5761.000,                                  10.101,                                  12.433,                                  17.379,                                   0.007,                                   0.011,                               80428.477,                                   1.000,
8/12/2026 2:38:57 PM  ,    5762.000,                                  10.102,                                  12.437,                                  17.383,                                   0.007,                                   0.011,                               80408.195,                                   1.000,
8/12/2026 2:38:58 PM  ,    5763.000,                                  10.102,                                  12.445,                                  17.395,                                   0.007,                                   0.011,                               80351.000,                                   1.000,
8/12/2026 2:38:59 PM  ,    5764.000,                                  10.102,                                  12.441,                                  17.389,                                   0.007,                                   0.011,                               80380.773,                                   1.000,
8/12/2026 2:39:00 PM  ,    5765.000,                                  10.102,                                  12.443,                                  17.392,                                   0.007,                                   0.011,                               80364.250,                                   1.000,
8/12/2026 2:39:01 PM  ,    5766.000,                                  10.102,                                  12.427,                                  17.369,                                   0.007,                                   0.011,                               80470.367,                                   1.000,
8/12/2026 2:39:02 PM  ,    5767.000,                                  10.102,                                  12.435,                                  17.381,                                   0.007,                                   0.011,                               80417.180,                                   1.000,
8/12/2026 2:39:03 PM  ,    5768.000,                                  10.103,                                  12.441,                                  17.388,                                   0.007,                                   0.011,                               80381.148,                                   1.000,
8/12/2026 2:39:04 PM  ,    5769.000,                                  10.103,                                  12.434,                                  17.379,                                   0.007,                                   0.011,                               80422.516,                                   1.000,
8/12/2026 2:39:05 PM  ,    5770.000,                                  10.103,                                  12.429,                                  17.372,                                   0.007,                                   0.011,                               80458.516,                                   1.000,
8/12/2026 2:39:06 PM  ,    5771.000,                                  10.103,                                  12.439,                                  17.386,                                   0.007,                                   0.011,                               80392.742,                                   1.000,
8/12/2026 2:39:07 PM  ,    5772.000,                                  10.103,                                  12.434,                                  17.378,                                   0.007,                                   0.011,                               80427.094,                                   1.000,
8/12/2026 2:39:08 PM  ,    5773.000,                                  10.103,                                  12.438,                                  17.384,                                   0.007,                                   0.011,                               80399.227,                                   1.000,
8/12/2026 2:39:09 PM  ,    5774.000,                                  10.103,                                  12.432,                                  17.377,                                   0.007,                                   0.011,                               80434.930,                                   1.000,
8/12/2026 2:39:10 PM  ,    5775.000,                                  10.103,                                  12.444,                                  17.393,                                   0.007,                                   0.011,                               80359.664,                                   1.000,
8/12/2026 2:39:11 PM  ,    5776.000,                                  10.104,                                  12.432,                                  17.376,                                   0.007,                                   0.011,                               80438.641,                                   1.000,
8/12/2026 2:39:12 PM  ,    5777.000,                                  10.104,                                  12.433,                                  17.377,                                   0.007,                                   0.011,                               80431.023,                                   1.000,
8/12/2026 2:39:13 PM  ,    5778.000,                                  10.104,                                  12.432,                                  17.375,                                   0.007,                                   0.011,                               80440.719,                                   1.000,
8/12/2026 2:39:14 PM  ,    5779.000,                                  10.104,                                  12.440,                                  17.386,                                   0.007,                                   0.011,                               80388.641,                                   1.000,
8/12/2026 2:39:15 PM  ,    5780.000,                                  10.104,                                  12.437,                                  17.382,                                   0.007,                                   0.011,                               80406.188,                                   1.000,
8/12/2026 2:39:16 PM  ,    5781.000,                                  10.105,                                  12.442,                                  17.389,                                   0.007,                                   0.011,                               80375.484,                                   1.000,
8/12/2026 2:39:17 PM  ,    5782.000,                                  10.104,                                  12.439,                                  17.386,                                   0.007,                                   0.011,                               80389.180,                                   1.000,
8/12/2026 2:39:18 PM  ,    5783.000,                                  10.105,                                  12.440,                                  17.386,                                   0.007,                                   0.011,                               80386.273,                                   1.000,
8/12/2026 2:39:19 PM  ,    5784.000,                                  10.105,                                  12.433,                                  17.377,                                   0.007,                                   0.011,                               80428.281,                                   1.000,
8/12/2026 2:39:20 PM  ,    5785.000,                                  10.105,                                  12.436,                                  17.381,                                   0.007,                                   0.011,                               80409.953,                                   1.000,
8/12/2026 2:39:21 PM  ,    5786.000,                                  10.105,                                  12.430,                                  17.372,                                   0.007,                                   0.011,                               80452.766,                                   1.000,
8/12/2026 2:39:22 PM  ,    5787.000,                                  10.105,                                  12.433,                                  17.377,                                   0.007,                                   0.011,                               80430.141,                                   1.000,
8/12/2026 2:39:23 PM  ,    5788.000,                                  10.105,                                  12.431,                                  17.374,                                   0.007,                                   0.011,                               80441.820,                                   1.000,
8/12/2026 2:39:24 PM  ,    5789.000,                                  10.105,                                  12.440,                                  17.386,                                   0.007,                                   0.011,                               80384.453,                                   1.000,
8/12/2026 2:39:25 PM  ,    5790.000,                                  10.106,                                  12.436,                                  17.380,                                   0.007,                                   0.011,                               80412.234,                                   1.000,
8/12/2026 2:39:26 PM  ,    5791.000,                                  10.106,                                  12.430,                                  17.372,                                   0.007,                                   0.011,                               80451.883,                                   1.000,
8/12/2026 2:39:27 PM  ,    5792.000,                                  10.106,                                  12.430,                                  17.372,                                   0.007,                                   0.011,                               80448.477,                                   1.000,
8/12/2026 2:39:28 PM  ,    5793.000,                                  10.106,                                  12.436,                                  17.380,                                   0.007,                                   0.011,                               80411.445,                                   1.000,
8/12/2026 2:39:29 PM  ,    5794.000,                                  10.106,                                  12.437,                                  17.381,                                   0.007,                                   0.011,                               80406.977,                                   1.000,
8/12/2026 2:39:30 PM  ,    5795.000,                                  10.106,                                  12.427,                                  17.367,                                   0.007,                                   0.011,                               80470.789,                                   1.000,
8/12/2026 2:39:31 PM  ,    5796.000,                                  10.106,                                  12.429,                                  17.371,                                   0.007,                                   0.011,                               80455.352,                                   1.000,
8/12/2026 2:39:32 PM  ,    5797.000,                                  10.107,                                  12.427,                                  17.367,                                   0.007,                                   0.011,                               80470.109,                                   1.000,
8/12/2026 2:39:33 PM  ,    5798.000,                                  10.106,                                  12.428,                                  17.369,                                   0.007,                                   0.011,                               80461.633,                                   1.000,
8/12/2026 2:39:34 PM  ,    5799.000,                                  10.107,                                  12.435,                                  17.378,                                   0.007,                                   0.011,                               80420.883,                                   1.000,
8/12/2026 2:39:35 PM  ,    5800.000,                                  10.107,                                  12.434,                                  17.376,                                   0.007,                                   0.011,                               80427.742,                                   1.000,
8/12/2026 2:39:36 PM  ,    5801.000,                                  10.107,                                  12.428,                                  17.369,                                   0.007,                                   0.011,                               80460.930,                                   1.000,
8/12/2026 2:39:37 PM  ,    5802.000,                                  10.107,                                  12.434,                                  17.377,                                   0.007,                                   0.011,                               80423.055,                                   1.000,
8/12/2026 2:39:38 PM  ,    5803.000,                                  10.107,                                  12.425,                                  17.364,                                   0.007,                                   0.011,                               80483.852,                                   1.000,
8/12/2026 2:39:39 PM  ,    5804.000,                                  10.107,                                  12.427,                                  17.367,                                   0.007,                                   0.011,                               80471.281,                                   1.000,
8/12/2026 2:39:40 PM  ,    5805.000,                                  10.107,                                  12.428,                                  17.368,                                   0.007,                                   0.011,                               80465.188,                                   1.000,
8/12/2026 2:39:41 PM  ,    5806.000,                                  10.108,                                  12.432,                                  17.374,                                   0.007,                                   0.011,                               80437.906,                                   1.000,
8/12/2026 2:39:42 PM  ,    5807.000,                                  10.109,                                  12.430,                                  17.370,                                   0.007,                                   0.011,                               80451.734,                                   1.000,
8/12/2026 2:39:43 PM  ,    5808.000,                                  10.109,                                  12.436,                                  17.379,                                   0.007,                                   0.011,                               80412.438,                                   1.000,
8/12/2026 2:39:44 PM  ,    5809.000,                                  10.109,                                  12.423,                                  17.360,                                   0.007,                                   0.011,                               80498.102,                                   1.000,
8/12/2026 2:39:45 PM  ,    5810.000,                                  10.109,                                  12.431,                                  17.373,                                   0.007,                                   0.011,                               80440.969,                                   1.000,
8/12/2026 2:39:46 PM  ,    5811.000,                                  10.109,                                  12.444,                                  17.390,                                   0.007,                                   0.011,                               80358.711,                                   1.000,
8/12/2026 2:39:47 PM  ,    5812.000,                                  10.109,                                  12.431,                                  17.372,                                   0.007,                                   0.011,                               80445.000,                                   1.000,
8/12/2026 2:39:48 PM  ,    5813.000,                                  10.109,                                  12.430,                                  17.370,                                   0.007,                                   0.011,                               80452.500,                                   1.000,
8/12/2026 2:39:49 PM  ,    5814.000,                                  10.110,                                  12.431,                                  17.371,                                   0.007,                                   0.011,                               80445.516,                                   1.000,
8/12/2026 2:39:50 PM  ,    5815.000,                                  10.110,                                  12.432,                                  17.373,                                   0.007,                                   0.011,                               80435.016,                                   1.000,
8/12/2026 2:39:51 PM  ,    5816.000,                                  10.111,                                  12.432,                                  17.372,                                   0.007,                                   0.011,                               80439.578,                                   1.000,
8/12/2026 2:39:52 PM  ,    5817.000,                                  10.110,                                  12.433,                                  17.373,                                   0.007,                                   0.011,                               80434.242,                                   1.000,
8/12/2026 2:39:53 PM  ,    5818.000,                                  10.110,                                  12.439,                                  17.382,                                   0.007,                                   0.011,                               80393.164,                                   1.000,
8/12/2026 2:39:54 PM  ,    5819.000,                                  10.110,                                  12.437,                                  17.379,                                   0.007,                                   0.011,                               80407.914,                                   1.000,
8/12/2026 2:39:55 PM  ,    5820.000,                                  10.110,                                  12.425,                                  17.363,                                   0.007,                                   0.011,                               80482.273,                                   1.000,
8/12/2026 2:39:56 PM  ,    5821.000,                                  10.111,                                  12.427,                                  17.366,                                   0.007,                                   0.011,                               80469.953,                                   1.000,
8/12/2026 2:39:57 PM  ,    5822.000,                                  10.111,                                  12.435,                                  17.377,                                   0.007,                                   0.011,                               80415.039,                                   1.000,
8/12/2026 2:39:58 PM  ,    5823.000,                                  10.111,                                  12.430,                                  17.370,                                   0.007,                                   0.011,                               80449.617,                                   1.000,
8/12/2026 2:39:59 PM  ,    5824.000,                                  10.111,                                  12.438,                                  17.380,                                   0.007,                                   0.011,                               80401.617,                                   1.000,
8/12/2026 2:40:00 PM  ,    5825.000,                                  10.111,                                  12.438,                                  17.381,                                   0.007,                                   0.011,                               80396.352,                                   1.000,
8/12/2026 2:40:01 PM  ,    5826.000,                                  10.111,                                  12.432,                                  17.372,                                   0.007,                                   0.011,                               80440.188,                                   1.000,
8/12/2026 2:40:02 PM  ,    5827.000,                                  10.111,                                  12.440,                                  17.383,                                   0.007,                                   0.011,                               80387.508,                                   1.000,
8/12/2026 2:40:03 PM  ,    5828.000,                                  10.112,                                  12.437,                                  17.378,                                   0.007,                                   0.011,                               80408.234,                                   1.000,
8/12/2026 2:40:04 PM  ,    5829.000,                                  10.111,                                  12.445,                                  17.390,                                   0.007,                                   0.011,                               80353.828,                                   1.000,
8/12/2026 2:40:05 PM  ,    5830.000,                                  10.112,                                  12.432,                                  17.371,                                   0.007,                                   0.011,                               80439.750,                                   1.000,
8/12/2026 2:40:06 PM  ,    5831.000,                                  10.112,                                  12.432,                                  17.371,                                   0.007,                                   0.011,                               80440.055,                                   1.000,
8/12/2026 2:40:07 PM  ,    5832.000,                                  10.112,                                  12.437,                                  17.379,                                   0.007,                                   0.011,                               80406.914,                                   1.000,
8/12/2026 2:40:08 PM  ,    5833.000,                                  10.112,                                  12.435,                                  17.377,                                   0.007,                                   0.011,                               80414.961,                                   1.000,
8/12/2026 2:40:09 PM  ,    5834.000,                                  10.112,                                  12.423,                                  17.359,                                   0.007,                                   0.011,                               80496.930,                                   1.000,
8/12/2026 2:40:10 PM  ,    5835.000,                                  10.113,                                  12.429,                                  17.367,                                   0.007,                                   0.011,                               80455.969,                                   1.000,
8/12/2026 2:40:11 PM  ,    5836.000,                                  10.113,                                  12.429,                                  17.367,                                   0.007,                                   0.011,                               80459.641,                                   1.000,
8/12/2026 2:40:12 PM  ,    5837.000,                                  10.113,                                  12.436,                                  17.377,                                   0.007,                                   0.011,                               80409.938,                                   1.000,
8/12/2026 2:40:13 PM  ,    5838.000,                                  10.113,                                  12.430,                                  17.369,                                   0.007,                                   0.011,                               80449.039,                                   1.000,
8/12/2026 2:40:14 PM  ,    5839.000,                                  10.113,                                  12.433,                                  17.372,                                   0.007,                                   0.011,                               80433.844,                                   1.000,
8/12/2026 2:40:15 PM  ,    5840.000,                                  10.113,                                  12.428,                                  17.366,                                   0.007,                                   0.011,                               80463.273,                                   1.000,
8/12/2026 2:40:16 PM  ,    5841.000,                                  10.114,                                  12.433,                                  17.373,                                   0.007,                                   0.011,                               80429.578,                                   1.000,
8/12/2026 2:40:17 PM  ,    5842.000,                                  10.113,                                  12.441,                                  17.384,                                   0.007,                                   0.011,                               80380.195,                                   1.000,
8/12/2026 2:40:18 PM  ,    5843.000,                                  10.113,                                  12.428,                                  17.365,                                   0.007,                                   0.011,                               80466.125,                                   1.000,
8/12/2026 2:40:19 PM  ,    5844.000,                                  10.114,                                  12.433,                                  17.372,                                   0.007,                                   0.011,                               80430.633,                                   1.000,
8/12/2026 2:40:20 PM  ,    5845.000,                                  10.114,                                  12.431,                                  17.370,                                   0.007,                                   0.011,                               80441.047,                                   1.000,
8/12/2026 2:40:21 PM  ,    5846.000,                                  10.114,                                  12.437,                                  17.378,                                   0.007,                                   0.011,                               80407.008,                                   1.000,
8/12/2026 2:40:22 PM  ,    5847.000,                                  10.114,                                  12.429,                                  17.367,                                   0.007,                                   0.011,                               80457.234,                                   1.000,
8/12/2026 2:40:23 PM  ,    5848.000,                                  10.114,                                  12.439,                                  17.381,                                   0.007,                                   0.011,                               80392.852,                                   1.000,
8/12/2026 2:40:24 PM  ,    5849.000,                                  10.114,                                  12.422,                                  17.357,                                   0.007,                                   0.011,                               80500.844,                                   1.000,
8/12/2026 2:40:25 PM  ,    5850.000,                                  10.115,                                  12.435,                                  17.375,                                   0.007,                                   0.011,                               80416.070,                                   1.000,
8/12/2026 2:40:26 PM  ,    5851.000,                                  10.115,                                  12.424,                                  17.360,                                   0.007,                                   0.011,                               80487.820,                                   1.000,
8/12/2026 2:40:27 PM  ,    5852.000,                                  10.115,                                  12.433,                                  17.372,                                   0.007,                                   0.011,                               80430.813,                                   1.000,
8/12/2026 2:40:28 PM  ,    5853.000,                                  10.115,                                  12.427,                                  17.364,                                   0.007,                                   0.011,                               80468.914,                                   1.000,
8/12/2026 2:40:29 PM  ,    5854.000,                                  10.115,                                  12.427,                                  17.363,                                   0.007,                                   0.011,                               80471.961,                                   1.000,
8/12/2026 2:40:30 PM  ,    5855.000,                                  10.115,                                  12.425,                                  17.361,                                   0.007,                                   0.011,                               80481.352,                                   1.000,
8/12/2026 2:40:31 PM  ,    5856.000,                                  10.116,                                  12.439,                                  17.380,                                   0.007,                                   0.011,                               80390.852,                                   1.000,
8/12/2026 2:40:32 PM  ,    5857.000,                                  10.116,                                  12.426,                                  17.361,                                   0.007,                                   0.011,                               80478.273,                                   1.000,
8/12/2026 2:40:33 PM  ,    5858.000,                                  10.116,                                  12.424,                                  17.359,                                   0.007,                                   0.011,                               80488.289,                                   1.000,
8/12/2026 2:40:34 PM  ,    5859.000,                                  10.116,                                  12.426,                                  17.362,                                   0.007,                                   0.011,                               80474.859,                                   1.000,
8/12/2026 2:40:35 PM  ,    5860.000,                                  10.116,                                  12.440,                                  17.381,                                   0.007,                                   0.011,                               80384.016,                                   1.000,
8/12/2026 2:40:36 PM  ,    5861.000,                                  10.117,                                  12.436,                                  17.376,                                   0.007,                                   0.011,                               80409.727,                                   1.000,
8/12/2026 2:40:37 PM  ,    5862.000,                                  10.117,                                  12.436,                                  17.376,                                   0.007,                                   0.011,                               80409.758,                                   1.000,
8/12/2026 2:40:38 PM  ,    5863.000,                                  10.117,                                  12.433,                                  17.371,                                   0.007,                                   0.011,                               80432.969,                                   1.000,
8/12/2026 2:40:39 PM  ,    5864.000,                                  10.117,                                  12.427,                                  17.362,                                   0.007,                                   0.011,                               80472.523,                                   1.000,
8/12/2026 2:40:40 PM  ,    5865.000,                                  10.118,                                  12.431,                                  17.367,                                   0.007,                                   0.011,                               80446.969,                                   1.000,
8/12/2026 2:40:41 PM  ,    5866.000,                                  10.118,                                  12.433,                                  17.371,                                   0.007,                                   0.011,                               80431.039,                                   1.000,
8/12/2026 2:40:42 PM  ,    5867.000,                                  10.118,                                  12.430,                                  17.366,                                   0.007,                                   0.011,                               80451.563,                                   1.000,
8/12/2026 2:40:43 PM  ,    5868.000,                                  10.118,                                  12.428,                                  17.364,                                   0.007,                                   0.011,                               80464.281,                                   1.000,
8/12/2026 2:40:44 PM  ,    5869.000,                                  10.118,                                  12.436,                                  17.375,                                   0.007,                                   0.011,                               80412.945,                                   1.000,
8/12/2026 2:40:45 PM  ,    5870.000,                                  10.118,                                  12.441,                                  17.382,                                   0.007,                                   0.011,                               80378.031,                                   1.000,
8/12/2026 2:40:46 PM  ,    5871.000,                                  10.118,                                  12.424,                                  17.357,                                   0.007,                                   0.011,                               80490.836,                                   1.000,
8/12/2026 2:40:47 PM  ,    5872.000,                                  10.118,                                  12.436,                                  17.375,                                   0.007,                                   0.011,                               80412.586,                                   1.000,
8/12/2026 2:40:48 PM  ,    5873.000,                                  10.119,                                  12.427,                                  17.361,                                   0.007,                                   0.011,                               80473.023,                                   1.000,
8/12/2026 2:40:49 PM  ,    5874.000,                                  10.118,                                  12.424,                                  17.357,                                   0.007,                                   0.011,                               80491.930,                                   1.000,
8/12/2026 2:40:50 PM  ,    5875.000,                                  10.119,                                  12.428,                                  17.363,                                   0.007,                                   0.011,                               80465.094,                                   1.000,
8/12/2026 2:40:51 PM  ,    5876.000,                                  10.119,                                  12.438,                                  17.377,                                   0.007,                                   0.011,                               80399.750,                                   1.000,
8/12/2026 2:40:52 PM  ,    5877.000,                                  10.119,                                  12.424,                                  17.358,                                   0.007,                                   0.011,                               80487.820,                                   1.000,
8/12/2026 2:40:53 PM  ,    5878.000,                                  10.119,                                  12.432,                                  17.369,                                   0.007,                                   0.011,                               80437.734,                                   1.000,
8/12/2026 2:40:54 PM  ,    5879.000,                                  10.120,                                  12.440,                                  17.379,                                   0.007,                                   0.011,                               80386.727,                                   1.000,
8/12/2026 2:40:55 PM  ,    5880.000,                                  10.119,                                  12.432,                                  17.369,                                   0.007,                                   0.011,                               80435.352,                                   1.000,
8/12/2026 2:40:56 PM  ,    5881.000,                                  10.120,                                  12.437,                                  17.375,                                   0.007,                                   0.011,                               80406.945,                                   1.000,
8/12/2026 2:40:57 PM  ,    5882.000,                                  10.119,                                  12.439,                                  17.379,                                   0.007,                                   0.011,                               80391.320,                                   1.000,
8/12/2026 2:40:58 PM  ,    5883.000,                                  10.120,                                  12.431,                                  17.367,                                   0.007,                                   0.011,                               80441.195,                                   1.000,
8/12/2026 2:40:59 PM  ,    5884.000,                                  10.120,                                  12.435,                                  17.372,                                   0.007,                                   0.011,                               80418.289,                                   1.000,
8/12/2026 2:41:00 PM  ,    5885.000,                                  10.120,                                  12.438,                                  17.377,                                   0.007,                                   0.011,                               80396.883,                                   1.000,
8/12/2026 2:41:01 PM  ,    5886.000,                                  10.120,                                  12.430,                                  17.365,                                   0.007,                                   0.011,                               80453.297,                                   1.000,
8/12/2026 2:41:02 PM  ,    5887.000,                                  10.120,                                  12.442,                                  17.383,                                   0.007,                                   0.011,                               80369.961,                                   1.000,
8/12/2026 2:41:03 PM  ,    5888.000,                                  10.121,                                  12.441,                                  17.381,                                   0.007,                                   0.011,                               80376.938,                                   1.000,
8/12/2026 2:41:04 PM  ,    5889.000,                                  10.121,                                  12.422,                                  17.354,                                   0.007,                                   0.011,                               80503.359,                                   1.000,

