Report Date:,8/14/2026 6:19:39 PM
Report User Name:,geogals
Report Computer Name:,TAY-DRIVE
Application:,WinSitu.exe
Application Version:,5.7.8.0


Log File Properties
File Name,NaCl_20260716_RR_2026-08-14_18-19-20-633.wsl
Create Date,8/14/2026 6:19:18 PM

Device Properties
Device,Aqua TROLL 200
Site,Longmire stoking well
Device Name, 
Serial Number,680530
Firmware Version,2.01
Hardware Version,4
Device Address,1
Device Comm Cfg,19200,8,Even,1,(Modbus-RTU)
Used Memory,18
Used Battery,71

Log Configuration
,Log Name,NaCl_20260716_RR
,Created By,geogals
,Computer Name,TAY-DRIVE
,Application,WinSitu.exe
,Application Version,5.7.8.0
,Create Date,7/16/2026 2:58:18 PM Pacific Daylight Time
,Log Setup Time Zone,Pacific Daylight Time
,Notes Size(bytes),4096
,Overwrite when full,Disabled
,Scheduled Start Time,Manual Start
,Scheduled Stop Time,No Stop Time
,Type,Event
,Event Sensor,PCTD(A) 35.8ft
,Event Parameter,Pressure (PSI)
,Sample Rate,Days: 0 hrs: 00 mins: 00 secs: 01
,Default Log Rate,Days: 0 hrs: 00 mins: 00 secs: 05
,High Trigger,         -2.000,(PSI)





Other Log Settings
,Pressure Offset:,13.2718 (PSI)
,Depth of Probe:,0.176889 (ft)
,Head Pressure:,0.07658 (PSI)
,Temperature:,17.9076 (C)

,Specific Conductivity Model:,Modified Standard Methods
,,Reference Temperature:,20
,,Temperature Coefficient:,0.0191

,TDS Factor:,0.65


Log Notes:
Date and Time,Note
7/16/2026 2:58:22 PM  ,Used Battery: 71% Used Memory: 18%   User Name: geogals
7/16/2026 3:34:41 PM  ,Device Reset
7/16/2026 3:47:54 PM  ,Manual Start Command
7/16/2026 5:02:09 PM  ,Manual Stop Command


Log Data:
Record Count,931

Sensors,1

 ,1,680530,PCTD 30 PSIA (10.9m/35.8ft)

Time Zone: Pacific Daylight Time

,,Sensor: PCTD(A) 35.8ft                  ,Sensor: PCTD(A) 35.8ft                  ,Sensor: PCTD(A) 35.8ft                  ,Sensor: PCTD(A) 35.8ft                  ,Sensor: PCTD(A) 35.8ft                  ,Sensor: PCTD(A) 35.8ft                  ,Sensor: PCTD(A) 35.8ft                  ,
,Elapsed Time,SN#: 680530                             ,SN#: 680530                             ,SN#: 680530                             ,SN#: 680530                             ,SN#: 680530                             ,SN#: 680530                             ,SN#: 680530                             ,
Date and Time,Seconds     ,Temperature (C)                         ,Actual Conductivity (µS/cm)             ,Specific Conductivity (µS/cm)           ,Salinity (PSU)                          ,Total Dissolved Solids (ppt)            ,Resistivity (ohm-cm)                    ,Water Density (g/cm3)                   ,
7/16/2026 3:47:54 PM  ,       0.000,                                   9.910,                                  15.153,                                  18.770,                                   0.009,                                   0.012,                               65994.703,                                   1.000,
7/16/2026 3:47:55 PM  ,       1.000,                                   9.908,                                  15.234,                                  18.871,                                   0.009,                                   0.012,                               65644.430,                                   1.000,
7/16/2026 3:47:56 PM  ,       2.000,                                   9.908,                                  15.203,                                  18.834,                                   0.009,                                   0.012,                               65775.727,                                   1.000,
7/16/2026 3:47:57 PM  ,       3.000,                                   9.906,                                  15.215,                                  18.849,                                   0.009,                                   0.012,                               65724.578,                                   1.000,
7/16/2026 3:47:58 PM  ,       4.000,                                   9.904,                                  15.198,                                  18.829,                                   0.009,                                   0.012,                               65797.625,                                   1.000,
7/16/2026 3:47:59 PM  ,       5.000,                                   9.901,                                  15.211,                                  18.846,                                   0.009,                                   0.012,                               65740.844,                                   1.000,
7/16/2026 3:48:00 PM  ,       6.000,                                   9.899,                                  15.205,                                  18.840,                                   0.009,                                   0.012,                               65767.211,                                   1.000,
7/16/2026 3:48:01 PM  ,       7.000,                                   9.898,                                  15.211,                                  18.848,                                   0.009,                                   0.012,                               65741.125,                                   1.000,
7/16/2026 3:48:02 PM  ,       8.000,                                   9.897,                                  15.214,                                  18.852,                                   0.009,                                   0.012,                               65727.055,                                   1.000,
7/16/2026 3:48:03 PM  ,       9.000,                                   9.897,                                  15.299,                                  18.957,                                   0.009,                                   0.012,                               65363.691,                                   1.000,
7/16/2026 3:48:04 PM  ,      10.000,                                   9.895,                                  15.294,                                  18.951,                                   0.009,                                   0.012,                               65387.031,                                   1.000,
7/16/2026 3:48:05 PM  ,      11.000,                                   9.892,                                  15.077,                                  18.684,                                   0.009,                                   0.012,                               66325.375,                                   1.000,
7/16/2026 3:48:09 PM  ,      15.000,                                   9.884,                                  15.265,                                  18.921,                                   0.009,                                   0.012,                               65509.238,                                   1.000,
7/16/2026 3:48:14 PM  ,      20.000,                                   9.877,                                  15.238,                                  18.890,                                   0.009,                                   0.012,                               65626.883,                                   1.000,
7/16/2026 3:48:19 PM  ,      25.000,                                   9.866,                                  15.243,                                  18.902,                                   0.009,                                   0.012,                               65602.820,                                   1.000,
7/16/2026 3:48:24 PM  ,      30.000,                                   9.860,                                  15.239,                                  18.900,                                   0.009,                                   0.012,                               65620.445,                                   1.000,
7/16/2026 3:48:29 PM  ,      35.000,                                   9.852,                                  15.229,                                  18.890,                                   0.009,                                   0.012,                               65665.320,                                   1.000,
7/16/2026 3:48:34 PM  ,      40.000,                                   9.845,                                  15.229,                                  18.894,                                   0.009,                                   0.012,                               65662.109,                                   1.000,
7/16/2026 3:48:39 PM  ,      45.000,                                   9.839,                                  15.228,                                  18.895,                                   0.009,                                   0.012,                               65666.789,                                   1.000,
7/16/2026 3:48:44 PM  ,      50.000,                                   9.832,                                  15.222,                                  18.891,                                   0.009,                                   0.012,                               65693.172,                                   1.000,
7/16/2026 3:48:49 PM  ,      55.000,                                   9.825,                                  15.205,                                  18.872,                                   0.009,                                   0.012,                               65769.625,                                   1.000,
7/16/2026 3:48:54 PM  ,      60.000,                                   9.821,                                  15.241,                                  18.919,                                   0.009,                                   0.012,                               65611.648,                                   1.000,
7/16/2026 3:48:59 PM  ,      65.000,                                   9.814,                                  15.222,                                  18.899,                                   0.009,                                   0.012,                               65694.359,                                   1.000,
7/16/2026 3:49:04 PM  ,      70.000,                                   9.809,                                  15.209,                                  18.885,                                   0.009,                                   0.012,                               65750.867,                                   1.000,
7/16/2026 3:49:09 PM  ,      75.000,                                   9.803,                                  15.230,                                  18.914,                                   0.009,                                   0.012,                               65660.297,                                   1.000,
7/16/2026 3:49:14 PM  ,      80.000,                                   9.797,                                  15.225,                                  18.911,                                   0.009,                                   0.012,                               65679.320,                                   1.000,
7/16/2026 3:49:19 PM  ,      85.000,                                   9.793,                                  15.213,                                  18.897,                                   0.009,                                   0.012,                               65733.523,                                   1.000,
7/16/2026 3:49:24 PM  ,      90.000,                                   9.789,                                  15.207,                                  18.891,                                   0.009,                                   0.012,                               65759.930,                                   1.000,
7/16/2026 3:49:29 PM  ,      95.000,                                   9.784,                                  15.210,                                  18.898,                                   0.009,                                   0.012,                               65745.141,                                   1.000,
7/16/2026 3:49:34 PM  ,     100.000,                                   9.780,                                  15.178,                                  18.860,                                   0.009,                                   0.012,                               65884.203,                                   1.000,
7/16/2026 3:49:39 PM  ,     105.000,                                   9.775,                                  15.208,                                  18.899,                                   0.009,                                   0.012,                               65756.039,                                   1.000,
7/16/2026 3:49:44 PM  ,     110.000,                                   9.771,                                  15.208,                                  18.901,                                   0.009,                                   0.012,                               65753.383,                                   1.000,
7/16/2026 3:49:49 PM  ,     115.000,                                   9.765,                                  15.206,                                  18.901,                                   0.009,                                   0.012,                               65763.734,                                   1.000,
7/16/2026 3:49:54 PM  ,     120.000,                                   9.760,                                  15.196,                                  18.891,                                   0.009,                                   0.012,                               65805.914,                                   1.000,
7/16/2026 3:49:59 PM  ,     125.000,                                   9.757,                                  15.191,                                  18.886,                                   0.009,                                   0.012,                               65827.086,                                   1.000,
7/16/2026 3:50:04 PM  ,     130.000,                                   9.753,                                  15.195,                                  18.892,                                   0.009,                                   0.012,                               65812.859,                                   1.000,
7/16/2026 3:50:09 PM  ,     135.000,                                   9.749,                                  15.185,                                  18.882,                                   0.009,                                   0.012,                               65853.359,                                   1.000,
7/16/2026 3:50:14 PM  ,     140.000,                                   9.740,                                  14.653,                                  18.224,                                   0.008,                                   0.012,                               68246.938,                                   1.000,
7/16/2026 3:50:19 PM  ,     145.000,                                   9.736,                                  14.630,                                  18.197,                                   0.008,                                   0.012,                               68353.672,                                   1.000,
7/16/2026 3:50:24 PM  ,     150.000,                                   9.733,                                  14.639,                                  18.210,                                   0.008,                                   0.012,                               68310.867,                                   1.000,
7/16/2026 3:50:29 PM  ,     155.000,                                   9.729,                                  14.610,                                  18.176,                                   0.008,                                   0.012,                               68445.930,                                   1.000,
7/16/2026 3:50:34 PM  ,     160.000,                                   9.727,                                  14.616,                                  18.184,                                   0.008,                                   0.012,                               68419.320,                                   1.000,
7/16/2026 3:50:39 PM  ,     165.000,                                   9.723,                                  15.884,                                  19.763,                                   0.009,                                   0.013,                               62957.988,                                   1.000,
7/16/2026 3:50:44 PM  ,     170.000,                                   9.723,                                  15.909,                                  19.794,                                   0.009,                                   0.013,                               62857.848,                                   1.000,
7/16/2026 3:50:49 PM  ,     175.000,                                   9.721,                                  15.915,                                  19.803,                                   0.009,                                   0.013,                               62832.633,                                   1.000,
7/16/2026 3:50:54 PM  ,     180.000,                                   9.720,                                  15.888,                                  19.770,                                   0.009,                                   0.013,                               62938.793,                                   1.000,
7/16/2026 3:50:59 PM  ,     185.000,                                   9.719,                                  15.889,                                  19.771,                                   0.009,                                   0.013,                               62936.820,                                   1.000,
7/16/2026 3:51:04 PM  ,     190.000,                                   9.715,                                  15.863,                                  19.741,                                   0.009,                                   0.013,                               63040.094,                                   1.000,
7/16/2026 3:51:09 PM  ,     195.000,                                   9.710,                                  15.835,                                  19.708,                                   0.009,                                   0.013,                               63151.258,                                   1.000,
7/16/2026 3:51:14 PM  ,     200.000,                                   9.708,                                  15.825,                                  19.697,                                   0.009,                                   0.013,                               63192.613,                                   1.000,
7/16/2026 3:51:19 PM  ,     205.000,                                   9.704,                                  15.822,                                  19.695,                                   0.009,                                   0.013,                               63202.051,                                   1.000,
7/16/2026 3:51:24 PM  ,     210.000,                                   9.702,                                  15.809,                                  19.680,                                   0.009,                                   0.013,                               63255.223,                                   1.000,
7/16/2026 3:51:29 PM  ,     215.000,                                   9.698,                                  15.785,                                  19.651,                                   0.009,                                   0.013,                               63352.340,                                   1.000,
7/16/2026 3:51:34 PM  ,     220.000,                                   9.694,                                  15.782,                                  19.650,                                   0.009,                                   0.013,                               63363.602,                                   1.000,
7/16/2026 3:51:39 PM  ,     225.000,                                   9.691,                                  15.759,                                  19.623,                                   0.009,                                   0.013,                               63456.293,                                   1.000,
7/16/2026 3:51:44 PM  ,     230.000,                                   9.688,                                  15.732,                                  19.590,                                   0.009,                                   0.013,                               63566.379,                                   1.000,
7/16/2026 3:51:49 PM  ,     235.000,                                   9.685,                                  15.736,                                  19.597,                                   0.009,                                   0.013,                               63549.066,                                   1.000,
7/16/2026 3:51:54 PM  ,     240.000,                                   9.682,                                  15.744,                                  19.608,                                   0.009,                                   0.013,                               63516.586,                                   1.000,
7/16/2026 3:51:59 PM  ,     245.000,                                   9.678,                                  15.752,                                  19.620,                                   0.009,                                   0.013,                               63483.699,                                   1.000,
7/16/2026 3:52:04 PM  ,     250.000,                                   9.676,                                  15.738,                                  19.604,                                   0.009,                                   0.013,                               63540.797,                                   1.000,
7/16/2026 3:52:09 PM  ,     255.000,                                   9.673,                                  15.720,                                  19.583,                                   0.009,                                   0.013,                               63611.875,                                   1.000,
7/16/2026 3:52:14 PM  ,     260.000,                                   9.670,                                  15.737,                                  19.605,                                   0.009,                                   0.013,                               63544.406,                                   1.000,
7/16/2026 3:52:19 PM  ,     265.000,                                   9.667,                                  15.716,                                  19.580,                                   0.009,                                   0.013,                               63629.762,                                   1.000,
7/16/2026 3:52:24 PM  ,     270.000,                                   9.665,                                  15.715,                                  19.580,                                   0.009,                                   0.013,                               63632.242,                                   1.000,
7/16/2026 3:52:29 PM  ,     275.000,                                   9.663,                                  15.719,                                  19.586,                                   0.009,                                   0.013,                               63618.012,                                   1.000,
7/16/2026 3:52:34 PM  ,     280.000,                                   9.661,                                  15.694,                                  19.556,                                   0.009,                                   0.013,                               63717.285,                                   1.000,
7/16/2026 3:52:39 PM  ,     285.000,                                   9.659,                                  15.689,                                  19.550,                                   0.009,                                   0.013,                               63739.520,                                   1.000,
7/16/2026 3:52:44 PM  ,     290.000,                                   9.656,                                  15.667,                                  19.524,                                   0.009,                                   0.013,                               63830.281,                                   1.000,
7/16/2026 3:52:49 PM  ,     295.000,                                   9.653,                                  15.670,                                  19.530,                                   0.009,                                   0.013,                               63816.340,                                   1.000,
7/16/2026 3:52:54 PM  ,     300.000,                                   9.650,                                  15.616,                                  19.464,                                   0.009,                                   0.013,                               64037.883,                                   1.000,
7/16/2026 3:52:59 PM  ,     305.000,                                   9.647,                                  15.621,                                  19.472,                                   0.009,                                   0.013,                               64014.441,                                   1.000,
7/16/2026 3:53:04 PM  ,     310.000,                                   9.644,                                  15.580,                                  19.421,                                   0.009,                                   0.013,                               64185.922,                                   1.000,
7/16/2026 3:53:09 PM  ,     315.000,                                   9.642,                                  15.596,                                  19.442,                                   0.009,                                   0.013,                               64120.727,                                   1.000,
7/16/2026 3:53:14 PM  ,     320.000,                                   9.640,                                  15.564,                                  19.404,                                   0.009,                                   0.013,                               64251.082,                                   1.000,
7/16/2026 3:53:19 PM  ,     325.000,                                   9.638,                                  15.549,                                  19.386,                                   0.009,                                   0.013,                               64311.738,                                   1.000,
7/16/2026 3:53:24 PM  ,     330.000,                                   9.634,                                  15.551,                                  19.389,                                   0.009,                                   0.013,                               64306.578,                                   1.000,
7/16/2026 3:53:29 PM  ,     335.000,                                   9.632,                                  15.546,                                  19.385,                                   0.009,                                   0.013,                               64325.270,                                   1.000,
7/16/2026 3:53:34 PM  ,     340.000,                                   9.629,                                  15.512,                                  19.344,                                   0.009,                                   0.013,                               64465.684,                                   1.000,
7/16/2026 3:53:39 PM  ,     345.000,                                   9.627,                                  15.470,                                  19.292,                                   0.009,                                   0.013,                               64640.820,                                   1.000,
7/16/2026 3:53:44 PM  ,     350.000,                                   9.624,                                  15.469,                                  19.293,                                   0.009,                                   0.013,                               64643.539,                                   1.000,
7/16/2026 3:53:49 PM  ,     355.000,                                   9.622,                                  15.442,                                  19.260,                                   0.009,                                   0.013,                               64758.430,                                   1.000,
7/16/2026 3:53:54 PM  ,     360.000,                                   9.621,                                  15.423,                                  19.237,                                   0.009,                                   0.013,                               64837.145,                                   1.000,
7/16/2026 3:53:59 PM  ,     365.000,                                   9.618,                                  15.415,                                  19.228,                                   0.009,                                   0.012,                               64871.105,                                   1.000,
7/16/2026 3:54:04 PM  ,     370.000,                                   9.616,                                  15.414,                                  19.227,                                   0.009,                                   0.012,                               64876.699,                                   1.000,
7/16/2026 3:54:09 PM  ,     375.000,                                   9.614,                                  15.365,                                  19.167,                                   0.009,                                   0.012,                               65084.848,                                   1.000,
7/16/2026 3:54:14 PM  ,     380.000,                                   9.611,                                  15.405,                                  19.219,                                   0.009,                                   0.012,                               64912.059,                                   1.000,
7/16/2026 3:54:19 PM  ,     385.000,                                   9.610,                                  15.365,                                  19.169,                                   0.009,                                   0.012,                               65084.930,                                   1.000,
7/16/2026 3:54:24 PM  ,     390.000,                                   9.607,                                  15.337,                                  19.136,                                   0.009,                                   0.012,                               65199.781,                                   1.000,
7/16/2026 3:54:29 PM  ,     395.000,                                   9.605,                                  15.355,                                  19.159,                                   0.009,                                   0.012,                               65125.887,                                   1.000,
7/16/2026 3:54:34 PM  ,     400.000,                                   9.604,                                  15.347,                                  19.150,                                   0.009,                                   0.012,                               65158.367,                                   1.000,
7/16/2026 3:54:39 PM  ,     405.000,                                   9.602,                                  15.311,                                  19.106,                                   0.009,                                   0.012,                               65311.402,                                   1.000,
7/16/2026 3:54:44 PM  ,     410.000,                                   9.599,                                  15.311,                                  19.106,                                   0.009,                                   0.012,                               65314.512,                                   1.000,
7/16/2026 3:54:49 PM  ,     415.000,                                   9.598,                                  15.302,                                  19.097,                                   0.009,                                   0.012,                               65349.051,                                   1.000,
7/16/2026 3:54:54 PM  ,     420.000,                                   9.596,                                  15.287,                                  19.078,                                   0.009,                                   0.012,                               65415.668,                                   1.000,
7/16/2026 3:54:59 PM  ,     425.000,                                   9.594,                                  15.282,                                  19.073,                                   0.009,                                   0.012,                               65435.051,                                   1.000,
7/16/2026 3:55:04 PM  ,     430.000,                                   9.592,                                  15.279,                                  19.070,                                   0.009,                                   0.012,                               65448.355,                                   1.000,
7/16/2026 3:55:09 PM  ,     435.000,                                   9.590,                                  15.275,                                  19.066,                                   0.009,                                   0.012,                               65467.719,                                   1.000,
7/16/2026 3:55:14 PM  ,     440.000,                                   9.588,                                  15.271,                                  19.062,                                   0.009,                                   0.012,                               65483.059,                                   1.000,
7/16/2026 3:55:19 PM  ,     445.000,                                   9.586,                                  15.263,                                  19.053,                                   0.009,                                   0.012,                               65518.375,                                   1.000,
7/16/2026 3:55:24 PM  ,     450.000,                                   9.584,                                  15.255,                                  19.044,                                   0.009,                                   0.012,                               65550.852,                                   1.000,
7/16/2026 3:55:29 PM  ,     455.000,                                   9.581,                                  15.207,                                  18.985,                                   0.009,                                   0.012,                               65758.344,                                   1.000,
7/16/2026 3:55:34 PM  ,     460.000,                                   9.580,                                  15.238,                                  19.025,                                   0.009,                                   0.012,                               65624.875,                                   1.000,
7/16/2026 3:55:39 PM  ,     465.000,                                   9.577,                                  15.223,                                  19.006,                                   0.009,                                   0.012,                               65691.773,                                   1.000,
7/16/2026 3:55:44 PM  ,     470.000,                                   9.576,                                  15.215,                                  18.998,                                   0.009,                                   0.012,                               65722.961,                                   1.000,
7/16/2026 3:55:49 PM  ,     475.000,                                   9.574,                                  15.227,                                  19.013,                                   0.009,                                   0.012,                               65672.148,                                   1.000,
7/16/2026 3:55:54 PM  ,     480.000,                                   9.572,                                  15.203,                                  18.985,                                   0.009,                                   0.012,                               65774.766,                                   1.000,
7/16/2026 3:55:59 PM  ,     485.000,                                   9.570,                                  15.203,                                  18.985,                                   0.009,                                   0.012,                               65775.031,                                   1.000,
7/16/2026 3:56:04 PM  ,     490.000,                                   9.568,                                  15.169,                                  18.943,                                   0.009,                                   0.012,                               65924.633,                                   1.000,
7/16/2026 3:56:09 PM  ,     495.000,                                   9.566,                                  15.181,                                  18.960,                                   0.009,                                   0.012,                               65869.719,                                   1.000,
7/16/2026 3:56:14 PM  ,     500.000,                                   9.563,                                  15.186,                                  18.966,                                   0.009,                                   0.012,                               65851.758,                                   1.000,
7/16/2026 3:56:19 PM  ,     505.000,                                   9.562,                                  15.161,                                  18.937,                                   0.009,                                   0.012,                               65956.695,                                   1.000,
7/16/2026 3:56:24 PM  ,     510.000,                                   9.560,                                  15.166,                                  18.943,                                   0.009,                                   0.012,                               65936.984,                                   1.000,
7/16/2026 3:56:29 PM  ,     515.000,                                   9.559,                                  15.162,                                  18.938,                                   0.009,                                   0.012,                               65956.438,                                   1.000,
7/16/2026 3:56:34 PM  ,     520.000,                                   9.557,                                  15.148,                                  18.923,                                   0.009,                                   0.012,                               66013.727,                                   1.000,
7/16/2026 3:56:39 PM  ,     525.000,                                   9.554,                                  15.106,                                  18.871,                                   0.009,                                   0.012,                               66198.391,                                   1.000,
7/16/2026 3:56:44 PM  ,     530.000,                                   9.553,                                  15.092,                                  18.854,                                   0.009,                                   0.012,                               66261.148,                                   1.000,
7/16/2026 3:56:49 PM  ,     535.000,                                   9.550,                                  15.099,                                  18.864,                                   0.009,                                   0.012,                               66229.164,                                   1.000,
7/16/2026 3:56:54 PM  ,     540.000,                                   9.548,                                  15.091,                                  18.855,                                   0.009,                                   0.012,                               66263.469,                                   1.000,
7/16/2026 3:56:59 PM  ,     545.000,                                   9.545,                                  15.071,                                  18.832,                                   0.009,                                   0.012,                               66350.563,                                   1.000,
7/16/2026 3:57:04 PM  ,     550.000,                                   9.545,                                  15.075,                                  18.836,                                   0.009,                                   0.012,                               66336.070,                                   1.000,
7/16/2026 3:57:09 PM  ,     555.000,                                   9.543,                                  15.046,                                  18.801,                                   0.009,                                   0.012,                               66463.617,                                   1.000,
7/16/2026 3:57:14 PM  ,     560.000,                                   9.541,                                  15.022,                                  18.773,                                   0.009,                                   0.012,                               66567.891,                                   1.000,
7/16/2026 3:57:19 PM  ,     565.000,                                   9.539,                                  15.047,                                  18.805,                                   0.009,                                   0.012,                               66456.578,                                   1.000,
7/16/2026 3:57:24 PM  ,     570.000,                                   9.537,                                  15.034,                                  18.789,                                   0.009,                                   0.012,                               66517.078,                                   1.000,
7/16/2026 3:57:29 PM  ,     575.000,                                   9.535,                                  15.033,                                  18.789,                                   0.009,                                   0.012,                               66518.266,                                   1.000,
7/16/2026 3:57:34 PM  ,     580.000,                                   9.533,                                  15.024,                                  18.778,                                   0.009,                                   0.012,                               66562.242,                                   1.000,
7/16/2026 3:57:39 PM  ,     585.000,                                   9.531,                                  15.007,                                  18.758,                                   0.009,                                   0.012,                               66633.492,                                   1.000,
7/16/2026 3:57:44 PM  ,     590.000,                                   9.528,                                  14.972,                                  18.715,                                   0.009,                                   0.012,                               66792.461,                                   1.000,
7/16/2026 3:57:49 PM  ,     595.000,                                   9.526,                                  14.964,                                  18.707,                                   0.009,                                   0.012,                               66825.219,                                   1.000,
7/16/2026 3:57:54 PM  ,     600.000,                                   9.524,                                  14.979,                                  18.726,                                   0.009,                                   0.012,                               66759.273,                                   1.000,
7/16/2026 3:57:59 PM  ,     605.000,                                   9.523,                                  14.973,                                  18.720,                                   0.009,                                   0.012,                               66785.172,                                   1.000,
7/16/2026 3:58:04 PM  ,     610.000,                                   9.520,                                  14.947,                                  18.687,                                   0.009,                                   0.012,                               66903.898,                                   1.000,
7/16/2026 3:58:09 PM  ,     615.000,                                   9.519,                                  14.944,                                  18.684,                                   0.009,                                   0.012,                               66917.477,                                   1.000,
7/16/2026 3:58:14 PM  ,     620.000,                                   9.516,                                  14.902,                                  18.633,                                   0.008,                                   0.012,                               67103.648,                                   1.000,
7/16/2026 3:58:19 PM  ,     625.000,                                   9.516,                                  14.897,                                  18.628,                                   0.008,                                   0.012,                               67125.664,                                   1.000,
7/16/2026 3:58:24 PM  ,     630.000,                                   9.513,                                  14.889,                                  18.618,                                   0.008,                                   0.012,                               67164.109,                                   1.000,
7/16/2026 3:58:29 PM  ,     635.000,                                   9.511,                                  14.888,                                  18.618,                                   0.008,                                   0.012,                               67167.602,                                   1.000,
7/16/2026 3:58:34 PM  ,     640.000,                                   9.509,                                  14.887,                                  18.618,                                   0.008,                                   0.012,                               67172.781,                                   1.000,
7/16/2026 3:58:39 PM  ,     645.000,                                   9.508,                                  14.877,                                  18.605,                                   0.008,                                   0.012,                               67218.766,                                   1.000,
7/16/2026 3:58:44 PM  ,     650.000,                                   9.506,                                  14.866,                                  18.593,                                   0.008,                                   0.012,                               67265.469,                                   1.000,
7/16/2026 3:58:49 PM  ,     655.000,                                   9.504,                                  14.851,                                  18.575,                                   0.008,                                   0.012,                               67336.711,                                   1.000,
7/16/2026 3:58:54 PM  ,     660.000,                                   9.502,                                  14.823,                                  18.541,                                   0.008,                                   0.012,                               67461.539,                                   1.000,
7/16/2026 3:58:59 PM  ,     665.000,                                   9.501,                                  14.836,                                  18.558,                                   0.008,                                   0.012,                               67403.055,                                   1.000,
7/16/2026 3:59:04 PM  ,     670.000,                                   9.499,                                  14.819,                                  18.537,                                   0.008,                                   0.012,                               67479.305,                                   1.000,
7/16/2026 3:59:09 PM  ,     675.000,                                   9.497,                                  14.828,                                  18.549,                                   0.008,                                   0.012,                               67441.867,                                   1.000,
7/16/2026 3:59:14 PM  ,     680.000,                                   9.495,                                  14.781,                                  18.491,                                   0.008,                                   0.012,                               67656.703,                                   1.000,
7/16/2026 3:59:19 PM  ,     685.000,                                   9.493,                                  14.781,                                  18.492,                                   0.008,                                   0.012,                               67653.898,                                   1.000,
7/16/2026 3:59:24 PM  ,     690.000,                                   9.491,                                  14.767,                                  18.475,                                   0.008,                                   0.012,                               67719.531,                                   1.000,
7/16/2026 3:59:29 PM  ,     695.000,                                   9.490,                                  14.776,                                  18.488,                                   0.008,                                   0.012,                               67676.211,                                   1.000,
7/16/2026 3:59:34 PM  ,     700.000,                                   9.488,                                  14.754,                                  18.460,                                   0.008,                                   0.012,                               67778.359,                                   1.000,
7/16/2026 3:59:39 PM  ,     705.000,                                   9.486,                                  14.735,                                  18.438,                                   0.008,                                   0.012,                               67864.539,                                   1.000,
7/16/2026 3:59:44 PM  ,     710.000,                                   9.485,                                  14.758,                                  18.467,                                   0.008,                                   0.012,                               67758.664,                                   1.000,
7/16/2026 3:59:49 PM  ,     715.000,                                   9.483,                                  14.737,                                  18.441,                                   0.008,                                   0.012,                               67856.898,                                   1.000,
7/16/2026 3:59:54 PM  ,     720.000,                                   9.481,                                  14.745,                                  18.453,                                   0.008,                                   0.012,                               67817.461,                                   1.000,
7/16/2026 3:59:59 PM  ,     725.000,                                   9.479,                                  14.702,                                  18.399,                                   0.008,                                   0.012,                               68019.828,                                   1.000,
7/16/2026 4:00:04 PM  ,     730.000,                                   9.477,                                  14.700,                                  18.398,                                   0.008,                                   0.012,                               68025.602,                                   1.000,
7/16/2026 4:00:09 PM  ,     735.000,                                   9.475,                                  14.697,                                  18.395,                                   0.008,                                   0.012,                               68039.273,                                   1.000,
7/16/2026 4:00:14 PM  ,     740.000,                                   9.473,                                  14.646,                                  18.331,                                   0.008,                                   0.012,                               68280.188,                                   1.000,
7/16/2026 4:00:19 PM  ,     745.000,                                   9.471,                                  14.695,                                  18.394,                                   0.008,                                   0.012,                               68049.156,                                   1.000,
7/16/2026 4:00:24 PM  ,     750.000,                                   9.470,                                  14.650,                                  18.338,                                   0.008,                                   0.012,                               68260.586,                                   1.000,
7/16/2026 4:00:29 PM  ,     755.000,                                   9.468,                                  14.642,                                  18.330,                                   0.008,                                   0.012,                               68295.539,                                   1.000,
7/16/2026 4:00:34 PM  ,     760.000,                                   9.466,                                  14.639,                                  18.326,                                   0.008,                                   0.012,                               68312.250,                                   1.000,
7/16/2026 4:00:39 PM  ,     765.000,                                   9.464,                                  14.623,                                  18.307,                                   0.008,                                   0.012,                               68384.844,                                   1.000,
7/16/2026 4:00:44 PM  ,     770.000,                                   9.462,                                  14.623,                                  18.308,                                   0.008,                                   0.012,                               68387.477,                                   1.000,
7/16/2026 4:00:49 PM  ,     775.000,                                   9.461,                                  14.614,                                  18.297,                                   0.008,                                   0.012,                               68429.453,                                   1.000,
7/16/2026 4:00:54 PM  ,     780.000,                                   9.458,                                  14.611,                                  18.294,                                   0.008,                                   0.012,                               68441.711,                                   1.000,
7/16/2026 4:00:59 PM  ,     785.000,                                   9.456,                                  14.573,                                  18.248,                                   0.008,                                   0.012,                               68620.703,                                   1.000,
7/16/2026 4:01:04 PM  ,     790.000,                                   9.454,                                  14.551,                                  18.222,                                   0.008,                                   0.012,                               68722.000,                                   1.000,
7/16/2026 4:01:09 PM  ,     795.000,                                   9.451,                                  14.556,                                  18.229,                                   0.008,                                   0.012,                               68700.336,                                   1.000,
7/16/2026 4:01:14 PM  ,     800.000,                                   9.449,                                  14.519,                                  18.184,                                   0.008,                                   0.012,                               68873.211,                                   1.000,
7/16/2026 4:01:19 PM  ,     805.000,                                   9.448,                                  14.490,                                  18.148,                                   0.008,                                   0.012,                               69011.766,                                   1.000,
7/16/2026 4:01:24 PM  ,     810.000,                                   9.445,                                  14.471,                                  18.124,                                   0.008,                                   0.012,                               69105.820,                                   1.000,
7/16/2026 4:01:29 PM  ,     815.000,                                   9.443,                                  14.436,                                  18.083,                                   0.008,                                   0.012,                               69269.063,                                   1.000,
7/16/2026 4:01:34 PM  ,     820.000,                                   9.442,                                  14.420,                                  18.063,                                   0.008,                                   0.012,                               69347.039,                                   1.000,
7/16/2026 4:01:39 PM  ,     825.000,                                   9.440,                                  14.404,                                  18.044,                                   0.008,                                   0.012,                               69424.641,                                   1.000,
7/16/2026 4:01:44 PM  ,     830.000,                                   9.438,                                  14.399,                                  18.038,                                   0.008,                                   0.012,                               69449.281,                                   1.000,
7/16/2026 4:01:49 PM  ,     835.000,                                   9.436,                                  14.371,                                  18.004,                                   0.008,                                   0.012,                               69584.625,                                   1.000,
7/16/2026 4:01:54 PM  ,     840.000,                                   9.434,                                  14.380,                                  18.016,                                   0.008,                                   0.012,                               69540.703,                                   1.000,
7/16/2026 4:01:59 PM  ,     845.000,                                   9.432,                                  14.385,                                  18.023,                                   0.008,                                   0.012,                               69516.289,                                   1.000,
7/16/2026 4:02:04 PM  ,     850.000,                                   9.431,                                  14.368,                                  18.002,                                   0.008,                                   0.012,                               69599.266,                                   1.000,
7/16/2026 4:02:09 PM  ,     855.000,                                   9.429,                                  14.331,                                  17.957,                                   0.008,                                   0.012,                               69776.945,                                   1.000,
7/16/2026 4:02:14 PM  ,     860.000,                                   9.427,                                  14.334,                                  17.961,                                   0.008,                                   0.012,                               69765.945,                                   1.000,
7/16/2026 4:02:19 PM  ,     865.000,                                   9.425,                                  14.319,                                  17.944,                                   0.008,                                   0.012,                               69836.109,                                   1.000,
7/16/2026 4:02:24 PM  ,     870.000,                                   9.424,                                  14.315,                                  17.939,                                   0.008,                                   0.012,                               69856.711,                                   1.000,
7/16/2026 4:02:29 PM  ,     875.000,                                   9.421,                                  14.294,                                  17.913,                                   0.008,                                   0.012,                               69960.656,                                   1.000,
7/16/2026 4:02:34 PM  ,     880.000,                                   9.420,                                  14.289,                                  17.908,                                   0.008,                                   0.012,                               69982.391,                                   1.000,
7/16/2026 4:02:39 PM  ,     885.000,                                   9.418,                                  14.283,                                  17.901,                                   0.008,                                   0.012,                               70013.297,                                   1.000,
7/16/2026 4:02:44 PM  ,     890.000,                                   9.415,                                  14.247,                                  17.857,                                   0.008,                                   0.012,                               70192.352,                                   1.000,
7/16/2026 4:02:49 PM  ,     895.000,                                   9.414,                                  14.302,                                  17.927,                                   0.008,                                   0.012,                               69920.023,                                   1.000,
7/16/2026 4:02:54 PM  ,     900.000,                                   9.413,                                  14.229,                                  17.836,                                   0.008,                                   0.012,                               70279.203,                                   1.000,
7/16/2026 4:02:59 PM  ,     905.000,                                   9.411,                                  14.236,                                  17.846,                                   0.008,                                   0.012,                               70242.711,                                   1.000,
7/16/2026 4:03:04 PM  ,     910.000,                                   9.409,                                  14.260,                                  17.876,                                   0.008,                                   0.012,                               70126.969,                                   1.000,
7/16/2026 4:03:09 PM  ,     915.000,                                   9.407,                                  14.229,                                  17.838,                                   0.008,                                   0.012,                               70280.164,                                   1.000,
7/16/2026 4:03:14 PM  ,     920.000,                                   9.404,                                  14.226,                                  17.836,                                   0.008,                                   0.012,                               70293.313,                                   1.000,
7/16/2026 4:03:19 PM  ,     925.000,                                   9.403,                                  14.210,                                  17.816,                                   0.008,                                   0.012,                               70372.648,                                   1.000,
7/16/2026 4:03:24 PM  ,     930.000,                                   9.400,                                  14.197,                                  17.800,                                   0.008,                                   0.012,                               70439.156,                                   1.000,
7/16/2026 4:03:29 PM  ,     935.000,                                   9.399,                                  14.173,                                  17.771,                                   0.008,                                   0.012,                               70558.266,                                   1.000,
7/16/2026 4:03:34 PM  ,     940.000,                                   9.397,                                  14.159,                                  17.755,                                   0.008,                                   0.012,                               70625.313,                                   1.000,
7/16/2026 4:03:39 PM  ,     945.000,                                   9.396,                                  14.146,                                  17.739,                                   0.008,                                   0.012,                               70692.203,                                   1.000,
7/16/2026 4:03:44 PM  ,     950.000,                                   9.394,                                  14.137,                                  17.729,                                   0.008,                                   0.012,                               70735.625,                                   1.000,
7/16/2026 4:03:49 PM  ,     955.000,                                   9.392,                                  14.150,                                  17.746,                                   0.008,                                   0.012,                               70670.102,                                   1.000,
7/16/2026 4:03:54 PM  ,     960.000,                                   9.390,                                  14.128,                                  17.718,                                   0.008,                                   0.012,                               70783.852,                                   1.000,
7/16/2026 4:03:59 PM  ,     965.000,                                   9.389,                                  14.129,                                  17.721,                                   0.008,                                   0.012,                               70775.586,                                   1.000,
7/16/2026 4:04:04 PM  ,     970.000,                                   9.387,                                  14.118,                                  17.708,                                   0.008,                                   0.012,                               70830.570,                                   1.000,
7/16/2026 4:04:09 PM  ,     975.000,                                   9.385,                                  14.059,                                  17.635,                                   0.008,                                   0.011,                               71126.461,                                   1.000,
7/16/2026 4:04:14 PM  ,     980.000,                                   9.383,                                  14.087,                                  17.670,                                   0.008,                                   0.011,                               70989.102,                                   1.000,
7/16/2026 4:04:19 PM  ,     985.000,                                   9.381,                                  14.068,                                  17.647,                                   0.008,                                   0.011,                               71083.063,                                   1.000,
7/16/2026 4:04:24 PM  ,     990.000,                                   9.380,                                  14.040,                                  17.613,                                   0.008,                                   0.011,                               71224.477,                                   1.000,
7/16/2026 4:04:29 PM  ,     995.000,                                   9.378,                                  14.034,                                  17.606,                                   0.008,                                   0.011,                               71253.773,                                   1.000,
7/16/2026 4:04:34 PM  ,    1000.000,                                   9.376,                                  14.041,                                  17.616,                                   0.008,                                   0.011,                               71217.578,                                   1.000,
7/16/2026 4:04:39 PM  ,    1005.000,                                   9.374,                                  14.020,                                  17.590,                                   0.008,                                   0.011,                               71326.156,                                   1.000,
7/16/2026 4:04:44 PM  ,    1010.000,                                   9.372,                                  13.997,                                  17.562,                                   0.008,                                   0.011,                               71444.156,                                   1.000,
7/16/2026 4:04:49 PM  ,    1015.000,                                   9.370,                                  13.971,                                  17.531,                                   0.008,                                   0.011,                               71575.648,                                   1.000,
7/16/2026 4:04:54 PM  ,    1020.000,                                   9.369,                                  13.983,                                  17.545,                                   0.008,                                   0.011,                               71516.992,                                   1.000,
7/16/2026 4:04:59 PM  ,    1025.000,                                   9.367,                                  13.967,                                  17.527,                                   0.008,                                   0.011,                               71596.586,                                   1.000,
7/16/2026 4:05:04 PM  ,    1030.000,                                   9.365,                                  13.949,                                  17.505,                                   0.008,                                   0.011,                               71687.523,                                   1.000,
7/16/2026 4:05:09 PM  ,    1035.000,                                   9.363,                                  13.959,                                  17.517,                                   0.008,                                   0.011,                               71640.836,                                   1.000,
7/16/2026 4:05:14 PM  ,    1040.000,                                   9.361,                                  13.932,                                  17.485,                                   0.008,                                   0.011,                               71774.867,                                   1.000,
7/16/2026 4:05:19 PM  ,    1045.000,                                   9.359,                                  13.951,                                  17.510,                                   0.008,                                   0.011,                               71676.922,                                   1.000,
7/16/2026 4:05:24 PM  ,    1050.000,                                   9.357,                                  13.911,                                  17.460,                                   0.008,                                   0.011,                               71884.938,                                   1.000,
7/16/2026 4:05:29 PM  ,    1055.000,                                   9.355,                                  13.889,                                  17.434,                                   0.008,                                   0.011,                               71997.172,                                   1.000,
7/16/2026 4:05:34 PM  ,    1060.000,                                   9.353,                                  13.866,                                  17.406,                                   0.008,                                   0.011,                               72117.250,                                   1.000,
7/16/2026 4:05:39 PM  ,    1065.000,                                   9.351,                                  13.854,                                  17.391,                                   0.008,                                   0.011,                               72182.781,                                   1.000,
7/16/2026 4:05:44 PM  ,    1070.000,                                   9.350,                                  13.841,                                  17.376,                                   0.008,                                   0.011,                               72248.039,                                   1.000,
7/16/2026 4:05:49 PM  ,    1075.000,                                   9.348,                                  13.842,                                  17.378,                                   0.008,                                   0.011,                               72242.039,                                   1.000,
7/16/2026 4:05:54 PM  ,    1080.000,                                   9.346,                                  13.851,                                  17.389,                                   0.008,                                   0.011,                               72198.250,                                   1.000,
7/16/2026 4:05:59 PM  ,    1085.000,                                   9.344,                                  13.833,                                  17.368,                                   0.008,                                   0.011,                               72288.289,                                   1.000,
7/16/2026 4:06:04 PM  ,    1090.000,                                   9.343,                                  13.811,                                  17.341,                                   0.008,                                   0.011,                               72404.680,                                   1.000,
7/16/2026 4:06:09 PM  ,    1095.000,                                   9.340,                                  13.779,                                  17.302,                                   0.008,                                   0.011,                               72572.203,                                   1.000,
7/16/2026 4:06:14 PM  ,    1100.000,                                   9.337,                                  13.742,                                  17.257,                                   0.008,                                   0.011,                               72767.445,                                   1.000,
7/16/2026 4:06:19 PM  ,    1105.000,                                   9.335,                                  13.725,                                  17.236,                                   0.008,                                   0.011,                               72859.273,                                   1.000,
7/16/2026 4:06:24 PM  ,    1110.000,                                   9.333,                                  13.671,                                  17.168,                                   0.008,                                   0.011,                               73150.195,                                   1.000,
7/16/2026 4:06:29 PM  ,    1115.000,                                   9.331,                                  13.678,                                  17.179,                                   0.008,                                   0.011,                               73108.125,                                   1.000,
7/16/2026 4:06:34 PM  ,    1120.000,                                   9.330,                                  13.648,                                  17.141,                                   0.008,                                   0.011,                               73271.914,                                   1.000,
7/16/2026 4:06:39 PM  ,    1125.000,                                   9.328,                                  13.600,                                  17.082,                                   0.008,                                   0.011,                               73528.203,                                   1.000,
7/16/2026 4:06:44 PM  ,    1130.000,                                   9.327,                                  13.585,                                  17.064,                                   0.008,                                   0.011,                               73608.570,                                   1.000,
7/16/2026 4:06:49 PM  ,    1135.000,                                   9.324,                                  13.563,                                  17.037,                                   0.008,                                   0.011,                               73730.219,                                   1.000,
7/16/2026 4:06:54 PM  ,    1140.000,                                   9.322,                                  13.533,                                  17.000,                                   0.008,                                   0.011,                               73892.453,                                   1.000,
7/16/2026 4:06:59 PM  ,    1145.000,                                   9.321,                                  13.531,                                  16.999,                                   0.008,                                   0.011,                               73902.781,                                   1.000,
7/16/2026 4:07:04 PM  ,    1150.000,                                   9.318,                                  13.514,                                  16.977,                                   0.008,                                   0.011,                               73998.477,                                   1.000,
7/16/2026 4:07:09 PM  ,    1155.000,                                   9.317,                                  13.479,                                  16.934,                                   0.008,                                   0.011,                               74191.539,                                   1.000,
7/16/2026 4:07:14 PM  ,    1160.000,                                   9.315,                                  13.467,                                  16.919,                                   0.008,                                   0.011,                               74258.031,                                   1.000,
7/16/2026 4:07:19 PM  ,    1165.000,                                   9.313,                                  13.456,                                  16.907,                                   0.008,                                   0.011,                               74317.688,                                   1.000,
7/16/2026 4:07:24 PM  ,    1170.000,                                   9.311,                                  13.453,                                  16.904,                                   0.008,                                   0.011,                               74331.625,                                   1.000,
7/16/2026 4:07:29 PM  ,    1175.000,                                   9.309,                                  13.437,                                  16.884,                                   0.008,                                   0.011,                               74423.328,                                   1.000,
7/16/2026 4:07:34 PM  ,    1180.000,                                   9.307,                                  13.399,                                  16.838,                                   0.008,                                   0.011,                               74630.547,                                   1.000,
7/16/2026 4:07:39 PM  ,    1185.000,                                   9.305,                                  13.418,                                  16.863,                                   0.008,                                   0.011,                               74527.133,                                   1.000,
7/16/2026 4:07:44 PM  ,    1190.000,                                   9.303,                                  13.413,                                  16.858,                                   0.008,                                   0.011,                               74552.172,                                   1.000,
7/16/2026 4:07:49 PM  ,    1195.000,                                   9.301,                                  13.403,                                  16.846,                                   0.008,                                   0.011,                               74609.727,                                   1.000,
7/16/2026 4:07:54 PM  ,    1200.000,                                   9.299,                                  13.413,                                  16.858,                                   0.008,                                   0.011,                               74555.430,                                   1.000,
7/16/2026 4:07:59 PM  ,    1205.000,                                   9.297,                                  13.348,                                  16.778,                                   0.007,                                   0.011,                               74916.102,                                   1.000,
7/16/2026 4:08:04 PM  ,    1210.000,                                   9.295,                                  13.304,                                  16.723,                                   0.007,                                   0.011,                               75167.883,                                   1.000,
7/16/2026 4:08:09 PM  ,    1215.000,                                   9.294,                                  13.283,                                  16.697,                                   0.007,                                   0.011,                               75286.406,                                   1.000,
7/16/2026 4:08:14 PM  ,    1220.000,                                   9.292,                                  13.282,                                  16.697,                                   0.007,                                   0.011,                               75289.102,                                   1.000,
7/16/2026 4:08:19 PM  ,    1225.000,                                   9.291,                                  13.290,                                  16.708,                                   0.007,                                   0.011,                               75243.063,                                   1.000,
7/16/2026 4:08:24 PM  ,    1230.000,                                   9.289,                                  13.299,                                  16.719,                                   0.007,                                   0.011,                               75194.273,                                   1.000,
7/16/2026 4:08:29 PM  ,    1235.000,                                   9.287,                                  13.276,                                  16.691,                                   0.007,                                   0.011,                               75325.305,                                   1.000,
7/16/2026 4:08:34 PM  ,    1240.000,                                   9.284,                                  13.217,                                  16.618,                                   0.007,                                   0.011,                               75660.727,                                   1.000,
7/16/2026 4:08:39 PM  ,    1245.000,                                   9.282,                                  13.219,                                  16.621,                                   0.007,                                   0.011,                               75649.656,                                   1.000,
7/16/2026 4:08:44 PM  ,    1250.000,                                   9.281,                                  13.155,                                  16.541,                                   0.007,                                   0.011,                               76017.875,                                   1.000,
7/16/2026 4:08:49 PM  ,    1255.000,                                   9.280,                                  13.162,                                  16.551,                                   0.007,                                   0.011,                               75977.539,                                   1.000,
7/16/2026 4:08:54 PM  ,    1260.000,                                   9.278,                                  13.143,                                  16.528,                                   0.007,                                   0.011,                               76085.359,                                   1.000,
7/16/2026 4:08:59 PM  ,    1265.000,                                   9.274,                                  13.078,                                  16.447,                                   0.007,                                   0.011,                               76465.375,                                   1.000,
7/16/2026 4:09:04 PM  ,    1270.000,                                   9.273,                                  13.066,                                  16.433,                                   0.007,                                   0.011,                               76531.867,                                   1.000,
7/16/2026 4:09:09 PM  ,    1275.000,                                   9.272,                                  13.078,                                  16.449,                                   0.007,                                   0.011,                               76462.500,                                   1.000,
7/16/2026 4:09:14 PM  ,    1280.000,                                   9.269,                                  13.032,                                  16.391,                                   0.007,                                   0.011,                               76736.305,                                   1.000,
7/16/2026 4:09:19 PM  ,    1285.000,                                   9.267,                                  13.046,                                  16.410,                                   0.007,                                   0.011,                               76650.820,                                   1.000,
7/16/2026 4:09:24 PM  ,    1290.000,                                   9.266,                                  13.036,                                  16.398,                                   0.007,                                   0.011,                               76711.516,                                   1.000,
7/16/2026 4:09:29 PM  ,    1295.000,                                   9.264,                                  13.011,                                  16.368,                                   0.007,                                   0.011,                               76856.516,                                   1.000,
7/16/2026 4:09:34 PM  ,    1300.000,                                   9.263,                                  13.015,                                  16.373,                                   0.007,                                   0.011,                               76834.438,                                   1.000,
7/16/2026 4:09:39 PM  ,    1305.000,                                   9.261,                                  12.983,                                  16.333,                                   0.007,                                   0.011,                               77023.297,                                   1.000,
7/16/2026 4:09:44 PM  ,    1310.000,                                   9.259,                                  12.949,                                  16.291,                                   0.007,                                   0.011,                               77228.289,                                   1.000,
7/16/2026 4:09:49 PM  ,    1315.000,                                   9.256,                                  12.968,                                  16.316,                                   0.007,                                   0.011,                               77111.719,                                   1.000,
7/16/2026 4:09:54 PM  ,    1320.000,                                   9.254,                                  12.937,                                  16.278,                                   0.007,                                   0.011,                               77295.813,                                   1.000,
7/16/2026 4:09:59 PM  ,    1325.000,                                   9.253,                                  12.925,                                  16.263,                                   0.007,                                   0.011,                               77370.539,                                   1.000,
7/16/2026 4:10:04 PM  ,    1330.000,                                   9.251,                                  12.881,                                  16.209,                                   0.007,                                   0.011,                               77632.695,                                   1.000,
7/16/2026 4:10:09 PM  ,    1335.000,                                   9.248,                                  12.869,                                  16.195,                                   0.007,                                   0.011,                               77706.602,                                   1.000,
7/16/2026 4:10:14 PM  ,    1340.000,                                   9.246,                                  12.864,                                  16.189,                                   0.007,                                   0.011,                               77737.742,                                   1.000,
7/16/2026 4:10:19 PM  ,    1345.000,                                   9.244,                                  12.841,                                  16.161,                                   0.007,                                   0.011,                               77877.359,                                   1.000,
7/16/2026 4:10:24 PM  ,    1350.000,                                   9.242,                                  12.816,                                  16.131,                                   0.007,                                   0.010,                               78024.734,                                   1.000,
7/16/2026 4:10:29 PM  ,    1355.000,                                   9.239,                                  12.778,                                  16.084,                                   0.007,                                   0.010,                               78256.664,                                   1.000,
7/16/2026 4:10:34 PM  ,    1360.000,                                   9.238,                                  12.784,                                  16.092,                                   0.007,                                   0.010,                               78220.648,                                   1.000,
7/16/2026 4:10:39 PM  ,    1365.000,                                   9.237,                                  12.741,                                  16.039,                                   0.007,                                   0.010,                               78484.914,                                   1.000,
7/16/2026 4:10:44 PM  ,    1370.000,                                   9.234,                                  12.768,                                  16.073,                                   0.007,                                   0.010,                               78320.352,                                   1.000,
7/16/2026 4:10:49 PM  ,    1375.000,                                   9.232,                                  12.721,                                  16.015,                                   0.007,                                   0.010,                               78607.563,                                   1.000,
7/16/2026 4:10:54 PM  ,    1380.000,                                   9.231,                                  12.722,                                  16.017,                                   0.007,                                   0.010,                               78601.016,                                   1.000,
7/16/2026 4:10:59 PM  ,    1385.000,                                   9.229,                                  12.658,                                  15.937,                                   0.007,                                   0.010,                               79001.344,                                   1.000,
7/16/2026 4:11:04 PM  ,    1390.000,                                   9.226,                                  12.632,                                  15.905,                                   0.007,                                   0.010,                               79163.406,                                   1.000,
7/16/2026 4:11:09 PM  ,    1395.000,                                   9.225,                                  12.592,                                  15.855,                                   0.007,                                   0.010,                               79414.867,                                   1.000,
7/16/2026 4:11:14 PM  ,    1400.000,                                   9.223,                                  12.602,                                  15.868,                                   0.007,                                   0.010,                               79355.367,                                   1.000,
7/16/2026 4:11:19 PM  ,    1405.000,                                   9.221,                                  12.495,                                  15.734,                                   0.007,                                   0.010,                               80031.453,                                   1.000,
7/16/2026 4:11:24 PM  ,    1410.000,                                   9.218,                                  12.536,                                  15.787,                                   0.007,                                   0.010,                               79768.328,                                   1.000,
7/16/2026 4:11:29 PM  ,    1415.000,                                   9.218,                                  12.489,                                  15.728,                                   0.007,                                   0.010,                               80073.227,                                   1.000,
7/16/2026 4:11:34 PM  ,    1420.000,                                   9.215,                                  12.497,                                  15.738,                                   0.007,                                   0.010,                               80022.141,                                   1.000,
7/16/2026 4:11:39 PM  ,    1425.000,                                   9.213,                                  12.425,                                  15.649,                                   0.007,                                   0.010,                               80484.813,                                   1.000,
7/16/2026 4:11:44 PM  ,    1430.000,                                   9.212,                                  12.438,                                  15.666,                                   0.007,                                   0.010,                               80401.211,                                   1.000,
7/16/2026 4:11:49 PM  ,    1435.000,                                   9.211,                                  12.422,                                  15.646,                                   0.007,                                   0.010,                               80505.570,                                   1.000,
7/16/2026 4:11:54 PM  ,    1440.000,                                   9.208,                                  12.396,                                  15.614,                                   0.007,                                   0.010,                               80672.461,                                   1.000,
7/16/2026 4:11:59 PM  ,    1445.000,                                   9.206,                                  12.411,                                  15.635,                                   0.007,                                   0.010,                               80570.602,                                   1.000,
7/16/2026 4:12:04 PM  ,    1450.000,                                   9.205,                                  12.386,                                  15.603,                                   0.007,                                   0.010,                               80737.164,                                   1.000,
7/16/2026 4:12:09 PM  ,    1455.000,                                   9.203,                                  12.323,                                  15.525,                                   0.007,                                   0.010,                               81146.797,                                   1.000,
7/16/2026 4:12:14 PM  ,    1460.000,                                   9.201,                                  12.293,                                  15.487,                                   0.007,                                   0.010,                               81346.750,                                   1.000,
7/16/2026 4:12:19 PM  ,    1465.000,                                   9.200,                                  12.226,                                  15.404,                                   0.007,                                   0.010,                               81790.313,                                   1.000,
7/16/2026 4:12:24 PM  ,    1470.000,                                   9.197,                                  12.244,                                  15.427,                                   0.007,                                   0.010,                               81674.875,                                   1.000,
7/16/2026 4:12:29 PM  ,    1475.000,                                   9.196,                                  12.237,                                  15.419,                                   0.007,                                   0.010,                               81716.531,                                   1.000,
7/16/2026 4:12:34 PM  ,    1480.000,                                   9.194,                                  12.178,                                  15.345,                                   0.007,                                   0.010,                               82114.344,                                   1.000,
7/16/2026 4:12:39 PM  ,    1485.000,                                   9.193,                                  12.199,                                  15.372,                                   0.007,                                   0.010,                               81975.148,                                   1.000,
7/16/2026 4:12:44 PM  ,    1490.000,                                   9.190,                                  12.107,                                  15.257,                                   0.007,                                   0.010,                               82597.781,                                   1.000,
7/16/2026 4:12:49 PM  ,    1495.000,                                   9.189,                                  12.130,                                  15.286,                                   0.007,                                   0.010,                               82441.648,                                   1.000,
7/16/2026 4:12:54 PM  ,    1500.000,                                   9.187,                                  12.074,                                  15.217,                                   0.007,                                   0.010,                               82821.711,                                   1.000,
7/16/2026 4:12:59 PM  ,    1505.000,                                   9.185,                                  12.072,                                  15.215,                                   0.007,                                   0.010,                               82836.367,                                   1.000,
7/16/2026 4:13:04 PM  ,    1510.000,                                   9.183,                                  12.082,                                  15.228,                                   0.007,                                   0.010,                               82768.656,                                   1.000,
7/16/2026 4:13:09 PM  ,    1515.000,                                   9.181,                                  12.036,                                  15.171,                                   0.007,                                   0.010,                               83084.164,                                   1.000,
7/16/2026 4:13:14 PM  ,    1520.000,                                   9.180,                                  12.057,                                  15.198,                                   0.007,                                   0.010,                               82936.727,                                   1.000,
7/16/2026 4:13:19 PM  ,    1525.000,                                   9.177,                                  12.035,                                  15.171,                                   0.007,                                   0.010,                               83089.703,                                   1.000,
7/16/2026 4:13:24 PM  ,    1530.000,                                   9.177,                                  11.977,                                  15.098,                                   0.007,                                   0.010,                               83496.617,                                   1.000,
7/16/2026 4:13:29 PM  ,    1535.000,                                   9.175,                                  11.987,                                  15.111,                                   0.007,                                   0.010,                               83425.578,                                   1.000,
7/16/2026 4:13:34 PM  ,    1540.000,                                   9.173,                                  11.944,                                  15.058,                                   0.007,                                   0.010,                               83725.258,                                   1.000,
7/16/2026 4:13:39 PM  ,    1545.000,                                   9.171,                                  11.971,                                  15.092,                                   0.007,                                   0.010,                               83537.633,                                   1.000,
7/16/2026 4:13:44 PM  ,    1550.000,                                   9.169,                                  11.937,                                  15.051,                                   0.007,                                   0.010,                               83770.844,                                   1.000,
7/16/2026 4:13:49 PM  ,    1555.000,                                   9.167,                                  11.976,                                  15.101,                                   0.007,                                   0.010,                               83498.734,                                   1.000,
7/16/2026 4:13:54 PM  ,    1560.000,                                   9.166,                                  11.939,                                  15.054,                                   0.007,                                   0.010,                               83760.797,                                   1.000,
7/16/2026 4:13:59 PM  ,    1565.000,                                   9.164,                                  11.960,                                  15.082,                                   0.007,                                   0.010,                               83610.031,                                   1.000,
7/16/2026 4:14:04 PM  ,    1570.000,                                   9.162,                                  11.906,                                  15.014,                                   0.007,                                   0.010,                               83993.305,                                   1.000,
7/16/2026 4:14:09 PM  ,    1575.000,                                   9.161,                                  11.886,                                  14.989,                                   0.007,                                   0.010,                               84134.469,                                   1.000,
7/16/2026 4:14:14 PM  ,    1580.000,                                   9.158,                                  11.860,                                  14.957,                                   0.007,                                   0.010,                               84318.563,                                   1.000,
7/16/2026 4:14:19 PM  ,    1585.000,                                   9.157,                                  11.879,                                  14.982,                                   0.007,                                   0.010,                               84183.203,                                   1.000,
7/16/2026 4:14:24 PM  ,    1590.000,                                   9.155,                                  11.883,                                  14.988,                                   0.007,                                   0.010,                               84154.000,                                   1.000,
7/16/2026 4:14:29 PM  ,    1595.000,                                   9.152,                                  11.829,                                  14.920,                                   0.007,                                   0.010,                               84540.305,                                   1.000,
7/16/2026 4:14:34 PM  ,    1600.000,                                   9.149,                                  11.807,                                  14.894,                                   0.007,                                   0.010,                               84694.797,                                   1.000,
7/16/2026 4:14:39 PM  ,    1605.000,                                   9.149,                                  11.779,                                  14.858,                                   0.006,                                   0.010,                               84898.000,                                   1.000,
7/16/2026 4:14:44 PM  ,    1610.000,                                   9.147,                                  11.812,                                  14.901,                                   0.007,                                   0.010,                               84659.039,                                   1.000,
7/16/2026 4:14:49 PM  ,    1615.000,                                   9.146,                                  11.783,                                  14.865,                                   0.006,                                   0.010,                               84868.602,                                   1.000,
7/16/2026 4:14:54 PM  ,    1620.000,                                   9.145,                                  11.764,                                  14.841,                                   0.006,                                   0.010,                               85006.523,                                   1.000,
7/16/2026 4:14:59 PM  ,    1625.000,                                   9.142,                                  11.760,                                  14.837,                                   0.006,                                   0.010,                               85036.500,                                   1.000,
7/16/2026 4:15:04 PM  ,    1630.000,                                   9.141,                                  11.779,                                  14.862,                                   0.006,                                   0.010,                               84895.648,                                   1.000,
7/16/2026 4:15:09 PM  ,    1635.000,                                   9.140,                                  11.735,                                  14.806,                                   0.006,                                   0.010,                               85217.648,                                   1.000,
7/16/2026 4:15:14 PM  ,    1640.000,                                   9.138,                                  11.759,                                  14.837,                                   0.006,                                   0.010,                               85043.602,                                   1.000,
7/16/2026 4:15:19 PM  ,    1645.000,                                   9.136,                                  11.704,                                  14.768,                                   0.006,                                   0.010,                               85443.563,                                   1.000,
7/16/2026 4:15:24 PM  ,    1650.000,                                   9.135,                                  11.682,                                  14.741,                                   0.006,                                   0.010,                               85604.172,                                   1.000,
7/16/2026 4:15:29 PM  ,    1655.000,                                   9.132,                                  11.667,                                  14.723,                                   0.006,                                   0.010,                               85712.531,                                   1.000,
7/16/2026 4:15:34 PM  ,    1660.000,                                   9.130,                                  11.661,                                  14.716,                                   0.006,                                   0.010,                               85756.234,                                   1.000,
7/16/2026 4:15:39 PM  ,    1665.000,                                   9.129,                                  11.674,                                  14.733,                                   0.006,                                   0.010,                               85659.898,                                   1.000,
7/16/2026 4:15:44 PM  ,    1670.000,                                   9.127,                                  11.626,                                  14.673,                                   0.006,                                   0.010,                               86013.313,                                   1.000,
7/16/2026 4:15:49 PM  ,    1675.000,                                   9.126,                                  11.619,                                  14.665,                                   0.006,                                   0.010,                               86062.578,                                   1.000,
7/16/2026 4:15:54 PM  ,    1680.000,                                   9.123,                                  11.622,                                  14.669,                                   0.006,                                   0.010,                               86045.555,                                   1.000,
7/16/2026 4:15:59 PM  ,    1685.000,                                   9.120,                                  11.605,                                  14.649,                                   0.006,                                   0.010,                               86172.414,                                   1.000,
7/16/2026 4:16:04 PM  ,    1690.000,                                   9.120,                                  11.607,                                  14.651,                                   0.006,                                   0.010,                               86157.109,                                   1.000,
7/16/2026 4:16:09 PM  ,    1695.000,                                   9.118,                                  11.571,                                  14.607,                                   0.006,                                   0.009,                               86420.586,                                   1.000,
7/16/2026 4:16:14 PM  ,    1700.000,                                   9.117,                                  11.559,                                  14.593,                                   0.006,                                   0.009,                               86511.445,                                   1.000,
7/16/2026 4:16:19 PM  ,    1705.000,                                   9.115,                                  11.586,                                  14.627,                                   0.006,                                   0.010,                               86313.758,                                   1.000,
7/16/2026 4:16:24 PM  ,    1710.000,                                   9.112,                                  11.535,                                  14.564,                                   0.006,                                   0.009,                               86691.820,                                   1.000,
7/16/2026 4:16:29 PM  ,    1715.000,                                   9.112,                                  11.577,                                  14.617,                                   0.006,                                   0.010,                               86379.977,                                   1.000,
7/16/2026 4:16:34 PM  ,    1720.000,                                   9.109,                                  11.542,                                  14.573,                                   0.006,                                   0.009,                               86643.266,                                   1.000,
7/16/2026 4:16:39 PM  ,    1725.000,                                   9.107,                                  11.505,                                  14.527,                                   0.006,                                   0.009,                               86921.477,                                   1.000,
7/16/2026 4:16:44 PM  ,    1730.000,                                   9.106,                                  11.509,                                  14.533,                                   0.006,                                   0.009,                               86889.016,                                   1.000,
7/16/2026 4:16:49 PM  ,    1735.000,                                   9.104,                                  11.444,                                  14.452,                                   0.006,                                   0.009,                               87379.617,                                   1.000,
7/16/2026 4:16:54 PM  ,    1740.000,                                   9.103,                                  11.491,                                  14.511,                                   0.006,                                   0.009,                               87025.289,                                   1.000,
7/16/2026 4:16:59 PM  ,    1745.000,                                   9.101,                                  11.458,                                  14.470,                                   0.006,                                   0.009,                               87277.211,                                   1.000,
7/16/2026 4:17:04 PM  ,    1750.000,                                   9.099,                                  11.446,                                  14.456,                                   0.006,                                   0.009,                               87366.945,                                   1.000,
7/16/2026 4:17:09 PM  ,    1755.000,                                   9.097,                                  11.398,                                  14.396,                                   0.006,                                   0.009,                               87731.828,                                   1.000,
7/16/2026 4:17:14 PM  ,    1760.000,                                   9.095,                                  11.402,                                  14.401,                                   0.006,                                   0.009,                               87706.891,                                   1.000,
7/16/2026 4:17:19 PM  ,    1765.000,                                   9.094,                                  11.431,                                  14.439,                                   0.006,                                   0.009,                               87481.289,                                   1.000,
7/16/2026 4:17:24 PM  ,    1770.000,                                   9.092,                                  11.390,                                  14.388,                                   0.006,                                   0.009,                               87796.297,                                   1.000,
7/16/2026 4:17:29 PM  ,    1775.000,                                   9.092,                                  11.411,                                  14.414,                                   0.006,                                   0.009,                               87636.336,                                   1.000,
7/16/2026 4:17:34 PM  ,    1780.000,                                   9.090,                                  11.379,                                  14.374,                                   0.006,                                   0.009,                               87883.398,                                   1.000,
7/16/2026 4:17:39 PM  ,    1785.000,                                   9.089,                                  11.380,                                  14.377,                                   0.006,                                   0.009,                               87870.703,                                   1.000,
7/16/2026 4:17:44 PM  ,    1790.000,                                   9.087,                                  11.355,                                  14.345,                                   0.006,                                   0.009,                               88065.820,                                   1.000,
7/16/2026 4:17:49 PM  ,    1795.000,                                   9.086,                                  11.355,                                  14.345,                                   0.006,                                   0.009,                               88069.445,                                   1.000,
7/16/2026 4:17:54 PM  ,    1800.000,                                   9.084,                                  11.359,                                  14.351,                                   0.006,                                   0.009,                               88037.898,                                   1.000,
7/16/2026 4:17:59 PM  ,    1805.000,                                   9.082,                                  11.334,                                  14.320,                                   0.006,                                   0.009,                               88229.820,                                   1.000,
7/16/2026 4:18:04 PM  ,    1810.000,                                   9.080,                                  11.346,                                  14.336,                                   0.006,                                   0.009,                               88137.602,                                   1.000,
7/16/2026 4:18:09 PM  ,    1815.000,                                   9.078,                                  11.320,                                  14.304,                                   0.006,                                   0.009,                               88338.133,                                   1.000,
7/16/2026 4:18:14 PM  ,    1820.000,                                   9.076,                                  11.299,                                  14.278,                                   0.006,                                   0.009,                               88502.797,                                   1.000,
7/16/2026 4:18:19 PM  ,    1825.000,                                   9.074,                                  11.301,                                  14.281,                                   0.006,                                   0.009,                               88489.969,                                   1.000,
7/16/2026 4:18:24 PM  ,    1830.000,                                   9.072,                                  11.290,                                  14.269,                                   0.006,                                   0.009,                               88570.602,                                   1.000,
7/16/2026 4:18:29 PM  ,    1835.000,                                   9.071,                                  11.296,                                  14.276,                                   0.006,                                   0.009,                               88528.469,                                   1.000,
7/16/2026 4:18:34 PM  ,    1840.000,                                   9.069,                                  11.257,                                  14.227,                                   0.006,                                   0.009,                               88834.055,                                   1.000,
7/16/2026 4:18:39 PM  ,    1845.000,                                   9.067,                                  11.278,                                  14.255,                                   0.006,                                   0.009,                               88666.328,                                   1.000,
7/16/2026 4:18:44 PM  ,    1850.000,                                   9.065,                                  11.280,                                  14.257,                                   0.006,                                   0.009,                               88654.766,                                   1.000,
7/16/2026 4:18:49 PM  ,    1855.000,                                   9.061,                                  11.193,                                  14.149,                                   0.006,                                   0.009,                               89343.656,                                   1.000,
7/16/2026 4:18:54 PM  ,    1860.000,                                   9.061,                                  11.173,                                  14.124,                                   0.006,                                   0.009,                               89504.617,                                   1.000,
7/16/2026 4:18:59 PM  ,    1865.000,                                   9.059,                                  11.148,                                  14.093,                                   0.006,                                   0.009,                               89701.688,                                   1.000,
7/16/2026 4:19:04 PM  ,    1870.000,                                   9.058,                                  11.169,                                  14.121,                                   0.006,                                   0.009,                               89529.984,                                   1.000,
7/16/2026 4:19:09 PM  ,    1875.000,                                   9.055,                                  11.140,                                  14.085,                                   0.006,                                   0.009,                               89764.141,                                   1.000,
7/16/2026 4:19:14 PM  ,    1880.000,                                   9.054,                                  11.121,                                  14.061,                                   0.006,                                   0.009,                               89918.703,                                   1.000,
7/16/2026 4:19:19 PM  ,    1885.000,                                   9.053,                                  11.155,                                  14.104,                                   0.006,                                   0.009,                               89643.992,                                   1.000,
7/16/2026 4:19:24 PM  ,    1890.000,                                   9.051,                                  11.124,                                  14.065,                                   0.006,                                   0.009,                               89895.188,                                   1.000,
7/16/2026 4:19:29 PM  ,    1895.000,                                   9.050,                                  11.115,                                  14.054,                                   0.006,                                   0.009,                               89968.695,                                   1.000,
7/16/2026 4:19:34 PM  ,    1900.000,                                   9.048,                                  11.116,                                  14.057,                                   0.006,                                   0.009,                               89957.758,                                   1.000,
7/16/2026 4:19:39 PM  ,    1905.000,                                   9.046,                                  11.088,                                  14.022,                                   0.006,                                   0.009,                               90184.570,                                   1.000,
7/16/2026 4:19:44 PM  ,    1910.000,                                   9.044,                                  11.069,                                  13.998,                                   0.006,                                   0.009,                               90341.422,                                   1.000,
7/16/2026 4:19:49 PM  ,    1915.000,                                   9.042,                                  11.030,                                  13.950,                                   0.006,                                   0.009,                               90662.789,                                   1.000,
7/16/2026 4:19:54 PM  ,    1920.000,                                   9.039,                                  11.041,                                  13.965,                                   0.006,                                   0.009,                               90568.352,                                   1.000,
7/16/2026 4:19:59 PM  ,    1925.000,                                   9.038,                                  11.059,                                  13.988,                                   0.006,                                   0.009,                               90422.961,                                   1.000,
7/16/2026 4:20:04 PM  ,    1930.000,                                   9.036,                                  11.016,                                  13.934,                                   0.006,                                   0.009,                               90778.352,                                   1.000,
7/16/2026 4:20:09 PM  ,    1935.000,                                   9.035,                                  10.962,                                  13.866,                                   0.006,                                   0.009,                               91227.523,                                   1.000,
7/16/2026 4:20:14 PM  ,    1940.000,                                   9.033,                                  10.940,                                  13.839,                                   0.006,                                   0.009,                               91405.063,                                   1.000,
7/16/2026 4:20:19 PM  ,    1945.000,                                   9.031,                                  10.966,                                  13.873,                                   0.006,                                   0.009,                               91188.766,                                   1.000,
7/16/2026 4:20:24 PM  ,    1950.000,                                   9.030,                                  10.981,                                  13.891,                                   0.006,                                   0.009,                               91068.477,                                   1.000,
7/16/2026 4:20:29 PM  ,    1955.000,                                   9.029,                                  10.947,                                  13.849,                                   0.006,                                   0.009,                               91350.133,                                   1.000,
7/16/2026 4:20:34 PM  ,    1960.000,                                   9.027,                                  10.957,                                  13.862,                                   0.006,                                   0.009,                               91266.992,                                   1.000,
7/16/2026 4:20:39 PM  ,    1965.000,                                   9.025,                                  10.986,                                  13.900,                                   0.006,                                   0.009,                               91022.188,                                   1.000,
7/16/2026 4:20:44 PM  ,    1970.000,                                   9.025,                                  11.001,                                  13.919,                                   0.006,                                   0.009,                               90898.383,                                   1.000,
7/16/2026 4:20:49 PM  ,    1975.000,                                   9.022,                                  10.936,                                  13.838,                                   0.006,                                   0.009,                               91439.539,                                   1.000,
7/16/2026 4:20:54 PM  ,    1980.000,                                   9.021,                                  10.950,                                  13.855,                                   0.006,                                   0.009,                               91325.617,                                   1.000,
7/16/2026 4:20:59 PM  ,    1985.000,                                   9.019,                                  10.938,                                  13.842,                                   0.006,                                   0.009,                               91420.422,                                   1.000,
7/16/2026 4:21:04 PM  ,    1990.000,                                   9.017,                                  10.919,                                  13.818,                                   0.006,                                   0.009,                               91580.695,                                   1.000,
7/16/2026 4:21:09 PM  ,    1995.000,                                   9.016,                                  10.899,                                  13.793,                                   0.006,                                   0.009,                               91752.617,                                   1.000,
7/16/2026 4:21:14 PM  ,    2000.000,                                   9.014,                                  10.896,                                  13.790,                                   0.006,                                   0.009,                               91772.828,                                   1.000,
7/16/2026 4:21:19 PM  ,    2005.000,                                   9.012,                                  10.901,                                  13.796,                                   0.006,                                   0.009,                               91735.852,                                   1.000,
7/16/2026 4:21:24 PM  ,    2010.000,                                   9.009,                                  10.820,                                  13.695,                                   0.006,                                   0.009,                               92421.500,                                   1.000,
7/16/2026 4:21:29 PM  ,    2015.000,                                   9.007,                                  10.848,                                  13.731,                                   0.006,                                   0.009,                               92184.711,                                   1.000,
7/16/2026 4:21:34 PM  ,    2020.000,                                   9.006,                                  10.819,                                  13.695,                                   0.006,                                   0.009,                               92427.273,                                   1.000,
7/16/2026 4:21:39 PM  ,    2025.000,                                   9.005,                                  10.882,                                  13.775,                                   0.006,                                   0.009,                               91894.813,                                   1.000,
7/16/2026 4:21:44 PM  ,    2030.000,                                   9.003,                                  10.878,                                  13.771,                                   0.006,                                   0.009,                               91924.875,                                   1.000,
7/16/2026 4:21:49 PM  ,    2035.000,                                   9.002,                                  10.831,                                  13.711,                                   0.006,                                   0.009,                               92326.023,                                   1.000,
7/16/2026 4:21:54 PM  ,    2040.000,                                   9.000,                                  10.868,                                  13.759,                                   0.006,                                   0.009,                               92009.656,                                   1.000,
7/16/2026 4:21:59 PM  ,    2045.000,                                   8.998,                                  10.767,                                  13.632,                                   0.006,                                   0.009,                               92875.086,                                   1.000,
7/16/2026 4:22:04 PM  ,    2050.000,                                   8.996,                                  10.815,                                  13.693,                                   0.006,                                   0.009,                               92462.531,                                   1.000,
7/16/2026 4:22:09 PM  ,    2055.000,                                   8.995,                                  10.823,                                  13.703,                                   0.006,                                   0.009,                               92394.828,                                   1.000,
7/16/2026 4:22:14 PM  ,    2060.000,                                   8.993,                                  10.805,                                  13.682,                                   0.006,                                   0.009,                               92546.539,                                   1.000,
7/16/2026 4:22:19 PM  ,    2065.000,                                   8.992,                                  10.785,                                  13.657,                                   0.006,                                   0.009,                               92718.586,                                   1.000,
7/16/2026 4:22:24 PM  ,    2070.000,                                   8.991,                                  10.814,                                  13.694,                                   0.006,                                   0.009,                               92470.141,                                   1.000,
7/16/2026 4:22:29 PM  ,    2075.000,                                   8.988,                                  10.762,                                  13.628,                                   0.006,                                   0.009,                               92919.578,                                   1.000,
7/16/2026 4:22:34 PM  ,    2080.000,                                   8.987,                                  10.745,                                  13.608,                                   0.006,                                   0.009,                               93062.828,                                   1.000,
7/16/2026 4:22:39 PM  ,    2085.000,                                   8.986,                                  10.753,                                  13.618,                                   0.006,                                   0.009,                               92993.031,                                   1.000,
7/16/2026 4:22:44 PM  ,    2090.000,                                   8.983,                                  10.826,                                  13.711,                                   0.006,                                   0.009,                               92373.422,                                   1.000,
7/16/2026 4:22:49 PM  ,    2095.000,                                   8.981,                                  10.844,                                  13.735,                                   0.006,                                   0.009,                               92217.188,                                   1.000,
7/16/2026 4:22:54 PM  ,    2100.000,                                   8.980,                                  10.699,                                  13.551,                                   0.006,                                   0.009,                               93468.227,                                   1.000,
7/16/2026 4:22:59 PM  ,    2105.000,                                   8.977,                                  10.759,                                  13.628,                                   0.006,                                   0.009,                               92945.742,                                   1.000,
7/16/2026 4:23:04 PM  ,    2110.000,                                   8.975,                                  10.651,                                  13.491,                                   0.006,                                   0.009,                               93892.305,                                   1.000,
7/16/2026 4:23:09 PM  ,    2115.000,                                   8.975,                                  10.776,                                  13.650,                                   0.006,                                   0.009,                               92800.969,                                   1.000,
7/16/2026 4:23:14 PM  ,    2120.000,                                   8.973,                                  10.716,                                  13.575,                                   0.006,                                   0.009,                               93322.289,                                   1.000,
7/16/2026 4:23:19 PM  ,    2125.000,                                   8.972,                                  10.707,                                  13.565,                                   0.006,                                   0.009,                               93393.875,                                   1.000,
7/16/2026 4:23:24 PM  ,    2130.000,                                   8.970,                                  10.642,                                  13.483,                                   0.006,                                   0.009,                               93963.750,                                   1.000,
7/16/2026 4:23:29 PM  ,    2135.000,                                   8.968,                                  10.711,                                  13.571,                                   0.006,                                   0.009,                               93361.984,                                   1.000,
7/16/2026 4:23:34 PM  ,    2140.000,                                   8.966,                                  10.658,                                  13.504,                                   0.006,                                   0.009,                               93823.492,                                   1.000,
7/16/2026 4:23:39 PM  ,    2145.000,                                   8.965,                                  10.685,                                  13.539,                                   0.006,                                   0.009,                               93585.578,                                   1.000,
7/16/2026 4:23:44 PM  ,    2150.000,                                   8.964,                                  10.715,                                  13.577,                                   0.006,                                   0.009,                               93325.133,                                   1.000,
7/16/2026 4:23:49 PM  ,    2155.000,                                   8.962,                                  10.700,                                  13.559,                                   0.006,                                   0.009,                               93453.602,                                   1.000,
7/16/2026 4:23:54 PM  ,    2160.000,                                   8.960,                                  10.679,                                  13.532,                                   0.006,                                   0.009,                               93644.953,                                   1.000,
7/16/2026 4:23:59 PM  ,    2165.000,                                   8.959,                                  10.634,                                  13.476,                                   0.006,                                   0.009,                               94039.688,                                   1.000,
7/16/2026 4:24:04 PM  ,    2170.000,                                   8.958,                                  10.759,                                  13.635,                                   0.006,                                   0.009,                               92941.180,                                   1.000,
7/16/2026 4:24:09 PM  ,    2175.000,                                   8.956,                                  10.580,                                  13.409,                                   0.006,                                   0.009,                               94517.953,                                   1.000,
7/16/2026 4:24:14 PM  ,    2180.000,                                   8.954,                                  10.726,                                  13.594,                                   0.006,                                   0.009,                               93232.109,                                   1.000,
7/16/2026 4:24:19 PM  ,    2185.000,                                   8.952,                                  10.709,                                  13.573,                                   0.006,                                   0.009,                               93379.773,                                   1.000,
7/16/2026 4:24:24 PM  ,    2190.000,                                   8.951,                                  10.764,                                  13.643,                                   0.006,                                   0.009,                               92900.477,                                   1.000,
7/16/2026 4:24:29 PM  ,    2195.000,                                   8.949,                                  10.694,                                  13.555,                                   0.006,                                   0.009,                               93513.695,                                   1.000,
7/16/2026 4:24:34 PM  ,    2200.000,                                   8.948,                                  10.653,                                  13.503,                                   0.006,                                   0.009,                               93870.938,                                   1.000,
7/16/2026 4:24:39 PM  ,    2205.000,                                   8.946,                                  10.609,                                  13.449,                                   0.006,                                   0.009,                               94257.766,                                   1.000,
7/16/2026 4:24:44 PM  ,    2210.000,                                   8.945,                                  10.546,                                  13.369,                                   0.006,                                   0.009,                               94820.250,                                   1.000,
7/16/2026 4:24:49 PM  ,    2215.000,                                   8.943,                                  10.696,                                  13.560,                                   0.006,                                   0.009,                               93494.320,                                   1.000,
7/16/2026 4:24:54 PM  ,    2220.000,                                   8.940,                                  10.695,                                  13.559,                                   0.006,                                   0.009,                               93505.008,                                   1.000,
7/16/2026 4:24:59 PM  ,    2225.000,                                   8.939,                                  10.620,                                  13.465,                                   0.006,                                   0.009,                               94161.953,                                   1.000,
7/16/2026 4:25:04 PM  ,    2230.000,                                   8.938,                                  10.633,                                  13.482,                                   0.006,                                   0.009,                               94045.930,                                   1.000,
7/16/2026 4:25:09 PM  ,    2235.000,                                   8.936,                                  10.502,                                  13.316,                                   0.006,                                   0.009,                               95218.563,                                   1.000,
7/16/2026 4:25:14 PM  ,    2240.000,                                   8.935,                                  10.604,                                  13.446,                                   0.006,                                   0.009,                               94304.367,                                   1.000,
7/16/2026 4:25:19 PM  ,    2245.000,                                   8.934,                                  10.662,                                  13.520,                                   0.006,                                   0.009,                               93788.813,                                   1.000,
7/16/2026 4:25:24 PM  ,    2250.000,                                   8.931,                                  10.558,                                  13.388,                                   0.006,                                   0.009,                               94714.680,                                   1.000,
7/16/2026 4:25:29 PM  ,    2255.000,                                   8.930,                                  10.651,                                  13.507,                                   0.006,                                   0.009,                               93886.664,                                   1.000,
7/16/2026 4:25:34 PM  ,    2260.000,                                   8.929,                                  10.525,                                  13.348,                                   0.006,                                   0.009,                               95007.688,                                   1.000,
7/16/2026 4:25:39 PM  ,    2265.000,                                   8.927,                                  10.542,                                  13.370,                                   0.006,                                   0.009,                               94855.094,                                   1.000,
7/16/2026 4:25:44 PM  ,    2270.000,                                   8.925,                                  10.511,                                  13.331,                                   0.006,                                   0.009,                               95137.617,                                   1.000,
7/16/2026 4:25:49 PM  ,    2275.000,                                   8.924,                                  10.445,                                  13.247,                                   0.006,                                   0.009,                               95742.320,                                   1.000,
7/16/2026 4:25:54 PM  ,    2280.000,                                   8.922,                                  10.452,                                  13.257,                                   0.006,                                   0.009,                               95675.383,                                   1.000,
7/16/2026 4:25:59 PM  ,    2285.000,                                   8.919,                                  10.381,                                  13.168,                                   0.006,                                   0.009,                               96330.641,                                   1.000,
7/16/2026 4:26:04 PM  ,    2290.000,                                   8.918,                                  10.393,                                  13.184,                                   0.006,                                   0.009,                               96214.633,                                   1.000,
7/16/2026 4:26:09 PM  ,    2295.000,                                   8.917,                                  10.479,                                  13.293,                                   0.006,                                   0.009,                               95426.805,                                   1.000,
7/16/2026 4:26:14 PM  ,    2300.000,                                   8.915,                                  10.443,                                  13.248,                                   0.006,                                   0.009,                               95756.398,                                   1.000,
7/16/2026 4:26:19 PM  ,    2305.000,                                   8.915,                                  10.541,                                  13.372,                                   0.006,                                   0.009,                               94869.164,                                   1.000,
7/16/2026 4:26:24 PM  ,    2310.000,                                   8.913,                                  10.364,                                  13.149,                                   0.006,                                   0.009,                               96484.289,                                   1.000,
7/16/2026 4:26:29 PM  ,    2315.000,                                   8.912,                                  10.313,                                  13.084,                                   0.006,                                   0.009,                               96966.945,                                   1.000,
7/16/2026 4:26:34 PM  ,    2320.000,                                   8.910,                                  10.410,                                  13.208,                                   0.006,                                   0.009,                               96058.430,                                   1.000,
7/16/2026 4:26:39 PM  ,    2325.000,                                   8.908,                                  10.420,                                  13.221,                                   0.006,                                   0.009,                               95968.313,                                   1.000,
7/16/2026 4:26:44 PM  ,    2330.000,                                   8.906,                                  10.455,                                  13.266,                                   0.006,                                   0.009,                               95646.969,                                   1.000,
7/16/2026 4:26:49 PM  ,    2335.000,                                   8.904,                                  10.393,                                  13.188,                                   0.006,                                   0.009,                               96217.758,                                   1.000,
7/16/2026 4:26:54 PM  ,    2340.000,                                   8.903,                                  10.264,                                  13.025,                                   0.006,                                   0.008,                               97425.828,                                   1.000,
7/16/2026 4:26:59 PM  ,    2345.000,                                   8.901,                                  10.316,                                  13.092,                                   0.006,                                   0.009,                               96933.344,                                   1.000,
7/16/2026 4:27:04 PM  ,    2350.000,                                   8.899,                                  10.375,                                  13.166,                                   0.006,                                   0.009,                               96389.820,                                   1.000,
7/16/2026 4:27:09 PM  ,    2355.000,                                   8.898,                                  10.465,                                  13.281,                                   0.006,                                   0.009,                               95559.867,                                   1.000,
7/16/2026 4:27:14 PM  ,    2360.000,                                   8.896,                                  10.206,                                  12.953,                                   0.005,                                   0.008,                               97981.008,                                   1.000,
7/16/2026 4:27:19 PM  ,    2365.000,                                   8.895,                                  10.310,                                  13.086,                                   0.006,                                   0.009,                               96990.438,                                   1.000,
7/16/2026 4:27:24 PM  ,    2370.000,                                   8.894,                                  10.270,                                  13.035,                                   0.006,                                   0.008,                               97371.898,                                   1.000,
7/16/2026 4:27:29 PM  ,    2375.000,                                   8.893,                                  10.305,                                  13.079,                                   0.006,                                   0.009,                               97044.555,                                   1.000,
7/16/2026 4:27:34 PM  ,    2380.000,                                   8.891,                                  10.294,                                  13.066,                                   0.006,                                   0.008,                               97145.203,                                   1.000,
7/16/2026 4:27:39 PM  ,    2385.000,                                   8.890,                                  10.284,                                  13.055,                                   0.006,                                   0.008,                               97235.211,                                   1.000,
7/16/2026 4:27:44 PM  ,    2390.000,                                   8.888,                                  10.248,                                  13.008,                                   0.006,                                   0.008,                               97584.602,                                   1.000,
7/16/2026 4:27:49 PM  ,    2395.000,                                   8.886,                                  10.338,                                  13.124,                                   0.006,                                   0.009,                               96732.617,                                   1.000,
7/16/2026 4:27:54 PM  ,    2400.000,                                   8.885,                                  10.151,                                  12.887,                                   0.005,                                   0.008,                               98513.930,                                   1.000,
7/16/2026 4:27:59 PM  ,    2405.000,                                   8.884,                                  10.310,                                  13.089,                                   0.006,                                   0.009,                               96995.820,                                   1.000,
7/16/2026 4:28:04 PM  ,    2410.000,                                   8.883,                                  10.206,                                  12.957,                                   0.005,                                   0.008,                               97985.867,                                   1.000,
7/16/2026 4:28:09 PM  ,    2415.000,                                   8.882,                                  10.364,                                  13.159,                                   0.006,                                   0.009,                               96483.328,                                   1.000,
7/16/2026 4:28:14 PM  ,    2420.000,                                   8.880,                                  10.212,                                  12.965,                                   0.005,                                   0.008,                               97927.758,                                   1.000,
7/16/2026 4:28:19 PM  ,    2425.000,                                   8.878,                                  10.320,                                  13.103,                                   0.006,                                   0.009,                               96899.594,                                   1.000,
7/16/2026 4:28:24 PM  ,    2430.000,                                   8.877,                                  10.324,                                  13.109,                                   0.006,                                   0.009,                               96863.359,                                   1.000,
7/16/2026 4:28:29 PM  ,    2435.000,                                   8.875,                                  10.326,                                  13.112,                                   0.006,                                   0.009,                               96845.781,                                   1.000,
7/16/2026 4:28:34 PM  ,    2440.000,                                   8.873,                                  10.249,                                  13.015,                                   0.006,                                   0.008,                               97570.289,                                   1.000,
7/16/2026 4:28:39 PM  ,    2445.000,                                   8.870,                                  10.187,                                  12.937,                                   0.005,                                   0.008,                               98165.789,                                   1.000,
7/16/2026 4:28:44 PM  ,    2450.000,                                   8.868,                                  10.108,                                  12.838,                                   0.005,                                   0.008,                               98927.063,                                   1.000,
7/16/2026 4:28:49 PM  ,    2455.000,                                   8.868,                                  10.134,                                  12.870,                                   0.005,                                   0.008,                               98682.023,                                   1.000,
7/16/2026 4:28:54 PM  ,    2460.000,                                   8.866,                                  10.268,                                  13.042,                                   0.006,                                   0.008,                               97385.992,                                   1.000,
7/16/2026 4:28:59 PM  ,    2465.000,                                   8.865,                                  10.202,                                  12.958,                                   0.005,                                   0.008,                               98017.305,                                   1.000,
7/16/2026 4:29:04 PM  ,    2470.000,                                   8.863,                                  10.100,                                  12.828,                                   0.005,                                   0.008,                               99012.672,                                   1.000,
7/16/2026 4:29:09 PM  ,    2475.000,                                   8.862,                                  10.069,                                  12.790,                                   0.005,                                   0.008,                               99313.523,                                   1.000,
7/16/2026 4:29:14 PM  ,    2480.000,                                   8.861,                                  10.096,                                  12.825,                                   0.005,                                   0.008,                               99047.039,                                   1.000,
7/16/2026 4:29:19 PM  ,    2485.000,                                   8.859,                                  10.214,                                  12.975,                                   0.005,                                   0.008,                               97903.031,                                   1.000,
7/16/2026 4:29:24 PM  ,    2490.000,                                   8.858,                                  10.082,                                  12.807,                                   0.005,                                   0.008,                               99189.102,                                   1.000,
7/16/2026 4:29:29 PM  ,    2495.000,                                   8.856,                                  10.124,                                  12.861,                                   0.005,                                   0.008,                               98776.258,                                   1.000,
7/16/2026 4:29:34 PM  ,    2500.000,                                   8.855,                                  10.223,                                  12.987,                                   0.006,                                   0.008,                               97821.422,                                   1.000,
7/16/2026 4:29:39 PM  ,    2505.000,                                   8.854,                                  10.213,                                  12.975,                                   0.005,                                   0.008,                               97912.570,                                   1.000,
7/16/2026 4:29:44 PM  ,    2510.000,                                   8.853,                                  10.170,                                  12.921,                                   0.005,                                   0.008,                               98328.602,                                   1.000,
7/16/2026 4:29:49 PM  ,    2515.000,                                   8.851,                                  10.145,                                  12.890,                                   0.005,                                   0.008,                               98567.625,                                   1.000,
7/16/2026 4:29:54 PM  ,    2520.000,                                   8.850,                                  10.139,                                  12.882,                                   0.005,                                   0.008,                               98632.938,                                   1.000,
7/16/2026 4:29:59 PM  ,    2525.000,                                   8.849,                                  10.010,                                  12.719,                                   0.005,                                   0.008,                               99899.234,                                   1.000,
7/16/2026 4:30:04 PM  ,    2530.000,                                   8.848,                                  10.109,                                  12.845,                                   0.005,                                   0.008,                               98921.063,                                   1.000,
7/16/2026 4:30:09 PM  ,    2535.000,                                   8.846,                                  10.045,                                  12.765,                                   0.005,                                   0.008,                               99549.602,                                   1.000,
7/16/2026 4:30:14 PM  ,    2540.000,                                   8.845,                                  10.097,                                  12.831,                                   0.005,                                   0.008,                               99039.445,                                   1.000,
7/16/2026 4:30:19 PM  ,    2545.000,                                   8.843,                                  10.069,                                  12.796,                                   0.005,                                   0.008,                               99314.953,                                   1.000,
7/16/2026 4:30:24 PM  ,    2550.000,                                   8.841,                                  10.162,                                  12.914,                                   0.005,                                   0.008,                               98409.445,                                   1.000,
7/16/2026 4:30:29 PM  ,    2555.000,                                   8.840,                                  10.200,                                  12.963,                                   0.005,                                   0.008,                               98038.375,                                   1.000,
7/16/2026 4:30:34 PM  ,    2560.000,                                   8.838,                                  10.029,                                  12.746,                                   0.005,                                   0.008,                               99715.156,                                   1.000,
7/16/2026 4:30:39 PM  ,    2565.000,                                   8.837,                                  10.134,                                  12.881,                                   0.005,                                   0.008,                               98676.563,                                   1.000,
7/16/2026 4:30:44 PM  ,    2570.000,                                   8.835,                                  10.029,                                  12.747,                                   0.005,                                   0.008,                               99713.992,                                   1.000,
7/16/2026 4:30:49 PM  ,    2575.000,                                   8.833,                                   9.988,                                  12.696,                                   0.005,                                   0.008,                              100118.383,                                   1.000,
7/16/2026 4:30:54 PM  ,    2580.000,                                   8.832,                                  10.019,                                  12.735,                                   0.005,                                   0.008,                               99813.742,                                   1.000,
7/16/2026 4:30:59 PM  ,    2585.000,                                   8.831,                                   9.936,                                  12.631,                                   0.005,                                   0.008,                              100643.094,                                   1.000,
7/16/2026 4:31:04 PM  ,    2590.000,                                   8.830,                                   9.975,                                  12.680,                                   0.005,                                   0.008,                              100249.484,                                   1.000,
7/16/2026 4:31:09 PM  ,    2595.000,                                   8.829,                                  10.113,                                  12.856,                                   0.005,                                   0.008,                               98885.438,                                   1.000,
7/16/2026 4:31:14 PM  ,    2600.000,                                   8.828,                                   9.986,                                  12.695,                                   0.005,                                   0.008,                              100141.586,                                   1.000,
7/16/2026 4:31:19 PM  ,    2605.000,                                   8.825,                                  10.119,                                  12.865,                                   0.005,                                   0.008,                               98820.172,                                   1.000,
7/16/2026 4:31:24 PM  ,    2610.000,                                   8.824,                                   9.930,                                  12.625,                                   0.005,                                   0.008,                              100707.414,                                   1.000,
7/16/2026 4:31:29 PM  ,    2615.000,                                   8.823,                                   9.875,                                  12.555,                                   0.005,                                   0.008,                              101268.102,                                   1.000,
7/16/2026 4:31:34 PM  ,    2620.000,                                   8.822,                                  10.058,                                  12.788,                                   0.005,                                   0.008,                               99426.820,                                   1.000,
7/16/2026 4:31:39 PM  ,    2625.000,                                   8.820,                                  10.080,                                  12.817,                                   0.005,                                   0.008,                               99203.008,                                   1.000,
7/16/2026 4:31:44 PM  ,    2630.000,                                   8.818,                                  10.025,                                  12.747,                                   0.005,                                   0.008,                               99755.078,                                   1.000,
7/16/2026 4:31:49 PM  ,    2635.000,                                   8.816,                                  10.023,                                  12.745,                                   0.005,                                   0.008,                               99771.625,                                   1.000,
7/16/2026 4:31:54 PM  ,    2640.000,                                   8.815,                                   9.928,                                  12.625,                                   0.005,                                   0.008,                              100727.500,                                   1.000,
7/16/2026 4:31:59 PM  ,    2645.000,                                   8.813,                                  10.005,                                  12.723,                                   0.005,                                   0.008,                               99950.852,                                   1.000,
7/16/2026 4:32:04 PM  ,    2650.000,                                   8.812,                                   9.826,                                  12.496,                                   0.005,                                   0.008,                              101769.305,                                   1.000,
7/16/2026 4:32:09 PM  ,    2655.000,                                   8.811,                                   9.940,                                  12.642,                                   0.005,                                   0.008,                              100604.578,                                   1.000,
7/16/2026 4:32:14 PM  ,    2660.000,                                   8.810,                                   9.998,                                  12.716,                                   0.005,                                   0.008,                              100018.125,                                   1.000,
7/16/2026 4:32:19 PM  ,    2665.000,                                   8.809,                                   9.905,                                  12.597,                                   0.005,                                   0.008,                              100962.258,                                   1.000,
7/16/2026 4:32:24 PM  ,    2670.000,                                   8.806,                                   9.917,                                  12.614,                                   0.005,                                   0.008,                              100838.609,                                   1.000,
7/16/2026 4:32:29 PM  ,    2675.000,                                   8.805,                                   9.957,                                  12.665,                                   0.005,                                   0.008,                              100434.828,                                   1.000,
7/16/2026 4:32:34 PM  ,    2680.000,                                   8.804,                                   9.966,                                  12.677,                                   0.005,                                   0.008,                              100343.039,                                   1.000,
7/16/2026 4:32:39 PM  ,    2685.000,                                   8.802,                                   9.817,                                  12.488,                                   0.005,                                   0.008,                              101859.031,                                   1.000,
7/16/2026 4:32:44 PM  ,    2690.000,                                   8.800,                                   9.813,                                  12.484,                                   0.005,                                   0.008,                              101902.914,                                   1.000,
7/16/2026 4:32:49 PM  ,    2695.000,                                   8.799,                                   9.762,                                  12.418,                                   0.005,                                   0.008,                              102443.008,                                   1.000,
7/16/2026 4:32:54 PM  ,    2700.000,                                   8.798,                                   9.855,                                  12.538,                                   0.005,                                   0.008,                              101467.008,                                   1.000,
7/16/2026 4:32:59 PM  ,    2705.000,                                   8.796,                                   9.862,                                  12.547,                                   0.005,                                   0.008,                              101398.773,                                   1.000,
7/16/2026 4:33:04 PM  ,    2710.000,                                   8.795,                                   9.774,                                  12.435,                                   0.005,                                   0.008,                              102314.773,                                   1.000,
7/16/2026 4:33:09 PM  ,    2715.000,                                   8.794,                                   9.765,                                  12.424,                                   0.005,                                   0.008,                              102411.070,                                   1.000,
7/16/2026 4:33:14 PM  ,    2720.000,                                   8.793,                                   9.691,                                  12.330,                                   0.005,                                   0.008,                              103189.273,                                   1.000,
7/16/2026 4:33:19 PM  ,    2725.000,                                   8.791,                                   9.842,                                  12.523,                                   0.005,                                   0.008,                              101603.344,                                   1.000,
7/16/2026 4:33:24 PM  ,    2730.000,                                   8.790,                                   9.825,                                  12.502,                                   0.005,                                   0.008,                              101780.883,                                   1.000,
7/16/2026 4:33:29 PM  ,    2735.000,                                   8.789,                                   9.925,                                  12.629,                                   0.005,                                   0.008,                              100759.938,                                   1.000,
7/16/2026 4:33:34 PM  ,    2740.000,                                   8.788,                                   9.830,                                  12.509,                                   0.005,                                   0.008,                              101726.641,                                   1.000,
7/16/2026 4:33:39 PM  ,    2745.000,                                   8.786,                                   9.915,                                  12.617,                                   0.005,                                   0.008,                              100860.078,                                   1.000,
7/16/2026 4:33:44 PM  ,    2750.000,                                   8.784,                                   9.782,                                  12.449,                                   0.005,                                   0.008,                              102225.914,                                   1.000,
7/16/2026 4:33:49 PM  ,    2755.000,                                   8.783,                                   9.927,                                  12.634,                                   0.005,                                   0.008,                              100733.555,                                   1.000,
7/16/2026 4:33:54 PM  ,    2760.000,                                   8.781,                                   9.946,                                  12.658,                                   0.005,                                   0.008,                              100546.914,                                   1.000,
7/16/2026 4:33:59 PM  ,    2765.000,                                   8.780,                                   9.872,                                  12.565,                                   0.005,                                   0.008,                              101292.711,                                   1.000,
7/16/2026 4:34:04 PM  ,    2770.000,                                   8.779,                                   9.995,                                  12.721,                                   0.005,                                   0.008,                              100050.023,                                   1.000,
7/16/2026 4:34:09 PM  ,    2775.000,                                   8.778,                                   9.966,                                  12.685,                                   0.005,                                   0.008,                              100343.375,                                   1.000,
7/16/2026 4:34:14 PM  ,    2780.000,                                   8.777,                                   9.925,                                  12.634,                                   0.005,                                   0.008,                              100751.781,                                   1.000,
7/16/2026 4:34:19 PM  ,    2785.000,                                   8.776,                                   9.888,                                  12.586,                                   0.005,                                   0.008,                              101136.523,                                   1.000,
7/16/2026 4:34:24 PM  ,    2790.000,                                   8.774,                                   9.969,                                  12.689,                                   0.005,                                   0.008,                              100314.273,                                   1.000,
7/16/2026 4:34:29 PM  ,    2795.000,                                   8.773,                                  10.039,                                  12.779,                                   0.005,                                   0.008,                               99612.938,                                   1.000,
7/16/2026 4:34:34 PM  ,    2800.000,                                   8.772,                                   9.939,                                  12.652,                                   0.005,                                   0.008,                              100612.555,                                   1.000,
7/16/2026 4:34:39 PM  ,    2805.000,                                   8.770,                                   9.917,                                  12.625,                                   0.005,                                   0.008,                              100837.547,                                   1.000,
7/16/2026 4:34:44 PM  ,    2810.000,                                   8.769,                                  10.083,                                  12.837,                                   0.005,                                   0.008,                               99173.109,                                   1.000,
7/16/2026 4:34:49 PM  ,    2815.000,                                   8.768,                                   9.946,                                  12.663,                                   0.005,                                   0.008,                              100540.875,                                   1.000,
7/16/2026 4:34:54 PM  ,    2820.000,                                   8.767,                                  10.049,                                  12.794,                                   0.005,                                   0.008,                               99511.000,                                   1.000,
7/16/2026 4:34:59 PM  ,    2825.000,                                   8.765,                                   9.930,                                  12.643,                                   0.005,                                   0.008,                              100706.313,                                   1.000,
7/16/2026 4:35:04 PM  ,    2830.000,                                   8.763,                                   9.914,                                  12.623,                                   0.005,                                   0.008,                              100870.328,                                   1.000,
7/16/2026 4:35:09 PM  ,    2835.000,                                   8.762,                                   9.895,                                  12.600,                                   0.005,                                   0.008,                              101058.117,                                   1.000,
7/16/2026 4:35:14 PM  ,    2840.000,                                   8.762,                                   9.901,                                  12.607,                                   0.005,                                   0.008,                              100999.500,                                   1.000,
7/16/2026 4:35:19 PM  ,    2845.000,                                   8.761,                                   9.963,                                  12.686,                                   0.005,                                   0.008,                              100372.492,                                   1.000,
7/16/2026 4:35:24 PM  ,    2850.000,                                   8.760,                                   9.874,                                  12.573,                                   0.005,                                   0.008,                              101274.430,                                   1.000,
7/16/2026 4:35:29 PM  ,    2855.000,                                   8.760,                                   9.920,                                  12.632,                                   0.005,                                   0.008,                              100809.578,                                   1.000,
7/16/2026 4:35:34 PM  ,    2860.000,                                   8.758,                                   9.877,                                  12.577,                                   0.005,                                   0.008,                              101246.188,                                   1.000,
7/16/2026 4:35:39 PM  ,    2865.000,                                   8.757,                                   9.872,                                  12.571,                                   0.005,                                   0.008,                              101301.453,                                   1.000,
7/16/2026 4:35:44 PM  ,    2870.000,                                   8.757,                                   9.760,                                  12.430,                                   0.005,                                   0.008,                              102454.953,                                   1.000,
7/16/2026 4:35:49 PM  ,    2875.000,                                   8.755,                                   9.880,                                  12.583,                                   0.005,                                   0.008,                              101214.195,                                   1.000,
7/16/2026 4:35:54 PM  ,    2880.000,                                   8.754,                                   9.811,                                  12.495,                                   0.005,                                   0.008,                              101921.844,                                   1.000,
7/16/2026 4:35:59 PM  ,    2885.000,                                   8.753,                                   9.847,                                  12.542,                                   0.005,                                   0.008,                              101550.438,                                   1.000,
7/16/2026 4:36:04 PM  ,    2890.000,                                   8.751,                                   9.763,                                  12.435,                                   0.005,                                   0.008,                              102425.258,                                   1.000,
7/16/2026 4:36:09 PM  ,    2895.000,                                   8.749,                                   9.740,                                  12.406,                                   0.005,                                   0.008,                              102668.281,                                   1.000,
7/16/2026 4:36:14 PM  ,    2900.000,                                   8.748,                                   9.718,                                  12.378,                                   0.005,                                   0.008,                              102906.773,                                   1.000,
7/16/2026 4:36:19 PM  ,    2905.000,                                   8.748,                                   9.698,                                  12.353,                                   0.005,                                   0.008,                              103111.375,                                   1.000,
7/16/2026 4:36:24 PM  ,    2910.000,                                   8.746,                                   9.643,                                  12.284,                                   0.005,                                   0.008,                              103697.508,                                   1.000,
7/16/2026 4:36:29 PM  ,    2915.000,                                   8.745,                                   9.679,                                  12.330,                                   0.005,                                   0.008,                              103314.125,                                   1.000,
7/16/2026 4:36:34 PM  ,    2920.000,                                   8.743,                                   9.664,                                  12.311,                                   0.005,                                   0.008,                              103477.195,                                   1.000,
7/16/2026 4:36:39 PM  ,    2925.000,                                   8.742,                                   9.753,                                  12.424,                                   0.005,                                   0.008,                              102537.047,                                   1.000,
7/16/2026 4:36:44 PM  ,    2930.000,                                   8.741,                                   9.670,                                  12.319,                                   0.005,                                   0.008,                              103413.563,                                   1.000,
7/16/2026 4:36:49 PM  ,    2935.000,                                   8.740,                                   9.576,                                  12.200,                                   0.005,                                   0.008,                              104423.438,                                   1.000,
7/16/2026 4:36:54 PM  ,    2940.000,                                   8.739,                                   9.651,                                  12.295,                                   0.005,                                   0.008,                              103617.641,                                   1.000,
7/16/2026 4:36:59 PM  ,    2945.000,                                   8.739,                                   9.543,                                  12.158,                                   0.005,                                   0.008,                              104787.914,                                   1.000,
7/16/2026 4:37:04 PM  ,    2950.000,                                   8.737,                                   9.590,                                  12.218,                                   0.005,                                   0.008,                              104280.633,                                   1.000,
7/16/2026 4:37:09 PM  ,    2955.000,                                   8.736,                                   9.512,                                  12.119,                                   0.005,                                   0.008,                              105130.289,                                   1.000,
7/16/2026 4:37:14 PM  ,    2960.000,                                   8.735,                                   9.582,                                  12.209,                                   0.005,                                   0.008,                              104362.477,                                   1.000,
7/16/2026 4:37:19 PM  ,    2965.000,                                   8.734,                                   9.636,                                  12.277,                                   0.005,                                   0.008,                              103780.695,                                   1.000,
7/16/2026 4:37:24 PM  ,    2970.000,                                   8.734,                                   9.637,                                  12.279,                                   0.005,                                   0.008,                              103764.742,                                   1.000,
7/16/2026 4:37:29 PM  ,    2975.000,                                   8.732,                                   9.601,                                  12.234,                                   0.005,                                   0.008,                              104155.789,                                   1.000,
7/16/2026 4:37:34 PM  ,    2980.000,                                   8.732,                                   9.637,                                  12.280,                                   0.005,                                   0.008,                              103767.391,                                   1.000,
7/16/2026 4:37:39 PM  ,    2985.000,                                   8.731,                                   9.602,                                  12.236,                                   0.005,                                   0.008,                              104139.633,                                   1.000,
7/16/2026 4:37:44 PM  ,    2990.000,                                   8.730,                                   9.572,                                  12.198,                                   0.005,                                   0.008,                              104470.211,                                   1.000,
7/16/2026 4:37:49 PM  ,    2995.000,                                   8.729,                                   9.590,                                  12.220,                                   0.005,                                   0.008,                              104279.711,                                   1.000,
7/16/2026 4:37:54 PM  ,    3000.000,                                   8.728,                                   9.582,                                  12.210,                                   0.005,                                   0.008,                              104367.586,                                   1.000,
7/16/2026 4:37:59 PM  ,    3005.000,                                   8.726,                                   9.470,                                  12.069,                                   0.005,                                   0.008,                              105594.258,                                   1.000,
7/16/2026 4:38:04 PM  ,    3010.000,                                   8.725,                                   9.580,                                  12.209,                                   0.005,                                   0.008,                              104389.266,                                   1.000,
7/16/2026 4:38:09 PM  ,    3015.000,                                   8.724,                                   9.546,                                  12.166,                                   0.005,                                   0.008,                              104757.477,                                   1.000,
7/16/2026 4:38:14 PM  ,    3020.000,                                   8.723,                                   9.507,                                  12.117,                                   0.005,                                   0.008,                              105184.422,                                   1.000,
7/16/2026 4:38:19 PM  ,    3025.000,                                   8.722,                                   9.552,                                  12.175,                                   0.005,                                   0.008,                              104689.336,                                   1.000,
7/16/2026 4:38:24 PM  ,    3030.000,                                   8.722,                                   9.620,                                  12.261,                                   0.005,                                   0.008,                              103952.727,                                   1.000,
7/16/2026 4:38:29 PM  ,    3035.000,                                   8.720,                                   9.513,                                  12.126,                                   0.005,                                   0.008,                              105116.414,                                   1.000,
7/16/2026 4:38:34 PM  ,    3040.000,                                   8.719,                                   9.548,                                  12.170,                                   0.005,                                   0.008,                              104734.164,                                   1.000,
7/16/2026 4:38:39 PM  ,    3045.000,                                   8.718,                                   9.534,                                  12.152,                                   0.005,                                   0.008,                              104891.797,                                   1.000,
7/16/2026 4:38:44 PM  ,    3050.000,                                   8.717,                                   9.508,                                  12.120,                                   0.005,                                   0.008,                              105177.141,                                   1.000,
7/16/2026 4:38:49 PM  ,    3055.000,                                   8.717,                                   9.525,                                  12.141,                                   0.005,                                   0.008,                              104988.805,                                   1.000,
7/16/2026 4:38:54 PM  ,    3060.000,                                   8.715,                                   9.545,                                  12.167,                                   0.005,                                   0.008,                              104771.008,                                   1.000,
7/16/2026 4:38:59 PM  ,    3065.000,                                   8.714,                                   9.533,                                  12.153,                                   0.005,                                   0.008,                              104894.438,                                   1.000,
7/16/2026 4:39:04 PM  ,    3070.000,                                   8.713,                                   9.503,                                  12.115,                                   0.005,                                   0.008,                              105231.711,                                   1.000,
7/16/2026 4:39:09 PM  ,    3075.000,                                   8.712,                                   9.515,                                  12.131,                                   0.005,                                   0.008,                              105094.039,                                   1.000,
7/16/2026 4:39:14 PM  ,    3080.000,                                   8.711,                                   9.504,                                  12.117,                                   0.005,                                   0.008,                              105214.297,                                   1.000,
7/16/2026 4:39:19 PM  ,    3085.000,                                   8.710,                                   9.510,                                  12.125,                                   0.005,                                   0.008,                              105148.211,                                   1.000,
7/16/2026 4:39:24 PM  ,    3090.000,                                   8.710,                                   9.503,                                  12.116,                                   0.005,                                   0.008,                              105229.039,                                   1.000,
7/16/2026 4:39:29 PM  ,    3095.000,                                   8.708,                                   9.515,                                  12.131,                                   0.005,                                   0.008,                              105099.328,                                   1.000,
7/16/2026 4:39:34 PM  ,    3100.000,                                   8.707,                                   9.509,                                  12.124,                                   0.005,                                   0.008,                              105167.477,                                   1.000,
7/16/2026 4:39:39 PM  ,    3105.000,                                   8.706,                                   9.514,                                  12.131,                                   0.005,                                   0.008,                              105110.656,                                   1.000,
7/16/2026 4:39:44 PM  ,    3110.000,                                   8.704,                                   9.500,                                  12.114,                                   0.005,                                   0.008,                              105257.734,                                   1.000,
7/16/2026 4:39:49 PM  ,    3115.000,                                   8.703,                                   9.502,                                  12.116,                                   0.005,                                   0.008,                              105243.969,                                   1.000,
7/16/2026 4:39:54 PM  ,    3120.000,                                   8.703,                                   9.489,                                  12.099,                                   0.005,                                   0.008,                              105388.688,                                   1.000,
7/16/2026 4:39:59 PM  ,    3125.000,                                   8.702,                                   9.508,                                  12.125,                                   0.005,                                   0.008,                              105172.141,                                   1.000,
7/16/2026 4:40:04 PM  ,    3130.000,                                   8.700,                                   9.511,                                  12.128,                                   0.005,                                   0.008,                              105143.453,                                   1.000,
7/16/2026 4:40:09 PM  ,    3135.000,                                   8.700,                                   9.501,                                  12.116,                                   0.005,                                   0.008,                              105252.234,                                   1.000,
7/16/2026 4:40:14 PM  ,    3140.000,                                   8.696,                                   9.481,                                  12.092,                                   0.005,                                   0.008,                              105474.383,                                   1.000,
7/16/2026 4:40:19 PM  ,    3145.000,                                   8.696,                                   9.495,                                  12.109,                                   0.005,                                   0.008,                              105320.555,                                   1.000,
7/16/2026 4:40:24 PM  ,    3150.000,                                   8.696,                                   9.468,                                  12.076,                                   0.005,                                   0.008,                              105615.063,                                   1.000,
7/16/2026 4:40:29 PM  ,    3155.000,                                   8.695,                                   9.484,                                  12.095,                                   0.005,                                   0.008,                              105444.852,                                   1.000,
7/16/2026 4:40:34 PM  ,    3160.000,                                   8.694,                                   9.473,                                  12.082,                                   0.005,                                   0.008,                              105567.891,                                   1.000,
7/16/2026 4:40:39 PM  ,    3165.000,                                   8.693,                                   9.468,                                  12.076,                                   0.005,                                   0.008,                              105622.383,                                   1.000,
7/16/2026 4:40:44 PM  ,    3170.000,                                   8.691,                                   9.466,                                  12.075,                                   0.005,                                   0.008,                              105635.891,                                   1.000,
7/16/2026 4:40:49 PM  ,    3175.000,                                   8.690,                                   9.467,                                  12.076,                                   0.005,                                   0.008,                              105624.852,                                   1.000,
7/16/2026 4:40:54 PM  ,    3180.000,                                   8.688,                                   9.480,                                  12.092,                                   0.005,                                   0.008,                              105490.742,                                   1.000,
7/16/2026 4:40:59 PM  ,    3185.000,                                   8.688,                                   9.468,                                  12.077,                                   0.005,                                   0.008,                              105620.859,                                   1.000,
7/16/2026 4:41:04 PM  ,    3190.000,                                   8.687,                                   9.486,                                  12.101,                                   0.005,                                   0.008,                              105416.117,                                   1.000,
7/16/2026 4:41:09 PM  ,    3195.000,                                   8.686,                                   9.488,                                  12.103,                                   0.005,                                   0.008,                              105400.266,                                   1.000,
7/16/2026 4:41:14 PM  ,    3200.000,                                   8.685,                                   9.471,                                  12.082,                                   0.005,                                   0.008,                              105589.070,                                   1.000,
7/16/2026 4:41:19 PM  ,    3205.000,                                   8.683,                                   9.467,                                  12.078,                                   0.005,                                   0.008,                              105627.281,                                   1.000,
7/16/2026 4:41:24 PM  ,    3210.000,                                   8.683,                                   9.472,                                  12.084,                                   0.005,                                   0.008,                              105571.336,                                   1.000,
7/16/2026 4:41:29 PM  ,    3215.000,                                   8.682,                                   9.470,                                  12.082,                                   0.005,                                   0.008,                              105591.453,                                   1.000,
7/16/2026 4:41:34 PM  ,    3220.000,                                   8.681,                                   9.458,                                  12.066,                                   0.005,                                   0.008,                              105734.406,                                   1.000,
7/16/2026 4:41:39 PM  ,    3225.000,                                   8.680,                                   9.466,                                  12.078,                                   0.005,                                   0.008,                              105639.664,                                   1.000,
7/16/2026 4:41:44 PM  ,    3230.000,                                   8.679,                                   9.498,                                  12.119,                                   0.005,                                   0.008,                              105285.195,                                   1.000,
7/16/2026 4:41:49 PM  ,    3235.000,                                   8.678,                                   9.473,                                  12.086,                                   0.005,                                   0.008,                              105567.352,                                   1.000,
7/16/2026 4:41:54 PM  ,    3240.000,                                   8.677,                                   9.470,                                  12.083,                                   0.005,                                   0.008,                              105598.961,                                   1.000,
7/16/2026 4:41:59 PM  ,    3245.000,                                   8.675,                                   9.467,                                  12.080,                                   0.005,                                   0.008,                              105631.203,                                   1.000,
7/16/2026 4:42:04 PM  ,    3250.000,                                   8.674,                                   9.456,                                  12.067,                                   0.005,                                   0.008,                              105749.867,                                   1.000,
7/16/2026 4:42:09 PM  ,    3255.000,                                   8.673,                                   9.457,                                  12.068,                                   0.005,                                   0.008,                              105742.805,                                   1.000,
7/16/2026 4:42:14 PM  ,    3260.000,                                   8.672,                                   9.457,                                  12.068,                                   0.005,                                   0.008,                              105741.742,                                   1.000,
7/16/2026 4:42:19 PM  ,    3265.000,                                   8.671,                                   9.457,                                  12.069,                                   0.005,                                   0.008,                              105740.086,                                   1.000,
7/16/2026 4:42:24 PM  ,    3270.000,                                   8.669,                                   9.453,                                  12.063,                                   0.005,                                   0.008,                              105789.742,                                   1.000,
7/16/2026 4:42:29 PM  ,    3275.000,                                   8.668,                                   9.454,                                  12.065,                                   0.005,                                   0.008,                              105780.664,                                   1.000,
7/16/2026 4:42:34 PM  ,    3280.000,                                   8.667,                                   9.461,                                  12.075,                                   0.005,                                   0.008,                              105691.508,                                   1.000,
7/16/2026 4:42:39 PM  ,    3285.000,                                   8.666,                                   9.464,                                  12.078,                                   0.005,                                   0.008,                              105668.883,                                   1.000,
7/16/2026 4:42:44 PM  ,    3290.000,                                   8.664,                                   9.440,                                  12.049,                                   0.005,                                   0.008,                              105926.875,                                   1.000,
7/16/2026 4:42:49 PM  ,    3295.000,                                   8.663,                                   9.437,                                  12.045,                                   0.005,                                   0.008,                              105964.430,                                   1.000,
7/16/2026 4:42:54 PM  ,    3300.000,                                   8.663,                                   9.470,                                  12.087,                                   0.005,                                   0.008,                              105601.656,                                   1.000,
7/16/2026 4:42:59 PM  ,    3305.000,                                   8.662,                                   9.443,                                  12.054,                                   0.005,                                   0.008,                              105895.641,                                   1.000,
7/16/2026 4:43:04 PM  ,    3310.000,                                   8.661,                                   9.429,                                  12.036,                                   0.005,                                   0.008,                              106053.703,                                   1.000,
7/16/2026 4:43:09 PM  ,    3315.000,                                   8.660,                                   9.450,                                  12.063,                                   0.005,                                   0.008,                              105816.563,                                   1.000,
7/16/2026 4:43:14 PM  ,    3320.000,                                   8.659,                                   9.442,                                  12.052,                                   0.005,                                   0.008,                              105913.977,                                   1.000,
7/16/2026 4:43:19 PM  ,    3325.000,                                   8.657,                                   9.443,                                  12.054,                                   0.005,                                   0.008,                              105900.602,                                   1.000,
7/16/2026 4:43:24 PM  ,    3330.000,                                   8.656,                                   9.463,                                  12.080,                                   0.005,                                   0.008,                              105676.883,                                   1.000,
7/16/2026 4:43:29 PM  ,    3335.000,                                   8.655,                                   9.434,                                  12.044,                                   0.005,                                   0.008,                              105999.844,                                   1.000,
7/16/2026 4:43:34 PM  ,    3340.000,                                   8.654,                                   9.445,                                  12.058,                                   0.005,                                   0.008,                              105874.820,                                   1.000,
7/16/2026 4:43:39 PM  ,    3345.000,                                   8.653,                                   9.440,                                  12.052,                                   0.005,                                   0.008,                              105932.820,                                   1.000,
7/16/2026 4:43:44 PM  ,    3350.000,                                   8.651,                                   9.450,                                  12.066,                                   0.005,                                   0.008,                              105814.555,                                   1.000,
7/16/2026 4:43:49 PM  ,    3355.000,                                   8.650,                                   9.467,                                  12.087,                                   0.005,                                   0.008,                              105630.031,                                   1.000,
7/16/2026 4:43:54 PM  ,    3360.000,                                   8.649,                                   9.441,                                  12.055,                                   0.005,                                   0.008,                              105916.586,                                   1.000,
7/16/2026 4:43:59 PM  ,    3365.000,                                   8.649,                                   9.429,                                  12.039,                                   0.005,                                   0.008,                              106052.867,                                   1.000,
7/16/2026 4:44:04 PM  ,    3370.000,                                   8.648,                                   9.448,                                  12.063,                                   0.005,                                   0.008,                              105845.523,                                   1.000,
7/16/2026 4:44:09 PM  ,    3375.000,                                   8.646,                                   9.433,                                  12.045,                                   0.005,                                   0.008,                              106008.617,                                   1.000,
7/16/2026 4:44:14 PM  ,    3380.000,                                   8.646,                                   9.429,                                  12.040,                                   0.005,                                   0.008,                              106052.281,                                   1.000,
7/16/2026 4:44:19 PM  ,    3385.000,                                   8.644,                                   9.450,                                  12.067,                                   0.005,                                   0.008,                              105819.156,                                   1.000,
7/16/2026 4:44:24 PM  ,    3390.000,                                   8.644,                                   9.447,                                  12.063,                                   0.005,                                   0.008,                              105857.922,                                   1.000,
7/16/2026 4:44:29 PM  ,    3395.000,                                   8.644,                                   9.434,                                  12.048,                                   0.005,                                   0.008,                              105994.281,                                   1.000,
7/16/2026 4:44:34 PM  ,    3400.000,                                   8.641,                                   9.455,                                  12.074,                                   0.005,                                   0.008,                              105769.695,                                   1.000,
7/16/2026 4:44:39 PM  ,    3405.000,                                   8.640,                                   9.421,                                  12.032,                                   0.005,                                   0.008,                              106140.734,                                   1.000,
7/16/2026 4:44:44 PM  ,    3410.000,                                   8.640,                                   9.449,                                  12.068,                                   0.005,                                   0.008,                              105825.906,                                   1.000,
7/16/2026 4:44:49 PM  ,    3415.000,                                   8.639,                                   9.440,                                  12.056,                                   0.005,                                   0.008,                              105929.375,                                   1.000,
7/16/2026 4:44:54 PM  ,    3420.000,                                   8.638,                                   9.426,                                  12.038,                                   0.005,                                   0.008,                              106093.461,                                   1.000,
7/16/2026 4:44:59 PM  ,    3425.000,                                   8.636,                                   9.435,                                  12.050,                                   0.005,                                   0.008,                              105990.375,                                   1.000,
7/16/2026 4:45:04 PM  ,    3430.000,                                   8.635,                                   9.422,                                  12.035,                                   0.005,                                   0.008,                              106131.703,                                   1.000,
7/16/2026 4:45:09 PM  ,    3435.000,                                   8.634,                                   9.417,                                  12.029,                                   0.005,                                   0.008,                              106186.039,                                   1.000,
7/16/2026 4:45:14 PM  ,    3440.000,                                   8.633,                                   9.432,                                  12.047,                                   0.005,                                   0.008,                              106026.898,                                   1.000,
7/16/2026 4:45:19 PM  ,    3445.000,                                   8.632,                                   9.425,                                  12.039,                                   0.005,                                   0.008,                              106103.680,                                   1.000,
7/16/2026 4:45:24 PM  ,    3450.000,                                   8.631,                                   9.432,                                  12.048,                                   0.005,                                   0.008,                              106021.320,                                   1.000,
7/16/2026 4:45:29 PM  ,    3455.000,                                   8.631,                                   9.420,                                  12.034,                                   0.005,                                   0.008,                              106152.633,                                   1.000,
7/16/2026 4:45:34 PM  ,    3460.000,                                   8.629,                                   9.432,                                  12.049,                                   0.005,                                   0.008,                              106019.875,                                   1.000,
7/16/2026 4:45:39 PM  ,    3465.000,                                   8.628,                                   9.441,                                  12.060,                                   0.005,                                   0.008,                              105926.539,                                   1.000,
7/16/2026 4:45:44 PM  ,    3470.000,                                   8.627,                                   9.404,                                  12.013,                                   0.005,                                   0.008,                              106338.523,                                   1.000,
7/16/2026 4:45:49 PM  ,    3475.000,                                   8.626,                                   9.432,                                  12.050,                                   0.005,                                   0.008,                              106023.438,                                   1.000,
7/16/2026 4:45:54 PM  ,    3480.000,                                   8.626,                                   9.419,                                  12.033,                                   0.005,                                   0.008,                              106166.773,                                   1.000,
7/16/2026 4:45:59 PM  ,    3485.000,                                   8.624,                                   9.415,                                  12.028,                                   0.005,                                   0.008,                              106218.156,                                   1.000,
7/16/2026 4:46:04 PM  ,    3490.000,                                   8.623,                                   9.451,                                  12.075,                                   0.005,                                   0.008,                              105810.164,                                   1.000,
7/16/2026 4:46:09 PM  ,    3495.000,                                   8.622,                                   9.417,                                  12.032,                                   0.005,                                   0.008,                              106189.266,                                   1.000,
7/16/2026 4:46:14 PM  ,    3500.000,                                   8.621,                                   9.415,                                  12.030,                                   0.005,                                   0.008,                              106210.438,                                   1.000,
7/16/2026 4:46:19 PM  ,    3505.000,                                   8.620,                                   9.413,                                  12.027,                                   0.005,                                   0.008,                              106241.148,                                   1.000,
7/16/2026 4:46:24 PM  ,    3510.000,                                   8.619,                                   9.416,                                  12.031,                                   0.005,                                   0.008,                              106207.813,                                   1.000,
7/16/2026 4:46:29 PM  ,    3515.000,                                   8.619,                                   9.403,                                  12.015,                                   0.005,                                   0.008,                              106344.359,                                   1.000,
7/16/2026 4:46:34 PM  ,    3520.000,                                   8.617,                                   9.417,                                  12.034,                                   0.005,                                   0.008,                              106185.445,                                   1.000,
7/16/2026 4:46:39 PM  ,    3525.000,                                   8.617,                                   9.407,                                  12.020,                                   0.005,                                   0.008,                              106309.414,                                   1.000,
7/16/2026 4:46:44 PM  ,    3530.000,                                   8.616,                                   9.414,                                  12.030,                                   0.005,                                   0.008,                              106219.602,                                   1.000,
7/16/2026 4:46:49 PM  ,    3535.000,                                   8.615,                                   9.416,                                  12.033,                                   0.005,                                   0.008,                              106202.352,                                   1.000,
7/16/2026 4:46:54 PM  ,    3540.000,                                   8.614,                                   9.404,                                  12.018,                                   0.005,                                   0.008,                              106335.539,                                   1.000,
7/16/2026 4:46:59 PM  ,    3545.000,                                   8.613,                                   9.406,                                  12.021,                                   0.005,                                   0.008,                              106310.383,                                   1.000,
7/16/2026 4:47:04 PM  ,    3550.000,                                   8.613,                                   9.409,                                  12.024,                                   0.005,                                   0.008,                              106283.336,                                   1.000,
7/16/2026 4:47:09 PM  ,    3555.000,                                   8.612,                                   9.432,                                  12.054,                                   0.005,                                   0.008,                              106018.695,                                   1.000,
7/16/2026 4:47:14 PM  ,    3560.000,                                   8.611,                                   9.424,                                  12.044,                                   0.005,                                   0.008,                              106110.219,                                   1.000,
7/16/2026 4:47:19 PM  ,    3565.000,                                   8.610,                                   9.395,                                  12.008,                                   0.005,                                   0.008,                              106435.961,                                   1.000,
7/16/2026 4:47:24 PM  ,    3570.000,                                   8.610,                                   9.430,                                  12.052,                                   0.005,                                   0.008,                              106041.836,                                   1.000,
7/16/2026 4:47:29 PM  ,    3575.000,                                   8.609,                                   9.413,                                  12.031,                                   0.005,                                   0.008,                              106230.438,                                   1.000,
7/16/2026 4:47:34 PM  ,    3580.000,                                   8.607,                                   9.418,                                  12.038,                                   0.005,                                   0.008,                              106174.031,                                   1.000,
7/16/2026 4:47:39 PM  ,    3585.000,                                   8.607,                                   9.391,                                  12.003,                                   0.005,                                   0.008,                              106488.461,                                   1.000,
7/16/2026 4:47:44 PM  ,    3590.000,                                   8.605,                                   9.398,                                  12.012,                                   0.005,                                   0.008,                              106408.602,                                   1.000,
7/16/2026 4:47:49 PM  ,    3595.000,                                   8.604,                                   9.404,                                  12.020,                                   0.005,                                   0.008,                              106338.523,                                   1.000,
7/16/2026 4:47:54 PM  ,    3600.000,                                   8.604,                                   9.426,                                  12.049,                                   0.005,                                   0.008,                              106085.758,                                   1.000,
7/16/2026 4:47:59 PM  ,    3605.000,                                   8.603,                                   9.405,                                  12.022,                                   0.005,                                   0.008,                              106326.953,                                   1.000,
7/16/2026 4:48:04 PM  ,    3610.000,                                   8.602,                                   9.393,                                  12.007,                                   0.005,                                   0.008,                              106458.664,                                   1.000,
7/16/2026 4:48:09 PM  ,    3615.000,                                   8.601,                                   9.411,                                  12.030,                                   0.005,                                   0.008,                              106258.305,                                   1.000,
7/16/2026 4:48:14 PM  ,    3620.000,                                   8.600,                                   9.421,                                  12.043,                                   0.005,                                   0.008,                              106145.141,                                   1.000,
7/16/2026 4:48:19 PM  ,    3625.000,                                   8.599,                                   9.411,                                  12.031,                                   0.005,                                   0.008,                              106258.430,                                   1.000,
7/16/2026 4:48:24 PM  ,    3630.000,                                   8.599,                                   9.396,                                  12.012,                                   0.005,                                   0.008,                              106423.172,                                   1.000,
7/16/2026 4:48:29 PM  ,    3635.000,                                   8.597,                                   9.426,                                  12.050,                                   0.005,                                   0.008,                              106092.773,                                   1.000,
7/16/2026 4:48:34 PM  ,    3640.000,                                   8.597,                                   9.394,                                  12.010,                                   0.005,                                   0.008,                              106451.727,                                   1.000,
7/16/2026 4:48:39 PM  ,    3645.000,                                   8.596,                                   9.414,                                  12.036,                                   0.005,                                   0.008,                              106226.156,                                   1.000,
7/16/2026 4:48:44 PM  ,    3650.000,                                   8.595,                                   9.416,                                  12.039,                                   0.005,                                   0.008,                              106199.625,                                   1.000,
7/16/2026 4:48:49 PM  ,    3655.000,                                   8.594,                                   9.413,                                  12.034,                                   0.005,                                   0.008,                              106239.961,                                   1.000,
7/16/2026 4:48:54 PM  ,    3660.000,                                   8.593,                                   9.408,                                  12.029,                                   0.005,                                   0.008,                              106289.156,                                   1.000,
7/16/2026 4:48:59 PM  ,    3665.000,                                   8.593,                                   9.419,                                  12.042,                                   0.005,                                   0.008,                              106172.953,                                   1.000,
7/16/2026 4:49:04 PM  ,    3670.000,                                   8.592,                                   9.416,                                  12.039,                                   0.005,                                   0.008,                              106202.594,                                   1.000,
7/16/2026 4:49:09 PM  ,    3675.000,                                   8.591,                                   9.410,                                  12.032,                                   0.005,                                   0.008,                              106266.984,                                   1.000,
7/16/2026 4:49:14 PM  ,    3680.000,                                   8.590,                                   9.391,                                  12.008,                                   0.005,                                   0.008,                              106484.500,                                   1.000,
7/16/2026 4:49:19 PM  ,    3685.000,                                   8.589,                                   9.403,                                  12.024,                                   0.005,                                   0.008,                              106344.727,                                   1.000,
7/16/2026 4:49:24 PM  ,    3690.000,                                   8.588,                                   9.409,                                  12.032,                                   0.005,                                   0.008,                              106279.383,                                   1.000,
7/16/2026 4:49:29 PM  ,    3695.000,                                   8.587,                                   9.400,                                  12.021,                                   0.005,                                   0.008,                              106378.742,                                   1.000,
7/16/2026 4:49:34 PM  ,    3700.000,                                   8.586,                                   9.395,                                  12.014,                                   0.005,                                   0.008,                              106439.922,                                   1.000,
7/16/2026 4:49:39 PM  ,    3705.000,                                   8.586,                                   9.426,                                  12.054,                                   0.005,                                   0.008,                              106088.586,                                   1.000,
7/16/2026 4:49:44 PM  ,    3710.000,                                   8.584,                                   9.422,                                  12.049,                                   0.005,                                   0.008,                              106135.633,                                   1.000,
7/16/2026 4:49:49 PM  ,    3715.000,                                   8.583,                                   9.408,                                  12.032,                                   0.005,                                   0.008,                              106288.797,                                   1.000,
7/16/2026 4:49:54 PM  ,    3720.000,                                   8.581,                                   9.398,                                  12.020,                                   0.005,                                   0.008,                              106400.953,                                   1.000,
7/16/2026 4:49:59 PM  ,    3725.000,                                   8.581,                                   9.404,                                  12.028,                                   0.005,                                   0.008,                              106334.445,                                   1.000,
7/16/2026 4:50:04 PM  ,    3730.000,                                   8.580,                                   9.401,                                  12.024,                                   0.005,                                   0.008,                              106367.047,                                   1.000,
7/16/2026 4:50:09 PM  ,    3735.000,                                   8.579,                                   9.415,                                  12.042,                                   0.005,                                   0.008,                              106208.656,                                   1.000,
7/16/2026 4:50:14 PM  ,    3740.000,                                   8.579,                                   9.413,                                  12.039,                                   0.005,                                   0.008,                              106237.445,                                   1.000,
7/16/2026 4:50:19 PM  ,    3745.000,                                   8.577,                                   9.401,                                  12.024,                                   0.005,                                   0.008,                              106377.195,                                   1.000,
7/16/2026 4:50:24 PM  ,    3750.000,                                   8.577,                                   9.393,                                  12.014,                                   0.005,                                   0.008,                              106466.813,                                   1.000,
7/16/2026 4:50:29 PM  ,    3755.000,                                   8.576,                                   9.404,                                  12.029,                                   0.005,                                   0.008,                              106334.336,                                   1.000,
7/16/2026 4:50:34 PM  ,    3760.000,                                   8.575,                                   9.405,                                  12.031,                                   0.005,                                   0.008,                              106323.375,                                   1.000,
7/16/2026 4:50:39 PM  ,    3765.000,                                   8.574,                                   9.399,                                  12.023,                                   0.005,                                   0.008,                              106391.875,                                   1.000,
7/16/2026 4:50:44 PM  ,    3770.000,                                   8.573,                                   9.413,                                  12.041,                                   0.005,                                   0.008,                              106234.961,                                   1.000,
7/16/2026 4:50:49 PM  ,    3775.000,                                   8.572,                                   9.390,                                  12.012,                                   0.005,                                   0.008,                              106491.578,                                   1.000,
7/16/2026 4:50:54 PM  ,    3780.000,                                   8.571,                                   9.405,                                  12.032,                                   0.005,                                   0.008,                              106321.938,                                   1.000,
7/16/2026 4:50:59 PM  ,    3785.000,                                   8.570,                                   9.395,                                  12.019,                                   0.005,                                   0.008,                              106442.055,                                   1.000,
7/16/2026 4:51:04 PM  ,    3790.000,                                   8.569,                                   9.408,                                  12.036,                                   0.005,                                   0.008,                              106293.336,                                   1.000,
7/16/2026 4:51:09 PM  ,    3795.000,                                   8.568,                                   9.410,                                  12.039,                                   0.005,                                   0.008,                              106268.430,                                   1.000,
7/16/2026 4:51:14 PM  ,    3800.000,                                   8.567,                                   9.399,                                  12.025,                                   0.005,                                   0.008,                              106394.977,                                   1.000,
7/16/2026 4:51:19 PM  ,    3805.000,                                   8.566,                                   9.399,                                  12.025,                                   0.005,                                   0.008,                              106397.477,                                   1.000,
7/16/2026 4:51:24 PM  ,    3810.000,                                   8.565,                                   9.376,                                  11.996,                                   0.005,                                   0.008,                              106659.953,                                   1.000,
7/16/2026 4:51:29 PM  ,    3815.000,                                   8.564,                                   9.405,                                  12.033,                                   0.005,                                   0.008,                              106326.953,                                   1.000,
7/16/2026 4:51:34 PM  ,    3820.000,                                   8.563,                                   9.393,                                  12.018,                                   0.005,                                   0.008,                              106467.156,                                   1.000,
7/16/2026 4:51:39 PM  ,    3825.000,                                   8.562,                                   9.402,                                  12.031,                                   0.005,                                   0.008,                              106354.984,                                   1.000,
7/16/2026 4:51:44 PM  ,    3830.000,                                   8.561,                                   9.368,                                  11.986,                                   0.005,                                   0.008,                              106750.164,                                   1.000,
7/16/2026 4:51:49 PM  ,    3835.000,                                   8.561,                                   9.374,                                  11.994,                                   0.005,                                   0.008,                              106683.727,                                   1.000,
7/16/2026 4:51:54 PM  ,    3840.000,                                   8.559,                                   9.395,                                  12.021,                                   0.005,                                   0.008,                              106444.688,                                   1.000,
7/16/2026 4:51:59 PM  ,    3845.000,                                   8.559,                                   9.394,                                  12.020,                                   0.005,                                   0.008,                              106456.164,                                   1.000,
7/16/2026 4:52:04 PM  ,    3850.000,                                   8.558,                                   9.392,                                  12.019,                                   0.005,                                   0.008,                              106474.477,                                   1.000,
7/16/2026 4:52:09 PM  ,    3855.000,                                   8.557,                                   9.372,                                  11.993,                                   0.005,                                   0.008,                              106704.742,                                   1.000,
7/16/2026 4:52:14 PM  ,    3860.000,                                   8.556,                                   9.371,                                  11.992,                                   0.005,                                   0.008,                              106712.648,                                   1.000,
7/16/2026 4:52:19 PM  ,    3865.000,                                   8.556,                                   9.396,                                  12.025,                                   0.005,                                   0.008,                              106424.852,                                   1.000,
7/16/2026 4:52:24 PM  ,    3870.000,                                   8.555,                                   9.384,                                  12.009,                                   0.005,                                   0.008,                              106563.523,                                   1.000,
7/16/2026 4:52:29 PM  ,    3875.000,                                   8.554,                                   9.378,                                  12.002,                                   0.005,                                   0.008,                              106629.070,                                   1.000,
7/16/2026 4:52:34 PM  ,    3880.000,                                   8.553,                                   9.382,                                  12.007,                                   0.005,                                   0.008,                              106591.570,                                   1.000,
7/16/2026 4:52:39 PM  ,    3885.000,                                   8.552,                                   9.389,                                  12.017,                                   0.005,                                   0.008,                              106504.242,                                   1.000,
7/16/2026 4:52:44 PM  ,    3890.000,                                   8.551,                                   9.376,                                  12.000,                                   0.005,                                   0.008,                              106654.172,                                   1.000,
7/16/2026 4:52:49 PM  ,    3895.000,                                   8.550,                                   9.398,                                  12.029,                                   0.005,                                   0.008,                              106401.078,                                   1.000,
7/16/2026 4:52:54 PM  ,    3900.000,                                   8.550,                                   9.403,                                  12.034,                                   0.005,                                   0.008,                              106353.430,                                   1.000,
7/16/2026 4:52:59 PM  ,    3905.000,                                   8.549,                                   9.394,                                  12.024,                                   0.005,                                   0.008,                              106447.445,                                   1.000,
7/16/2026 4:53:04 PM  ,    3910.000,                                   8.548,                                   9.377,                                  12.003,                                   0.005,                                   0.008,                              106640.727,                                   1.000,
7/16/2026 4:53:09 PM  ,    3915.000,                                   8.547,                                   9.376,                                  12.002,                                   0.005,                                   0.008,                              106653.102,                                   1.000,
7/16/2026 4:53:14 PM  ,    3920.000,                                   8.545,                                   9.390,                                  12.019,                                   0.005,                                   0.008,                              106500.063,                                   1.000,
7/16/2026 4:53:19 PM  ,    3925.000,                                   8.545,                                   9.374,                                  11.999,                                   0.005,                                   0.008,                              106682.000,                                   1.000,
7/16/2026 4:53:24 PM  ,    3930.000,                                   8.545,                                   9.381,                                  12.009,                                   0.005,                                   0.008,                              106593.266,                                   1.000,
7/16/2026 4:53:29 PM  ,    3935.000,                                   8.543,                                   9.366,                                  11.990,                                   0.005,                                   0.008,                              106766.836,                                   1.000,
7/16/2026 4:53:34 PM  ,    3940.000,                                   8.543,                                   9.383,                                  12.012,                                   0.005,                                   0.008,                              106575.273,                                   1.000,
7/16/2026 4:53:39 PM  ,    3945.000,                                   8.541,                                   9.387,                                  12.017,                                   0.005,                                   0.008,                              106529.266,                                   1.000,
7/16/2026 4:53:44 PM  ,    3950.000,                                   8.541,                                   9.377,                                  12.004,                                   0.005,                                   0.008,                              106645.922,                                   1.000,
7/16/2026 4:53:49 PM  ,    3955.000,                                   8.540,                                   9.361,                                  11.984,                                   0.005,                                   0.008,                              106826.070,                                   1.000,
7/16/2026 4:53:54 PM  ,    3960.000,                                   8.538,                                   9.370,                                  11.997,                                   0.005,                                   0.008,                              106719.750,                                   1.000,
7/16/2026 4:53:59 PM  ,    3965.000,                                   8.538,                                   9.384,                                  12.014,                                   0.005,                                   0.008,                              106567.992,                                   1.000,
7/16/2026 4:54:04 PM  ,    3970.000,                                   8.537,                                   9.359,                                  11.983,                                   0.005,                                   0.008,                              106845.352,                                   1.000,
7/16/2026 4:54:09 PM  ,    3975.000,                                   8.536,                                   9.381,                                  12.011,                                   0.005,                                   0.008,                              106596.117,                                   1.000,
7/16/2026 4:54:14 PM  ,    3980.000,                                   8.535,                                   9.358,                                  11.981,                                   0.005,                                   0.008,                              106864.375,                                   1.000,
7/16/2026 4:54:19 PM  ,    3985.000,                                   8.534,                                   9.396,                                  12.030,                                   0.005,                                   0.008,                              106430.945,                                   1.000,
7/16/2026 4:54:24 PM  ,    3990.000,                                   8.534,                                   9.376,                                  12.005,                                   0.005,                                   0.008,                              106657.781,                                   1.000,
7/16/2026 4:54:29 PM  ,    3995.000,                                   8.533,                                   9.375,                                  12.004,                                   0.005,                                   0.008,                              106667.836,                                   1.000,
7/16/2026 4:54:34 PM  ,    4000.000,                                   8.532,                                   9.361,                                  11.987,                                   0.005,                                   0.008,                              106825.820,                                   1.000,
7/16/2026 4:54:39 PM  ,    4005.000,                                   8.531,                                   9.381,                                  12.012,                                   0.005,                                   0.008,                              106603.648,                                   1.000,
7/16/2026 4:54:44 PM  ,    4010.000,                                   8.530,                                   9.365,                                  11.992,                                   0.005,                                   0.008,                              106783.570,                                   1.000,
7/16/2026 4:54:49 PM  ,    4015.000,                                   8.529,                                   9.410,                                  12.050,                                   0.005,                                   0.008,                              106270.930,                                   1.000,
7/16/2026 4:54:54 PM  ,    4020.000,                                   8.528,                                   9.384,                                  12.018,                                   0.005,                                   0.008,                              106559.820,                                   1.000,
7/16/2026 4:54:59 PM  ,    4025.000,                                   8.527,                                   9.385,                                  12.019,                                   0.005,                                   0.008,                              106550.453,                                   1.000,
7/16/2026 4:55:04 PM  ,    4030.000,                                   8.527,                                   9.376,                                  12.008,                                   0.005,                                   0.008,                              106650.813,                                   1.000,
7/16/2026 4:55:09 PM  ,    4035.000,                                   8.526,                                   9.380,                                  12.012,                                   0.005,                                   0.008,                              106611.086,                                   1.000,
7/16/2026 4:55:14 PM  ,    4040.000,                                   8.525,                                   9.357,                                  11.984,                                   0.005,                                   0.008,                              106867.258,                                   1.000,
7/16/2026 4:55:19 PM  ,    4045.000,                                   8.524,                                   9.393,                                  12.030,                                   0.005,                                   0.008,                              106462.039,                                   1.000,
7/16/2026 4:55:24 PM  ,    4050.000,                                   8.523,                                   9.363,                                  11.991,                                   0.005,                                   0.008,                              106804.602,                                   1.000,
7/16/2026 4:55:29 PM  ,    4055.000,                                   8.522,                                   9.360,                                  11.988,                                   0.005,                                   0.008,                              106837.141,                                   1.000,
7/16/2026 4:55:34 PM  ,    4060.000,                                   8.521,                                   9.373,                                  12.005,                                   0.005,                                   0.008,                              106692.008,                                   1.000,
7/16/2026 4:55:39 PM  ,    4065.000,                                   8.521,                                   9.368,                                  11.999,                                   0.005,                                   0.008,                              106746.406,                                   1.000,
7/16/2026 4:55:44 PM  ,    4070.000,                                   8.520,                                   9.356,                                  11.984,                                   0.005,                                   0.008,                              106883.633,                                   1.000,
7/16/2026 4:55:49 PM  ,    4075.000,                                   8.519,                                   9.367,                                  11.998,                                   0.005,                                   0.008,                              106754.844,                                   1.000,
7/16/2026 4:55:54 PM  ,    4080.000,                                   8.518,                                   9.368,                                  11.999,                                   0.005,                                   0.008,                              106746.813,                                   1.000,
7/16/2026 4:55:59 PM  ,    4085.000,                                   8.517,                                   9.363,                                  11.993,                                   0.005,                                   0.008,                              106802.484,                                   1.000,
7/16/2026 4:56:04 PM  ,    4090.000,                                   8.517,                                   9.356,                                  11.985,                                   0.005,                                   0.008,                              106883.633,                                   1.000,
7/16/2026 4:56:09 PM  ,    4095.000,                                   8.516,                                   9.364,                                  11.995,                                   0.005,                                   0.008,                              106788.406,                                   1.000,
7/16/2026 4:56:14 PM  ,    4100.000,                                   8.516,                                   9.369,                                  12.001,                                   0.005,                                   0.008,                              106738.109,                                   1.000,
7/16/2026 4:56:19 PM  ,    4105.000,                                   8.515,                                   9.358,                                  11.988,                                   0.005,                                   0.008,                              106857.875,                                   1.000,
7/16/2026 4:56:24 PM  ,    4110.000,                                   8.514,                                   9.366,                                  11.998,                                   0.005,                                   0.008,                              106769.391,                                   1.000,
7/16/2026 4:56:29 PM  ,    4115.000,                                   8.513,                                   9.382,                                  12.019,                                   0.005,                                   0.008,                              106586.891,                                   1.000,
7/16/2026 4:56:34 PM  ,    4120.000,                                   8.513,                                   9.359,                                  11.990,                                   0.005,                                   0.008,                              106844.016,                                   1.000,
7/16/2026 4:56:39 PM  ,    4125.000,                                   8.512,                                   9.369,                                  12.003,                                   0.005,                                   0.008,                              106731.398,                                   1.000,
7/16/2026 4:56:44 PM  ,    4130.000,                                   8.511,                                   9.361,                                  11.993,                                   0.005,                                   0.008,                              106822.648,                                   1.000,
7/16/2026 4:56:49 PM  ,    4135.000,                                   8.511,                                   9.357,                                  11.987,                                   0.005,                                   0.008,                              106875.906,                                   1.000,
7/16/2026 4:56:54 PM  ,    4140.000,                                   8.510,                                   9.355,                                  11.985,                                   0.005,                                   0.008,                              106894.844,                                   1.000,
7/16/2026 4:56:59 PM  ,    4145.000,                                   8.508,                                   9.366,                                  12.000,                                   0.005,                                   0.008,                              106765.914,                                   1.000,
7/16/2026 4:57:04 PM  ,    4150.000,                                   8.508,                                   9.370,                                  12.005,                                   0.005,                                   0.008,                              106724.281,                                   1.000,
7/16/2026 4:57:09 PM  ,    4155.000,                                   8.507,                                   9.335,                                  11.960,                                   0.005,                                   0.008,                              107123.805,                                   1.000,
7/16/2026 4:57:14 PM  ,    4160.000,                                   8.507,                                   9.366,                                  12.000,                                   0.005,                                   0.008,                              106774.422,                                   1.000,
7/16/2026 4:57:19 PM  ,    4165.000,                                   8.506,                                   9.355,                                  11.986,                                   0.005,                                   0.008,                              106899.453,                                   1.000,
7/16/2026 4:57:24 PM  ,    4170.000,                                   8.505,                                   9.354,                                  11.985,                                   0.005,                                   0.008,                              106908.109,                                   1.000,
7/16/2026 4:57:29 PM  ,    4175.000,                                   8.504,                                   9.376,                                  12.014,                                   0.005,                                   0.008,                              106654.047,                                   1.000,
7/16/2026 4:57:34 PM  ,    4180.000,                                   8.504,                                   9.363,                                  11.997,                                   0.005,                                   0.008,                              106803.227,                                   1.000,
7/16/2026 4:57:39 PM  ,    4185.000,                                   8.503,                                   9.334,                                  11.961,                                   0.005,                                   0.008,                              107130.055,                                   1.000,
7/16/2026 4:57:44 PM  ,    4190.000,                                   8.502,                                   9.357,                                  11.991,                                   0.005,                                   0.008,                              106866.195,                                   1.000,
7/16/2026 4:57:49 PM  ,    4195.000,                                   8.501,                                   9.369,                                  12.005,                                   0.005,                                   0.008,                              106738.711,                                   1.000,
7/16/2026 4:57:54 PM  ,    4200.000,                                   8.500,                                   9.353,                                  11.986,                                   0.005,                                   0.008,                              106915.688,                                   1.000,
7/16/2026 4:57:59 PM  ,    4205.000,                                   8.500,                                   9.349,                                  11.981,                                   0.005,                                   0.008,                              106958.188,                                   1.000,
7/16/2026 4:58:04 PM  ,    4210.000,                                   8.499,                                   9.351,                                  11.984,                                   0.005,                                   0.008,                              106935.383,                                   1.000,
7/16/2026 4:58:09 PM  ,    4215.000,                                   8.498,                                   9.362,                                  11.998,                                   0.005,                                   0.008,                              106814.625,                                   1.000,
7/16/2026 4:58:14 PM  ,    4220.000,                                   8.498,                                   9.363,                                  11.999,                                   0.005,                                   0.008,                              106805.453,                                   1.000,
7/16/2026 4:58:19 PM  ,    4225.000,                                   8.497,                                   9.330,                                  11.958,                                   0.005,                                   0.008,                              107175.461,                                   1.000,
7/16/2026 4:58:24 PM  ,    4230.000,                                   8.496,                                   9.338,                                  11.968,                                   0.005,                                   0.008,                              107084.211,                                   1.000,
7/16/2026 4:58:29 PM  ,    4235.000,                                   8.495,                                   9.361,                                  11.997,                                   0.005,                                   0.008,                              106829.641,                                   1.000,
7/16/2026 4:58:34 PM  ,    4240.000,                                   8.494,                                   9.374,                                  12.014,                                   0.005,                                   0.008,                              106679.820,                                   1.000,
7/16/2026 4:58:39 PM  ,    4245.000,                                   8.494,                                   9.373,                                  12.013,                                   0.005,                                   0.008,                              106692.125,                                   1.000,
7/16/2026 4:58:44 PM  ,    4250.000,                                   8.493,                                   9.344,                                  11.976,                                   0.005,                                   0.008,                              107024.000,                                   1.000,
7/16/2026 4:58:49 PM  ,    4255.000,                                   8.492,                                   9.358,                                  11.994,                                   0.005,                                   0.008,                              106862.906,                                   1.000,
7/16/2026 4:58:54 PM  ,    4260.000,                                   8.492,                                   9.357,                                  11.993,                                   0.005,                                   0.008,                              106870.148,                                   1.000,
7/16/2026 4:58:59 PM  ,    4265.000,                                   8.491,                                   9.364,                                  12.003,                                   0.005,                                   0.008,                              106789.000,                                   1.000,
7/16/2026 4:59:04 PM  ,    4270.000,                                   8.490,                                   9.361,                                  11.999,                                   0.005,                                   0.008,                              106827.828,                                   1.000,
7/16/2026 4:59:09 PM  ,    4275.000,                                   8.489,                                   9.342,                                  11.975,                                   0.005,                                   0.008,                              107040.703,                                   1.000,
7/16/2026 4:59:14 PM  ,    4280.000,                                   8.488,                                   9.365,                                  12.004,                                   0.005,                                   0.008,                              106781.047,                                   1.000,
7/16/2026 4:59:19 PM  ,    4285.000,                                   8.488,                                   9.350,                                  11.985,                                   0.005,                                   0.008,                              106956.500,                                   1.000,
7/16/2026 4:59:24 PM  ,    4290.000,                                   8.487,                                   9.344,                                  11.979,                                   0.005,                                   0.008,                              107015.992,                                   1.000,
7/16/2026 4:59:29 PM  ,    4295.000,                                   8.486,                                   9.345,                                  11.980,                                   0.005,                                   0.008,                              107007.578,                                   1.000,
7/16/2026 4:59:34 PM  ,    4300.000,                                   8.486,                                   9.342,                                  11.976,                                   0.005,                                   0.008,                              107038.414,                                   1.000,
7/16/2026 4:59:39 PM  ,    4305.000,                                   8.484,                                   9.348,                                  11.984,                                   0.005,                                   0.008,                              106971.094,                                   1.000,
7/16/2026 4:59:44 PM  ,    4310.000,                                   8.484,                                   9.362,                                  12.002,                                   0.005,                                   0.008,                              106816.445,                                   1.000,
7/16/2026 4:59:49 PM  ,    4315.000,                                   8.483,                                   9.340,                                  11.974,                                   0.005,                                   0.008,                              107065.594,                                   1.000,
7/16/2026 4:59:54 PM  ,    4320.000,                                   8.482,                                   9.342,                                  11.977,                                   0.005,                                   0.008,                              107038.156,                                   1.000,
7/16/2026 4:59:59 PM  ,    4325.000,                                   8.481,                                   9.340,                                  11.974,                                   0.005,                                   0.008,                              107067.156,                                   1.000,
7/16/2026 5:00:04 PM  ,    4330.000,                                   8.481,                                   9.346,                                  11.982,                                   0.005,                                   0.008,                              107001.852,                                   1.000,
7/16/2026 5:00:09 PM  ,    4335.000,                                   8.480,                                   9.340,                                  11.975,                                   0.005,                                   0.008,                              107063.625,                                   1.000,
7/16/2026 5:00:14 PM  ,    4340.000,                                   8.479,                                   9.336,                                  11.970,                                   0.005,                                   0.008,                              107111.188,                                   1.000,
7/16/2026 5:00:19 PM  ,    4345.000,                                   8.479,                                   9.339,                                  11.974,                                   0.005,                                   0.008,                              107073.398,                                   1.000,
7/16/2026 5:00:24 PM  ,    4350.000,                                   8.478,                                   9.350,                                  11.988,                                   0.005,                                   0.008,                              106950.961,                                   1.000,
7/16/2026 5:00:29 PM  ,    4355.000,                                   8.477,                                   9.327,                                  11.959,                                   0.005,                                   0.008,                              107217.492,                                   1.000,
7/16/2026 5:00:34 PM  ,    4360.000,                                   8.476,                                   9.330,                                  11.963,                                   0.005,                                   0.008,                              107184.742,                                   1.000,
7/16/2026 5:00:39 PM  ,    4365.000,                                   8.475,                                   9.338,                                  11.973,                                   0.005,                                   0.008,                              107093.305,                                   1.000,
7/16/2026 5:00:44 PM  ,    4370.000,                                   8.475,                                   9.301,                                  11.926,                                   0.005,                                   0.008,                              107516.844,                                   1.000,
7/16/2026 5:00:49 PM  ,    4375.000,                                   8.474,                                   9.337,                                  11.973,                                   0.005,                                   0.008,                              107096.922,                                   1.000,
7/16/2026 5:00:54 PM  ,    4380.000,                                   8.473,                                   9.341,                                  11.979,                                   0.005,                                   0.008,                              107049.352,                                   1.000,
7/16/2026 5:00:59 PM  ,    4385.000,                                   8.472,                                   9.343,                                  11.982,                                   0.005,                                   0.008,                              107026.797,                                   1.000,
7/16/2026 5:01:04 PM  ,    4390.000,                                   8.472,                                   9.339,                                  11.976,                                   0.005,                                   0.008,                              107073.695,                                   1.000,
7/16/2026 5:01:09 PM  ,    4395.000,                                   8.471,                                   9.303,                                  11.930,                                   0.005,                                   0.008,                              107490.172,                                   1.000,
7/16/2026 5:01:14 PM  ,    4400.000,                                   8.470,                                   9.356,                                  11.999,                                   0.005,                                   0.008,                              106878.133,                                   1.000,
7/16/2026 5:01:19 PM  ,    4405.000,                                   8.469,                                   9.322,                                  11.955,                                   0.005,                                   0.008,                              107271.125,                                   1.000,
7/16/2026 5:01:24 PM  ,    4410.000,                                   8.469,                                   9.327,                                  11.962,                                   0.005,                                   0.008,                              107214.938,                                   1.000,
7/16/2026 5:01:29 PM  ,    4415.000,                                   8.468,                                   9.331,                                  11.967,                                   0.005,                                   0.008,                              107169.469,                                   1.000,
7/16/2026 5:01:30 PM  ,    4416.000,                                   8.468,                                   9.317,                                  11.949,                                   0.005,                                   0.008,                              107325.180,                                   1.000,
7/16/2026 5:01:31 PM  ,    4417.000,                                   8.468,                                   9.320,                                  11.952,                                   0.005,                                   0.008,                              107300.742,                                   1.000,
7/16/2026 5:01:32 PM  ,    4418.000,                                   8.468,                                   9.334,                                  11.971,                                   0.005,                                   0.008,                              107130.336,                                   1.000,
7/16/2026 5:01:33 PM  ,    4419.000,                                   8.468,                                   9.353,                                  11.995,                                   0.005,                                   0.008,                              106914.156,                                   1.000,
7/16/2026 5:01:34 PM  ,    4420.000,                                   8.469,                                   9.325,                                  11.960,                                   0.005,                                   0.008,                              107233.484,                                   1.000,
7/16/2026 5:01:35 PM  ,    4421.000,                                   8.468,                                   9.317,                                  11.949,                                   0.005,                                   0.008,                              107330.758,                                   1.000,
7/16/2026 5:01:36 PM  ,    4422.000,                                   8.468,                                   9.313,                                  11.944,                                   0.005,                                   0.008,                              107371.719,                                   1.000,
7/16/2026 5:01:37 PM  ,    4423.000,                                   8.468,                                   9.325,                                  11.959,                                   0.005,                                   0.008,                              107240.539,                                   1.000,
7/16/2026 5:01:38 PM  ,    4424.000,                                   8.468,                                   9.320,                                  11.953,                                   0.005,                                   0.008,                              107290.852,                                   1.000,
7/16/2026 5:01:39 PM  ,    4425.000,                                   8.468,                                   9.324,                                  11.957,                                   0.005,                                   0.008,                              107254.383,                                   1.000,
7/16/2026 5:01:40 PM  ,    4426.000,                                   8.468,                                   9.326,                                  11.960,                                   0.005,                                   0.008,                              107227.555,                                   1.000,
7/16/2026 5:01:41 PM  ,    4427.000,                                   8.468,                                   9.321,                                  11.954,                                   0.005,                                   0.008,                              107282.297,                                   1.000,
7/16/2026 5:01:42 PM  ,    4428.001,                                   8.468,                                   9.348,                                  11.989,                                   0.005,                                   0.008,                              106975.578,                                   1.000,
7/16/2026 5:01:43 PM  ,    4429.001,                                   8.468,                                   9.327,                                  11.961,                                   0.005,                                   0.008,                              107218.094,                                   1.000,
7/16/2026 5:01:44 PM  ,    4430.000,                                   8.468,                                   9.341,                                  11.980,                                   0.005,                                   0.008,                              107050.117,                                   1.000,
7/16/2026 5:01:45 PM  ,    4431.000,                                   8.468,                                   9.323,                                  11.957,                                   0.005,                                   0.008,                              107257.406,                                   1.000,
7/16/2026 5:01:46 PM  ,    4432.000,                                   8.467,                                   9.322,                                  11.955,                                   0.005,                                   0.008,                              107276.930,                                   1.000,
7/16/2026 5:01:47 PM  ,    4433.000,                                   8.469,                                   9.341,                                  11.979,                                   0.005,                                   0.008,                              107058.313,                                   1.000,
7/16/2026 5:01:48 PM  ,    4434.000,                                   8.468,                                   9.334,                                  11.971,                                   0.005,                                   0.008,                              107137.242,                                   1.000,
7/16/2026 5:01:49 PM  ,    4435.000,                                   8.468,                                   9.343,                                  11.983,                                   0.005,                                   0.008,                              107029.945,                                   1.000,
7/16/2026 5:01:50 PM  ,    4436.000,                                   8.468,                                   9.321,                                  11.954,                                   0.005,                                   0.008,                              107284.789,                                   1.000,
7/16/2026 5:01:51 PM  ,    4437.000,                                   8.468,                                   9.323,                                  11.957,                                   0.005,                                   0.008,                              107260.570,                                   1.000,
7/16/2026 5:01:52 PM  ,    4438.000,                                   8.468,                                   9.320,                                  11.953,                                   0.005,                                   0.008,                              107294.547,                                   1.000,
7/16/2026 5:01:53 PM  ,    4439.004,                                   8.468,                                   9.313,                                  11.944,                                   0.005,                                   0.008,                              107371.898,                                   1.000,
7/16/2026 5:01:54 PM  ,    4440.000,                                   8.468,                                   9.316,                                  11.948,                                   0.005,                                   0.008,                              107340.594,                                   1.000,
7/16/2026 5:01:55 PM  ,    4441.000,                                   8.468,                                   9.337,                                  11.974,                                   0.005,                                   0.008,                              107101.563,                                   1.000,
7/16/2026 5:01:56 PM  ,    4442.000,                                   8.468,                                   9.354,                                  11.996,                                   0.005,                                   0.008,                              106904.359,                                   1.000,
7/16/2026 5:01:57 PM  ,    4443.000,                                   8.468,                                   9.320,                                  11.953,                                   0.005,                                   0.008,                              107297.820,                                   1.000,
7/16/2026 5:01:58 PM  ,    4444.000,                                   8.468,                                   9.339,                                  11.977,                                   0.005,                                   0.008,                              107073.367,                                   1.000,
7/16/2026 5:01:59 PM  ,    4445.000,                                   8.468,                                   9.326,                                  11.961,                                   0.005,                                   0.008,                              107223.742,                                   1.000,
7/16/2026 5:02:00 PM  ,    4446.000,                                   8.469,                                   9.314,                                  11.944,                                   0.005,                                   0.008,                              107370.414,                                   1.000,
7/16/2026 5:02:01 PM  ,    4447.000,                                   8.469,                                   9.318,                                  11.950,                                   0.005,                                   0.008,                              107320.422,                                   1.000,
7/16/2026 5:02:02 PM  ,    4448.000,                                   8.469,                                   9.346,                                  11.986,                                   0.005,                                   0.008,                              106996.742,                                   1.000,
7/16/2026 5:02:03 PM  ,    4449.000,                                   8.469,                                   9.324,                                  11.958,                                   0.005,                                   0.008,                              107249.938,                                   1.000,
7/16/2026 5:02:04 PM  ,    4450.000,                                   8.469,                                   9.327,                                  11.962,                                   0.005,                                   0.008,                              107212.680,                                   1.000,
7/16/2026 5:02:05 PM  ,    4451.000,                                   8.469,                                   9.336,                                  11.972,                                   0.005,                                   0.008,                              107117.289,                                   1.000,
7/16/2026 5:02:06 PM  ,    4452.000,                                   8.469,                                   9.337,                                  11.974,                                   0.005,                                   0.008,                              107099.078,                                   1.000,
7/16/2026 5:02:07 PM  ,    4453.000,                                   8.469,                                   9.351,                                  11.992,                                   0.005,                                   0.008,                              106944.672,                                   1.000,

