Report Date:,8/14/2026 6:02:16 PM
Report User Name:,geogals
Report Computer Name:,TAY-DRIVE
Application:,WinSitu.exe
Application Version:,5.7.8.0


Log File Properties
File Name,NaCl_20260716_2026-08-14_18-02-02-082.wsl
Create Date,8/14/2026 6:01:58 PM

Device Properties
Device,Aqua TROLL 200
Site,Longmire stoking well
Device Name, 
Serial Number,790481
Firmware Version,2.04
Hardware Version,4
Device Address,1
Device Comm Cfg,19200,8,Even,1,(Modbus-RTU)
Used Memory,21
Used Battery,51

Log Configuration
,Log Name,NaCl_20260716
,Created By,geogals
,Computer Name,TAY-DRIVE
,Application,WinSitu.exe
,Application Version,5.7.8.0
,Create Date,7/16/2026 2:48:58 PM Pacific Daylight Time
,Log Setup Time Zone,Pacific Daylight Time
,Notes Size(bytes),4096
,Overwrite when full,Disabled
,Scheduled Start Time,Manual Start
,Scheduled Stop Time,No Stop Time
,Type,Event
,Event Sensor,PCTD(A) 35.8ft
,Event Parameter,Pressure (PSI)
,Sample Rate,Days: 0 hrs: 00 mins: 00 secs: 01
,Default Log Rate,Days: 0 hrs: 00 mins: 00 secs: 05
,High Trigger,         -2.000,(PSI)





Other Log Settings
,Pressure Offset:,13.4079 (PSI)
,Depth of Probe:,-0.151313 (ft)
,Head Pressure:,-0.0655098 (PSI)
,Temperature:,17.6944 (C)

,Specific Conductivity Model:,Standard Methods
,,Reference Temperature:,25
,,Temperature Coefficient:,0.0191

,TDS Factor:,0.65


Log Notes:
Date and Time,Note
7/16/2026 2:49:07 PM  ,Used Battery: 51% Used Memory: 21%   User Name: geogals
7/16/2026 4:07:15 PM  ,Manual Start Command
7/16/2026 4:46:58 PM  ,Manual Stop Command


Log Data:
Record Count,695

Sensors,1

 ,1,790481,PCTD 30 PSIA (10.9m/35.8ft)

Time Zone: Pacific Daylight Time

,,Sensor: PCTD(A) 35.8ft                  ,Sensor: PCTD(A) 35.8ft                  ,Sensor: PCTD(A) 35.8ft                  ,Sensor: PCTD(A) 35.8ft                  ,Sensor: PCTD(A) 35.8ft                  ,Sensor: PCTD(A) 35.8ft                  ,Sensor: PCTD(A) 35.8ft                  ,
,Elapsed Time,SN#: 790481                             ,SN#: 790481                             ,SN#: 790481                             ,SN#: 790481                             ,SN#: 790481                             ,SN#: 790481                             ,SN#: 790481                             ,
Date and Time,Seconds     ,Temperature (C)                         ,Actual Conductivity (µS/cm)             ,Specific Conductivity (µS/cm)           ,Salinity (PSU)                          ,Total Dissolved Solids (ppt)            ,Resistivity (ohm-cm)                    ,Water Density (g/cm3)                   ,
7/16/2026 4:07:15 PM  ,       0.000,                                   9.277,                                  16.016,                                  22.890,                                   0.009,                                   0.015,                               62437.977,                                   1.000,
7/16/2026 4:07:16 PM  ,       1.000,                                   9.277,                                  16.031,                                  22.912,                                   0.009,                                   0.015,                               62377.969,                                   1.000,
7/16/2026 4:07:17 PM  ,       2.000,                                   9.277,                                  15.992,                                  22.855,                                   0.009,                                   0.015,                               62532.945,                                   1.000,
7/16/2026 4:07:18 PM  ,       3.000,                                   9.277,                                  16.000,                                  22.867,                                   0.009,                                   0.015,                               62501.504,                                   1.000,
7/16/2026 4:07:19 PM  ,       4.000,                                   9.276,                                  16.074,                                  22.974,                                   0.009,                                   0.015,                               62211.703,                                   1.000,
7/16/2026 4:07:20 PM  ,       5.052,                                   9.276,                                  16.087,                                  22.992,                                   0.009,                                   0.015,                               62162.605,                                   1.000,
7/16/2026 4:07:21 PM  ,       6.000,                                   9.276,                                  16.068,                                  22.965,                                   0.009,                                   0.015,                               62236.359,                                   1.000,
7/16/2026 4:07:22 PM  ,       7.000,                                   9.276,                                  16.054,                                  22.944,                                   0.009,                                   0.015,                               62291.680,                                   1.000,
7/16/2026 4:07:23 PM  ,       8.000,                                   9.275,                                  16.136,                                  23.063,                                   0.009,                                   0.015,                               61972.586,                                   1.000,
7/16/2026 4:07:24 PM  ,       9.000,                                   9.275,                                  16.035,                                  22.919,                                   0.009,                                   0.015,                               62363.508,                                   1.000,
7/16/2026 4:07:25 PM  ,      10.000,                                   9.274,                                  16.027,                                  22.908,                                   0.009,                                   0.015,                               62392.859,                                   1.000,
7/16/2026 4:07:26 PM  ,      11.000,                                   0.000,                                   0.000,                                   0.000,                                   0.000,                                   0.000,                                   0.000,                                   0.000,
7/16/2026 4:07:27 PM  ,      12.000,                                   9.274,                                  15.900,                                  22.726,                                   0.009,                                   0.015,                               62893.570,                                   1.000,
7/16/2026 4:07:28 PM  ,      13.000,                                   9.274,                                  16.100,                                  23.012,                                   0.009,                                   0.015,                               62113.152,                                   1.000,
7/16/2026 4:07:29 PM  ,      14.000,                                   9.273,                                  16.150,                                  23.085,                                   0.009,                                   0.015,                               61917.684,                                   1.000,
7/16/2026 4:07:30 PM  ,      15.000,                                   9.272,                                  16.094,                                  23.004,                                   0.009,                                   0.015,                               62135.297,                                   1.000,
7/16/2026 4:07:31 PM  ,      16.000,                                   9.272,                                  16.011,                                  22.886,                                   0.009,                                   0.015,                               62456.430,                                   1.000,
7/16/2026 4:07:32 PM  ,      17.000,                                   9.272,                                  16.048,                                  22.939,                                   0.009,                                   0.015,                               62314.297,                                   1.000,
7/16/2026 4:07:33 PM  ,      18.000,                                   9.272,                                  16.007,                                  22.880,                                   0.009,                                   0.015,                               62471.895,                                   1.000,
7/16/2026 4:07:34 PM  ,      19.000,                                   9.272,                                  15.990,                                  22.856,                                   0.009,                                   0.015,                               62539.957,                                   1.000,
7/16/2026 4:07:35 PM  ,      20.000,                                   9.271,                                  15.983,                                  22.846,                                   0.009,                                   0.015,                               62566.832,                                   1.000,
7/16/2026 4:07:36 PM  ,      21.000,                                   9.271,                                  15.971,                                  22.829,                                   0.009,                                   0.015,                               62614.969,                                   1.000,
7/16/2026 4:07:37 PM  ,      22.000,                                   9.271,                                  16.055,                                  22.949,                                   0.009,                                   0.015,                               62287.453,                                   1.000,
7/16/2026 4:07:38 PM  ,      23.000,                                   9.271,                                  16.027,                                  22.909,                                   0.009,                                   0.015,                               62395.285,                                   1.000,
7/16/2026 4:07:39 PM  ,      24.000,                                   9.270,                                  16.050,                                  22.943,                                   0.009,                                   0.015,                               62305.520,                                   1.000,
7/16/2026 4:07:40 PM  ,      25.000,                                   9.270,                                  16.034,                                  22.921,                                   0.009,                                   0.015,                               62366.281,                                   1.000,
7/16/2026 4:07:41 PM  ,      26.000,                                   9.270,                                  15.969,                                  22.828,                                   0.009,                                   0.015,                               62620.273,                                   1.000,
7/16/2026 4:07:42 PM  ,      27.000,                                   9.270,                                  15.982,                                  22.847,                                   0.009,                                   0.015,                               62569.156,                                   1.000,
7/16/2026 4:07:43 PM  ,      28.000,                                   9.270,                                  15.984,                                  22.849,                                   0.009,                                   0.015,                               62563.125,                                   1.000,
7/16/2026 4:07:44 PM  ,      29.000,                                   9.270,                                  15.986,                                  22.852,                                   0.009,                                   0.015,                               62554.688,                                   1.000,
7/16/2026 4:07:45 PM  ,      30.000,                                   9.269,                                  15.943,                                  22.791,                                   0.009,                                   0.015,                               62722.465,                                   1.000,
7/16/2026 4:07:46 PM  ,      31.000,                                   9.268,                                  16.089,                                  23.000,                                   0.009,                                   0.015,                               62155.754,                                   1.000,
7/16/2026 4:07:47 PM  ,      32.000,                                   9.268,                                  16.079,                                  22.985,                                   0.009,                                   0.015,                               62194.328,                                   1.000,
7/16/2026 4:07:48 PM  ,      33.000,                                   9.267,                                  15.969,                                  22.829,                                   0.009,                                   0.015,                               62622.473,                                   1.000,
7/16/2026 4:07:49 PM  ,      34.000,                                   9.266,                                  16.017,                                  22.898,                                   0.009,                                   0.015,                               62434.152,                                   1.000,
7/16/2026 4:07:50 PM  ,      35.000,                                   9.267,                                  16.027,                                  22.912,                                   0.009,                                   0.015,                               62395.027,                                   1.000,
7/16/2026 4:07:51 PM  ,      36.000,                                   9.267,                                  16.068,                                  22.970,                                   0.009,                                   0.015,                               62236.848,                                   1.000,
7/16/2026 4:07:52 PM  ,      37.000,                                   9.267,                                  16.044,                                  22.937,                                   0.009,                                   0.015,                               62328.223,                                   1.000,
7/16/2026 4:07:53 PM  ,      38.000,                                   9.267,                                  16.067,                                  22.969,                                   0.009,                                   0.015,                               62239.898,                                   1.000,
7/16/2026 4:07:54 PM  ,      39.000,                                   9.266,                                  16.071,                                  22.975,                                   0.009,                                   0.015,                               62225.797,                                   1.000,
7/16/2026 4:07:55 PM  ,      40.000,                                   9.267,                                  16.076,                                  22.982,                                   0.009,                                   0.015,                               62205.273,                                   1.000,
7/16/2026 4:08:00 PM  ,      45.000,                                   9.264,                                  16.054,                                  22.952,                                   0.009,                                   0.015,                               62290.539,                                   1.000,
7/16/2026 4:08:05 PM  ,      50.000,                                   9.261,                                  16.039,                                  22.932,                                   0.009,                                   0.015,                               62349.934,                                   1.000,
7/16/2026 4:08:10 PM  ,      55.000,                                   9.260,                                  16.084,                                  22.997,                                   0.009,                                   0.015,                               62175.426,                                   1.000,
7/16/2026 4:08:15 PM  ,      60.000,                                   9.259,                                  16.071,                                  22.980,                                   0.009,                                   0.015,                               62223.590,                                   1.000,
7/16/2026 4:08:20 PM  ,      65.000,                                   9.257,                                  15.890,                                  22.722,                                   0.009,                                   0.015,                               62934.594,                                   1.000,
7/16/2026 4:08:25 PM  ,      70.000,                                   9.256,                                  16.064,                                  22.973,                                   0.009,                                   0.015,                               62249.949,                                   1.000,
7/16/2026 4:08:30 PM  ,      75.000,                                   9.254,                                  16.067,                                  22.978,                                   0.009,                                   0.015,                               62237.824,                                   1.000,
7/16/2026 4:08:35 PM  ,      80.000,                                   9.252,                                  16.020,                                  22.911,                                   0.009,                                   0.015,                               62421.820,                                   1.000,
7/16/2026 4:08:40 PM  ,      85.000,                                   9.248,                                  15.967,                                  22.838,                                   0.009,                                   0.015,                               62629.262,                                   1.000,
7/16/2026 4:08:45 PM  ,      90.000,                                   9.246,                                  15.932,                                  22.789,                                   0.009,                                   0.015,                               62768.168,                                   1.000,
7/16/2026 4:08:50 PM  ,      95.000,                                   9.244,                                  16.014,                                  22.907,                                   0.009,                                   0.015,                               62446.195,                                   1.000,
7/16/2026 4:08:55 PM  ,     100.000,                                   9.243,                                  15.960,                                  22.831,                                   0.009,                                   0.015,                               62656.148,                                   1.000,
7/16/2026 4:09:00 PM  ,     105.000,                                   9.241,                                  16.042,                                  22.950,                                   0.009,                                   0.015,                               62335.004,                                   1.000,
7/16/2026 4:09:05 PM  ,     110.000,                                   9.240,                                  16.016,                                  22.913,                                   0.009,                                   0.015,                               62437.090,                                   1.000,
7/16/2026 4:09:10 PM  ,     115.000,                                   9.238,                                  16.057,                                  22.974,                                   0.009,                                   0.015,                               62277.109,                                   1.000,
7/16/2026 4:09:15 PM  ,     120.000,                                   9.237,                                  16.040,                                  22.950,                                   0.009,                                   0.015,                               62344.160,                                   1.000,
7/16/2026 4:09:20 PM  ,     125.000,                                   9.234,                                  16.000,                                  22.894,                                   0.009,                                   0.015,                               62500.449,                                   1.000,
7/16/2026 4:09:25 PM  ,     130.000,                                   9.232,                                  16.037,                                  22.948,                                   0.009,                                   0.015,                               62356.824,                                   1.000,
7/16/2026 4:09:30 PM  ,     135.000,                                   9.231,                                  16.008,                                  22.908,                                   0.009,                                   0.015,                               62468.441,                                   1.000,
7/16/2026 4:09:35 PM  ,     140.000,                                   9.228,                                  16.091,                                  23.028,                                   0.009,                                   0.015,                               62147.883,                                   1.000,
7/16/2026 4:09:40 PM  ,     145.000,                                   9.227,                                  15.976,                                  22.865,                                   0.009,                                   0.015,                               62592.441,                                   1.000,
7/16/2026 4:09:45 PM  ,     150.000,                                   9.224,                                  16.063,                                  22.990,                                   0.009,                                   0.015,                               62255.250,                                   1.000,
7/16/2026 4:09:50 PM  ,     155.000,                                   9.223,                                  16.119,                                  23.071,                                   0.009,                                   0.015,                               62039.266,                                   1.000,
7/16/2026 4:09:55 PM  ,     160.000,                                   9.220,                                  16.049,                                  22.972,                                   0.009,                                   0.015,                               62310.984,                                   1.000,
7/16/2026 4:10:00 PM  ,     165.000,                                   9.218,                                  15.999,                                  22.903,                                   0.009,                                   0.015,                               62502.914,                                   1.000,
7/16/2026 4:10:05 PM  ,     170.000,                                   9.216,                                  16.075,                                  23.012,                                   0.009,                                   0.015,                               62209.148,                                   1.000,
7/16/2026 4:10:10 PM  ,     175.000,                                   9.214,                                  16.075,                                  23.014,                                   0.009,                                   0.015,                               62207.375,                                   1.000,
7/16/2026 4:10:15 PM  ,     180.000,                                   9.212,                                  15.950,                                  22.836,                                   0.009,                                   0.015,                               62697.586,                                   1.000,
7/16/2026 4:10:20 PM  ,     185.000,                                   9.209,                                  15.968,                                  22.864,                                   0.009,                                   0.015,                               62624.117,                                   1.000,
7/16/2026 4:10:25 PM  ,     190.000,                                   9.207,                                  16.037,                                  22.963,                                   0.009,                                   0.015,                               62357.344,                                   1.000,
7/16/2026 4:10:30 PM  ,     195.000,                                   9.204,                                  15.855,                                  22.705,                                   0.009,                                   0.015,                               63071.277,                                   1.000,
7/16/2026 4:10:35 PM  ,     200.000,                                   9.204,                                  15.995,                                  22.905,                                   0.009,                                   0.015,                               62521.184,                                   1.000,
7/16/2026 4:10:40 PM  ,     205.000,                                   9.202,                                  15.971,                                  22.872,                                   0.009,                                   0.015,                               62614.793,                                   1.000,
7/16/2026 4:10:45 PM  ,     210.000,                                   9.201,                                  15.980,                                  22.886,                                   0.009,                                   0.015,                               62578.953,                                   1.000,
7/16/2026 4:10:50 PM  ,     215.000,                                   9.198,                                  15.997,                                  22.912,                                   0.009,                                   0.015,                               62512.719,                                   1.000,
7/16/2026 4:10:55 PM  ,     220.000,                                   9.196,                                  16.085,                                  23.039,                                   0.009,                                   0.015,                               62171.520,                                   1.000,
7/16/2026 4:11:00 PM  ,     225.000,                                   9.195,                                  16.036,                                  22.971,                                   0.009,                                   0.015,                               62359.168,                                   1.000,
7/16/2026 4:11:05 PM  ,     230.000,                                   9.193,                                  16.070,                                  23.020,                                   0.009,                                   0.015,                               62227.645,                                   1.000,
7/16/2026 4:11:10 PM  ,     235.000,                                   9.191,                                  15.967,                                  22.874,                                   0.009,                                   0.015,                               62629.270,                                   1.000,
7/16/2026 4:11:15 PM  ,     240.000,                                   9.188,                                  15.941,                                  22.838,                                   0.009,                                   0.015,                               62732.668,                                   1.000,
7/16/2026 4:11:20 PM  ,     245.000,                                   9.186,                                  16.004,                                  22.929,                                   0.009,                                   0.015,                               62486.184,                                   1.000,
7/16/2026 4:11:25 PM  ,     250.000,                                   9.185,                                  16.004,                                  22.931,                                   0.009,                                   0.015,                               62482.652,                                   1.000,
7/16/2026 4:11:30 PM  ,     255.000,                                   9.182,                                  15.850,                                  22.711,                                   0.009,                                   0.015,                               63092.855,                                   1.000,
7/16/2026 4:11:35 PM  ,     260.000,                                   9.182,                                  15.924,                                  22.818,                                   0.009,                                   0.015,                               62797.727,                                   1.000,
7/16/2026 4:11:40 PM  ,     265.000,                                   9.180,                                  15.977,                                  22.895,                                   0.009,                                   0.015,                               62591.504,                                   1.000,
7/16/2026 4:11:45 PM  ,     270.000,                                   9.178,                                  15.991,                                  22.917,                                   0.009,                                   0.015,                               62533.758,                                   1.000,
7/16/2026 4:11:50 PM  ,     275.000,                                   9.175,                                  15.957,                                  22.868,                                   0.009,                                   0.015,                               62670.344,                                   1.000,
7/16/2026 4:11:55 PM  ,     280.000,                                   9.174,                                  16.028,                                  22.972,                                   0.009,                                   0.015,                               62389.430,                                   1.000,
7/16/2026 4:12:00 PM  ,     285.000,                                   9.171,                                  15.967,                                  22.886,                                   0.009,                                   0.015,                               62630.965,                                   1.000,
7/16/2026 4:12:05 PM  ,     290.000,                                   9.169,                                  15.951,                                  22.865,                                   0.009,                                   0.015,                               62690.848,                                   1.000,
7/16/2026 4:12:10 PM  ,     295.000,                                   9.168,                                  15.946,                                  22.858,                                   0.009,                                   0.015,                               62712.082,                                   1.000,
7/16/2026 4:12:15 PM  ,     300.000,                                   9.167,                                  15.917,                                  22.817,                                   0.009,                                   0.015,                               62827.043,                                   1.000,
7/16/2026 4:12:20 PM  ,     305.000,                                   9.166,                                  15.980,                                  22.909,                                   0.009,                                   0.015,                               62576.609,                                   1.000,
7/16/2026 4:12:25 PM  ,     310.000,                                   9.163,                                  16.025,                                  22.974,                                   0.009,                                   0.015,                               62404.109,                                   1.000,
7/16/2026 4:12:30 PM  ,     315.000,                                   9.161,                                  16.032,                                  22.985,                                   0.009,                                   0.015,                               62376.059,                                   1.000,
7/16/2026 4:12:35 PM  ,     320.000,                                   9.160,                                  15.971,                                  22.899,                                   0.009,                                   0.015,                               62612.980,                                   1.000,
7/16/2026 4:12:40 PM  ,     325.000,                                   9.156,                                  15.985,                                  22.921,                                   0.009,                                   0.015,                               62558.707,                                   1.000,
7/16/2026 4:12:45 PM  ,     330.000,                                   9.156,                                  15.962,                                  22.889,                                   0.009,                                   0.015,                               62647.184,                                   1.000,
7/16/2026 4:12:50 PM  ,     335.000,                                   9.153,                                  15.980,                                  22.917,                                   0.009,                                   0.015,                               62577.582,                                   1.000,
7/16/2026 4:12:55 PM  ,     340.000,                                   9.152,                                  15.943,                                  22.864,                                   0.009,                                   0.015,                               62722.656,                                   1.000,
7/16/2026 4:13:00 PM  ,     345.000,                                   9.149,                                  15.935,                                  22.854,                                   0.009,                                   0.015,                               62755.523,                                   1.000,
7/16/2026 4:13:05 PM  ,     350.000,                                   9.148,                                  15.962,                                  22.893,                                   0.009,                                   0.015,                               62649.598,                                   1.000,
7/16/2026 4:13:10 PM  ,     355.000,                                   9.146,                                  15.964,                                  22.897,                                   0.009,                                   0.015,                               62641.566,                                   1.000,
7/16/2026 4:13:15 PM  ,     360.000,                                   9.145,                                  16.011,                                  22.966,                                   0.009,                                   0.015,                               62457.270,                                   1.000,
7/16/2026 4:13:20 PM  ,     365.000,                                   9.142,                                  15.906,                                  22.817,                                   0.009,                                   0.015,                               62869.328,                                   1.000,
7/16/2026 4:13:25 PM  ,     370.000,                                   9.141,                                  15.878,                                  22.778,                                   0.009,                                   0.015,                               62978.410,                                   1.000,
7/16/2026 4:13:30 PM  ,     375.000,                                   9.139,                                  15.827,                                  22.706,                                   0.009,                                   0.015,                               63182.789,                                   1.000,
7/16/2026 4:13:35 PM  ,     380.000,                                   9.138,                                  15.884,                                  22.787,                                   0.009,                                   0.015,                               62956.906,                                   1.000,
7/16/2026 4:13:40 PM  ,     385.000,                                   9.136,                                  15.788,                                  22.651,                                   0.009,                                   0.015,                               63341.129,                                   1.000,
7/16/2026 4:13:45 PM  ,     390.000,                                   9.133,                                  15.845,                                  22.736,                                   0.009,                                   0.015,                               63110.137,                                   1.000,
7/16/2026 4:13:50 PM  ,     395.000,                                   9.132,                                  15.956,                                  22.895,                                   0.009,                                   0.015,                               62671.938,                                   1.000,
7/16/2026 4:13:55 PM  ,     400.000,                                   9.132,                                  15.930,                                  22.858,                                   0.009,                                   0.015,                               62775.285,                                   1.000,
7/16/2026 4:14:00 PM  ,     405.000,                                   9.130,                                  15.971,                                  22.918,                                   0.009,                                   0.015,                               62613.309,                                   1.000,
7/16/2026 4:14:05 PM  ,     410.000,                                   9.128,                                  15.971,                                  22.919,                                   0.009,                                   0.015,                               62615.359,                                   1.000,
7/16/2026 4:14:10 PM  ,     415.000,                                   9.126,                                  15.935,                                  22.869,                                   0.009,                                   0.015,                               62755.285,                                   1.000,
7/16/2026 4:14:15 PM  ,     420.000,                                   9.124,                                  15.890,                                  22.805,                                   0.009,                                   0.015,                               62932.898,                                   1.000,
7/16/2026 4:14:20 PM  ,     425.000,                                   9.122,                                  15.915,                                  22.842,                                   0.009,                                   0.015,                               62834.043,                                   1.000,
7/16/2026 4:14:25 PM  ,     430.000,                                   9.119,                                  15.905,                                  22.829,                                   0.009,                                   0.015,                               62874.809,                                   1.000,
7/16/2026 4:14:30 PM  ,     435.000,                                   9.119,                                  15.951,                                  22.896,                                   0.009,                                   0.015,                               62693.012,                                   1.000,
7/16/2026 4:14:35 PM  ,     440.000,                                   9.117,                                  15.972,                                  22.927,                                   0.009,                                   0.015,                               62611.063,                                   1.000,
7/16/2026 4:14:40 PM  ,     445.000,                                   9.115,                                  15.918,                                  22.852,                                   0.009,                                   0.015,                               62820.883,                                   1.000,
7/16/2026 4:14:45 PM  ,     450.000,                                   9.113,                                  15.694,                                  22.530,                                   0.009,                                   0.015,                               63720.625,                                   1.000,
7/16/2026 4:14:50 PM  ,     455.000,                                   9.111,                                  15.959,                                  22.912,                                   0.009,                                   0.015,                               62662.203,                                   1.000,
7/16/2026 4:14:55 PM  ,     460.000,                                   9.110,                                  15.905,                                  22.835,                                   0.009,                                   0.015,                               62875.199,                                   1.000,
7/16/2026 4:15:00 PM  ,     465.000,                                   9.108,                                  15.872,                                  22.790,                                   0.009,                                   0.015,                               63003.648,                                   1.000,
7/16/2026 4:15:05 PM  ,     470.000,                                   9.107,                                  15.962,                                  22.920,                                   0.009,                                   0.015,                               62647.355,                                   1.000,
7/16/2026 4:15:10 PM  ,     475.000,                                   9.104,                                  15.928,                                  22.873,                                   0.009,                                   0.015,                               62781.016,                                   1.000,
7/16/2026 4:15:15 PM  ,     480.000,                                   9.103,                                  15.965,                                  22.926,                                   0.009,                                   0.015,                               62636.449,                                   1.000,
7/16/2026 4:15:20 PM  ,     485.000,                                   9.101,                                  15.918,                                  22.859,                                   0.009,                                   0.015,                               62823.273,                                   1.000,
7/16/2026 4:15:25 PM  ,     490.000,                                   9.100,                                  15.955,                                  22.914,                                   0.009,                                   0.015,                               62674.766,                                   1.000,
7/16/2026 4:15:30 PM  ,     495.000,                                   9.097,                                  15.890,                                  22.822,                                   0.009,                                   0.015,                               62932.160,                                   1.000,
7/16/2026 4:15:35 PM  ,     500.000,                                   9.094,                                  15.936,                                  22.891,                                   0.009,                                   0.015,                               62749.266,                                   1.000,
7/16/2026 4:15:40 PM  ,     505.000,                                   9.093,                                  15.844,                                  22.758,                                   0.009,                                   0.015,                               63115.906,                                   1.000,
7/16/2026 4:15:45 PM  ,     510.000,                                   9.091,                                  15.919,                                  22.868,                                   0.009,                                   0.015,                               62817.863,                                   1.000,
7/16/2026 4:15:50 PM  ,     515.000,                                   9.090,                                  15.958,                                  22.923,                                   0.009,                                   0.015,                               62666.371,                                   1.000,
7/16/2026 4:15:55 PM  ,     520.000,                                   9.089,                                  15.934,                                  22.891,                                   0.009,                                   0.015,                               62757.469,                                   1.000,
7/16/2026 4:16:00 PM  ,     525.000,                                   9.087,                                  15.903,                                  22.847,                                   0.009,                                   0.015,                               62881.359,                                   1.000,
7/16/2026 4:16:05 PM  ,     530.000,                                   9.083,                                  15.672,                                  22.517,                                   0.009,                                   0.015,                               63809.121,                                   1.000,
7/16/2026 4:16:10 PM  ,     535.000,                                   9.081,                                  15.861,                                  22.790,                                   0.009,                                   0.015,                               63048.289,                                   1.000,
7/16/2026 4:16:15 PM  ,     540.000,                                   9.079,                                  15.941,                                  22.906,                                   0.009,                                   0.015,                               62733.098,                                   1.000,
7/16/2026 4:16:20 PM  ,     545.000,                                   9.079,                                  15.945,                                  22.912,                                   0.009,                                   0.015,                               62716.004,                                   1.000,
7/16/2026 4:16:25 PM  ,     550.000,                                   9.076,                                  15.928,                                  22.890,                                   0.009,                                   0.015,                               62782.027,                                   1.000,
7/16/2026 4:16:30 PM  ,     555.000,                                   9.076,                                  15.931,                                  22.895,                                   0.009,                                   0.015,                               62769.668,                                   1.000,
7/16/2026 4:16:35 PM  ,     560.000,                                   9.073,                                  15.894,                                  22.843,                                   0.009,                                   0.015,                               62916.383,                                   1.000,
7/16/2026 4:16:40 PM  ,     565.000,                                   9.073,                                  15.938,                                  22.906,                                   0.009,                                   0.015,                               62744.156,                                   1.000,
7/16/2026 4:16:45 PM  ,     570.000,                                   9.070,                                  15.845,                                  22.775,                                   0.009,                                   0.015,                               63109.543,                                   1.000,
7/16/2026 4:16:50 PM  ,     575.000,                                   9.068,                                  15.836,                                  22.762,                                   0.009,                                   0.015,                               63148.699,                                   1.000,
7/16/2026 4:16:55 PM  ,     580.000,                                   9.066,                                  15.868,                                  22.810,                                   0.009,                                   0.015,                               63020.172,                                   1.000,
7/16/2026 4:17:00 PM  ,     585.000,                                   9.063,                                  15.933,                                  22.905,                                   0.009,                                   0.015,                               62762.074,                                   1.000,
7/16/2026 4:17:05 PM  ,     590.000,                                   9.063,                                  15.935,                                  22.908,                                   0.009,                                   0.015,                               62755.750,                                   1.000,
7/16/2026 4:17:10 PM  ,     595.000,                                   9.061,                                  15.930,                                  22.902,                                   0.009,                                   0.015,                               62773.762,                                   1.000,
7/16/2026 4:17:15 PM  ,     600.000,                                   9.060,                                  16.008,                                  23.015,                                   0.009,                                   0.015,                               62467.762,                                   1.000,
7/16/2026 4:17:20 PM  ,     605.000,                                   9.058,                                  15.941,                                  22.920,                                   0.009,                                   0.015,                               62730.121,                                   1.000,
7/16/2026 4:17:25 PM  ,     610.000,                                   9.055,                                  15.952,                                  22.938,                                   0.009,                                   0.015,                               62688.094,                                   1.000,
7/16/2026 4:17:30 PM  ,     615.000,                                   9.054,                                  15.854,                                  22.797,                                   0.009,                                   0.015,                               63076.531,                                   1.000,
7/16/2026 4:17:35 PM  ,     620.000,                                   9.053,                                  15.916,                                  22.887,                                   0.009,                                   0.015,                               62830.027,                                   1.000,
7/16/2026 4:17:40 PM  ,     625.000,                                   9.051,                                  15.925,                                  22.901,                                   0.009,                                   0.015,                               62795.426,                                   1.000,
7/16/2026 4:17:45 PM  ,     630.000,                                   9.048,                                  15.905,                                  22.875,                                   0.009,                                   0.015,                               62873.543,                                   1.000,
7/16/2026 4:17:50 PM  ,     635.000,                                   9.046,                                  15.928,                                  22.908,                                   0.009,                                   0.015,                               62784.055,                                   1.000,
7/16/2026 4:17:55 PM  ,     640.000,                                   9.044,                                  15.863,                                  22.817,                                   0.009,                                   0.015,                               63039.363,                                   1.000,
7/16/2026 4:18:00 PM  ,     645.000,                                   9.043,                                  15.904,                                  22.877,                                   0.009,                                   0.015,                               62876.574,                                   1.000,
7/16/2026 4:18:05 PM  ,     650.000,                                   9.040,                                  15.835,                                  22.778,                                   0.009,                                   0.015,                               63152.449,                                   1.000,
7/16/2026 4:18:10 PM  ,     655.000,                                   9.039,                                  15.818,                                  22.755,                                   0.009,                                   0.015,                               63219.156,                                   1.000,
7/16/2026 4:18:15 PM  ,     660.000,                                   9.039,                                  15.868,                                  22.828,                                   0.009,                                   0.015,                               63018.242,                                   1.000,
7/16/2026 4:18:20 PM  ,     665.000,                                   9.035,                                  15.945,                                  22.941,                                   0.009,                                   0.015,                               62713.949,                                   1.000,
7/16/2026 4:18:25 PM  ,     670.000,                                   9.033,                                  15.921,                                  22.907,                                   0.009,                                   0.015,                               62809.543,                                   1.000,
7/16/2026 4:18:30 PM  ,     675.000,                                   9.031,                                  15.832,                                  22.780,                                   0.009,                                   0.015,                               63163.992,                                   1.000,
7/16/2026 4:18:35 PM  ,     680.000,                                   9.030,                                  15.943,                                  22.940,                                   0.009,                                   0.015,                               62723.688,                                   1.000,
7/16/2026 4:18:40 PM  ,     685.000,                                   9.027,                                  15.846,                                  22.803,                                   0.009,                                   0.015,                               63105.617,                                   1.000,
7/16/2026 4:18:45 PM  ,     690.000,                                   9.026,                                  15.713,                                  22.611,                                   0.009,                                   0.015,                               63642.969,                                   1.000,
7/16/2026 4:18:50 PM  ,     695.000,                                   9.024,                                  15.807,                                  22.748,                                   0.009,                                   0.015,                               63264.133,                                   1.000,
7/16/2026 4:18:55 PM  ,     700.000,                                   9.022,                                  15.768,                                  22.693,                                   0.009,                                   0.015,                               63421.410,                                   1.000,
7/16/2026 4:19:00 PM  ,     705.000,                                   9.021,                                  15.860,                                  22.827,                                   0.009,                                   0.015,                               63052.094,                                   1.000,
7/16/2026 4:19:05 PM  ,     710.000,                                   9.019,                                  15.827,                                  22.780,                                   0.009,                                   0.015,                               63184.473,                                   1.000,
7/16/2026 4:19:10 PM  ,     715.000,                                   9.017,                                  15.817,                                  22.767,                                   0.009,                                   0.015,                               63224.250,                                   1.000,
7/16/2026 4:19:15 PM  ,     720.000,                                   9.015,                                  15.872,                                  22.848,                                   0.009,                                   0.015,                               63003.793,                                   1.000,
7/16/2026 4:19:20 PM  ,     725.000,                                   9.014,                                  15.730,                                  22.644,                                   0.009,                                   0.015,                               63572.973,                                   1.000,
7/16/2026 4:19:25 PM  ,     730.000,                                   9.012,                                  15.898,                                  22.887,                                   0.009,                                   0.015,                               62901.430,                                   1.000,
7/16/2026 4:19:30 PM  ,     735.000,                                   9.010,                                  15.828,                                  22.787,                                   0.009,                                   0.015,                               63180.195,                                   1.000,
7/16/2026 4:19:35 PM  ,     740.000,                                   9.009,                                  15.889,                                  22.876,                                   0.009,                                   0.015,                               62936.844,                                   1.000,
7/16/2026 4:19:40 PM  ,     745.000,                                   9.007,                                  15.871,                                  22.851,                                   0.009,                                   0.015,                               63008.703,                                   1.000,
7/16/2026 4:19:45 PM  ,     750.000,                                   9.004,                                  15.722,                                  22.639,                                   0.009,                                   0.015,                               63603.836,                                   1.000,
7/16/2026 4:19:50 PM  ,     755.000,                                   9.003,                                  15.825,                                  22.788,                                   0.009,                                   0.015,                               63189.684,                                   1.000,
7/16/2026 4:19:55 PM  ,     760.000,                                   9.001,                                  15.868,                                  22.850,                                   0.009,                                   0.015,                               63021.406,                                   1.000,
7/16/2026 4:20:00 PM  ,     765.000,                                   8.999,                                  15.761,                                  22.698,                                   0.009,                                   0.015,                               63448.063,                                   1.000,
7/16/2026 4:20:05 PM  ,     770.000,                                   8.997,                                  15.774,                                  22.718,                                   0.009,                                   0.015,                               63395.824,                                   1.000,
7/16/2026 4:20:10 PM  ,     775.000,                                   8.996,                                  15.834,                                  22.804,                                   0.009,                                   0.015,                               63156.684,                                   1.000,
7/16/2026 4:20:15 PM  ,     780.000,                                   8.994,                                  15.742,                                  22.674,                                   0.009,                                   0.015,                               63522.367,                                   1.000,
7/16/2026 4:20:20 PM  ,     785.000,                                   8.993,                                  15.779,                                  22.728,                                   0.009,                                   0.015,                               63375.328,                                   1.000,
7/16/2026 4:20:25 PM  ,     790.000,                                   8.991,                                  15.805,                                  22.766,                                   0.009,                                   0.015,                               63271.172,                                   1.000,
7/16/2026 4:20:30 PM  ,     795.000,                                   8.987,                                  15.891,                                  22.892,                                   0.009,                                   0.015,                               62929.953,                                   1.000,
7/16/2026 4:20:35 PM  ,     800.000,                                   8.987,                                  15.854,                                  22.840,                                   0.009,                                   0.015,                               63074.645,                                   1.000,
7/16/2026 4:20:40 PM  ,     805.000,                                   8.985,                                  15.856,                                  22.844,                                   0.009,                                   0.015,                               63066.328,                                   1.000,
7/16/2026 4:20:45 PM  ,     810.000,                                   8.984,                                  15.844,                                  22.827,                                   0.009,                                   0.015,                               63113.543,                                   1.000,
7/16/2026 4:20:50 PM  ,     815.000,                                   8.981,                                  15.682,                                  22.596,                                   0.009,                                   0.015,                               63766.516,                                   1.000,
7/16/2026 4:20:55 PM  ,     820.000,                                   8.980,                                  15.812,                                  22.784,                                   0.009,                                   0.015,                               63242.883,                                   1.000,
7/16/2026 4:21:00 PM  ,     825.000,                                   8.979,                                  15.770,                                  22.724,                                   0.009,                                   0.015,                               63410.535,                                   1.000,
7/16/2026 4:21:05 PM  ,     830.000,                                   8.977,                                  15.874,                                  22.874,                                   0.009,                                   0.015,                               62997.016,                                   1.000,
7/16/2026 4:21:10 PM  ,     835.000,                                   8.975,                                  15.836,                                  22.821,                                   0.009,                                   0.015,                               63146.453,                                   1.000,
7/16/2026 4:21:15 PM  ,     840.000,                                   8.973,                                  15.818,                                  22.795,                                   0.009,                                   0.015,                               63221.074,                                   1.000,
7/16/2026 4:21:20 PM  ,     845.000,                                   8.971,                                  15.805,                                  22.778,                                   0.009,                                   0.015,                               63272.746,                                   1.000,
7/16/2026 4:21:25 PM  ,     850.000,                                   8.970,                                  15.858,                                  22.857,                                   0.009,                                   0.015,                               63058.262,                                   1.000,
7/16/2026 4:21:30 PM  ,     855.000,                                   8.967,                                  15.760,                                  22.717,                                   0.009,                                   0.015,                               63449.773,                                   1.000,
7/16/2026 4:21:35 PM  ,     860.000,                                   8.966,                                  15.986,                                  23.043,                                   0.009,                                   0.015,                               62553.656,                                   1.000,
7/16/2026 4:21:40 PM  ,     865.000,                                   8.965,                                  15.867,                                  22.872,                                   0.009,                                   0.015,                               63024.867,                                   1.000,
7/16/2026 4:21:45 PM  ,     870.000,                                   8.963,                                  15.874,                                  22.883,                                   0.009,                                   0.015,                               62996.344,                                   1.000,
7/16/2026 4:21:50 PM  ,     875.000,                                   8.961,                                  15.922,                                  22.954,                                   0.009,                                   0.015,                               62805.148,                                   1.000,
7/16/2026 4:21:55 PM  ,     880.000,                                   8.960,                                  15.921,                                  22.953,                                   0.009,                                   0.015,                               62810.684,                                   1.000,
7/16/2026 4:22:00 PM  ,     885.000,                                   8.957,                                  15.814,                                  22.801,                                   0.009,                                   0.015,                               63233.664,                                   1.000,
7/16/2026 4:22:05 PM  ,     890.000,                                   8.956,                                  15.817,                                  22.806,                                   0.009,                                   0.015,                               63223.234,                                   1.000,
7/16/2026 4:22:10 PM  ,     895.000,                                   8.954,                                  15.905,                                  22.933,                                   0.009,                                   0.015,                               62874.246,                                   1.000,
7/16/2026 4:22:15 PM  ,     900.000,                                   8.953,                                  15.918,                                  22.953,                                   0.009,                                   0.015,                               62821.809,                                   1.000,
7/16/2026 4:22:20 PM  ,     905.000,                                   8.951,                                  15.848,                                  22.853,                                   0.009,                                   0.015,                               63101.219,                                   1.000,
7/16/2026 4:22:25 PM  ,     910.000,                                   8.949,                                  15.841,                                  22.844,                                   0.009,                                   0.015,                               63129.020,                                   1.000,
7/16/2026 4:22:30 PM  ,     915.000,                                   8.947,                                  15.886,                                  22.911,                                   0.009,                                   0.015,                               62948.105,                                   1.000,
7/16/2026 4:22:35 PM  ,     920.000,                                   8.945,                                  15.807,                                  22.798,                                   0.009,                                   0.015,                               63263.172,                                   1.000,
7/16/2026 4:22:40 PM  ,     925.000,                                   8.945,                                  15.807,                                  22.798,                                   0.009,                                   0.015,                               63263.840,                                   1.000,
7/16/2026 4:22:45 PM  ,     930.000,                                   8.942,                                  15.882,                                  22.908,                                   0.009,                                   0.015,                               62965.824,                                   1.000,
7/16/2026 4:22:50 PM  ,     935.000,                                   8.941,                                  15.859,                                  22.876,                                   0.009,                                   0.015,                               63055.070,                                   1.000,
7/16/2026 4:22:55 PM  ,     940.000,                                   8.939,                                  15.754,                                  22.726,                                   0.009,                                   0.015,                               63474.789,                                   1.000,
7/16/2026 4:23:00 PM  ,     945.000,                                   8.938,                                  15.747,                                  22.715,                                   0.009,                                   0.015,                               63505.516,                                   1.000,
7/16/2026 4:23:05 PM  ,     950.000,                                   8.936,                                  15.711,                                  22.665,                                   0.009,                                   0.015,                               63649.527,                                   1.000,
7/16/2026 4:23:10 PM  ,     955.000,                                   8.935,                                  15.770,                                  22.752,                                   0.009,                                   0.015,                               63409.887,                                   1.000,
7/16/2026 4:23:15 PM  ,     960.000,                                   8.934,                                  15.863,                                  22.885,                                   0.009,                                   0.015,                               63041.281,                                   1.000,
7/16/2026 4:23:20 PM  ,     965.000,                                   8.932,                                  15.820,                                  22.825,                                   0.009,                                   0.015,                               63212.938,                                   1.000,
7/16/2026 4:23:25 PM  ,     970.000,                                   8.930,                                  15.788,                                  22.780,                                   0.009,                                   0.015,                               63338.414,                                   1.000,
7/16/2026 4:23:30 PM  ,     975.000,                                   8.928,                                  15.809,                                  22.811,                                   0.009,                                   0.015,                               63256.340,                                   1.000,
7/16/2026 4:23:35 PM  ,     980.000,                                   8.926,                                  15.794,                                  22.791,                                   0.009,                                   0.015,                               63314.711,                                   1.000,
7/16/2026 4:23:40 PM  ,     985.000,                                   8.924,                                  15.805,                                  22.807,                                   0.009,                                   0.015,                               63272.953,                                   1.000,
7/16/2026 4:23:45 PM  ,     990.000,                                   8.923,                                  15.782,                                  22.776,                                   0.009,                                   0.015,                               63363.988,                                   1.000,
7/16/2026 4:23:50 PM  ,     995.000,                                   8.921,                                  15.744,                                  22.722,                                   0.009,                                   0.015,                               63517.629,                                   1.000,
7/16/2026 4:23:55 PM  ,    1000.000,                                   8.921,                                  15.829,                                  22.845,                                   0.009,                                   0.015,                               63174.516,                                   1.000,
7/16/2026 4:24:00 PM  ,    1005.000,                                   8.918,                                  15.807,                                  22.814,                                   0.009,                                   0.015,                               63263.977,                                   1.000,
7/16/2026 4:24:05 PM  ,    1010.000,                                   8.916,                                  15.795,                                  22.799,                                   0.009,                                   0.015,                               63310.234,                                   1.000,
7/16/2026 4:24:10 PM  ,    1015.000,                                   8.915,                                  15.771,                                  22.765,                                   0.009,                                   0.015,                               63405.777,                                   1.000,
7/16/2026 4:24:15 PM  ,    1020.000,                                   8.913,                                  15.848,                                  22.877,                                   0.009,                                   0.015,                               63100.465,                                   1.000,
7/16/2026 4:24:20 PM  ,    1025.000,                                   8.910,                                  15.780,                                  22.781,                                   0.009,                                   0.015,                               63371.965,                                   1.000,
7/16/2026 4:24:25 PM  ,    1030.000,                                   8.909,                                  15.774,                                  22.773,                                   0.009,                                   0.015,                               63395.426,                                   1.000,
7/16/2026 4:24:30 PM  ,    1035.000,                                   8.908,                                  15.861,                                  22.899,                                   0.009,                                   0.015,                               63047.590,                                   1.000,
7/16/2026 4:24:35 PM  ,    1040.000,                                   8.906,                                  15.862,                                  22.901,                                   0.009,                                   0.015,                               63045.449,                                   1.000,
7/16/2026 4:24:40 PM  ,    1045.000,                                   8.904,                                  15.778,                                  22.781,                                   0.009,                                   0.015,                               63381.277,                                   1.000,
7/16/2026 4:24:45 PM  ,    1050.000,                                   8.903,                                  15.784,                                  22.791,                                   0.009,                                   0.015,                               63356.820,                                   1.000,
7/16/2026 4:24:50 PM  ,    1055.000,                                   8.901,                                  15.843,                                  22.878,                                   0.009,                                   0.015,                               63118.266,                                   1.000,
7/16/2026 4:24:55 PM  ,    1060.000,                                   8.899,                                  15.795,                                  22.809,                                   0.009,                                   0.015,                               63313.039,                                   1.000,
7/16/2026 4:25:00 PM  ,    1065.000,                                   8.897,                                  15.736,                                  22.725,                                   0.009,                                   0.015,                               63549.309,                                   1.000,
7/16/2026 4:25:05 PM  ,    1070.000,                                   8.895,                                  15.735,                                  22.726,                                   0.009,                                   0.015,                               63551.066,                                   1.000,
7/16/2026 4:25:10 PM  ,    1075.000,                                   8.893,                                  15.728,                                  22.716,                                   0.009,                                   0.015,                               63581.012,                                   1.000,
7/16/2026 4:25:15 PM  ,    1080.000,                                   8.891,                                  15.697,                                  22.674,                                   0.009,                                   0.015,                               63704.773,                                   1.000,
7/16/2026 4:25:20 PM  ,    1085.000,                                   8.890,                                  15.728,                                  22.719,                                   0.009,                                   0.015,                               63579.090,                                   1.000,
7/16/2026 4:25:25 PM  ,    1090.000,                                   8.889,                                  15.775,                                  22.787,                                   0.009,                                   0.015,                               63390.301,                                   1.000,
7/16/2026 4:25:30 PM  ,    1095.000,                                   8.888,                                  15.726,                                  22.717,                                   0.009,                                   0.015,                               63588.004,                                   1.000,
7/16/2026 4:25:35 PM  ,    1100.000,                                   8.886,                                  15.782,                                  22.799,                                   0.009,                                   0.015,                               63362.426,                                   1.000,
7/16/2026 4:25:40 PM  ,    1105.000,                                   8.885,                                  15.730,                                  22.725,                                   0.009,                                   0.015,                               63572.430,                                   1.000,
7/16/2026 4:25:45 PM  ,    1110.000,                                   8.883,                                  15.723,                                  22.716,                                   0.009,                                   0.015,                               63600.988,                                   1.000,
7/16/2026 4:25:50 PM  ,    1115.000,                                   8.881,                                  15.773,                                  22.789,                                   0.009,                                   0.015,                               63400.102,                                   1.000,
7/16/2026 4:25:55 PM  ,    1120.000,                                   8.879,                                  15.747,                                  22.752,                                   0.009,                                   0.015,                               63505.621,                                   1.000,
7/16/2026 4:26:00 PM  ,    1125.000,                                   8.878,                                  15.758,                                  22.769,                                   0.009,                                   0.015,                               63461.379,                                   1.000,
7/16/2026 4:26:05 PM  ,    1130.000,                                   8.876,                                  15.933,                                  23.023,                                   0.009,                                   0.015,                               62763.348,                                   1.000,
7/16/2026 4:26:10 PM  ,    1135.000,                                   8.874,                                  15.680,                                  22.659,                                   0.009,                                   0.015,                               63775.328,                                   1.000,
7/16/2026 4:26:15 PM  ,    1140.000,                                   8.872,                                  15.780,                                  22.804,                                   0.009,                                   0.015,                               63373.094,                                   1.000,
7/16/2026 4:26:20 PM  ,    1145.000,                                   8.871,                                  15.763,                                  22.781,                                   0.009,                                   0.015,                               63438.691,                                   1.000,
7/16/2026 4:26:25 PM  ,    1150.000,                                   8.869,                                  15.805,                                  22.843,                                   0.009,                                   0.015,                               63272.863,                                   1.000,
7/16/2026 4:26:30 PM  ,    1155.000,                                   8.868,                                  15.685,                                  22.670,                                   0.009,                                   0.015,                               63756.422,                                   1.000,
7/16/2026 4:26:35 PM  ,    1160.000,                                   8.866,                                  15.652,                                  22.623,                                   0.009,                                   0.015,                               63891.387,                                   1.000,
7/16/2026 4:26:40 PM  ,    1165.000,                                   8.865,                                  15.820,                                  22.867,                                   0.009,                                   0.015,                               63211.152,                                   1.000,
7/16/2026 4:26:45 PM  ,    1170.000,                                   8.863,                                  15.903,                                  22.988,                                   0.009,                                   0.015,                               62880.789,                                   1.000,
7/16/2026 4:26:50 PM  ,    1175.000,                                   8.862,                                  15.741,                                  22.755,                                   0.009,                                   0.015,                               63529.398,                                   1.000,
7/16/2026 4:26:55 PM  ,    1180.000,                                   8.860,                                  15.807,                                  22.852,                                   0.009,                                   0.015,                               63261.949,                                   1.000,
7/16/2026 4:27:00 PM  ,    1185.000,                                   8.859,                                  15.597,                                  22.549,                                   0.009,                                   0.015,                               64113.113,                                   1.000,
7/16/2026 4:27:05 PM  ,    1190.000,                                   8.857,                                  15.664,                                  22.647,                                   0.009,                                   0.015,                               63840.465,                                   1.000,
7/16/2026 4:27:10 PM  ,    1195.000,                                   8.855,                                  15.708,                                  22.712,                                   0.009,                                   0.015,                               63660.898,                                   1.000,
7/16/2026 4:27:15 PM  ,    1200.000,                                   8.853,                                  15.772,                                  22.805,                                   0.009,                                   0.015,                               63403.242,                                   1.000,
7/16/2026 4:27:20 PM  ,    1205.000,                                   8.852,                                  15.746,                                  22.768,                                   0.009,                                   0.015,                               63509.500,                                   1.000,
7/16/2026 4:27:25 PM  ,    1210.000,                                   8.851,                                  15.657,                                  22.641,                                   0.009,                                   0.015,                               63869.391,                                   1.000,
7/16/2026 4:27:30 PM  ,    1215.000,                                   8.849,                                  15.744,                                  22.767,                                   0.009,                                   0.015,                               63515.363,                                   1.000,
7/16/2026 4:27:35 PM  ,    1220.000,                                   8.847,                                  15.677,                                  22.672,                                   0.009,                                   0.015,                               63788.488,                                   1.000,
7/16/2026 4:27:40 PM  ,    1225.000,                                   8.844,                                  15.713,                                  22.726,                                   0.009,                                   0.015,                               63640.656,                                   1.000,
7/16/2026 4:27:45 PM  ,    1230.000,                                   8.843,                                  15.744,                                  22.771,                                   0.009,                                   0.015,                               63514.973,                                   1.000,
7/16/2026 4:27:50 PM  ,    1235.000,                                   8.842,                                  15.671,                                  22.666,                                   0.009,                                   0.015,                               63811.547,                                   1.000,
7/16/2026 4:27:55 PM  ,    1240.000,                                   8.841,                                  15.715,                                  22.730,                                   0.009,                                   0.015,                               63634.344,                                   1.000,
7/16/2026 4:28:00 PM  ,    1245.000,                                   8.839,                                  15.683,                                  22.686,                                   0.009,                                   0.015,                               63762.340,                                   1.000,
7/16/2026 4:28:05 PM  ,    1250.000,                                   8.838,                                  15.835,                                  22.905,                                   0.009,                                   0.015,                               63153.180,                                   1.000,
7/16/2026 4:28:10 PM  ,    1255.000,                                   8.836,                                  15.735,                                  22.762,                                   0.009,                                   0.015,                               63554.258,                                   1.000,
7/16/2026 4:28:15 PM  ,    1260.000,                                   8.835,                                  15.593,                                  22.559,                                   0.009,                                   0.015,                               64129.684,                                   1.000,
7/16/2026 4:28:20 PM  ,    1265.000,                                   8.834,                                  15.717,                                  22.738,                                   0.009,                                   0.015,                               63624.023,                                   1.000,
7/16/2026 4:28:25 PM  ,    1270.000,                                   8.832,                                  15.673,                                  22.676,                                   0.009,                                   0.015,                               63802.738,                                   1.000,
7/16/2026 4:28:30 PM  ,    1275.000,                                   8.830,                                  15.666,                                  22.667,                                   0.009,                                   0.015,                               63831.555,                                   1.000,
7/16/2026 4:28:35 PM  ,    1280.000,                                   8.828,                                  15.739,                                  22.773,                                   0.009,                                   0.015,                               63536.297,                                   1.000,
7/16/2026 4:28:40 PM  ,    1285.000,                                   8.827,                                  15.775,                                  22.826,                                   0.009,                                   0.015,                               63392.277,                                   1.000,
7/16/2026 4:28:45 PM  ,    1290.000,                                   8.824,                                  15.771,                                  22.822,                                   0.009,                                   0.015,                               63407.676,                                   1.000,
7/16/2026 4:28:50 PM  ,    1295.000,                                   8.824,                                  15.782,                                  22.839,                                   0.009,                                   0.015,                               63361.965,                                   1.000,
7/16/2026 4:28:55 PM  ,    1300.000,                                   8.823,                                  15.730,                                  22.764,                                   0.009,                                   0.015,                               63572.301,                                   1.000,
7/16/2026 4:29:00 PM  ,    1305.000,                                   8.821,                                  15.734,                                  22.771,                                   0.009,                                   0.015,                               63554.738,                                   1.000,
7/16/2026 4:29:05 PM  ,    1310.000,                                   8.818,                                  15.795,                                  22.860,                                   0.009,                                   0.015,                               63312.430,                                   1.000,
7/16/2026 4:29:10 PM  ,    1315.000,                                   8.818,                                  15.762,                                  22.813,                                   0.009,                                   0.015,                               63443.043,                                   1.000,
7/16/2026 4:29:15 PM  ,    1320.000,                                   8.816,                                  15.789,                                  22.854,                                   0.009,                                   0.015,                               63334.887,                                   1.000,
7/16/2026 4:29:20 PM  ,    1325.000,                                   8.814,                                  15.702,                                  22.729,                                   0.009,                                   0.015,                               63685.387,                                   1.000,
7/16/2026 4:29:25 PM  ,    1330.000,                                   8.814,                                  15.750,                                  22.798,                                   0.009,                                   0.015,                               63493.840,                                   1.000,
7/16/2026 4:29:30 PM  ,    1335.000,                                   8.810,                                  15.686,                                  22.707,                                   0.009,                                   0.015,                               63753.086,                                   1.000,
7/16/2026 4:29:35 PM  ,    1340.000,                                   8.810,                                  15.674,                                  22.691,                                   0.009,                                   0.015,                               63800.422,                                   1.000,
7/16/2026 4:29:40 PM  ,    1345.000,                                   8.808,                                  15.715,                                  22.751,                                   0.009,                                   0.015,                               63634.402,                                   1.000,
7/16/2026 4:29:45 PM  ,    1350.000,                                   8.806,                                  15.706,                                  22.739,                                   0.009,                                   0.015,                               63670.551,                                   1.000,
7/16/2026 4:29:50 PM  ,    1355.000,                                   8.805,                                  15.741,                                  22.791,                                   0.009,                                   0.015,                               63528.508,                                   1.000,
7/16/2026 4:29:55 PM  ,    1360.000,                                   8.804,                                  15.802,                                  22.879,                                   0.009,                                   0.015,                               63284.457,                                   1.000,
7/16/2026 4:30:00 PM  ,    1365.000,                                   8.803,                                  15.762,                                  22.823,                                   0.009,                                   0.015,                               63444.059,                                   1.000,
7/16/2026 4:30:05 PM  ,    1370.000,                                   8.802,                                  15.679,                                  22.703,                                   0.009,                                   0.015,                               63778.496,                                   1.000,
7/16/2026 4:30:10 PM  ,    1375.000,                                   8.801,                                  15.724,                                  22.769,                                   0.009,                                   0.015,                               63595.438,                                   1.000,
7/16/2026 4:30:15 PM  ,    1380.000,                                   8.799,                                  15.705,                                  22.743,                                   0.009,                                   0.015,                               63674.316,                                   1.000,
7/16/2026 4:30:20 PM  ,    1385.000,                                   8.798,                                  15.719,                                  22.764,                                   0.009,                                   0.015,                               63616.184,                                   1.000,
7/16/2026 4:30:25 PM  ,    1390.000,                                   8.797,                                  15.711,                                  22.753,                                   0.009,                                   0.015,                               63648.785,                                   1.000,
7/16/2026 4:30:30 PM  ,    1395.000,                                   8.794,                                  15.632,                                  22.640,                                   0.009,                                   0.015,                               63971.660,                                   1.000,
7/16/2026 4:30:35 PM  ,    1400.000,                                   8.793,                                  15.636,                                  22.646,                                   0.009,                                   0.015,                               63956.715,                                   1.000,
7/16/2026 4:30:40 PM  ,    1405.000,                                   8.792,                                  15.742,                                  22.801,                                   0.009,                                   0.015,                               63522.656,                                   1.000,
7/16/2026 4:30:45 PM  ,    1410.000,                                   8.790,                                  15.748,                                  22.810,                                   0.009,                                   0.015,                               63501.387,                                   1.000,
7/16/2026 4:30:50 PM  ,    1415.000,                                   8.789,                                  15.742,                                  22.803,                                   0.009,                                   0.015,                               63523.797,                                   1.000,
7/16/2026 4:30:55 PM  ,    1420.000,                                   8.787,                                  15.673,                                  22.704,                                   0.009,                                   0.015,                               63804.813,                                   1.000,
7/16/2026 4:31:00 PM  ,    1425.000,                                   8.786,                                  15.703,                                  22.747,                                   0.009,                                   0.015,                               63682.996,                                   1.000,
7/16/2026 4:31:05 PM  ,    1430.000,                                   8.783,                                  15.661,                                  22.688,                                   0.009,                                   0.015,                               63854.086,                                   1.000,
7/16/2026 4:31:10 PM  ,    1435.000,                                   8.781,                                  15.631,                                  22.646,                                   0.009,                                   0.015,                               63976.488,                                   1.000,
7/16/2026 4:31:15 PM  ,    1440.000,                                   8.780,                                  15.732,                                  22.794,                                   0.009,                                   0.015,                               63564.230,                                   1.000,
7/16/2026 4:31:20 PM  ,    1445.000,                                   8.779,                                  15.707,                                  22.757,                                   0.009,                                   0.015,                               63666.777,                                   1.000,
7/16/2026 4:31:25 PM  ,    1450.000,                                   8.778,                                  15.656,                                  22.685,                                   0.009,                                   0.015,                               63873.477,                                   1.000,
7/16/2026 4:31:30 PM  ,    1455.000,                                   8.776,                                  15.740,                                  22.807,                                   0.009,                                   0.015,                               63531.859,                                   1.000,
7/16/2026 4:31:35 PM  ,    1460.000,                                   8.777,                                  15.599,                                  22.603,                                   0.009,                                   0.015,                               64106.086,                                   1.000,
7/16/2026 4:31:40 PM  ,    1465.000,                                   8.774,                                  15.638,                                  22.661,                                   0.009,                                   0.015,                               63946.488,                                   1.000,
7/16/2026 4:31:45 PM  ,    1470.000,                                   8.772,                                  15.714,                                  22.772,                                   0.009,                                   0.015,                               63638.066,                                   1.000,
7/16/2026 4:31:50 PM  ,    1475.000,                                   8.771,                                  15.700,                                  22.753,                                   0.009,                                   0.015,                               63693.398,                                   1.000,
7/16/2026 4:31:55 PM  ,    1480.000,                                   8.769,                                  15.629,                                  22.652,                                   0.009,                                   0.015,                               63982.461,                                   1.000,
7/16/2026 4:32:00 PM  ,    1485.000,                                   8.767,                                  15.744,                                  22.820,                                   0.009,                                   0.015,                               63514.383,                                   1.000,
7/16/2026 4:32:05 PM  ,    1490.000,                                   8.766,                                  15.601,                                  22.613,                                   0.009,                                   0.015,                               64097.359,                                   1.000,
7/16/2026 4:32:10 PM  ,    1495.000,                                   8.765,                                  15.675,                                  22.720,                                   0.009,                                   0.015,                               63796.184,                                   1.000,
7/16/2026 4:32:15 PM  ,    1500.000,                                   8.764,                                  15.592,                                  22.601,                                   0.009,                                   0.015,                               64135.340,                                   1.000,
7/16/2026 4:32:20 PM  ,    1505.000,                                   8.762,                                  15.580,                                  22.584,                                   0.009,                                   0.015,                               64186.426,                                   1.000,
7/16/2026 4:32:25 PM  ,    1510.000,                                   8.761,                                  15.666,                                  22.710,                                   0.009,                                   0.015,                               63832.836,                                   1.000,
7/16/2026 4:32:30 PM  ,    1515.000,                                   8.759,                                  15.623,                                  22.649,                                   0.009,                                   0.015,                               64007.965,                                   1.000,
7/16/2026 4:32:35 PM  ,    1520.000,                                   8.757,                                  15.464,                                  22.419,                                   0.009,                                   0.015,                               64667.574,                                   1.000,
7/16/2026 4:32:40 PM  ,    1525.000,                                   8.756,                                  15.674,                                  22.724,                                   0.009,                                   0.015,                               63801.934,                                   1.000,
7/16/2026 4:32:45 PM  ,    1530.000,                                   8.755,                                  15.591,                                  22.605,                                   0.009,                                   0.015,                               64138.660,                                   1.000,
7/16/2026 4:32:50 PM  ,    1535.000,                                   8.754,                                  15.672,                                  22.723,                                   0.009,                                   0.015,                               63806.191,                                   1.000,
7/16/2026 4:32:55 PM  ,    1540.000,                                   8.752,                                  15.730,                                  22.807,                                   0.009,                                   0.015,                               63574.574,                                   1.000,
7/16/2026 4:33:00 PM  ,    1545.000,                                   8.751,                                  15.606,                                  22.629,                                   0.009,                                   0.015,                               64078.383,                                   1.000,
7/16/2026 4:33:05 PM  ,    1550.000,                                   8.749,                                  15.636,                                  22.674,                                   0.009,                                   0.015,                               63953.102,                                   1.000,
7/16/2026 4:33:10 PM  ,    1555.000,                                   8.747,                                  15.623,                                  22.656,                                   0.009,                                   0.015,                               64009.422,                                   1.000,
7/16/2026 4:33:15 PM  ,    1560.000,                                   8.745,                                  15.590,                                  22.610,                                   0.009,                                   0.015,                               64142.305,                                   1.000,
7/16/2026 4:33:20 PM  ,    1565.000,                                   8.743,                                  15.992,                                  23.194,                                   0.009,                                   0.015,                               62531.047,                                   1.000,
7/16/2026 4:33:25 PM  ,    1570.000,                                   8.744,                                  16.533,                                  23.978,                                   0.010,                                   0.016,                               60486.656,                                   1.000,
7/16/2026 4:33:30 PM  ,    1575.000,                                   8.742,                                  18.722,                                  27.154,                                   0.011,                                   0.018,                               53414.320,                                   1.000,
7/16/2026 4:33:35 PM  ,    1580.000,                                   8.741,                                  21.520,                                  31.213,                                   0.013,                                   0.020,                               46468.684,                                   1.000,
7/16/2026 4:33:40 PM  ,    1585.000,                                   8.738,                                  26.714,                                  38.750,                                   0.017,                                   0.025,                               37433.309,                                   1.000,
7/16/2026 4:33:45 PM  ,    1590.000,                                   8.737,                                  28.763,                                  41.723,                                   0.018,                                   0.027,                               34766.887,                                   1.000,
7/16/2026 4:33:50 PM  ,    1595.000,                                   8.736,                                  32.804,                                  47.585,                                   0.021,                                   0.031,                               30484.498,                                   1.000,
7/16/2026 4:33:55 PM  ,    1600.000,                                   8.735,                                  34.100,                                  49.469,                                   0.022,                                   0.032,                               29325.111,                                   1.000,
7/16/2026 4:34:00 PM  ,    1605.000,                                   8.735,                                  35.869,                                  52.034,                                   0.023,                                   0.034,                               27879.529,                                   1.000,
7/16/2026 4:34:05 PM  ,    1610.000,                                   8.732,                                  37.592,                                  54.538,                                   0.024,                                   0.035,                               26601.383,                                   1.000,
7/16/2026 4:34:10 PM  ,    1615.000,                                   8.731,                                  38.045,                                  55.196,                                   0.025,                                   0.036,                               26284.867,                                   1.000,
7/16/2026 4:34:15 PM  ,    1620.000,                                   8.730,                                  37.488,                                  54.390,                                   0.024,                                   0.035,                               26675.041,                                   1.000,
7/16/2026 4:34:20 PM  ,    1625.000,                                   8.728,                                  36.324,                                  52.703,                                   0.024,                                   0.034,                               27530.354,                                   1.000,
7/16/2026 4:34:25 PM  ,    1630.000,                                   8.727,                                  35.119,                                  50.958,                                   0.023,                                   0.033,                               28474.260,                                   1.000,
7/16/2026 4:34:30 PM  ,    1635.000,                                   8.726,                                  34.542,                                  50.121,                                   0.022,                                   0.033,                               28950.408,                                   1.000,
7/16/2026 4:34:35 PM  ,    1640.000,                                   8.724,                                  31.595,                                  45.848,                                   0.020,                                   0.030,                               31651.000,                                   1.000,
7/16/2026 4:34:40 PM  ,    1645.000,                                   8.723,                                  29.502,                                  42.812,                                   0.019,                                   0.028,                               33896.184,                                   1.000,
7/16/2026 4:34:45 PM  ,    1650.000,                                   8.722,                                  29.471,                                  42.767,                                   0.019,                                   0.028,                               33931.949,                                   1.000,
7/16/2026 4:34:50 PM  ,    1655.000,                                   8.721,                                  27.574,                                  40.016,                                   0.017,                                   0.026,                               36266.297,                                   1.000,
7/16/2026 4:34:55 PM  ,    1660.000,                                   8.720,                                  26.497,                                  38.454,                                   0.017,                                   0.025,                               37740.656,                                   1.000,
7/16/2026 4:35:00 PM  ,    1665.000,                                   8.719,                                  25.087,                                  36.410,                                   0.016,                                   0.024,                               39861.008,                                   1.000,
7/16/2026 4:35:05 PM  ,    1670.000,                                   8.718,                                  24.177,                                  35.090,                                   0.015,                                   0.023,                               41361.047,                                   1.000,
7/16/2026 4:35:10 PM  ,    1675.000,                                   8.717,                                  23.062,                                  33.472,                                   0.014,                                   0.022,                               43361.023,                                   1.000,
7/16/2026 4:35:15 PM  ,    1680.000,                                   8.715,                                  22.143,                                  32.140,                                   0.014,                                   0.021,                               45161.605,                                   1.000,
7/16/2026 4:35:20 PM  ,    1685.000,                                   8.713,                                  21.167,                                  30.724,                                   0.013,                                   0.020,                               47244.109,                                   1.000,
7/16/2026 4:35:25 PM  ,    1690.000,                                   8.713,                                  20.258,                                  29.405,                                   0.012,                                   0.019,                               49364.223,                                   1.000,
7/16/2026 4:35:30 PM  ,    1695.000,                                   8.713,                                  19.816,                                  28.765,                                   0.012,                                   0.019,                               50463.723,                                   1.000,
7/16/2026 4:35:35 PM  ,    1700.000,                                   8.710,                                  18.687,                                  27.128,                                   0.011,                                   0.018,                               53512.625,                                   1.000,
7/16/2026 4:35:40 PM  ,    1705.000,                                   8.709,                                  18.430,                                  26.754,                                   0.011,                                   0.017,                               54260.668,                                   1.000,
7/16/2026 4:35:45 PM  ,    1710.000,                                   8.708,                                  18.152,                                  26.352,                                   0.011,                                   0.017,                               55090.820,                                   1.000,
7/16/2026 4:35:50 PM  ,    1715.000,                                   8.706,                                  17.778,                                  25.811,                                   0.011,                                   0.017,                               56247.781,                                   1.000,
7/16/2026 4:35:55 PM  ,    1720.000,                                   8.707,                                  17.577,                                  25.518,                                   0.011,                                   0.017,                               56892.406,                                   1.000,
7/16/2026 4:36:00 PM  ,    1725.000,                                   8.705,                                  17.224,                                  25.007,                                   0.010,                                   0.016,                               58058.617,                                   1.000,
7/16/2026 4:36:05 PM  ,    1730.000,                                   8.703,                                  16.925,                                  24.574,                                   0.010,                                   0.016,                               59083.020,                                   1.000,
7/16/2026 4:36:10 PM  ,    1735.000,                                   8.702,                                  16.678,                                  24.217,                                   0.010,                                   0.016,                               59958.277,                                   1.000,
7/16/2026 4:36:15 PM  ,    1740.000,                                   8.701,                                  16.456,                                  23.894,                                   0.010,                                   0.016,                               60769.379,                                   1.000,
7/16/2026 4:36:20 PM  ,    1745.000,                                   8.700,                                  16.465,                                  23.909,                                   0.010,                                   0.016,                               60733.152,                                   1.000,
7/16/2026 4:36:25 PM  ,    1750.000,                                   8.698,                                  16.328,                                  23.710,                                   0.010,                                   0.015,                               61245.035,                                   1.000,
7/16/2026 4:36:30 PM  ,    1755.000,                                   8.698,                                  16.322,                                  23.701,                                   0.010,                                   0.015,                               61268.730,                                   1.000,
7/16/2026 4:36:35 PM  ,    1760.000,                                   8.697,                                  16.202,                                  23.529,                                   0.010,                                   0.015,                               61719.715,                                   1.000,
7/16/2026 4:36:40 PM  ,    1765.000,                                   8.695,                                  16.007,                                  23.247,                                   0.009,                                   0.015,                               62471.656,                                   1.000,
7/16/2026 4:36:45 PM  ,    1770.000,                                   8.696,                                  16.071,                                  23.339,                                   0.009,                                   0.015,                               62223.805,                                   1.000,
7/16/2026 4:36:50 PM  ,    1775.000,                                   8.694,                                  15.923,                                  23.125,                                   0.009,                                   0.015,                               62803.320,                                   1.000,
7/16/2026 4:36:55 PM  ,    1780.000,                                   8.692,                                  15.922,                                  23.125,                                   0.009,                                   0.015,                               62806.809,                                   1.000,
7/16/2026 4:37:00 PM  ,    1785.000,                                   8.692,                                  15.724,                                  22.837,                                   0.009,                                   0.015,                               63597.965,                                   1.000,
7/16/2026 4:37:05 PM  ,    1790.000,                                   8.690,                                  15.719,                                  22.832,                                   0.009,                                   0.015,                               63616.242,                                   1.000,
7/16/2026 4:37:10 PM  ,    1795.000,                                   8.689,                                  15.693,                                  22.794,                                   0.009,                                   0.015,                               63724.160,                                   1.000,
7/16/2026 4:37:15 PM  ,    1800.000,                                   8.688,                                  15.658,                                  22.745,                                   0.009,                                   0.015,                               63864.020,                                   1.000,
7/16/2026 4:37:20 PM  ,    1805.000,                                   8.686,                                  15.647,                                  22.730,                                   0.009,                                   0.015,                               63908.957,                                   1.000,
7/16/2026 4:37:25 PM  ,    1810.000,                                   8.684,                                  15.779,                                  22.923,                                   0.009,                                   0.015,                               63373.457,                                   1.000,
7/16/2026 4:37:30 PM  ,    1815.000,                                   8.684,                                  15.704,                                  22.814,                                   0.009,                                   0.015,                               63676.594,                                   1.000,
7/16/2026 4:37:35 PM  ,    1820.000,                                   8.683,                                  15.661,                                  22.752,                                   0.009,                                   0.015,                               63851.758,                                   1.000,
7/16/2026 4:37:40 PM  ,    1825.000,                                   8.681,                                  15.631,                                  22.709,                                   0.009,                                   0.015,                               63977.457,                                   1.000,
7/16/2026 4:37:45 PM  ,    1830.000,                                   8.680,                                  15.665,                                  22.760,                                   0.009,                                   0.015,                               63834.758,                                   1.000,
7/16/2026 4:37:50 PM  ,    1835.000,                                   8.679,                                  15.667,                                  22.763,                                   0.009,                                   0.015,                               63827.230,                                   1.000,
7/16/2026 4:37:55 PM  ,    1840.000,                                   8.677,                                  15.676,                                  22.777,                                   0.009,                                   0.015,                               63793.066,                                   1.000,
7/16/2026 4:38:00 PM  ,    1845.000,                                   8.676,                                  15.741,                                  22.872,                                   0.009,                                   0.015,                               63527.746,                                   1.000,
7/16/2026 4:38:05 PM  ,    1850.000,                                   8.675,                                  15.538,                                  22.578,                                   0.009,                                   0.015,                               64356.512,                                   1.000,
7/16/2026 4:38:10 PM  ,    1855.000,                                   8.674,                                  15.590,                                  22.654,                                   0.009,                                   0.015,                               64145.617,                                   1.000,
7/16/2026 4:38:15 PM  ,    1860.000,                                   8.672,                                  15.594,                                  22.662,                                   0.009,                                   0.015,                               64125.645,                                   1.000,
7/16/2026 4:38:20 PM  ,    1865.000,                                   8.671,                                  15.528,                                  22.566,                                   0.009,                                   0.015,                               64398.969,                                   1.000,
7/16/2026 4:38:25 PM  ,    1870.000,                                   8.671,                                  15.621,                                  22.701,                                   0.009,                                   0.015,                               64016.672,                                   1.000,
7/16/2026 4:38:30 PM  ,    1875.000,                                   8.670,                                  15.601,                                  22.673,                                   0.009,                                   0.015,                               64097.191,                                   1.000,
7/16/2026 4:38:35 PM  ,    1880.000,                                   8.668,                                  15.586,                                  22.653,                                   0.009,                                   0.015,                               64158.402,                                   1.000,
7/16/2026 4:38:40 PM  ,    1885.000,                                   8.667,                                  15.683,                                  22.794,                                   0.009,                                   0.015,                               63762.496,                                   1.000,
7/16/2026 4:38:45 PM  ,    1890.000,                                   8.665,                                  15.619,                                  22.703,                                   0.009,                                   0.015,                               64023.039,                                   1.000,
7/16/2026 4:38:50 PM  ,    1895.000,                                   8.663,                                  15.583,                                  22.650,                                   0.009,                                   0.015,                               64174.039,                                   1.000,
7/16/2026 4:38:55 PM  ,    1900.000,                                   8.662,                                  15.568,                                  22.630,                                   0.009,                                   0.015,                               64234.336,                                   1.000,
7/16/2026 4:39:00 PM  ,    1905.000,                                   8.661,                                  15.581,                                  22.650,                                   0.009,                                   0.015,                               64178.895,                                   1.000,
7/16/2026 4:39:05 PM  ,    1910.000,                                   8.660,                                  15.625,                                  22.714,                                   0.009,                                   0.015,                               64000.004,                                   1.000,
7/16/2026 4:39:10 PM  ,    1915.000,                                   8.659,                                  15.530,                                  22.576,                                   0.009,                                   0.015,                               64393.012,                                   1.000,
7/16/2026 4:39:15 PM  ,    1920.000,                                   8.658,                                  15.596,                                  22.673,                                   0.009,                                   0.015,                               64119.414,                                   1.000,
7/16/2026 4:39:20 PM  ,    1925.000,                                   8.656,                                  15.554,                                  22.613,                                   0.009,                                   0.015,                               64291.180,                                   1.000,
7/16/2026 4:39:25 PM  ,    1930.000,                                   8.655,                                  15.618,                                  22.706,                                   0.009,                                   0.015,                               64029.172,                                   1.000,
7/16/2026 4:39:30 PM  ,    1935.000,                                   8.654,                                  15.525,                                  22.573,                                   0.009,                                   0.015,                               64410.793,                                   1.000,
7/16/2026 4:39:35 PM  ,    1940.000,                                   8.653,                                  15.474,                                  22.499,                                   0.009,                                   0.015,                               64623.613,                                   1.000,
7/16/2026 4:39:40 PM  ,    1945.000,                                   8.652,                                  15.538,                                  22.592,                                   0.009,                                   0.015,                               64357.652,                                   1.000,
7/16/2026 4:39:45 PM  ,    1950.000,                                   8.651,                                  15.619,                                  22.710,                                   0.009,                                   0.015,                               64026.352,                                   1.000,
7/16/2026 4:39:50 PM  ,    1955.000,                                   8.649,                                  15.723,                                  22.864,                                   0.009,                                   0.015,                               63599.488,                                   1.000,
7/16/2026 4:39:55 PM  ,    1960.000,                                   8.649,                                  15.631,                                  22.730,                                   0.009,                                   0.015,                               63975.102,                                   1.000,
7/16/2026 4:40:00 PM  ,    1965.000,                                   8.647,                                  15.507,                                  22.550,                                   0.009,                                   0.015,                               64486.348,                                   1.000,
7/16/2026 4:40:05 PM  ,    1970.000,                                   8.646,                                  15.580,                                  22.657,                                   0.009,                                   0.015,                               64184.406,                                   1.000,
7/16/2026 4:40:10 PM  ,    1975.000,                                   8.646,                                  15.554,                                  22.619,                                   0.009,                                   0.015,                               64292.961,                                   1.000,
7/16/2026 4:40:15 PM  ,    1980.000,                                   8.645,                                  15.404,                                  22.402,                                   0.009,                                   0.015,                               64918.727,                                   1.000,
7/16/2026 4:40:20 PM  ,    1985.000,                                   8.643,                                  15.507,                                  22.552,                                   0.009,                                   0.015,                               64487.734,                                   1.000,
7/16/2026 4:40:25 PM  ,    1990.000,                                   8.642,                                  15.644,                                  22.753,                                   0.009,                                   0.015,                               63921.500,                                   1.000,
7/16/2026 4:40:30 PM  ,    1995.000,                                   8.641,                                  15.549,                                  22.616,                                   0.009,                                   0.015,                               64311.906,                                   1.000,
7/16/2026 4:40:35 PM  ,    2000.000,                                   8.640,                                  15.616,                                  22.713,                                   0.009,                                   0.015,                               64036.816,                                   1.000,
7/16/2026 4:40:40 PM  ,    2005.000,                                   8.639,                                  15.610,                                  22.706,                                   0.009,                                   0.015,                               64061.031,                                   1.000,
7/16/2026 4:40:45 PM  ,    2010.000,                                   8.638,                                  15.510,                                  22.560,                                   0.009,                                   0.015,                               64476.039,                                   1.000,
7/16/2026 4:40:50 PM  ,    2015.000,                                   8.638,                                  15.556,                                  22.627,                                   0.009,                                   0.015,                               64285.492,                                   1.000,
7/16/2026 4:40:55 PM  ,    2020.000,                                   8.636,                                  15.585,                                  22.671,                                   0.009,                                   0.015,                               64165.203,                                   1.000,
7/16/2026 4:41:00 PM  ,    2025.000,                                   8.635,                                  15.574,                                  22.655,                                   0.009,                                   0.015,                               64211.145,                                   1.000,
7/16/2026 4:41:05 PM  ,    2030.000,                                   8.633,                                  15.638,                                  22.750,                                   0.009,                                   0.015,                               63946.824,                                   1.000,
7/16/2026 4:41:10 PM  ,    2035.000,                                   8.633,                                  15.529,                                  22.591,                                   0.009,                                   0.015,                               64395.707,                                   1.000,
7/16/2026 4:41:15 PM  ,    2040.000,                                   8.632,                                  15.666,                                  22.791,                                   0.009,                                   0.015,                               63831.340,                                   1.000,
7/16/2026 4:41:20 PM  ,    2045.000,                                   8.631,                                  15.585,                                  22.674,                                   0.009,                                   0.015,                               64165.852,                                   1.000,
7/16/2026 4:41:21 PM  ,    2046.000,                                   8.631,                                  15.607,                                  22.706,                                   0.009,                                   0.015,                               64074.016,                                   1.000,
7/16/2026 4:41:22 PM  ,    2047.000,                                   8.632,                                  15.601,                                  22.697,                                   0.009,                                   0.015,                               64097.844,                                   1.000,
7/16/2026 4:41:23 PM  ,    2048.000,                                   8.630,                                  15.646,                                  22.763,                                   0.009,                                   0.015,                               63914.586,                                   1.000,
7/16/2026 4:41:24 PM  ,    2049.000,                                   8.630,                                  15.644,                                  22.760,                                   0.009,                                   0.015,                               63921.969,                                   1.000,
7/16/2026 4:41:25 PM  ,    2050.000,                                   8.630,                                  15.619,                                  22.724,                                   0.009,                                   0.015,                               64025.461,                                   1.000,
7/16/2026 4:41:26 PM  ,    2051.000,                                   8.629,                                  15.604,                                  22.703,                                   0.009,                                   0.015,                               64085.723,                                   1.000,
7/16/2026 4:41:27 PM  ,    2052.000,                                   8.628,                                  15.554,                                  22.630,                                   0.009,                                   0.015,                               64294.102,                                   1.000,
7/16/2026 4:41:28 PM  ,    2053.000,                                   8.628,                                  15.570,                                  22.654,                                   0.009,                                   0.015,                               64224.680,                                   1.000,
7/16/2026 4:41:29 PM  ,    2054.000,                                   8.629,                                  15.644,                                  22.761,                                   0.009,                                   0.015,                               63921.488,                                   1.000,
7/16/2026 4:41:30 PM  ,    2055.000,                                   8.629,                                  15.651,                                  22.771,                                   0.009,                                   0.015,                               63894.348,                                   1.000,
7/16/2026 4:41:31 PM  ,    2056.000,                                   8.629,                                  15.590,                                  22.683,                                   0.009,                                   0.015,                               64142.129,                                   1.000,
7/16/2026 4:41:32 PM  ,    2057.000,                                   8.629,                                  15.599,                                  22.695,                                   0.009,                                   0.015,                               64108.418,                                   1.000,
7/16/2026 4:41:33 PM  ,    2058.000,                                   8.629,                                  15.566,                                  22.648,                                   0.009,                                   0.015,                               64240.738,                                   1.000,
7/16/2026 4:41:34 PM  ,    2059.000,                                   8.628,                                  15.581,                                  22.671,                                   0.009,                                   0.015,                               64178.809,                                   1.000,
7/16/2026 4:41:35 PM  ,    2060.001,                                   8.628,                                  15.530,                                  22.595,                                   0.009,                                   0.015,                               64393.012,                                   1.000,
7/16/2026 4:41:36 PM  ,    2061.001,                                   8.628,                                  15.572,                                  22.657,                                   0.009,                                   0.015,                               64216.648,                                   1.000,
7/16/2026 4:41:37 PM  ,    2062.001,                                   8.628,                                  15.584,                                  22.675,                                   0.009,                                   0.015,                               64168.117,                                   1.000,
7/16/2026 4:41:38 PM  ,    2063.000,                                   8.627,                                  15.360,                                  22.348,                                   0.009,                                   0.015,                               65105.582,                                   1.000,
7/16/2026 4:41:39 PM  ,    2064.005,                                   8.628,                                  15.470,                                  22.509,                                   0.009,                                   0.015,                               64639.883,                                   1.000,
7/16/2026 4:41:40 PM  ,    2065.000,                                   8.627,                                  15.647,                                  22.766,                                   0.009,                                   0.015,                               63911.520,                                   1.000,
7/16/2026 4:41:41 PM  ,    2066.000,                                   8.627,                                  15.552,                                  22.629,                                   0.009,                                   0.015,                               64300.203,                                   1.000,
7/16/2026 4:41:42 PM  ,    2067.002,                                   8.627,                                  15.555,                                  22.633,                                   0.009,                                   0.015,                               64288.582,                                   1.000,
7/16/2026 4:41:43 PM  ,    2068.000,                                   8.627,                                  15.493,                                  22.542,                                   0.009,                                   0.015,                               64547.242,                                   1.000,
7/16/2026 4:41:44 PM  ,    2069.000,                                   8.627,                                  15.538,                                  22.608,                                   0.009,                                   0.015,                               64359.441,                                   1.000,
7/16/2026 4:41:45 PM  ,    2070.000,                                   8.626,                                  15.515,                                  22.574,                                   0.009,                                   0.015,                               64455.207,                                   1.000,
7/16/2026 4:41:46 PM  ,    2071.000,                                   8.626,                                  15.500,                                  22.554,                                   0.009,                                   0.015,                               64514.652,                                   1.000,
7/16/2026 4:41:47 PM  ,    2072.000,                                   8.626,                                  15.600,                                  22.699,                                   0.009,                                   0.015,                               64102.848,                                   1.000,
7/16/2026 4:41:48 PM  ,    2073.000,                                   8.626,                                  15.552,                                  22.629,                                   0.009,                                   0.015,                               64299.465,                                   1.000,
7/16/2026 4:41:49 PM  ,    2074.000,                                   8.626,                                  15.539,                                  22.611,                                   0.009,                                   0.015,                               64352.441,                                   1.000,
7/16/2026 4:41:50 PM  ,    2075.000,                                   8.626,                                  15.499,                                  22.551,                                   0.009,                                   0.015,                               64522.020,                                   1.000,
7/16/2026 4:41:51 PM  ,    2076.000,                                   8.626,                                  15.498,                                  22.551,                                   0.009,                                   0.015,                               64522.988,                                   1.000,
7/16/2026 4:41:52 PM  ,    2077.000,                                   8.625,                                  15.528,                                  22.595,                                   0.009,                                   0.015,                               64398.156,                                   1.000,
7/16/2026 4:41:53 PM  ,    2078.000,                                   8.625,                                  15.473,                                  22.515,                                   0.009,                                   0.015,                               64627.805,                                   1.000,
7/16/2026 4:41:54 PM  ,    2079.000,                                   8.626,                                  15.501,                                  22.555,                                   0.009,                                   0.015,                               64513.020,                                   1.000,
7/16/2026 4:41:55 PM  ,    2080.000,                                   8.625,                                  15.547,                                  22.622,                                   0.009,                                   0.015,                               64321.582,                                   1.000,
7/16/2026 4:41:56 PM  ,    2081.001,                                   8.624,                                  15.516,                                  22.577,                                   0.009,                                   0.015,                               64451.613,                                   1.000,
7/16/2026 4:41:57 PM  ,    2082.000,                                   8.625,                                  15.450,                                  22.482,                                   0.009,                                   0.015,                               64724.293,                                   1.000,
7/16/2026 4:41:58 PM  ,    2083.000,                                   8.624,                                  15.412,                                  22.427,                                   0.009,                                   0.015,                               64883.180,                                   1.000,
7/16/2026 4:41:59 PM  ,    2084.000,                                   8.624,                                  15.471,                                  22.512,                                   0.009,                                   0.015,                               64637.891,                                   1.000,
7/16/2026 4:42:00 PM  ,    2085.000,                                   8.624,                                  15.495,                                  22.547,                                   0.009,                                   0.015,                               64538.238,                                   1.000,
7/16/2026 4:42:01 PM  ,    2086.000,                                   8.624,                                  15.435,                                  22.460,                                   0.009,                                   0.015,                               64788.871,                                   1.000,
7/16/2026 4:42:02 PM  ,    2087.000,                                   8.624,                                  15.421,                                  22.440,                                   0.009,                                   0.015,                               64846.805,                                   1.000,
7/16/2026 4:42:03 PM  ,    2088.000,                                   8.625,                                  15.532,                                  22.601,                                   0.009,                                   0.015,                               64382.172,                                   1.000,
7/16/2026 4:42:04 PM  ,    2089.000,                                   8.624,                                  15.562,                                  22.644,                                   0.009,                                   0.015,                               64259.988,                                   1.000,
7/16/2026 4:42:05 PM  ,    2090.000,                                   8.624,                                  15.496,                                  22.549,                                   0.009,                                   0.015,                               64532.496,                                   1.000,
7/16/2026 4:42:06 PM  ,    2091.000,                                   8.624,                                  15.512,                                  22.572,                                   0.009,                                   0.015,                               64466.238,                                   1.000,
7/16/2026 4:42:07 PM  ,    2092.000,                                   8.624,                                  15.471,                                  22.512,                                   0.009,                                   0.015,                               64637.160,                                   1.000,
7/16/2026 4:42:08 PM  ,    2093.000,                                   8.623,                                  15.539,                                  22.611,                                   0.009,                                   0.015,                               64355.531,                                   1.000,
7/16/2026 4:42:09 PM  ,    2094.000,                                   8.623,                                  15.504,                                  22.561,                                   0.009,                                   0.015,                               64500.750,                                   1.000,
7/16/2026 4:42:10 PM  ,    2095.000,                                   8.623,                                  15.532,                                  22.601,                                   0.009,                                   0.015,                               64384.863,                                   1.000,
7/16/2026 4:42:11 PM  ,    2096.000,                                   8.623,                                  15.577,                                  22.667,                                   0.009,                                   0.015,                               64198.898,                                   1.000,
7/16/2026 4:42:12 PM  ,    2097.000,                                   8.622,                                  15.585,                                  22.680,                                   0.009,                                   0.015,                               64163.668,                                   1.000,
7/16/2026 4:42:13 PM  ,    2098.000,                                   8.622,                                  15.637,                                  22.755,                                   0.009,                                   0.015,                               63951.473,                                   1.000,
7/16/2026 4:42:14 PM  ,    2099.000,                                   0.000,                                   0.000,                                   0.000,                                   0.000,                                   0.000,                                   0.000,                                   0.000,
7/16/2026 4:42:15 PM  ,    2100.000,                                   8.623,                                  15.562,                                  22.646,                                   0.009,                                   0.015,                               64257.719,                                   1.000,
7/16/2026 4:42:16 PM  ,    2101.000,                                   8.622,                                  15.523,                                  22.589,                                   0.009,                                   0.015,                               64421.324,                                   1.000,
7/16/2026 4:42:17 PM  ,    2102.000,                                   8.622,                                  15.559,                                  22.641,                                   0.009,                                   0.015,                               64273.133,                                   1.000,
7/16/2026 4:42:18 PM  ,    2103.000,                                   8.621,                                  15.611,                                  22.719,                                   0.009,                                   0.015,                               64055.855,                                   1.000,
7/16/2026 4:42:19 PM  ,    2104.000,                                   8.622,                                  15.582,                                  22.675,                                   0.009,                                   0.015,                               64178.410,                                   1.000,
7/16/2026 4:42:20 PM  ,    2105.000,                                   8.621,                                  15.495,                                  22.549,                                   0.009,                                   0.015,                               64538.555,                                   1.000,
7/16/2026 4:42:21 PM  ,    2106.000,                                   8.622,                                  15.528,                                  22.597,                                   0.009,                                   0.015,                               64399.547,                                   1.000,
7/16/2026 4:42:22 PM  ,    2107.000,                                   8.621,                                  15.505,                                  22.564,                                   0.009,                                   0.015,                               64495.996,                                   1.000,
7/16/2026 4:42:23 PM  ,    2108.010,                                   8.622,                                  15.574,                                  22.663,                                   0.009,                                   0.015,                               64211.219,                                   1.000,
7/16/2026 4:42:24 PM  ,    2109.000,                                   8.621,                                  15.548,                                  22.627,                                   0.009,                                   0.015,                               64316.711,                                   1.000,
7/16/2026 4:42:25 PM  ,    2110.000,                                   8.621,                                  15.595,                                  22.695,                                   0.009,                                   0.015,                               64124.426,                                   1.000,
7/16/2026 4:42:26 PM  ,    2111.000,                                   8.621,                                  15.563,                                  22.649,                                   0.009,                                   0.015,                               64253.723,                                   1.000,
7/16/2026 4:42:27 PM  ,    2112.000,                                   8.622,                                  15.558,                                  22.641,                                   0.009,                                   0.015,                               64274.441,                                   1.000,
7/16/2026 4:42:28 PM  ,    2113.000,                                   8.621,                                  15.528,                                  22.597,                                   0.009,                                   0.015,                               64400.523,                                   1.000,
7/16/2026 4:42:29 PM  ,    2114.000,                                   8.621,                                  15.566,                                  22.652,                                   0.009,                                   0.015,                               64244.480,                                   1.000,
7/16/2026 4:42:30 PM  ,    2115.000,                                   8.620,                                  15.552,                                  22.633,                                   0.009,                                   0.015,                               64299.465,                                   1.000,
7/16/2026 4:42:31 PM  ,    2116.000,                                   8.620,                                  15.602,                                  22.705,                                   0.009,                                   0.015,                               64095.668,                                   1.000,
7/16/2026 4:42:32 PM  ,    2117.000,                                   8.620,                                  15.597,                                  22.698,                                   0.009,                                   0.015,                               64114.402,                                   1.000,
7/16/2026 4:42:33 PM  ,    2118.000,                                   8.620,                                  15.564,                                  22.650,                                   0.009,                                   0.015,                               64251.367,                                   1.000,
7/16/2026 4:42:34 PM  ,    2119.000,                                   8.620,                                  15.568,                                  22.657,                                   0.009,                                   0.015,                               64232.789,                                   1.000,
7/16/2026 4:42:35 PM  ,    2120.000,                                   8.620,                                  15.617,                                  22.728,                                   0.009,                                   0.015,                               64032.789,                                   1.000,
7/16/2026 4:42:36 PM  ,    2121.000,                                   8.619,                                  15.529,                                  22.600,                                   0.009,                                   0.015,                               64397.098,                                   1.000,
7/16/2026 4:42:37 PM  ,    2122.000,                                   8.619,                                  15.448,                                  22.481,                                   0.009,                                   0.015,                               64735.320,                                   1.000,
7/16/2026 4:42:38 PM  ,    2123.000,                                   8.619,                                  15.617,                                  22.728,                                   0.009,                                   0.015,                               64031.504,                                   1.000,
7/16/2026 4:42:39 PM  ,    2124.003,                                   8.620,                                  15.496,                                  22.552,                                   0.009,                                   0.015,                               64531.605,                                   1.000,
7/16/2026 4:42:40 PM  ,    2125.000,                                   8.619,                                  15.575,                                  22.668,                                   0.009,                                   0.015,                               64203.598,                                   1.000,
7/16/2026 4:42:41 PM  ,    2126.000,                                   8.619,                                  15.555,                                  22.638,                                   0.009,                                   0.015,                               64286.871,                                   1.000,
7/16/2026 4:42:42 PM  ,    2127.000,                                   8.619,                                  15.594,                                  22.694,                                   0.009,                                   0.015,                               64128.789,                                   1.000,
7/16/2026 4:42:43 PM  ,    2128.000,                                   8.618,                                  15.473,                                  22.520,                                   0.009,                                   0.015,                               64626.730,                                   1.000,
7/16/2026 4:42:44 PM  ,    2129.000,                                   8.619,                                  15.524,                                  22.593,                                   0.009,                                   0.015,                               64417.488,                                   1.000,
7/16/2026 4:42:45 PM  ,    2130.000,                                   8.618,                                  15.461,                                  22.502,                                   0.009,                                   0.015,                               64677.461,                                   1.000,
7/16/2026 4:42:46 PM  ,    2131.000,                                   8.618,                                  15.438,                                  22.468,                                   0.009,                                   0.015,                               64775.484,                                   1.000,
7/16/2026 4:42:47 PM  ,    2132.000,                                   8.618,                                  15.480,                                  22.529,                                   0.009,                                   0.015,                               64598.738,                                   1.000,
7/16/2026 4:42:48 PM  ,    2133.000,                                   8.619,                                  15.487,                                  22.539,                                   0.009,                                   0.015,                               64571.090,                                   1.000,
7/16/2026 4:42:49 PM  ,    2134.000,                                   8.619,                                  15.461,                                  22.501,                                   0.009,                                   0.015,                               64679.594,                                   1.000,
7/16/2026 4:42:50 PM  ,    2135.000,                                   8.618,                                  15.504,                                  22.564,                                   0.009,                                   0.015,                               64501.238,                                   1.000,
7/16/2026 4:42:51 PM  ,    2136.001,                                   8.617,                                  15.554,                                  22.637,                                   0.009,                                   0.015,                               64294.102,                                   1.000,
7/16/2026 4:42:52 PM  ,    2137.074,                                   8.617,                                  15.519,                                  22.587,                                   0.009,                                   0.015,                               64435.691,                                   1.000,
7/16/2026 4:42:53 PM  ,    2138.000,                                   8.617,                                  15.550,                                  22.632,                                   0.009,                                   0.015,                               64307.922,                                   1.000,
7/16/2026 4:42:54 PM  ,    2139.000,                                   8.617,                                  15.589,                                  22.689,                                   0.009,                                   0.015,                               64146.184,                                   1.000,
7/16/2026 4:42:55 PM  ,    2140.000,                                   8.618,                                  15.545,                                  22.623,                                   0.009,                                   0.015,                               64331.266,                                   1.000,
7/16/2026 4:42:56 PM  ,    2141.000,                                   8.617,                                  15.563,                                  22.650,                                   0.009,                                   0.015,                               64255.758,                                   1.000,
7/16/2026 4:42:57 PM  ,    2142.000,                                   8.616,                                  15.529,                                  22.602,                                   0.009,                                   0.015,                               64395.461,                                   1.000,
7/16/2026 4:42:58 PM  ,    2143.000,                                   8.617,                                  15.518,                                  22.585,                                   0.009,                                   0.015,                               64441.000,                                   1.000,
7/16/2026 4:42:59 PM  ,    2144.000,                                   8.617,                                  15.515,                                  22.581,                                   0.009,                                   0.015,                               64453.004,                                   1.000,
7/16/2026 4:43:00 PM  ,    2145.000,                                   8.616,                                  15.552,                                  22.635,                                   0.009,                                   0.015,                               64299.711,                                   1.000,
7/16/2026 4:43:01 PM  ,    2146.000,                                   8.617,                                  15.524,                                  22.593,                                   0.009,                                   0.015,                               64418.301,                                   1.000,
7/16/2026 4:43:02 PM  ,    2147.000,                                   8.618,                                  15.616,                                  22.728,                                   0.009,                                   0.015,                               64034.910,                                   1.000,
7/16/2026 4:43:03 PM  ,    2148.000,                                   8.617,                                  15.474,                                  22.522,                                   0.009,                                   0.015,                               64623.531,                                   1.000,
7/16/2026 4:43:04 PM  ,    2149.000,                                   8.616,                                  15.538,                                  22.614,                                   0.009,                                   0.015,                               64360.090,                                   1.000,
7/16/2026 4:43:05 PM  ,    2150.000,                                   8.617,                                  15.534,                                  22.609,                                   0.009,                                   0.015,                               64374.676,                                   1.000,
7/16/2026 4:43:06 PM  ,    2151.000,                                   8.616,                                  15.544,                                  22.624,                                   0.009,                                   0.015,                               64332.004,                                   1.000,
7/16/2026 4:43:07 PM  ,    2152.000,                                   8.617,                                  15.533,                                  22.607,                                   0.009,                                   0.015,                               64379.324,                                   1.000,
7/16/2026 4:43:08 PM  ,    2153.000,                                   8.616,                                  15.514,                                  22.579,                                   0.009,                                   0.015,                               64459.293,                                   1.000,
7/16/2026 4:43:09 PM  ,    2154.000,                                   8.616,                                  15.490,                                  22.544,                                   0.009,                                   0.015,                               64559.781,                                   1.000,
7/16/2026 4:43:10 PM  ,    2155.000,                                   8.616,                                  15.499,                                  22.558,                                   0.009,                                   0.015,                               64521.203,                                   1.000,
7/16/2026 4:43:11 PM  ,    2156.000,                                   8.616,                                  15.608,                                  22.717,                                   0.009,                                   0.015,                               64069.262,                                   1.000,
7/16/2026 4:43:12 PM  ,    2157.000,                                   8.616,                                  15.619,                                  22.733,                                   0.009,                                   0.015,                               64023.922,                                   1.000,
7/16/2026 4:43:13 PM  ,    2158.000,                                   8.615,                                  15.515,                                  22.582,                                   0.009,                                   0.015,                               64452.832,                                   1.000,
7/16/2026 4:43:14 PM  ,    2159.000,                                   8.614,                                  15.488,                                  22.543,                                   0.009,                                   0.015,                               64567.156,                                   1.000,
7/16/2026 4:43:15 PM  ,    2160.000,                                   8.613,                                  15.453,                                  22.492,                                   0.009,                                   0.015,                               64714.254,                                   1.000,
7/16/2026 4:43:16 PM  ,    2161.000,                                   8.614,                                  15.449,                                  22.486,                                   0.009,                                   0.015,                               64730.133,                                   1.000,
7/16/2026 4:43:17 PM  ,    2162.000,                                   8.613,                                  15.540,                                  22.620,                                   0.009,                                   0.015,                               64349.504,                                   1.000,
7/16/2026 4:43:18 PM  ,    2163.000,                                   8.615,                                  15.512,                                  22.578,                                   0.009,                                   0.015,                               64467.141,                                   1.000,
7/16/2026 4:43:19 PM  ,    2164.000,                                   8.615,                                  15.551,                                  22.635,                                   0.009,                                   0.015,                               64302.887,                                   1.000,
7/16/2026 4:43:20 PM  ,    2165.000,                                   8.614,                                  15.543,                                  22.624,                                   0.009,                                   0.015,                               64335.660,                                   1.000,
7/16/2026 4:43:21 PM  ,    2166.000,                                   8.613,                                  15.424,                                  22.450,                                   0.009,                                   0.015,                               64835.523,                                   1.000,
7/16/2026 4:43:22 PM  ,    2167.000,                                   8.613,                                  15.358,                                  22.355,                                   0.009,                                   0.015,                               65112.852,                                   1.000,
7/16/2026 4:43:23 PM  ,    2168.000,                                   8.613,                                  15.494,                                  22.553,                                   0.009,                                   0.015,                               64542.324,                                   1.000,
7/16/2026 4:43:24 PM  ,    2169.000,                                   8.612,                                  15.522,                                  22.594,                                   0.009,                                   0.015,                               64425.719,                                   1.000,
7/16/2026 4:43:25 PM  ,    2170.000,                                   8.613,                                  15.609,                                  22.720,                                   0.009,                                   0.015,                               64064.887,                                   1.000,
7/16/2026 4:43:26 PM  ,    2171.000,                                   8.613,                                  15.516,                                  22.585,                                   0.009,                                   0.015,                               64449.977,                                   1.000,
7/16/2026 4:43:27 PM  ,    2172.000,                                   8.613,                                  15.537,                                  22.616,                                   0.009,                                   0.015,                               64360.668,                                   1.000,
7/16/2026 4:43:28 PM  ,    2173.000,                                   8.613,                                  15.491,                                  22.548,                                   0.009,                                   0.015,                               64555.199,                                   1.000,
7/16/2026 4:43:29 PM  ,    2174.000,                                   8.612,                                  15.466,                                  22.512,                                   0.009,                                   0.015,                               64659.363,                                   1.000,
7/16/2026 4:43:30 PM  ,    2175.000,                                   8.613,                                  15.483,                                  22.537,                                   0.009,                                   0.015,                               64587.824,                                   1.000,
7/16/2026 4:43:31 PM  ,    2176.000,                                   8.613,                                  15.434,                                  22.465,                                   0.009,                                   0.015,                               64792.418,                                   1.000,
7/16/2026 4:43:32 PM  ,    2177.245,                                   8.612,                                  15.583,                                  22.683,                                   0.009,                                   0.015,                               64172.969,                                   1.000,
7/16/2026 4:43:33 PM  ,    2178.095,                                   8.612,                                  15.586,                                  22.687,                                   0.009,                                   0.015,                               64161.805,                                   1.000,
7/16/2026 4:43:34 PM  ,    2179.000,                                   8.611,                                  15.647,                                  22.777,                                   0.009,                                   0.015,                               63908.086,                                   1.000,
7/16/2026 4:43:35 PM  ,    2180.000,                                   8.611,                                  15.602,                                  22.711,                                   0.009,                                   0.015,                               64095.414,                                   1.000,
7/16/2026 4:43:36 PM  ,    2181.002,                                   8.610,                                  15.711,                                  22.870,                                   0.009,                                   0.015,                               63649.508,                                   1.000,
7/16/2026 4:43:37 PM  ,    2182.000,                                   8.611,                                  15.485,                                  22.541,                                   0.009,                                   0.015,                               64578.309,                                   1.000,
7/16/2026 4:43:38 PM  ,    2183.000,                                   8.612,                                  15.571,                                  22.666,                                   0.009,                                   0.015,                               64221.844,                                   1.000,
7/16/2026 4:43:39 PM  ,    2184.000,                                   8.611,                                  15.480,                                  22.533,                                   0.009,                                   0.015,                               64600.551,                                   1.000,
7/16/2026 4:43:40 PM  ,    2185.000,                                   8.610,                                  15.560,                                  22.652,                                   0.009,                                   0.015,                               64265.586,                                   1.000,
7/16/2026 4:43:41 PM  ,    2186.000,                                   8.611,                                  15.457,                                  22.500,                                   0.009,                                   0.015,                               64697.281,                                   1.000,
7/16/2026 4:43:42 PM  ,    2187.000,                                   8.610,                                  15.459,                                  22.504,                                   0.009,                                   0.015,                               64688.887,                                   1.000,
7/16/2026 4:43:43 PM  ,    2188.000,                                   8.609,                                  15.570,                                  22.666,                                   0.009,                                   0.015,                               64226.949,                                   1.000,
7/16/2026 4:43:44 PM  ,    2189.000,                                   8.609,                                  15.602,                                  22.713,                                   0.009,                                   0.015,                               64093.309,                                   1.000,
7/16/2026 4:43:45 PM  ,    2190.000,                                   8.610,                                  15.537,                                  22.617,                                   0.009,                                   0.015,                               64363.992,                                   1.000,
7/16/2026 4:43:46 PM  ,    2191.000,                                   8.609,                                  15.617,                                  22.734,                                   0.009,                                   0.015,                               64033.520,                                   1.000,
7/16/2026 4:43:47 PM  ,    2192.000,                                   8.609,                                  15.549,                                  22.635,                                   0.009,                                   0.015,                               64313.457,                                   1.000,
7/16/2026 4:43:48 PM  ,    2193.000,                                   8.609,                                  15.565,                                  22.659,                                   0.009,                                   0.015,                               64245.863,                                   1.000,
7/16/2026 4:43:49 PM  ,    2194.000,                                   8.608,                                  15.448,                                  22.489,                                   0.009,                                   0.015,                               64734.426,                                   1.000,
7/16/2026 4:43:50 PM  ,    2195.000,                                   8.608,                                  15.521,                                  22.596,                                   0.009,                                   0.015,                               64427.359,                                   1.000,
7/16/2026 4:43:51 PM  ,    2196.000,                                   8.608,                                  15.526,                                  22.602,                                   0.009,                                   0.015,                               64408.594,                                   1.000,
7/16/2026 4:43:52 PM  ,    2197.000,                                   8.608,                                  15.572,                                  22.670,                                   0.009,                                   0.015,                               64217.227,                                   1.000,
7/16/2026 4:43:53 PM  ,    2198.000,                                   8.608,                                  15.571,                                  22.668,                                   0.009,                                   0.015,                               64222.246,                                   1.000,
7/16/2026 4:43:54 PM  ,    2199.000,                                   8.608,                                  15.569,                                  22.665,                                   0.009,                                   0.015,                               64229.699,                                   1.000,
7/16/2026 4:43:55 PM  ,    2200.000,                                   8.609,                                  15.620,                                  22.739,                                   0.009,                                   0.015,                               64020.465,                                   1.000,
7/16/2026 4:43:56 PM  ,    2201.000,                                   8.608,                                  15.625,                                  22.747,                                   0.009,                                   0.015,                               63998.789,                                   1.000,
7/16/2026 4:43:57 PM  ,    2202.000,                                   8.607,                                  15.595,                                  22.703,                                   0.009,                                   0.015,                               64124.426,                                   1.000,
7/16/2026 4:43:58 PM  ,    2203.000,                                   8.607,                                  15.565,                                  22.661,                                   0.009,                                   0.015,                               64245.285,                                   1.000,
7/16/2026 4:43:59 PM  ,    2204.000,                                   8.607,                                  15.546,                                  22.633,                                   0.009,                                   0.015,                               64323.457,                                   1.000,
7/16/2026 4:44:00 PM  ,    2205.000,                                   8.607,                                  15.593,                                  22.701,                                   0.009,                                   0.015,                               64131.066,                                   1.000,
7/16/2026 4:44:01 PM  ,    2206.000,                                   8.607,                                  15.571,                                  22.669,                                   0.009,                                   0.015,                               64221.676,                                   1.000,
7/16/2026 4:44:02 PM  ,    2207.000,                                   8.605,                                  15.599,                                  22.711,                                   0.009,                                   0.015,                               64106.809,                                   1.000,
7/16/2026 4:44:03 PM  ,    2208.000,                                   8.606,                                  15.668,                                  22.810,                                   0.009,                                   0.015,                               63824.660,                                   1.000,
7/16/2026 4:44:04 PM  ,    2209.000,                                   8.606,                                  15.712,                                  22.875,                                   0.009,                                   0.015,                               63644.660,                                   1.000,
7/16/2026 4:44:05 PM  ,    2210.000,                                   8.605,                                  15.521,                                  22.598,                                   0.009,                                   0.015,                               64427.121,                                   1.000,
7/16/2026 4:44:06 PM  ,    2211.000,                                   8.606,                                  15.505,                                  22.574,                                   0.009,                                   0.015,                               64493.297,                                   1.000,
7/16/2026 4:44:07 PM  ,    2212.000,                                   8.605,                                  15.620,                                  22.742,                                   0.009,                                   0.015,                               64019.422,                                   1.000,
7/16/2026 4:44:08 PM  ,    2213.000,                                   8.605,                                  15.543,                                  22.629,                                   0.009,                                   0.015,                               64337.457,                                   1.000,
7/16/2026 4:44:09 PM  ,    2214.000,                                   8.605,                                  15.546,                                  22.633,                                   0.009,                                   0.015,                               64326.719,                                   1.000,
7/16/2026 4:44:10 PM  ,    2215.000,                                   8.605,                                  15.613,                                  22.730,                                   0.009,                                   0.015,                               64051.172,                                   1.000,
7/16/2026 4:44:11 PM  ,    2216.000,                                   8.605,                                  15.629,                                  22.754,                                   0.009,                                   0.015,                               63985.344,                                   1.000,
7/16/2026 4:44:12 PM  ,    2217.000,                                   8.604,                                  15.539,                                  22.624,                                   0.009,                                   0.015,                               64353.328,                                   1.000,
7/16/2026 4:44:13 PM  ,    2218.000,                                   8.604,                                  15.634,                                  22.762,                                   0.009,                                   0.015,                               63964.426,                                   1.000,
7/16/2026 4:44:14 PM  ,    2219.000,                                   8.604,                                  15.558,                                  22.651,                                   0.009,                                   0.015,                               64277.449,                                   1.000,
7/16/2026 4:44:15 PM  ,    2220.000,                                   8.604,                                  15.658,                                  22.797,                                   0.009,                                   0.015,                               63865.555,                                   1.000,
7/16/2026 4:44:16 PM  ,    2221.000,                                   8.603,                                  15.658,                                  22.798,                                   0.009,                                   0.015,                               63863.379,                                   1.000,
7/16/2026 4:44:17 PM  ,    2222.000,                                   8.603,                                  15.666,                                  22.809,                                   0.009,                                   0.015,                               63833.645,                                   1.000,
7/16/2026 4:44:18 PM  ,    2223.000,                                   8.603,                                  15.650,                                  22.787,                                   0.009,                                   0.015,                               63896.609,                                   1.000,
7/16/2026 4:44:19 PM  ,    2224.000,                                   8.603,                                  15.647,                                  22.782,                                   0.009,                                   0.015,                               63908.492,                                   1.000,
7/16/2026 4:44:20 PM  ,    2225.000,                                   8.604,                                  15.508,                                  22.578,                                   0.009,                                   0.015,                               64483.973,                                   1.000,
7/16/2026 4:44:25 PM  ,    2230.000,                                   8.601,                                  15.685,                                  22.838,                                   0.009,                                   0.015,                               63755.492,                                   1.000,
7/16/2026 4:44:30 PM  ,    2235.000,                                   0.000,                                   0.000,                                   0.000,                                   0.000,                                   0.000,                                   0.000,                                   0.000,
7/16/2026 4:44:35 PM  ,    2240.000,                                   8.598,                                  15.612,                                  22.733,                                   0.009,                                   0.015,                               64054.816,                                   1.000,
7/16/2026 4:44:40 PM  ,    2245.000,                                   8.598,                                  15.678,                                  22.831,                                   0.009,                                   0.015,                               63783.461,                                   1.000,
7/16/2026 4:44:45 PM  ,    2250.000,                                   8.596,                                  15.651,                                  22.792,                                   0.009,                                   0.015,                               63893.711,                                   1.000,
7/16/2026 4:44:50 PM  ,    2255.000,                                   8.595,                                  15.749,                                  22.935,                                   0.009,                                   0.015,                               63497.512,                                   1.000,
7/16/2026 4:44:55 PM  ,    2260.000,                                   8.593,                                  15.626,                                  22.758,                                   0.009,                                   0.015,                               63994.035,                                   1.000,
7/16/2026 4:45:00 PM  ,    2265.000,                                   8.592,                                  15.602,                                  22.723,                                   0.009,                                   0.015,                               64095.012,                                   1.000,
7/16/2026 4:45:05 PM  ,    2270.000,                                   8.591,                                  15.563,                                  22.667,                                   0.009,                                   0.015,                               64255.684,                                   1.000,
7/16/2026 4:45:10 PM  ,    2275.000,                                   8.589,                                  15.503,                                  22.582,                                   0.009,                                   0.015,                               64502.043,                                   1.000,
7/16/2026 4:45:15 PM  ,    2280.000,                                   8.586,                                  15.567,                                  22.676,                                   0.009,                                   0.015,                               64239.930,                                   1.000,
7/16/2026 4:45:20 PM  ,    2285.000,                                   8.585,                                  15.515,                                  22.601,                                   0.009,                                   0.015,                               64451.855,                                   1.000,
7/16/2026 4:45:25 PM  ,    2290.000,                                   8.582,                                  15.512,                                  22.598,                                   0.009,                                   0.015,                               64466.645,                                   1.000,
7/16/2026 4:45:30 PM  ,    2295.000,                                   8.582,                                  15.564,                                  22.674,                                   0.009,                                   0.015,                               64251.129,                                   1.000,
7/16/2026 4:45:35 PM  ,    2300.000,                                   8.581,                                  15.549,                                  22.653,                                   0.009,                                   0.015,                               64313.539,                                   1.000,
7/16/2026 4:45:40 PM  ,    2305.000,                                   8.580,                                  15.513,                                  22.601,                                   0.009,                                   0.015,                               64464.109,                                   1.000,
7/16/2026 4:45:45 PM  ,    2310.000,                                   8.579,                                  15.569,                                  22.683,                                   0.009,                                   0.015,                               64231.090,                                   1.000,
7/16/2026 4:45:50 PM  ,    2315.000,                                   8.576,                                  15.521,                                  22.615,                                   0.009,                                   0.015,                               64429.484,                                   1.000,
7/16/2026 4:45:55 PM  ,    2320.000,                                   8.575,                                  15.523,                                  22.619,                                   0.009,                                   0.015,                               64421.324,                                   1.000,
7/16/2026 4:46:00 PM  ,    2325.000,                                   8.573,                                  15.632,                                  22.779,                                   0.009,                                   0.015,                               63972.871,                                   1.000,
7/16/2026 4:46:05 PM  ,    2330.000,                                   8.571,                                  15.535,                                  22.639,                                   0.009,                                   0.015,                               64369.543,                                   1.000,
7/16/2026 4:46:06 PM  ,    2331.000,                                   8.572,                                  15.460,                                  22.529,                                   0.009,                                   0.015,                               64684.594,                                   1.000,
7/16/2026 4:46:07 PM  ,    2332.000,                                   8.571,                                  15.436,                                  22.495,                                   0.009,                                   0.015,                               64782.570,                                   1.000,
7/16/2026 4:46:08 PM  ,    2333.000,                                   8.571,                                  15.428,                                  22.484,                                   0.009,                                   0.015,                               64815.117,                                   1.000,
7/16/2026 4:46:09 PM  ,    2334.000,                                   8.571,                                  15.463,                                  22.534,                                   0.009,                                   0.015,                               64669.563,                                   1.000,
7/16/2026 4:46:10 PM  ,    2335.000,                                   8.572,                                  15.484,                                  22.564,                                   0.009,                                   0.015,                               64583.891,                                   1.000,
7/16/2026 4:46:11 PM  ,    2336.000,                                   8.572,                                  15.479,                                  22.557,                                   0.009,                                   0.015,                               64602.266,                                   1.000,
7/16/2026 4:46:12 PM  ,    2337.000,                                   8.572,                                  15.668,                                  22.832,                                   0.009,                                   0.015,                               63825.637,                                   1.000,
7/16/2026 4:46:13 PM  ,    2338.000,                                   8.571,                                  15.553,                                  22.665,                                   0.009,                                   0.015,                               64296.383,                                   1.000,
7/16/2026 4:46:14 PM  ,    2339.000,                                   8.571,                                  15.554,                                  22.667,                                   0.009,                                   0.015,                               64291.090,                                   1.000,
7/16/2026 4:46:15 PM  ,    2340.000,                                   8.571,                                  15.591,                                  22.722,                                   0.009,                                   0.015,                               64137.613,                                   1.000,
7/16/2026 4:46:16 PM  ,    2341.000,                                   8.570,                                  15.592,                                  22.723,                                   0.009,                                   0.015,                               64134.617,                                   1.000,
7/16/2026 4:46:17 PM  ,    2342.000,                                   8.571,                                  15.586,                                  22.714,                                   0.009,                                   0.015,                               64158.316,                                   1.000,
7/16/2026 4:46:18 PM  ,    2343.000,                                   8.570,                                  15.554,                                  22.667,                                   0.009,                                   0.015,                               64292.148,                                   1.000,
7/16/2026 4:46:19 PM  ,    2344.000,                                   8.571,                                  15.502,                                  22.592,                                   0.009,                                   0.015,                               64506.469,                                   1.000,
7/16/2026 4:46:20 PM  ,    2345.000,                                   8.570,                                  15.495,                                  22.581,                                   0.009,                                   0.015,                               64537.004,                                   1.000,
7/16/2026 4:46:21 PM  ,    2346.000,                                   8.570,                                  15.473,                                  22.550,                                   0.009,                                   0.015,                               64628.289,                                   1.000,
7/16/2026 4:46:22 PM  ,    2347.000,                                   8.570,                                  15.507,                                  22.599,                                   0.009,                                   0.015,                               64485.523,                                   1.000,
7/16/2026 4:46:23 PM  ,    2348.000,                                   8.570,                                  15.469,                                  22.543,                                   0.009,                                   0.015,                               64647.270,                                   1.000,
7/16/2026 4:46:24 PM  ,    2349.001,                                   8.570,                                  15.520,                                  22.618,                                   0.009,                                   0.015,                               64431.613,                                   1.000,
7/16/2026 4:46:25 PM  ,    2350.001,                                   8.569,                                  15.573,                                  22.696,                                   0.009,                                   0.015,                               64213.414,                                   1.000,
7/16/2026 4:46:26 PM  ,    2351.001,                                   8.569,                                  15.596,                                  22.729,                                   0.009,                                   0.015,                               64119.492,                                   1.000,
7/16/2026 4:46:27 PM  ,    2352.000,                                   8.570,                                  15.607,                                  22.745,                                   0.009,                                   0.015,                               64073.289,                                   1.000,
7/16/2026 4:46:28 PM  ,    2353.000,                                   8.569,                                  15.619,                                  22.762,                                   0.009,                                   0.015,                               64026.512,                                   1.000,
7/16/2026 4:46:29 PM  ,    2354.000,                                   8.568,                                  15.533,                                  22.638,                                   0.009,                                   0.015,                               64377.531,                                   1.000,
7/16/2026 4:46:30 PM  ,    2355.000,                                   8.568,                                  15.652,                                  22.811,                                   0.009,                                   0.015,                               63889.617,                                   1.000,
7/16/2026 4:46:31 PM  ,    2356.000,                                   8.568,                                  15.565,                                  22.685,                                   0.009,                                   0.015,                               64245.781,                                   1.000,
7/16/2026 4:46:32 PM  ,    2357.000,                                   8.568,                                  15.561,                                  22.678,                                   0.009,                                   0.015,                               64264.773,                                   1.000,
7/16/2026 4:46:33 PM  ,    2358.000,                                   8.569,                                  15.538,                                  22.645,                                   0.009,                                   0.015,                               64356.430,                                   1.000,
7/16/2026 4:46:34 PM  ,    2359.000,                                   8.569,                                  15.567,                                  22.688,                                   0.009,                                   0.015,                               64236.926,                                   1.000,
7/16/2026 4:46:35 PM  ,    2360.000,                                   8.570,                                  15.553,                                  22.666,                                   0.009,                                   0.015,                               64296.059,                                   1.000,
7/16/2026 4:46:36 PM  ,    2361.000,                                   8.570,                                  15.536,                                  22.642,                                   0.009,                                   0.015,                               64365.551,                                   1.000,
7/16/2026 4:46:37 PM  ,    2362.000,                                   8.569,                                  15.577,                                  22.701,                                   0.009,                                   0.015,                               64197.680,                                   1.000,
7/16/2026 4:46:38 PM  ,    2363.000,                                   8.568,                                  15.540,                                  22.647,                                   0.009,                                   0.015,                               64352.113,                                   1.000,
7/16/2026 4:46:39 PM  ,    2364.000,                                   8.569,                                  15.559,                                  22.676,                                   0.009,                                   0.015,                               64271.109,                                   1.000,
7/16/2026 4:46:40 PM  ,    2365.000,                                   8.568,                                  15.533,                                  22.639,                                   0.009,                                   0.015,                               64377.363,                                   1.000,
7/16/2026 4:46:41 PM  ,    2366.000,                                   8.568,                                  15.606,                                  22.744,                                   0.009,                                   0.015,                               64077.082,                                   1.000,
7/16/2026 4:46:42 PM  ,    2367.000,                                   8.568,                                  15.537,                                  22.644,                                   0.009,                                   0.015,                               64361.719,                                   1.000,
7/16/2026 4:46:43 PM  ,    2368.000,                                   8.567,                                  15.514,                                  22.611,                                   0.009,                                   0.015,                               64457.582,                                   1.000,
7/16/2026 4:46:44 PM  ,    2369.000,                                   8.567,                                  15.579,                                  22.705,                                   0.009,                                   0.015,                               64190.391,                                   1.000,
7/16/2026 4:46:45 PM  ,    2370.000,                                   8.567,                                  15.511,                                  22.606,                                   0.009,                                   0.015,                               64472.289,                                   1.000,
7/16/2026 4:46:46 PM  ,    2371.000,                                   8.568,                                  15.487,                                  22.571,                                   0.009,                                   0.015,                               64570.434,                                   1.000,
7/16/2026 4:46:47 PM  ,    2372.000,                                   8.567,                                  15.544,                                  22.655,                                   0.009,                                   0.015,                               64333.063,                                   1.000,
7/16/2026 4:46:48 PM  ,    2373.000,                                   8.567,                                  15.561,                                  22.679,                                   0.009,                                   0.015,                               64264.605,                                   1.000,
7/16/2026 4:46:49 PM  ,    2374.000,                                   8.567,                                  15.500,                                  22.590,                                   0.009,                                   0.015,                               64517.598,                                   1.000,
7/16/2026 4:46:50 PM  ,    2375.000,                                   8.567,                                  15.489,                                  22.575,                                   0.009,                                   0.015,                               64560.102,                                   1.000,
7/16/2026 4:46:51 PM  ,    2376.000,                                   8.567,                                  15.531,                                  22.636,                                   0.009,                                   0.015,                               64388.609,                                   1.000,
7/16/2026 4:46:52 PM  ,    2377.000,                                   8.566,                                  15.508,                                  22.603,                                   0.009,                                   0.015,                               64483.652,                                   1.000,
7/16/2026 4:46:53 PM  ,    2378.000,                                   8.566,                                  15.465,                                  22.540,                                   0.009,                                   0.015,                               64660.754,                                   1.000,
7/16/2026 4:46:54 PM  ,    2379.000,                                   8.566,                                  15.474,                                  22.553,                                   0.009,                                   0.015,                               64626.059,                                   1.000,
7/16/2026 4:46:55 PM  ,    2380.000,                                   0.000,                                   0.000,                                   0.000,                                   0.000,                                   0.000,                                   0.000,                                   0.000,
7/16/2026 4:46:56 PM  ,    2381.000,                                   8.565,                                  15.474,                                  22.554,                                   0.009,                                   0.015,                               64624.266,                                   1.000,
7/16/2026 4:46:57 PM  ,    2382.000,                                   8.565,                                  15.402,                                  22.449,                                   0.009,                                   0.015,                               64927.082,                                   1.000,

