Date Time,Pressure (psi) (790481),Temperature (°C) (790481),Depth (ft) (790481),Actual Conductivity (µS/cm) (790481),Specific Conductivity (µS/cm) (790481),Salinity (PSU) (790481),Total Dissolved Solids (ppt) (790481),Resistivity (Ω⋅cm) (790481),Density (g/cm³) (790481),Barometric Pressure (mbar) (670831),Temperature (°C) (670831),Marked
2025-07-17 16:40:29,0.40615478,12.0548,0.9373297,16.142246,21.44446,0.008649802,0.013938898,61949.055,0.9995001,916.9497,36.22, 
2025-07-17 16:40:30,0.40280485,12.054746,0.9295986,16.152237,21.457762,0.008656102,0.013947546,61910.434,0.9995001,916.9497,36.22, 
2025-07-17 16:40:31,0.4320552,12.054458,0.9971029,16.10859,21.399933,0.008628705,0.013909956,62078.72,0.99950016,916.9497,36.22859, 
2025-07-17 16:40:32,0.43244585,12.054419,0.99800444,16.110056,21.401903,0.008629638,0.013911237,62073.02,0.99950016,916.9497,36.229107, 
2025-07-17 16:40:33,0.4328365,12.054379,0.99890596,16.111525,21.403873,0.008630571,0.0139125185,62067.324,0.99950016,916.9497,36.229626, 
2025-07-17 16:40:34,0.40612033,12.054314,0.93725,16.120293,21.41556,0.008636108,0.013920114,62033.617,0.99950016,916.9497,36.23858, 
2025-07-17 16:40:35,0.4049865,12.054298,0.9346333,16.120497,21.41584,0.00863624,0.013920296,62032.83,0.99950016,916.9497,36.23933, 
2025-07-17 16:40:36,0.4044192,12.053142,0.933324,16.1172,21.41209,0.008634451,0.013917859,62045.51,0.99950033,916.93286,36.24807, 
2025-07-17 16:40:37,0.40369585,12.053067,0.9316546,16.11734,21.412313,0.008634556,0.013918004,62044.98,0.9995004,916.9318,36.248825, 
2025-07-17 16:40:38,0.4029725,12.052994,0.9299852,16.11748,21.412539,0.008634661,0.01391815,62044.445,0.9995004,916.9308,36.249577, 
2025-07-17 16:40:39,0.40881404,12.051961,0.9434663,16.09029,21.376978,0.008617806,0.013895037,62149.312,0.9995005,916.9389,36.249695, 
2025-07-17 16:40:40,0.4091611,12.051869,0.94426715,16.08855,21.374718,0.008616734,0.013893567,62156.02,0.9995005,916.939,36.24992, 
2025-07-17 16:40:41,0.40950814,12.051778,0.94506806,16.086813,21.372458,0.008615663,0.013892097,62162.727,0.9995005,916.9391,36.25014, 
2025-07-17 16:40:42,0.421394,12.052261,0.97249866,15.854804,21.06396,0.008469595,0.013691574,63074.285,0.99950033,916.9571,36.258793, 
2025-07-17 16:40:43,0.42224494,12.052263,0.9744625,15.84027,21.04465,0.008460452,0.013679023,63131.336,0.99950033,916.9583,36.259315, 
2025-07-17 16:40:44,0.42028263,12.051364,0.9699337,16.013597,21.27541,0.0085697,0.013829017,62448.152,0.9995005,916.9505,36.26806, 
2025-07-17 16:40:45,0.42043775,12.05132,0.9702917,16.018932,21.28252,0.008573066,0.013833639,62427.06,0.9995005,916.95044,36.268806, 
2025-07-17 16:40:46,0.42059284,12.051275,0.9706496,16.024267,21.289633,0.008576432,0.013838261,62405.96,0.9995005,916.9504,36.269558, 
2025-07-17 16:40:47,0.40697163,12.051946,0.93921435,16.077227,21.359632,0.008609591,0.01388376,62200.35,0.99950045,916.9673,36.2783, 
2025-07-17 16:40:48,0.4060883,12.051964,0.9371758,16.084906,21.369823,0.008614417,0.013890385,62170.285,0.99950045,916.9681,36.279053, 
2025-07-17 16:40:49,0.40520498,12.051982,0.93513733,16.092583,21.380014,0.008619242,0.013897008,62140.215,0.99950045,916.96893,36.2798, 
2025-07-17 16:40:50,0.422252,12.05161,0.97447866,15.948394,21.188648,0.0085286135,0.013772622,62702.848,0.99950045,916.9165,36.279762, 
2025-07-17 16:40:51,0.42292523,12.051605,0.9760323,15.941157,21.179037,0.008524062,0.013766374,62731.11,0.99950045,916.9138,36.279987, 
2025-07-17 16:40:52,0.44221723,12.05091,1.0205545,15.923308,21.155697,0.0085130045,0.013751203,62801.305,0.9995005,916.9373,36.296864, 
2025-07-17 16:40:53,0.4438193,12.050858,1.0242518,15.918876,21.149836,0.008510229,0.013747393,62818.633,0.9995005,916.93756,36.297913, 
2025-07-17 16:40:54,0.44542137,12.050805,1.0279491,15.914443,21.143974,0.008507453,0.013743583,62835.96,0.9995005,916.93774,36.29896, 
2025-07-17 16:40:55,0.45848557,12.049996,1.0580988,15.92004,21.151844,0.008511172,0.013748699,62813.91,0.99950063,916.9302,36.299374, 
2025-07-17 16:40:56,0.45975935,12.049931,1.0610384,15.9199915,21.151815,0.008511158,0.01374868,62814.1,0.99950063,916.93036,36.299824, 
2025-07-17 16:40:57,0.4610331,12.049864,1.063978,15.919943,21.151787,0.008511143,0.013748662,62814.293,0.99950063,916.9305,36.300274, 
2025-07-17 16:40:58,0.45026457,12.049309,1.0391262,16.004656,21.264639,0.008564577,0.013822016,62482.066,0.99950075,916.91235,36.30878, 
2025-07-17 16:40:59,0.44996232,12.049254,1.0384285,16.009827,21.271538,0.008567844,0.013826501,62461.785,0.99950075,916.9111,36.309307, 
2025-07-17 16:41:00,0.42376867,12.047941,0.97797835,16.050764,21.326641,0.008593926,0.013862316,62302.55,0.99950093,916.9357,36.318043, 
2025-07-17 16:41:01,0.42188895,12.047847,0.9736402,16.055286,21.332703,0.008596796,0.013866256,62284.89,0.999501,916.9369,36.31879, 
2025-07-17 16:41:02,0.4200092,12.047752,0.9693021,16.05981,21.338764,0.008599665,0.013870196,62267.23,0.999501,916.938,36.31954, 
2025-07-17 16:41:03,0.42828178,12.046477,0.98839366,16.083712,21.371212,0.008615024,0.013891287,62174.758,0.9995011,916.9129,36.328293, 
2025-07-17 16:41:04,0.42813173,12.046367,0.98804736,16.08616,21.374525,0.008616593,0.013893441,62165.26,0.9995011,916.91205,36.32904, 
2025-07-17 16:41:05,0.42798167,12.046256,0.98770106,16.088608,21.377838,0.008618161,0.0138955945,62155.77,0.9995011,916.91113,36.329792, 
2025-07-17 16:41:06,0.39234412,12.046502,0.90545624,16.115435,21.413351,0.008634987,0.013918678,62052.35,0.9995011,916.9455,36.34731, 
2025-07-17 16:41:07,0.39041427,12.046484,0.90100247,16.117672,21.416334,0.0086364,0.013920617,62043.72,0.9995011,916.94696,36.348583, 
2025-07-17 16:41:08,0.4078319,12.046716,0.94119924,15.977006,21.2293,0.008547819,0.013799044,62590.79,0.999501,916.9397,36.34922, 
2025-07-17 16:41:09,0.408069,12.046736,0.9417465,15.968882,21.218494,0.008542702,0.013792021,62622.406,0.999501,916.94006,36.34967, 
2025-07-17 16:41:10,0.40830612,12.046756,0.9422937,15.960757,21.207687,0.008537584,0.013784997,62654.023,0.999501,916.9405,36.350117, 
2025-07-17 16:41:11,0.42840737,12.046681,0.9886835,16.00034,21.26032,0.008562508,0.013819208,62498.848,0.999501,916.9486,36.358597, 
2025-07-17 16:41:12,0.43008783,12.046682,0.9925617,15.9992,21.258806,0.00856179,0.013818224,62503.203,0.999501,916.9489,36.35912, 
2025-07-17 16:41:13,0.4317683,12.046683,0.9964399,15.998061,21.257292,0.008561073,0.01381724,62507.56,0.999501,916.9492,36.359646, 
2025-07-17 16:41:14,0.43461075,12.046204,1.0029995,16.127462,21.429495,0.008642635,0.013929172,62006.664,0.99950117,916.97577,36.3773, 
2025-07-17 16:41:15,0.43528965,12.046173,1.0045663,16.136164,21.441072,0.008648118,0.0139366975,61972.938,0.99950117,916.97754,36.378574, 
2025-07-17 16:41:16,0.40907583,12.046612,0.9440699,16.064539,21.345661,0.008602924,0.01387468,62249.156,0.99950105,916.97015,36.379215, 
2025-07-17 16:41:17,0.40750855,12.046628,0.940453,16.063034,21.343657,0.008601973,0.013873376,62254.91,0.99950105,916.9703,36.379665, 
2025-07-17 16:41:18,0.4059413,12.046644,0.93683606,16.061531,21.34165,0.008601023,0.013872072,62260.664,0.99950105,916.97046,36.380116, 
2025-07-17 16:41:19,0.41100162,12.046194,0.94851434,15.859603,21.07358,0.008474095,0.013697826,63055.234,0.99950105,916.9528,36.38859, 
2025-07-17 16:41:20,0.4106495,12.046178,0.9477017,15.845414,21.054733,0.008465171,0.013685577,63110.92,0.99950105,916.9516,36.389114, 
2025-07-17 16:41:21,0.4102974,12.046162,0.9468891,15.831224,21.035889,0.008456248,0.013673327,63166.613,0.99950105,916.9503,36.38964, 
2025-07-17 16:41:22,0.44746923,12.045272,1.0326746,16.038773,21.312153,0.008587044,0.0138529,62350.156,0.9995012,916.9414,36.39852, 
2025-07-17 16:41:23,0.44981396,12.045208,1.0380857,16.046068,21.32188,0.008591649,0.013859223,62321.465,0.9995012,916.9404,36.39927, 
2025-07-17 16:41:24,0.45215866,12.045143,1.0434968,16.053362,21.331608,0.0085962545,0.013865545,62292.777,0.9995012,916.93945,36.40002, 
2025-07-17 16:41:25,0.39253667,12.045644,0.90590066,16.042461,21.316853,0.008589269,0.013855954,62334.785,0.9995011,916.9488,36.408768, 
2025-07-17 16:41:26,0.38998252,12.04565,0.9000061,16.046875,21.322714,0.008592044,0.013859764,62317.367,0.9995011,916.9491,36.409515, 
2025-07-17 16:41:27,0.4304462,12.04504,0.99338853,16.067719,21.35074,0.008605314,0.013877981,62236.605,0.9995013,916.9665,36.418224, 
2025-07-17 16:41:28,0.43150175,12.045014,0.9958245,16.06868,21.352032,0.008605925,0.01387882,62232.88,0.9995013,916.9678,36.41897, 
2025-07-17 16:41:29,0.43255728,12.044989,0.99826044,16.069641,21.353323,0.008606537,0.01387966,62229.152,0.9995013,916.96906,36.419712, 
2025-07-17 16:41:30,0.42963767,12.043156,0.9915224,15.984827,21.24161,0.008553611,0.013807045,62559.55,0.99950147,916.96924,36.4373, 
2025-07-17 16:41:31,0.43046024,12.04303,0.9934207,15.980252,21.235598,0.008550763,0.013803138,62577.383,0.99950147,916.96967,36.438587, 
2025-07-17 16:41:32,0.42680004,12.043267,0.9849737,15.995978,21.256369,0.008560602,0.01381664,62515.78,0.9995014,916.9613,36.43922, 
2025-07-17 16:41:33,0.4264552,12.043239,0.98417795,15.994925,21.254984,0.008559946,0.01381574,62519.863,0.9995014,916.9608,36.439674, 
2025-07-17 16:41:34,0.4261104,12.043211,0.98338217,15.993871,21.2536,0.008559289,0.01381484,62523.945,0.9995014,916.96027,36.44013, 
2025-07-17 16:41:35,0.42250654,12.043075,0.97506505,16.040438,21.315554,0.008588629,0.01385511,62342.54,0.99950147,916.9858,36.45716, 
2025-07-17 16:41:36,0.4221923,12.043074,0.97433984,16.043713,21.319904,0.00859069,0.013857937,62329.78,0.99950147,916.9871,36.45821, 
2025-07-17 16:41:37,0.42187804,12.043072,0.97361463,16.046986,21.324255,0.00859275,0.013860766,62317.02,0.99950147,916.98846,36.45926, 
2025-07-17 16:41:38,0.41528848,12.04227,0.958407,16.116886,21.41758,0.008636952,0.013921428,62046.95,0.9995016,916.9277,36.459503, 
2025-07-17 16:41:39,0.41480076,12.042218,0.9572815,16.122242,21.424723,0.008640336,0.013926071,62026.223,0.9995016,916.9247,36.459953, 
2025-07-17 16:41:40,0.41599038,12.042111,0.9600268,16.09459,21.388035,0.008622954,0.013902224,62132.734,0.9995016,916.96454,36.468403, 
2025-07-17 16:41:41,0.4159111,12.042087,0.9598439,16.09448,21.387903,0.008622891,0.013902139,62133.133,0.9995016,916.9656,36.46893, 
2025-07-17 16:41:42,0.41583186,12.042061,0.95966095,16.094374,21.387774,0.00862283,0.013902053,62133.53,0.9995016,916.9666,36.46945, 
2025-07-17 16:41:43,0.41289702,12.042306,0.9528881,16.03903,21.314096,0.008587932,0.013854163,62348.07,0.9995015,916.9166,36.478252, 
2025-07-17 16:41:44,0.41275147,12.042318,0.9525522,16.034908,21.308613,0.008585335,0.013850599,62364.027,0.9995015,916.91455,36.479, 
2025-07-17 16:41:45,0.41260594,12.042332,0.9522163,16.030787,21.30313,0.008582737,0.013847034,62379.984,0.9995015,916.91254,36.479748, 
2025-07-17 16:41:46,0.40095365,12.041618,0.9253249,16.0488,21.327452,0.008594252,0.013862843,62309.98,0.99950165,916.96356,36.49717, 
2025-07-17 16:41:47,0.40018517,12.041581,0.9235514,16.04847,21.327034,0.008594054,0.013862572,62311.246,0.99950165,916.96533,36.498432, 
2025-07-17 16:41:48,0.39941671,12.041545,0.9217779,16.04814,21.326614,0.008593855,0.0138623,62312.51,0.99950165,916.9671,36.499695, 
2025-07-17 16:41:49,0.39869916,12.040964,0.92012197,16.054384,21.33523,0.008597929,0.013867899,62288.28,0.9995017,916.96857,36.508522, 
2025-07-17 16:41:50,0.3983619,12.040912,0.9193436,16.055141,21.336262,0.008598417,0.01386857,62285.344,0.9995017,916.9699,36.509495, 
2025-07-17 16:41:51,0.38700396,12.0409775,0.8931316,16.084719,21.375534,0.008617019,0.013894096,62170.844,0.9995017,916.9525,36.509674, 
2025-07-17 16:41:52,0.3862837,12.040968,0.89146936,16.086664,21.378124,0.008618246,0.01389578,62163.312,0.9995017,916.9515,36.509895, 
2025-07-17 16:41:53,0.38556343,12.040958,0.8898071,16.08861,21.380714,0.008619473,0.013897464,62155.78,0.9995017,916.95044,36.51012, 
2025-07-17 16:41:54,0.38529932,12.039707,0.88919747,16.060368,21.34386,0.0086020045,0.01387351,62265.098,0.9995019,916.9589,36.527485, 
2025-07-17 16:41:55,0.38499036,12.039634,0.8884844,16.059437,21.342665,0.008601437,0.013872732,62268.7,0.9995019,916.95905,36.528534, 
2025-07-17 16:41:56,0.38468137,12.03956,0.8877714,16.058508,21.341467,0.00860087,0.013871955,62272.3,0.9995019,916.9591,36.529583, 
2025-07-17 16:41:57,0.40017164,12.040921,0.9235201,16.115963,21.417088,0.008636704,0.013921107,62050.363,0.9995017,916.9417,36.520725, 
2025-07-17 16:41:58,0.40106276,12.040969,0.9255766,16.118658,21.42064,0.008638388,0.013923417,62039.965,0.9995017,916.94086,36.520653, 
2025-07-17 16:41:59,0.4137367,12.040312,0.9548256,16.122826,21.426538,0.008641176,0.01392725,62023.902,0.9995018,916.9318,36.537464, 
2025-07-17 16:42:00,0.414872,12.040303,0.9574456,16.124449,21.428698,0.008642199,0.013928655,62017.637,0.9995018,916.93085,36.53829, 
2025-07-17 16:42:01,0.4160073,12.040295,0.9600657,16.12607,21.430859,0.008643223,0.013930059,62011.37,0.9995018,916.9299,36.539112, 
2025-07-17 16:42:02,0.4092595,12.039005,0.9444931,16.03921,21.31612,0.00858886,0.013855478,62347.473,0.9995019,916.9387,36.54823, 
2025-07-17 16:42:03,0.40917802,12.038912,0.94430506,16.034107,21.309391,0.008585672,0.013851104,62367.21,0.9995019,916.93896,36.549202, 
2025-07-17 16:42:04,0.40909654,12.038817,0.94411707,16.029007,21.302664,0.008582484,0.013846731,62386.95,0.9995019,916.9393,36.55018, 
2025-07-17 16:42:05,0.40006095,12.038911,0.92326444,16.054764,21.336845,0.008598674,0.013868948,62286.848,0.99950194,916.97516,36.56764, 
2025-07-17 16:42:06,0.39937428,12.038883,0.9216798,16.054087,21.33596,0.008598254,0.013868373,62289.445,0.99950194,916.9775,36.568913, 
2025-07-17 16:42:07,0.41764468,12.037951,0.96384424,16.07933,21.370014,0.008614376,0.013890509,62191.688,0.99950206,916.9527,36.5779, 
2025-07-17 16:42:08,0.41855583,12.037895,0.965947,16.081467,21.372885,0.008615735,0.013892374,62183.406,0.99950206,916.952,36.578873, 
2025-07-17 16:42:09,0.41946697,12.03784,0.9680497,16.083603,21.375753,0.008617094,0.013894239,62175.12,0.99950206,916.95135,36.579845, 
2025-07-17 16:42:10,0.42269167,12.0377445,0.97549176,15.858528,21.07667,0.008475477,0.013699835,63059.305,0.99950194,916.9592,36.588478, 
2025-07-17 16:42:11,0.4233459,12.037715,0.97700155,15.845648,21.059566,0.008467378,0.013688718,63109.938,0.99950194,916.95905,36.589226, 
2025-07-17 16:42:12,0.4240001,12.037685,0.9785114,15.832767,21.042465,0.00845928,0.013677602,63160.57,0.99950194,916.9589,36.589973, 
2025-07-17 16:42:13,0.43351087,12.036578,1.0004603,15.915943,21.153605,0.00851188,0.0137498425,62830.395,0.9995022,916.93286,36.589817, 
2025-07-17 16:42:14,0.43416715,12.0365095,1.0019748,15.915133,21.152565,0.008511387,0.013749167,62833.375,0.9995022,916.9315,36.590042, 
2025-07-17 16:42:15,0.4093438,12.034855,0.94468707,16.117413,21.422314,0.008639131,0.013924505,62046.688,0.99950236,916.9221,36.607113, 
2025-07-17 16:42:16,0.40805665,12.034726,0.9417165,16.131748,21.441437,0.008648185,0.013936934,61990.785,0.9995024,916.9209,36.608162, 
2025-07-17 16:42:17,0.40676945,12.034598,0.9387459,16.146082,21.460558,0.008657239,0.013949363,61934.88,0.9995024,916.91974,36.60921, 
2025-07-17 16:42:18,0.41451827,12.034901,0.9566287,16.099796,21.398872,0.008628018,0.013909267,62112.86,0.9995024,916.9112,36.61821, 
2025-07-17 16:42:19,0.41435644,12.034877,0.9562552,16.102121,21.401976,0.008629487,0.0139112845,62103.69,0.9995024,916.91046,36.619183, 
2025-07-17 16:42:20,0.4141946,12.034853,0.9558818,16.104446,21.405079,0.0086309565,0.013913302,62094.527,0.9995024,916.9097,36.62016, 
2025-07-17 16:42:21,0.38301998,12.035053,0.88393676,16.071383,21.361021,0.00861009,0.0138846645,62222.453,0.99950236,916.90985,36.628716, 
2025-07-17 16:42:22,0.3813621,12.03507,0.8801107,16.068464,21.357134,0.008608249,0.013882138,62233.707,0.99950236,916.9096,36.629463, 
2025-07-17 16:42:23,0.404058,12.035387,0.93248856,16.073977,21.364288,0.008611641,0.013886789,62212.367,0.99950236,916.89264,36.638214, 
2025-07-17 16:42:24,0.40470335,12.03541,0.9339779,16.073631,21.363817,0.008611418,0.0138864815,62213.7,0.99950236,916.8916,36.638966, 
2025-07-17 16:42:25,0.4053487,12.035434,0.93546724,16.073286,21.363346,0.008611195,0.013886175,62215.03,0.99950236,916.89056,36.639713, 
2025-07-17 16:42:26,0.40930983,12.034565,0.9446087,16.094393,21.391872,0.0086247,0.013904717,62133.457,0.9995024,916.94257,36.64846, 
2025-07-17 16:42:27,0.4101208,12.034521,0.9464802,16.095793,21.393757,0.008625592,0.0139059415,62128.047,0.9995024,916.94525,36.64921, 
2025-07-17 16:42:28,0.41093177,12.034476,0.94835174,16.097193,21.395641,0.008626484,0.013907167,62122.633,0.9995024,916.94794,36.64996, 
2025-07-17 16:42:29,0.42762622,12.034384,0.9868793,16.098106,21.396908,0.008627081,0.0139079895,62119.113,0.9995025,916.91296,36.658707, 
2025-07-17 16:42:30,0.42872155,12.034357,0.98940706,16.098694,21.397703,0.008627458,0.013908506,62116.84,0.9995025,916.91223,36.659454, 
2025-07-17 16:42:31,0.4225851,12.034052,0.9752454,16.110958,21.414167,0.008635256,0.013919209,62069.562,0.9995025,916.911,36.676754, 
2025-07-17 16:42:32,0.42261466,12.034031,0.97531366,16.111738,21.415216,0.008635754,0.013919891,62066.55,0.9995025,916.9101,36.67803, 
2025-07-17 16:42:33,0.42264426,12.03401,0.9753819,16.11252,21.416265,0.00863625,0.013920573,62063.54,0.9995025,916.90924,36.679302, 
2025-07-17 16:42:34,0.4458758,12.032823,1.0289956,15.989085,21.252842,0.008558836,0.013814348,62543.19,0.9995026,916.93585,36.68819, 
2025-07-17 16:42:35,0.44711864,12.032743,1.0318639,15.9819765,21.243435,0.00855438,0.013808234,62570.824,0.9995026,916.93744,36.689163, 
2025-07-17 16:42:36,0.44836152,12.032663,1.0347322,15.974867,21.23403,0.008549924,0.0138021195,62598.457,0.9995026,916.93896,36.690136, 
2025-07-17 16:42:37,0.40569967,12.032023,0.9362768,16.063976,21.35282,0.008606177,0.013879333,62251.316,0.9995027,916.9214,36.707508, 
2025-07-17 16:42:38,0.40379405,12.031956,0.931879,16.066055,21.355621,0.008607502,0.013881153,62243.184,0.9995027,916.921,36.70877, 
2025-07-17 16:42:39,0.43350238,12.032945,1.0004404,16.037271,21.316828,0.008589137,0.013855938,62354.816,0.99950254,916.929,36.717865, 
2025-07-17 16:42:40,0.43435588,12.03299,1.00241,16.037544,21.317163,0.008589297,0.013856157,62353.727,0.99950254,916.9291,36.718838, 
2025-07-17 16:42:41,0.43520936,12.033037,1.0043797,16.037815,21.3175,0.008589457,0.013856375,62352.637,0.99950254,916.9292,36.719814, 
2025-07-17 16:42:42,0.38670743,12.031883,0.8924464,16.036594,21.3165,0.0085889725,0.013855725,62357.39,0.9995027,916.9208,36.72837, 
2025-07-17 16:42:43,0.3846061,12.03184,0.8875969,16.035753,21.315407,0.008588454,0.013855013,62360.652,0.9995027,916.9205,36.72911, 
2025-07-17 16:42:44,0.38250473,12.031797,0.8827475,16.034914,21.314312,0.008587936,0.0138543025,62363.914,0.9995027,916.92017,36.72985, 
2025-07-17 16:42:45,0.42437395,12.031037,0.97937334,16.098404,21.39912,0.0086281,0.013909429,62118.074,0.9995029,916.91095,36.73872, 
2025-07-17 16:42:46,0.42571595,12.030964,0.9824704,16.10218,21.40418,0.008630497,0.013912719,62103.45,0.9995029,916.9102,36.739475, 
2025-07-17 16:42:47,0.39908183,12.030092,0.9210038,16.110338,21.415499,0.00863585,0.013920073,62071.99,0.999503,916.92706,36.74817, 
2025-07-17 16:42:48,0.3985071,12.030022,0.9196775,16.112368,21.418234,0.008637144,0.013921851,62064.14,0.999503,916.9279,36.748917, 
2025-07-17 16:42:49,0.39793238,12.029951,0.9183511,16.114397,21.420969,0.008638439,0.013923629,62056.293,0.999503,916.9287,36.74967, 
2025-07-17 16:42:50,0.42500472,12.02931,0.9808288,16.033018,21.313139,0.008587356,0.01385354,62371.51,0.999503,916.8855,36.75845, 
2025-07-17 16:42:51,0.42599878,12.029249,0.9831229,16.028297,21.306896,0.008584398,0.013849482,62389.8,0.999503,916.8833,36.7592, 
2025-07-17 16:42:52,0.42699286,12.029189,0.985417,16.023577,21.300653,0.008581441,0.013845424,62408.09,0.999503,916.8811,36.759953, 
2025-07-17 16:42:53,0.42729822,12.029122,0.98612183,15.7695875,20.963053,0.008421628,0.013625985,63415.492,0.99950296,916.91614,36.768696, 
2025-07-17 16:42:54,0.4280143,12.029101,0.98777443,15.752516,20.94037,0.00841089,0.013611241,63483.01,0.99950296,916.9171,36.769447, 
2025-07-17 16:42:55,0.4381114,12.029101,1.0110765,15.925623,21.170488,0.008519809,0.013760817,62793.08,0.9995031,916.93536,36.78672, 
2025-07-17 16:42:56,0.4387328,12.029099,1.0125105,15.930272,21.17667,0.008522734,0.013764836,62774.434,0.9995031,916.9373,36.787994, 
2025-07-17 16:42:57,0.4393542,12.029098,1.0139446,15.934922,21.182852,0.00852566,0.013768854,62755.785,0.9995031,916.9393,36.78927, 
2025-07-17 16:42:58,0.41177288,12.028707,0.9502922,16.06749,21.35929,0.008609213,0.013883539,62238.695,0.99950314,916.8957,36.780758, 
2025-07-17 16:42:59,0.41037044,12.028684,0.94705564,16.079847,21.37573,0.008616997,0.0138942255,62190.12,0.99950314,916.89355,36.78068, 
2025-07-17 16:43:00,0.408968,12.02866,0.94381905,16.092205,21.39217,0.008624781,0.0139049115,62141.547,0.99950314,916.89136,36.78061, 
2025-07-17 16:43:01,0.4204734,12.028176,0.97037154,15.648094,20.802048,0.008345459,0.01352133,63911.29,0.99950296,916.944,36.797947, 
2025-07-17 16:43:02,0.42045912,12.028138,0.9703386,15.625301,20.771767,0.008331127,0.013501648,64002.402,0.99950296,916.946,36.79877, 
2025-07-17 16:43:03,0.39826334,12.028204,0.9191148,16.045643,21.330519,0.0085956035,0.0138648385,62328.63,0.9995032,916.94763,36.816353, 
2025-07-17 16:43:04,0.39717266,12.028196,0.9165977,16.061132,21.351114,0.008605352,0.013878225,62266.984,0.9995032,916.949,36.817852, 
2025-07-17 16:43:05,0.39608195,12.028189,0.9140807,16.076622,21.37171,0.0086151,0.013891612,62205.34,0.9995032,916.9503,36.81935, 
2025-07-17 16:43:06,0.4161418,12.027015,0.9603748,16.109398,21.41592,0.008636027,0.013920348,62077.414,0.9995033,916.9671,36.82815, 
2025-07-17 16:43:07,0.41678742,12.026946,0.9618647,16.122017,21.432734,0.008643985,0.013931277,62027.32,0.9995034,916.96814,36.829124, 
2025-07-17 16:43:08,0.41743305,12.026876,0.9633546,16.134636,21.449547,0.008651943,0.013942206,61977.227,0.9995034,916.96924,36.8301, 
2025-07-17 16:43:09,0.43518364,12.026386,1.0043194,16.094545,21.396517,0.0086268205,0.013907736,62132.875,0.99950343,916.9249,36.838673, 
2025-07-17 16:43:10,0.4367298,12.026328,1.0078876,16.09321,21.394773,0.0086259935,0.013906603,62138.02,0.99950343,916.9227,36.83942, 
2025-07-17 16:43:11,0.41761294,12.025771,0.9637696,16.114048,21.422777,0.0086392565,0.013924806,62057.676,0.9995035,916.9385,36.84817, 
2025-07-17 16:43:12,0.4168437,12.025725,0.9619944,16.114597,21.423534,0.008639615,0.013925298,62055.55,0.9995035,916.9384,36.84892, 
2025-07-17 16:43:13,0.41607448,12.02568,0.96021914,16.115149,21.42429,0.008639973,0.01392579,62053.426,0.9995035,916.93835,36.849667, 
2025-07-17 16:43:14,0.40418187,12.025755,0.9327733,16.111395,21.41926,0.008637589,0.013922519,62067.88,0.9995035,916.93915,36.858418, 
2025-07-17 16:43:15,0.40298223,12.025745,0.9300048,16.111698,21.419668,0.008637782,0.0139227845,62066.71,0.9995035,916.9396,36.859165, 
2025-07-17 16:43:16,0.40178263,12.025736,0.92723626,16.112001,21.420076,0.008637976,0.01392305,62065.54,0.9995035,916.94006,36.859913, 
2025-07-17 16:43:17,0.41764712,12.024706,0.96384835,16.128008,21.44192,0.008648314,0.013937247,62003.94,0.9995036,916.9131,36.868664, 
2025-07-17 16:43:18,0.41827375,12.024646,0.9652945,16.128868,21.443092,0.00864887,0.013938011,62000.637,0.9995036,916.9115,36.86941, 
2025-07-17 16:43:19,0.4188966,12.024155,0.96673185,16.103748,21.409967,0.008633171,0.0139164785,62097.363,0.9995037,916.91925,36.878166, 
2025-07-17 16:43:20,0.41929927,12.024099,0.96766114,16.102589,21.408455,0.008632454,0.013915496,62101.832,0.9995037,916.91907,36.878914, 
2025-07-17 16:43:21,0.41970196,12.024045,0.9685905,16.101429,21.406942,0.008631738,0.013914513,62106.297,0.9995037,916.91895,36.879665, 
2025-07-17 16:43:22,0.39576885,12.02365,0.9133575,16.095705,21.399546,0.008628231,0.013909705,62128.383,0.99950373,916.90204,36.88841, 
2025-07-17 16:43:23,0.39433903,12.023614,0.9100578,16.094723,21.39826,0.008627621,0.01390887,62132.164,0.99950373,916.90125,36.889156, 
2025-07-17 16:43:24,0.3929092,12.023578,0.906758,16.093742,21.396975,0.008627012,0.013908034,62135.945,0.99950373,916.90045,36.889904, 
2025-07-17 16:43:25,0.42145562,12.023341,0.9726375,16.1099,21.418585,0.008637246,0.01392208,62073.645,0.99950373,916.90894,36.898655, 
2025-07-17 16:43:26,0.4225413,12.023316,0.97514296,16.110697,21.419659,0.008637754,0.013922778,62070.57,0.99950373,916.909,36.899406, 
2025-07-17 16:43:27,0.4150509,12.023076,0.9578567,15.9883,21.25706,0.008560743,0.013817089,62546.348,0.99950373,916.9009,36.908154, 
2025-07-17 16:43:28,0.4152617,12.023056,0.95834315,15.981123,21.247528,0.008556229,0.0138108935,62574.258,0.99950373,916.9006,36.908905, 
2025-07-17 16:43:29,0.41547248,12.023035,0.95882964,15.973947,21.237997,0.008551715,0.013804698,62602.164,0.99950373,916.90027,36.909653, 
2025-07-17 16:43:30,0.41004896,12.021934,0.9463129,16.109818,21.41924,0.008637546,0.013922506,62074.523,0.9995039,916.89136,36.90972, 
2025-07-17 16:43:31,0.409528,12.021861,0.9451107,16.114927,21.426075,0.008640782,0.013926948,62054.688,0.9995039,916.8906,36.909946, 
2025-07-17 16:43:32,0.40900704,12.021789,0.9439084,16.120039,21.43291,0.008644018,0.013931392,62034.85,0.9995039,916.8899,36.91017, 
2025-07-17 16:43:33,0.4106956,12.020988,0.94780535,16.10614,21.414865,0.008635463,0.013919662,62088.23,0.999504,916.91644,36.927708, 
2025-07-17 16:43:34,0.4106597,12.020912,0.9477225,16.10869,21.418299,0.008637088,0.013921893,62078.29,0.999504,916.9178,36.928757, 
2025-07-17 16:43:35,0.3937897,12.021195,0.90879005,15.535128,20.655537,0.008276141,0.013426098,64385.395,0.99950373,916.9101,36.929287, 
2025-07-17 16:43:36,0.39278507,12.021194,0.90647155,15.499357,20.607975,0.008253635,0.013395185,64529.21,0.99950373,916.9103,36.929737, 
2025-07-17 16:43:37,0.39178044,12.021193,0.90415305,15.463586,20.560415,0.008231129,0.01336427,64673.027,0.9995037,916.9104,36.930187, 
2025-07-17 16:43:38,0.40927535,12.021445,0.9445276,15.977184,21.24316,0.008554177,0.013808054,62597.973,0.99950397,916.884,36.938675, 
2025-07-17 16:43:39,0.40990615,12.021468,0.94598335,15.993748,21.265171,0.0085645905,0.013822362,62530.797,0.99950397,916.88214,36.9392, 
2025-07-17 16:43:40,0.41053694,12.02149,0.94743913,16.010311,21.287182,0.0085750045,0.013836669,62463.617,0.99950397,916.8804,36.939724, 
2025-07-17 16:43:41,0.39819825,12.021324,0.91896385,16.072462,21.369905,0.008614177,0.013890439,62220.445,0.99950397,916.9157,36.948643, 
2025-07-17 16:43:42,0.39790127,12.021321,0.91827846,16.08882,21.391655,0.00862447,0.013904576,62154.82,0.99950397,916.9171,36.94939, 
2025-07-17 16:43:43,0.4086153,12.020706,0.9430043,16.138514,21.458065,0.008655925,0.013947743,61963.742,0.999504,916.9183,36.941143, 
2025-07-17 16:43:44,0.40897724,12.020664,0.9438396,16.142744,21.463713,0.0086586,0.013951413,61947.434,0.999504,916.9191,36.94084, 
2025-07-17 16:43:45,0.40933916,12.020622,0.9446749,16.146975,21.46936,0.008661275,0.013955085,61931.12,0.999504,916.92004,36.940544, 
2025-07-17 16:43:46,0.37677023,12.020453,0.86951214,16.041876,21.329712,0.008595124,0.013864312,62337.195,0.999504,916.90234,36.948956, 
2025-07-17 16:43:47,0.37507376,12.020428,0.86559695,16.036795,21.322968,0.008591929,0.0138599295,62356.85,0.999504,916.9013,36.949257, 
2025-07-17 16:43:48,0.37337726,12.020402,0.86168176,16.031713,21.316225,0.008588735,0.013855547,62376.504,0.999504,916.90027,36.949554, 
2025-07-17 16:43:49,0.38931322,12.019846,0.8984589,16.025501,21.308266,0.008584962,0.013850373,62400.625,0.9995041,916.88245,36.94979, 
2025-07-17 16:43:50,0.3894335,12.019808,0.8987365,16.022503,21.3043,0.008583084,0.013847795,62412.21,0.9995041,916.8809,36.950016, 
2025-07-17 16:43:51,0.41608745,12.020637,0.96024853,16.115643,21.42769,0.0086415345,0.013927999,62051.887,0.999504,916.9397,36.975384, 
2025-07-17 16:43:52,0.41810486,12.020675,0.96490437,16.121235,21.435108,0.008645048,0.01393282,62030.246,0.999504,916.9429,36.97694, 
2025-07-17 16:43:53,0.4201223,12.020712,0.96956015,16.12683,21.442526,0.008648562,0.013937642,62008.605,0.999504,916.94604,36.978497, 
2025-07-17 16:43:54,0.37855726,12.01987,0.8736362,15.961322,21.222918,0.008544546,0.013794897,62652.312,0.9995041,916.9216,36.97912, 
2025-07-17 16:43:55,0.37667605,12.019839,0.86929476,15.953522,21.212563,0.008539642,0.013788166,62682.695,0.9995041,916.9215,36.979786, 
2025-07-17 16:43:56,0.37479484,12.019809,0.8649533,15.945722,21.202208,0.008534738,0.013781436,62713.08,0.9995041,916.9215,36.980453, 
2025-07-17 16:43:57,0.42367092,12.01899,0.9777496,16.083704,21.38612,0.008621829,0.013900979,62175.293,0.99950427,916.9379,36.988804, 
2025-07-17 16:43:58,0.42548996,12.01892,0.98194754,16.08759,21.391325,0.008624293,0.013904362,62160.113,0.99950427,916.9383,36.989323, 
2025-07-17 16:43:59,0.4121419,12.018816,0.95114267,16.179214,21.513212,0.008682038,0.013983588,61808.473,0.9995043,916.9134,36.98963, 
2025-07-17 16:44:00,0.41244707,12.01879,0.95184696,16.188145,21.5251,0.008687669,0.013991316,61774.004,0.9995043,916.9123,36.989853, 
2025-07-17 16:44:01,0.41275227,12.018765,0.9525513,16.197077,21.536991,0.008693301,0.013999043,61739.54,0.9995043,916.91113,36.990078, 
2025-07-17 16:44:02,0.39217368,12.01885,0.9050601,15.878962,21.113956,0.00849296,0.013724071,62979.895,0.99950415,916.9279,36.998657, 
2025-07-17 16:44:03,0.39056495,12.018853,0.9013475,15.861993,21.09139,0.008482274,0.013709404,63046.203,0.99950415,916.9283,36.999184, 
2025-07-17 16:44:04,0.38895622,12.018856,0.8976349,15.845023,21.068825,0.008471588,0.013694736,63112.51,0.99950415,916.92865,36.999706, 
2025-07-17 16:44:05,0.42574266,12.017982,0.98253065,15.878167,21.113363,0.008492659,0.013723686,62980.164,0.99950427,916.9558,37.008617, 
2025-07-17 16:44:06,0.42740315,12.017932,0.98636276,15.8721485,21.105389,0.0084888805,0.013718502,63003.45,0.99950427,916.9578,37.009365, 
2025-07-17 16:44:07,0.41033337,12.016668,0.94696873,16.029154,21.314846,0.00858805,0.01385465,62387.52,0.99950445,916.8568,37.001152, 
2025-07-17 16:44:08,0.41013768,12.016569,0.94651717,16.03973,21.328962,0.008594732,0.013863824,62345.98,0.9995045,916.8512,37.00085, 
2025-07-17 16:44:09,0.40994203,12.016471,0.9460656,16.050304,21.343077,0.008601415,0.013873,62304.445,0.9995045,916.8456,37.000553, 
2025-07-17 16:44:10,0.42179465,12.016382,0.97341925,16.073782,21.374346,0.008616225,0.013893325,62213.42,0.9995045,916.91223,37.008915, 
2025-07-17 16:44:11,0.42206693,12.016345,0.9740476,16.079147,21.3815,0.008619612,0.013897976,62192.438,0.9995045,916.91364,37.00921, 
2025-07-17 16:44:12,0.42233923,12.016308,0.974676,16.084513,21.388655,0.008623,0.013902626,62171.453,0.9995045,916.9151,37.009502, 
2025-07-17 16:44:13,0.39914724,12.015374,0.92115337,16.074057,21.375256,0.008616645,0.013893917,62212.05,0.9995046,916.9619,37.018578, 
2025-07-17 16:44:14,0.39806208,12.015316,0.918649,16.074118,21.37537,0.008616698,0.013893991,62211.812,0.9995046,916.9663,37.019325, 
2025-07-17 16:44:15,0.39985076,12.014888,0.92277676,16.111893,21.425835,0.0086406,0.013926793,62066.008,0.9995047,916.8914,37.01114, 
2025-07-17 16:44:16,0.3994075,12.014839,0.9217538,16.114065,21.428751,0.008641981,0.013928688,62057.63,0.9995047,916.88776,37.01083, 
2025-07-17 16:44:17,0.39896423,12.01479,0.9207308,16.116238,21.431665,0.008643361,0.013930582,62049.246,0.9995047,916.8841,37.010525, 
2025-07-17 16:44:18,0.4070615,12.014956,0.9394177,16.122211,21.43952,0.008647085,0.013935687,62026.25,0.9995047,916.9515,37.036232, 
2025-07-17 16:44:19,0.40760478,12.0149555,0.94067156,16.123543,21.44129,0.008647924,0.013936839,62021.113,0.9995047,916.9536,37.037575, 
2025-07-17 16:44:20,0.40814808,12.0149555,0.9419254,16.124874,21.443062,0.008648763,0.01393799,62015.977,0.9995047,916.95575,37.03892, 
2025-07-17 16:44:21,0.41538417,12.014561,0.958625,15.901198,21.145824,0.008507999,0.013744786,62889.957,0.9995046,916.8697,37.030518, 
2025-07-17 16:44:22,0.41601634,12.014541,0.9600839,15.888075,21.128384,0.00849974,0.013733449,62941.242,0.9995046,916.8662,37.030666, 
2025-07-17 16:44:23,0.39169148,12.014301,0.90394694,16.01664,21.29948,0.008580749,0.013844662,62435.82,0.9995047,916.86334,37.03884, 
2025-07-17 16:44:24,0.39035586,12.014277,0.90086454,16.019356,21.303106,0.008582464,0.013847019,62425.02,0.9995047,916.86115,37.03914, 
2025-07-17 16:44:25,0.3890202,12.014254,0.89778215,16.022072,21.30673,0.00858418,0.013849375,62414.22,0.9995047,916.8589,37.03944, 
2025-07-17 16:44:26,0.42910483,12.014015,0.9902893,16.139847,21.463484,0.0086584315,0.013951264,61959.4,0.99950486,916.8683,37.04831, 
2025-07-17 16:44:27,0.43090272,12.013995,0.9944384,16.150244,21.47732,0.008664985,0.013960258,61919.02,0.99950486,916.86884,37.049053, 
2025-07-17 16:44:28,0.4327006,12.013975,0.99858755,16.16064,21.491158,0.008671539,0.013969253,61878.64,0.99950486,916.8693,37.049797, 
2025-07-17 16:44:29,0.40761036,12.014056,0.9406843,16.127201,21.446646,0.008650451,0.013940319,62007.12,0.9995048,916.8783,37.05861, 
2025-07-17 16:44:30,0.4070947,12.014055,0.93949425,16.128155,21.447914,0.008651052,0.013941144,62003.395,0.9995048,916.8791,37.05936, 
2025-07-17 16:44:31,0.4104207,12.013291,0.9471699,16.111626,21.426348,0.008640829,0.013927126,62067.016,0.99950486,916.8456,37.068066, 
2025-07-17 16:44:32,0.4099996,12.013247,0.94619817,16.109823,21.423975,0.0086397035,0.013925584,62073.945,0.99950486,916.84375,37.06881, 
2025-07-17 16:44:33,0.40957856,12.013202,0.94522643,16.10802,21.421602,0.008638579,0.013924042,62080.875,0.99950486,916.8419,37.069557, 
2025-07-17 16:44:34,0.3860794,12.01184,0.8909949,16.12223,21.441242,0.00864787,0.013936807,62026.16,0.99950504,916.8323,37.069695, 
2025-07-17 16:44:35,0.38472575,12.011738,0.88787097,16.122696,21.441916,0.008648188,0.013937245,62024.375,0.99950504,916.8309,37.069916, 
2025-07-17 16:44:36,0.38337213,12.011635,0.884747,16.12316,21.442589,0.008648505,0.013937682,62022.59,0.99950504,916.8294,37.07014, 
2025-07-17 16:44:37,0.39967725,12.010849,0.922376,16.098484,21.410198,0.008633156,0.013916628,62117.67,0.99950516,916.83875,37.078777, 
2025-07-17 16:44:38,0.40002802,12.010767,0.9231855,16.09738,21.408777,0.008632482,0.013915705,62121.92,0.99950516,916.839,37.079296, 
2025-07-17 16:44:39,0.4130286,12.009671,0.9531881,16.115067,21.432894,0.008643896,0.0139313815,62053.746,0.9995053,916.83936,37.07962, 
2025-07-17 16:44:40,0.41422153,12.009584,0.95594114,16.115599,21.43365,0.008644252,0.013931871,62051.695,0.9995053,916.83954,37.07984, 
2025-07-17 16:44:41,0.41541445,12.009498,0.95869416,16.116129,21.434404,0.008644609,0.013932362,62049.645,0.9995053,916.8398,37.080067, 
2025-07-17 16:44:42,0.39858297,12.010569,0.9198506,16.092829,21.40283,0.008629662,0.01391184,62139.5,0.99950516,916.8742,37.08863, 
2025-07-17 16:44:43,0.3978858,12.010606,0.9182417,16.09188,21.401548,0.008629056,0.013911007,62143.156,0.99950516,916.87634,37.089157, 
2025-07-17 16:44:44,0.39718863,12.010643,0.9166327,16.090933,21.400267,0.0086284485,0.013910173,62146.812,0.99950516,916.8784,37.08968, 
2025-07-17 16:44:45,0.40446743,12.010755,0.93343073,16.084305,21.391394,0.008624246,0.013904407,62172.414,0.99950516,916.8788,37.089767, 
2025-07-17 16:44:46,0.40448096,12.010788,0.93346196,16.083328,21.390078,0.008623622,0.013903551,62176.184,0.99950516,916.87964,37.089993, 
2025-07-17 16:44:47,0.39710277,12.009807,0.91643447,16.072418,21.3761,0.008616993,0.013894466,62218.395,0.9995053,916.8713,37.09, 
2025-07-17 16:44:48,0.39682284,12.0097475,0.91578835,16.071604,21.375048,0.008616494,0.013893781,62221.547,0.9995053,916.8707,37.09, 
2025-07-17 16:44:49,0.39654288,12.009688,0.9151423,16.07079,21.373997,0.008615995,0.013893098,62224.7,0.9995053,916.8702,37.09, 
2025-07-17 16:44:50,0.39924663,12.009737,0.9213822,15.728118,20.918222,0.0084002465,0.013596845,63585.234,0.9995051,916.92175,37.115837, 
2025-07-17 16:44:51,0.39922184,12.009715,0.921325,15.706987,20.890131,0.008386948,0.013578585,63669.105,0.9995051,916.9246,37.11741, 
2025-07-17 16:44:52,0.39919707,12.009693,0.92126787,15.685857,20.86204,0.008373651,0.013560326,63752.973,0.9995051,916.92755,37.11898, 
2025-07-17 16:44:53,0.42435846,12.00971,0.9793352,16.044073,21.338453,0.008599176,0.013869995,62331.895,0.9995053,916.9195,37.119316, 
2025-07-17 16:44:54,0.42593753,12.009712,0.9829794,16.056927,21.355545,0.008607267,0.013881105,62280.938,0.9995053,916.9203,37.119987, 
2025-07-17 16:44:55,0.4260912,12.009028,0.98333395,16.09615,21.408085,0.008632142,0.013915256,62128.39,0.9995054,916.8948,37.11155, 
2025-07-17 16:44:56,0.4266958,12.008986,0.98472923,16.107224,21.422836,0.008639125,0.013924844,62084.65,0.9995054,916.89294,37.111023, 
2025-07-17 16:44:57,0.4273004,12.008944,0.9861245,16.118296,21.437588,0.008646108,0.013934432,62040.906,0.9995054,916.8912,37.110497, 
2025-07-17 16:44:58,0.42105207,12.009007,0.97170466,16.087166,21.396149,0.008626482,0.013907497,62161.375,0.9995054,916.882,37.12749, 
2025-07-17 16:44:59,0.42067325,12.008994,0.97083044,16.0862,21.394873,0.008625878,0.013906667,62165.098,0.9995054,916.88086,37.128304, 
2025-07-17 16:45:00,0.42029443,12.008981,0.9699562,16.085238,21.393597,0.008625274,0.013905838,62168.82,0.9995054,916.87964,37.129112, 
2025-07-17 16:45:01,0.4171236,12.00826,0.96263844,16.063816,21.365498,0.008611956,0.013887574,62251.74,0.9995055,916.85345,37.129524, 
2025-07-17 16:45:02,0.41678277,12.008218,0.9618519,16.06185,21.362906,0.008610727,0.013885889,62259.34,0.9995055,916.8516,37.129967, 
2025-07-17 16:45:03,0.40788946,12.007279,0.94132775,16.111343,21.429247,0.008642143,0.013929011,62068.164,0.99950564,916.85077,37.138447, 
2025-07-17 16:45:04,0.40726444,12.007204,0.93988526,16.113932,21.432732,0.008643792,0.013931276,62058.168,0.99950564,916.8501,37.13897, 
2025-07-17 16:45:05,0.4066394,12.007128,0.93844277,16.11652,21.436214,0.008645441,0.01393354,62048.176,0.99950564,916.8494,37.139496, 
2025-07-17 16:45:06,0.40072477,12.006416,0.924793,16.025658,21.315744,0.008588374,0.013855234,62400.207,0.99950564,916.81525,37.14831, 
2025-07-17 16:45:07,0.40014207,12.00635,0.92344826,16.021383,21.310097,0.008585698,0.0138515625,62416.78,0.99950564,916.8131,37.149063, 
2025-07-17 16:45:08,0.39955938,12.006283,0.9221035,16.01711,21.30445,0.008583021,0.013847891,62433.355,0.99950564,916.81104,37.14981, 
2025-07-17 16:45:09,0.38863105,12.005895,0.896883,16.037462,21.331728,0.00859594,0.013865624,62354.06,0.99950576,916.86334,37.158558, 
2025-07-17 16:45:10,0.38782486,12.005853,0.8950225,16.036386,21.330322,0.008595273,0.013864709,62358.195,0.99950576,916.8656,37.15931, 
2025-07-17 16:45:11,0.4046493,12.005214,0.9338499,16.061987,21.36472,0.008611558,0.013887068,62258.844,0.9995059,916.8505,37.15962, 
2025-07-17 16:45:12,0.4054371,12.005165,0.93566793,16.064106,21.367563,0.008612905,0.013888917,62250.617,0.9995059,916.85077,37.159843, 
2025-07-17 16:45:13,0.4062249,12.0051155,0.93748605,16.066223,21.370407,0.008614251,0.013890765,62242.39,0.9995059,916.8511,37.16007, 
2025-07-17 16:45:14,0.41614,12.005183,0.9603681,16.081728,21.390995,0.008624003,0.013904146,62182.395,0.9995058,916.8589,37.168545, 
2025-07-17 16:45:15,0.41716498,12.005171,0.96273357,16.083298,21.39309,0.008624996,0.013905508,62176.312,0.9995058,916.85895,37.169056, 
2025-07-17 16:45:16,0.41818997,12.005159,0.96509904,16.08487,21.395185,0.008625988,0.01390687,62170.227,0.9995058,916.859,37.16957, 
2025-07-17 16:45:17,0.42587763,12.005009,0.98284054,16.09589,21.409927,0.00863297,0.013916452,62127.668,0.9995059,916.8683,37.169746, 
2025-07-17 16:45:18,0.42659166,12.005001,0.98448837,16.096952,21.411345,0.0086336415,0.0139173735,62123.562,0.9995059,916.869,37.169968, 
2025-07-17 16:45:19,0.42341185,12.004617,0.9771499,16.22429,21.580935,0.008713993,0.014027609,61636.707,0.999506,916.87775,37.17, 
2025-07-17 16:45:20,0.4233995,12.004589,0.9771215,16.23247,21.59183,0.008719155,0.014034689,61605.43,0.999506,916.87854,37.17, 
2025-07-17 16:45:21,0.4233872,12.004561,0.977093,16.240648,21.602722,0.008724316,0.01404177,61574.152,0.999506,916.8793,37.17, 
2025-07-17 16:45:22,0.4177257,12.004711,0.9640276,16.135792,21.463165,0.008658187,0.013951058,61974.395,0.9995059,916.8794,37.17, 
2025-07-17 16:45:23,0.417299,12.00471,0.9630428,16.132607,21.458927,0.0086561795,0.013948303,61986.535,0.9995059,916.87964,37.17, 
2025-07-17 16:45:24,0.41687226,12.00471,0.96205807,16.12942,21.454689,0.008654171,0.013945548,61998.68,0.9995059,916.8798,37.17, 
2025-07-17 16:45:25,0.431338,12.004558,0.995442,16.112389,21.432116,0.008643477,0.013930876,62064.16,0.99950594,916.8358,37.17, 
2025-07-17 16:45:26,0.43205917,12.004552,0.9971063,16.10876,21.427294,0.008641193,0.013927741,62078.03,0.99950594,916.8332,37.17, 
2025-07-17 16:45:27,0.4123221,12.003865,0.95155704,16.11823,21.440264,0.008647331,0.013936171,62041.56,0.999506,916.8401,37.17, 
2025-07-17 16:45:28,0.41143382,12.0038185,0.949507,16.118511,21.440662,0.008647519,0.01393643,62040.477,0.999506,916.8395,37.17, 
2025-07-17 16:45:29,0.4105455,12.003772,0.94745696,16.118792,21.441061,0.008647708,0.013936689,62039.4,0.999506,916.83887,37.17, 
2025-07-17 16:45:30,0.43463022,12.003598,1.0030396,16.084454,21.39548,0.008626114,0.013907062,62171.88,0.999506,916.85657,37.17, 
2025-07-17 16:45:31,0.43559536,12.003571,1.005267,16.08261,21.393042,0.008624958,0.013905477,62178.996,0.999506,916.85785,37.17, 
2025-07-17 16:45:32,0.4365605,12.003543,1.0074944,16.080765,21.390604,0.008623803,0.013903892,62186.113,0.999506,916.85913,37.17, 
2025-07-17 16:45:33,0.42057148,12.003471,0.9705948,16.086678,21.398508,0.008627545,0.013909031,62163.25,0.99950606,916.8592,37.17, 
2025-07-17 16:45:34,0.42022246,12.003463,0.9697894,16.08616,21.397825,0.008627222,0.013908587,62165.24,0.99950606,916.8597,37.17, 
2025-07-17 16:45:35,0.40248972,12.002154,0.92886573,16.002127,21.28675,0.008574602,0.013836388,62492.004,0.9995061,916.9018,37.17, 
2025-07-17 16:45:36,0.40099344,12.002071,0.9254126,15.99705,21.28004,0.008571424,0.013832027,62511.75,0.9995061,916.9044,37.17, 
2025-07-17 16:45:37,0.39949715,12.001988,0.92195946,15.991972,21.273333,0.008568246,0.013827666,62531.5,0.9995061,916.90704,37.17, 
2025-07-17 16:45:38,0.4105029,12.001024,0.9473584,16.08556,21.39835,0.008627449,0.013908928,62167.85,0.9995063,916.9081,37.161404, 
2025-07-17 16:45:39,0.4107344,12.000933,0.9478926,16.089148,21.403173,0.008629734,0.013912064,62153.91,0.9995063,916.90924,37.160877, 
2025-07-17 16:45:40,0.41096583,12.000841,0.9484267,16.092737,21.407997,0.008632017,0.0139152,62139.973,0.9995063,916.91034,37.160355, 
2025-07-17 16:45:41,0.4005723,12.000696,0.9244405,16.086617,21.399937,0.008628197,0.01390996,62163.54,0.99950635,916.8922,37.15147, 
2025-07-17 16:45:42,0.40022132,12.000663,0.92363054,16.088596,21.402588,0.008629452,0.013911683,62155.832,0.99950635,916.8912,37.150723, 
2025-07-17 16:45:43,0.41559428,12.000726,0.95910823,15.946962,21.21414,0.008540208,0.013789191,62708.812,0.9995063,916.9073,37.15881, 
2025-07-17 16:45:44,0.4162972,12.000727,0.9607305,15.937926,21.202118,0.008534515,0.013781377,62744.086,0.9995063,916.9079,37.15911, 
2025-07-17 16:45:45,0.41700014,12.000727,0.9623527,15.928889,21.190096,0.008528822,0.013773563,62779.36,0.9995063,916.9085,37.159412, 
2025-07-17 16:45:46,0.41291812,12.000501,0.9529322,16.092258,21.407549,0.008631805,0.013914906,62142.566,0.99950635,916.8833,37.142498, 
2025-07-17 16:45:47,0.41306034,12.000488,0.9532603,16.098665,21.416079,0.008635845,0.0139204515,62117.613,0.99950635,916.88214,37.141674, 
2025-07-17 16:45:48,0.41320252,12.000476,0.9535884,16.105074,21.42461,0.008639885,0.013925997,62092.66,0.99950635,916.88104,37.14085, 
2025-07-17 16:45:49,0.39977926,12.001261,0.92261046,16.10359,21.422207,0.008638753,0.013924435,62098.16,0.99950624,916.8366,37.140488, 
2025-07-17 16:45:50,0.39887574,12.001302,0.92052525,16.1076,21.427519,0.008641268,0.013927887,62082.52,0.99950624,916.8333,37.140038, 
2025-07-17 16:45:51,0.41557735,12.000797,0.9590692,16.13493,21.464151,0.008658619,0.013951698,61977.37,0.99950635,916.8653,37.14, 
2025-07-17 16:45:52,0.41631222,12.000784,0.96076506,16.13647,21.466208,0.008659593,0.013953036,61971.44,0.99950635,916.8663,37.14, 
2025-07-17 16:45:53,0.41704705,12.0007715,0.96246094,16.138012,21.468266,0.008660568,0.013954373,61965.516,0.99950635,916.86725,37.14, 
2025-07-17 16:45:54,0.3961496,12.000366,0.91423374,16.08156,21.393389,0.008625091,0.013905703,62183.13,0.99950635,916.877,37.131413, 
2025-07-17 16:45:55,0.39530042,12.000328,0.91227406,16.078794,21.389729,0.008623358,0.0139033245,62193.797,0.99950635,916.8784,37.13089, 
2025-07-17 16:45:56,0.39445126,12.000291,0.9103143,16.076029,21.38607,0.008621624,0.013900946,62204.465,0.99950635,916.8799,37.130363, 
2025-07-17 16:45:57,0.36662683,12.000454,0.8461011,16.075958,21.38589,0.00862154,0.013900828,62204.71,0.99950635,916.8444,37.130245, 
2025-07-17 16:45:58,0.36443487,12.000453,0.8410426,16.07453,21.38399,0.00862064,0.013899593,62210.22,0.99950635,916.8426,37.130024, 
2025-07-17 16:45:59,0.40595153,11.999468,0.93685454,16.048128,21.3494,0.008604247,0.01387711,62312.598,0.9995065,916.83295,37.113247, 
2025-07-17 16:46:00,0.40788582,11.999411,0.94131845,16.04653,21.347303,0.008603254,0.013875747,62318.797,0.9995065,916.83154,37.11221, 
2025-07-17 16:46:01,0.40982008,11.999353,0.9457823,16.04493,21.345207,0.008602261,0.013874385,62324.996,0.9995065,916.83014,37.11117, 
2025-07-17 16:46:02,0.42633513,11.999171,0.9838958,16.072657,21.382193,0.008619777,0.013898425,62217.496,0.99950653,916.83,37.11066, 
2025-07-17 16:46:03,0.4283935,11.999135,0.9886461,16.073719,21.383627,0.008620456,0.013899357,62213.375,0.99950653,916.82983,37.110214, 
2025-07-17 16:46:04,0.43045187,11.9991,0.99339646,16.074781,21.38506,0.008621135,0.013900288,62209.25,0.99950653,916.8296,37.10977, 
2025-07-17 16:46:05,0.4153025,11.998638,0.95843464,16.031013,21.327082,0.008593672,0.013862604,62379.152,0.99950653,916.8642,37.11, 
2025-07-17 16:46:06,0.4148454,11.998607,0.9573798,16.029184,21.324667,0.008592527,0.013861033,62386.258,0.99950653,916.8662,37.11, 
2025-07-17 16:46:07,0.41438836,11.998575,0.956325,16.027355,21.32225,0.008591383,0.013859463,62393.36,0.99950653,916.86816,37.11, 
2025-07-17 16:46:08,0.39609775,11.997922,0.9141139,16.023752,21.31781,0.0085892705,0.013856578,62407.37,0.9995066,916.8509,37.09212, 
2025-07-17 16:46:09,0.39466977,11.997871,0.91081834,16.022514,21.31619,0.008588503,0.013855524,62412.18,0.9995066,916.8507,37.09105, 
2025-07-17 16:46:10,0.40328434,11.997394,0.930699,16.030716,21.32736,0.008593789,0.013862784,62380.25,0.9995067,916.85034,37.090645, 
2025-07-17 16:46:11,0.4033835,11.997349,0.9309278,16.031168,21.327986,0.008594085,0.013863191,62378.492,0.9995067,916.84985,37.090187, 
2025-07-17 16:46:12,0.40348262,11.997304,0.9311566,16.03162,21.328611,0.008594382,0.013863598,62376.73,0.9995067,916.8494,37.089725, 
2025-07-17 16:46:13,0.4126786,11.996355,0.9523789,16.05804,21.364279,0.008611265,0.0138867805,62274.13,0.99950683,916.88464,37.09, 
2025-07-17 16:46:14,0.41344365,11.996285,0.95414454,16.059835,21.366705,0.008612414,0.013888358,62267.152,0.99950683,916.8867,37.09, 
2025-07-17 16:46:15,0.4142087,11.996216,0.95591015,16.061632,21.369133,0.008613562,0.013889936,62260.176,0.99950683,916.88885,37.09, 
2025-07-17 16:46:16,0.40390825,11.995414,0.9321386,16.06417,21.372946,0.0086153615,0.013892415,62250.336,0.99950695,916.85333,37.081112, 
2025-07-17 16:46:17,0.40353593,11.995342,0.93127936,16.065,21.374088,0.008615902,0.013893157,62247.117,0.99950695,916.8522,37.080585, 
2025-07-17 16:46:18,0.3807889,11.995089,0.87878376,16.080635,21.395027,0.0086258175,0.0139067685,62186.605,0.99950695,916.8681,37.071796, 
2025-07-17 16:46:19,0.37915465,11.995054,0.8750123,16.081663,21.396414,0.008626474,0.013907669,62182.63,0.99950695,916.8683,37.07105, 
2025-07-17 16:46:20,0.3775204,11.995019,0.87124074,16.082691,21.3978,0.00862713,0.013908571,62178.65,0.99950695,916.8684,37.0703, 
2025-07-17 16:46:21,0.40636328,11.994403,0.9378042,16.047194,21.350904,0.008604912,0.013878088,62316.234,0.99950707,916.8345,37.061596, 
2025-07-17 16:46:22,0.40750957,11.99436,0.9404496,16.045473,21.348639,0.008603838,0.013876616,62322.906,0.99950707,916.8328,37.060852, 
2025-07-17 16:46:23,0.40865588,11.994316,0.943095,16.04375,21.346373,0.008602764,0.013875143,62329.58,0.99950707,916.83124,37.06011, 
2025-07-17 16:46:24,0.43417886,11.994717,1.0019971,15.9476795,21.218332,0.008542134,0.013791917,62705.37,0.99950695,916.8394,37.060204, 
2025-07-17 16:46:25,0.43639797,11.994724,1.0071183,15.941086,21.209555,0.008537979,0.013786212,62731.13,0.99950695,916.83905,37.05998, 
2025-07-17 16:46:26,0.41621128,11.994508,0.9605315,16.045395,21.348455,0.0086037535,0.013876496,62323.555,0.999507,916.85645,37.06, 
2025-07-17 16:46:27,0.41556817,11.994504,0.9590473,16.049517,21.353941,0.008606351,0.013880062,62307.46,0.999507,916.8577,37.06, 
2025-07-17 16:46:28,0.41492507,11.9945,0.9575631,16.053638,21.359426,0.008608948,0.013883627,62291.367,0.999507,916.85895,37.06, 
2025-07-17 16:46:29,0.39353418,11.993468,0.90819716,16.059559,21.367865,0.0086129345,0.0138891125,62268.316,0.9995072,916.8504,37.06, 
2025-07-17 16:46:30,0.3917419,11.993401,0.90406096,16.062536,21.371864,0.008614827,0.013891712,62256.688,0.9995072,916.85034,37.06, 
2025-07-17 16:46:31,0.38994965,11.993333,0.89992476,16.065514,21.375862,0.00861672,0.013894311,62245.055,0.9995072,916.8503,37.06, 
2025-07-17 16:46:32,0.4256978,11.993094,0.98242426,16.0667,21.37757,0.00861753,0.013895421,62240.535,0.9995072,916.8677,37.051117, 
2025-07-17 16:46:33,0.42725626,11.993054,0.98602086,16.066975,21.377958,0.008617713,0.013895674,62239.47,0.9995072,916.86847,37.050594, 
2025-07-17 16:46:34,0.40434572,11.992725,0.93314797,16.003208,21.293287,0.00857761,0.013840637,62487.64,0.9995072,916.8519,37.041813, 
2025-07-17 16:46:35,0.403768,11.9927,0.93181473,15.999368,21.288193,0.008575197,0.013837325,62502.586,0.9995072,916.8513,37.041065, 
2025-07-17 16:46:36,0.40319028,11.992674,0.9304815,15.995528,21.283098,0.008572784,0.013834015,62517.527,0.9995072,916.8507,37.040314, 
2025-07-17 16:46:37,0.4071124,11.992512,0.9395329,16.033432,21.333622,0.008596709,0.013866855,62369.727,0.99950725,916.88513,37.048973, 
2025-07-17 16:46:38,0.40676752,11.992494,0.938737,16.034103,21.334524,0.008597136,0.013867442,62367.1,0.99950725,916.8868,37.04927, 
2025-07-17 16:46:39,0.40642262,11.9924755,0.937941,16.034773,21.335426,0.008597562,0.013868027,62364.477,0.99950725,916.8884,37.04957, 
2025-07-17 16:46:40,0.4269445,11.992001,0.9853013,16.027378,21.325844,0.008593021,0.013861799,62393.242,0.9995073,916.88007,37.0498, 
2025-07-17 16:46:41,0.42824814,11.991968,0.9883098,16.027857,21.326498,0.00859333,0.013862223,62391.375,0.9995073,916.88043,37.050026, 
2025-07-17 16:46:42,0.4064872,11.99211,0.93809,15.961756,21.238466,0.008551643,0.013805004,62649.945,0.99950725,916.863,37.05, 
2025-07-17 16:46:43,0.40561983,11.992108,0.9360884,15.957484,21.232786,0.008548953,0.01380131,62666.65,0.99950725,916.8617,37.05, 
2025-07-17 16:46:44,0.4047525,11.9921055,0.9340867,15.953214,21.227104,0.008546262,0.013797617,62683.35,0.99950725,916.8604,37.05, 
2025-07-17 16:46:45,0.39717808,11.991722,0.9166064,16.0737,21.38763,0.008622283,0.013901959,62213.88,0.99950737,916.8864,37.058697, 
2025-07-17 16:46:46,0.39617106,11.991703,0.9142824,16.079294,21.395082,0.008625813,0.013906804,62192.11,0.99950737,916.8875,37.059223, 
2025-07-17 16:46:47,0.395164,11.991683,0.9119584,16.084887,21.402536,0.008629343,0.013911649,62170.34,0.99950737,916.8887,37.059746, 
2025-07-17 16:46:48,0.4059076,11.9910345,0.9367524,16.080658,21.39726,0.008626838,0.01390822,62186.598,0.9995074,916.87134,37.059803, 
2025-07-17 16:46:49,0.40633836,11.990987,0.93774647,16.08342,21.400965,0.008628592,0.013910627,62175.816,0.9995074,916.871,37.060028, 
2025-07-17 16:46:50,0.39210308,11.991353,0.9048944,16.101044,21.424213,0.008639608,0.013925739,62107.79,0.99950737,916.8619,37.05148, 
2025-07-17 16:46:51,0.39146832,11.99136,0.90342945,16.102001,21.425484,0.008640209,0.013926565,62104.094,0.99950737,916.8609,37.050953, 
2025-07-17 16:46:52,0.39083353,11.991367,0.9019645,16.102957,21.426754,0.008640811,0.01392739,62100.4,0.99950737,916.8599,37.05043, 
2025-07-17 16:46:53,0.41359946,11.990529,0.9545036,16.022402,21.320019,0.008590248,0.013858013,62412.84,0.9995074,916.8513,37.05894, 
2025-07-17 16:46:54,0.41460058,11.990488,0.95681393,16.018036,21.314232,0.008587507,0.013854251,62429.785,0.9995074,916.8505,37.059235, 
2025-07-17 16:46:55,0.4156017,11.990448,0.9591243,16.013668,21.308443,0.008584764,0.013850489,62446.727,0.9995074,916.8498,37.05953, 
2025-07-17 16:46:56,0.41560614,11.990268,0.9591346,16.010798,21.30472,0.008583,0.013848068,62457.89,0.9995074,916.85876,37.050903, 
2025-07-17 16:46:57,0.41616753,11.990236,0.9604302,16.008625,21.301846,0.008581637,0.0138462,62466.324,0.9995074,916.8591,37.050594, 
2025-07-17 16:46:58,0.38657954,11.989525,0.89214694,15.946182,21.21914,0.00854247,0.01379244,62711.105,0.99950755,916.8338,37.05886, 
2025-07-17 16:46:59,0.38474527,11.989477,0.8879138,15.942288,21.213984,0.008540029,0.013789089,62726.367,0.99950755,916.83246,37.05916, 
2025-07-17 16:47:00,0.38291103,11.989429,0.8836807,15.938395,21.208828,0.008537587,0.0137857385,62741.63,0.99950755,916.8311,37.059456, 
2025-07-17 16:47:01,0.3860212,11.989577,0.89085835,16.091707,21.41276,0.008634168,0.013918294,62144.566,0.99950755,916.83923,37.059723, 
2025-07-17 16:47:02,0.38546124,11.989568,0.88956606,16.099373,21.422964,0.008639,0.0139249265,62114.754,0.99950755,916.8391,37.059948, 
2025-07-17 16:47:03,0.38490126,11.989559,0.8882737,16.107038,21.433168,0.008643833,0.01393156,62084.945,0.99950755,916.8389,37.060173, 
2025-07-17 16:47:04,0.41399255,11.989014,0.9554104,16.040169,21.344482,0.00860182,0.013873912,62343.664,0.99950767,916.87494,37.06886, 
2025-07-17 16:47:05,0.4157713,11.988984,0.9595155,16.040062,21.344357,0.00860176,0.01387383,62343.98,0.99950767,916.87726,37.06938, 
2025-07-17 16:47:06,0.41267788,11.988428,0.9523764,16.029135,21.330116,0.008595009,0.013864576,62386.465,0.9995077,916.86975,37.069645, 
2025-07-17 16:47:07,0.4131572,11.988381,0.9534826,16.026854,21.327108,0.0085935835,0.01386262,62395.3,0.9995077,916.8701,37.06987, 
2025-07-17 16:47:08,0.41363654,11.988334,0.9545888,16.024572,21.324099,0.008592158,0.013860663,62404.14,0.9995077,916.8705,37.070095, 
2025-07-17 16:47:09,0.4163641,11.987078,0.96088326,16.05908,21.3707,0.008614219,0.013890956,62270.1,0.9995079,916.83527,37.07, 
2025-07-17 16:47:10,0.41644797,11.986988,0.96107674,16.060904,21.373177,0.00861539,0.013892564,62263.02,0.99950796,916.83295,37.07, 
2025-07-17 16:47:11,0.4165318,11.986898,0.9612703,16.062727,21.37565,0.008616561,0.013894173,62255.94,0.99950796,916.8306,37.07, 
2025-07-17 16:47:12,0.4174485,11.986406,0.96338576,15.984231,21.271456,0.00856721,0.013826447,62561.832,0.99950796,916.8394,37.078857, 
2025-07-17 16:47:13,0.41757718,11.986344,0.9636828,15.980435,21.266438,0.008564834,0.013823185,62576.633,0.99950796,916.83905,37.07938, 
2025-07-17 16:47:14,0.4137658,11.986028,0.9548869,15.993002,21.283333,0.008572831,0.013834167,62527.402,0.99950796,916.81384,37.079647, 
2025-07-17 16:47:15,0.41355032,11.985996,0.95438963,15.991924,21.281916,0.008572159,0.013833246,62531.586,0.99950796,916.8125,37.079872, 
2025-07-17 16:47:16,0.41333485,11.985965,0.9538924,15.990847,21.2805,0.008571488,0.013832325,62535.766,0.99950796,916.81116,37.080097, 
2025-07-17 16:47:17,0.4297126,11.9854965,0.9916888,16.071247,21.38775,0.00862228,0.013902038,62223.184,0.9995081,916.8192,37.08, 
2025-07-17 16:47:18,0.43059856,11.98546,0.9937334,16.0764,21.394627,0.008625537,0.013906508,62203.145,0.9995081,916.81903,37.08, 
2025-07-17 16:47:19,0.4314845,11.985424,0.99577796,16.081553,21.401503,0.008628793,0.013910977,62183.1,0.9995081,916.8189,37.08, 
2025-07-17 16:47:20,0.39969942,11.984862,0.9224246,15.68182,20.869831,0.008377125,0.013565389,63772.93,0.99950784,916.86383,37.08887, 
2025-07-17 16:47:21,0.39820576,11.984817,0.9189775,15.659917,20.840708,0.008363339,0.013546459,63860.22,0.99950784,916.8667,37.0894, 
2025-07-17 16:47:22,0.41207287,11.984801,0.95097977,16.021479,21.321892,0.008591101,0.01385923,62421.1,0.9995081,916.87646,37.08965, 
2025-07-17 16:47:23,0.41216287,11.984787,0.9511875,16.034216,21.338854,0.008599129,0.013870255,62370.363,0.99950814,916.8781,37.089878, 
2025-07-17 16:47:24,0.41225287,11.984773,0.95139515,16.046955,21.355816,0.008607157,0.013881279,62319.63,0.99950814,916.87976,37.090103, 
2025-07-17 16:47:25,0.4182442,11.984081,0.96522194,15.943582,21.218615,0.008542173,0.013792099,62722.31,0.9995082,916.8621,37.098633, 
2025-07-17 16:47:26,0.41895485,11.984039,0.96686196,15.946524,21.222553,0.008544034,0.01379466,62710.07,0.9995082,916.8613,37.09915, 
2025-07-17 16:47:27,0.4196655,11.983997,0.968502,15.949467,21.226492,0.008545896,0.01379722,62697.83,0.9995082,916.8605,37.09967, 
2025-07-17 16:47:28,0.41690028,11.983738,0.9621204,15.9654255,21.247873,0.008556017,0.013811117,62635.426,0.9995082,916.8956,37.09978, 
2025-07-17 16:47:29,0.41688442,11.9837055,0.9620838,15.96392,21.245886,0.008555076,0.013809826,62641.27,0.9995082,916.8973,37.100002, 
2025-07-17 16:47:30,0.3976009,11.983083,0.91758126,16.058535,21.372145,0.008614864,0.013891893,62272.613,0.9995084,916.8813,37.1, 
2025-07-17 16:47:31,0.396349,11.983038,0.91469216,16.064957,21.380716,0.008618923,0.013897465,62247.57,0.9995084,916.88116,37.1, 
2025-07-17 16:47:32,0.39509714,11.982994,0.91180307,16.071379,21.389288,0.008622983,0.013903037,62222.523,0.9995084,916.88104,37.1, 
2025-07-17 16:47:33,0.41736865,11.982356,0.96320105,16.031054,21.335962,0.008597719,0.013868376,62379.016,0.99950844,916.889,37.108665, 
2025-07-17 16:47:34,0.41822997,11.982302,0.9651888,16.030998,21.33592,0.008597697,0.013868348,62379.188,0.99950844,916.8891,37.10919, 
2025-07-17 16:47:35,0.41909128,11.982247,0.9671765,16.030945,21.335876,0.008597677,0.01386832,62379.36,0.99950844,916.88916,37.109715, 
2025-07-17 16:47:36,0.37919146,11.981227,0.8750958,16.049158,21.360672,0.00860941,0.013884437,62308.58,0.99950856,916.8103,37.109783, 
2025-07-17 16:47:37,0.37739623,11.981151,0.8709528,16.049269,21.36086,0.008609499,0.01388456,62308.145,0.99950856,916.80585,37.11001, 
2025-07-17 16:47:38,0.3984571,11.98142,0.919557,16.060656,21.375868,0.008616613,0.013894315,62263.977,0.99950856,916.86255,37.127014, 
2025-07-17 16:47:39,0.39883927,11.981413,0.92043895,16.061832,21.37744,0.008617357,0.013895337,62259.406,0.99950856,916.86426,37.128075, 
2025-07-17 16:47:40,0.39922145,11.981405,0.9213209,16.06301,21.37901,0.008618101,0.013896357,62254.836,0.99950856,916.86597,37.129135, 
2025-07-17 16:47:41,0.43031874,11.98173,0.9930872,16.052158,21.364391,0.008611179,0.013886854,62296.92,0.9995085,916.8764,37.12944, 
2025-07-17 16:47:42,0.4327566,11.981757,0.9987132,16.051785,21.36388,0.008610937,0.013886522,62298.367,0.9995085,916.87854,37.129894, 
2025-07-17 16:47:43,0.43519443,11.981785,1.0043392,16.051413,21.363367,0.008610695,0.013886189,62299.816,0.9995085,916.8806,37.130352, 
2025-07-17 16:47:44,0.41546562,11.981148,0.9588092,16.050009,21.361847,0.008609969,0.013885201,62305.258,0.99950856,916.87946,37.13, 
2025-07-17 16:47:45,0.41509297,11.981118,0.9579492,16.049664,21.361403,0.008609758,0.013884912,62306.6,0.99950856,916.8797,37.13, 
2025-07-17 16:47:46,0.4151526,11.980865,0.9580867,16.024681,21.328289,0.0085940715,0.013863388,62403.76,0.9995086,916.86273,37.13, 
2025-07-17 16:47:47,0.4146994,11.980834,0.95704085,16.02311,21.326216,0.008593088,0.01386204,62409.875,0.9995086,916.8617,37.13, 
2025-07-17 16:47:48,0.41424623,11.9808035,0.95599496,16.02154,21.32414,0.0085921055,0.013860692,62415.984,0.9995086,916.8606,37.13, 
2025-07-17 16:47:49,0.40368947,11.980323,0.9316321,16.039646,21.348501,0.00860364,0.013876526,62345.523,0.9995087,916.8516,37.138653, 
2025-07-17 16:47:50,0.4030569,11.980288,0.9301722,16.040112,21.34914,0.008603943,0.013876941,62343.71,0.9995087,916.85065,37.139175, 
2025-07-17 16:47:51,0.40242428,11.980252,0.92871225,16.040577,21.34978,0.008604244,0.013877356,62341.9,0.9995087,916.8497,37.1397, 
2025-07-17 16:47:52,0.38138834,11.980339,0.8801657,16.032589,21.339102,0.008599188,0.013870416,62372.96,0.9995087,916.86755,37.14861, 
2025-07-17 16:47:53,0.37986675,11.980332,0.87665427,16.03256,21.339066,0.008599171,0.013870393,62373.074,0.9995087,916.8684,37.14936, 
2025-07-17 16:47:54,0.4026183,11.979792,0.92916006,16.028465,21.333908,0.008596722,0.01386704,62389.004,0.99950874,916.886,37.149635, 
2025-07-17 16:47:55,0.4035346,11.979761,0.9312747,16.028011,21.33332,0.008596444,0.013866657,62390.777,0.99950874,916.8875,37.14986, 
2025-07-17 16:47:56,0.40445092,11.97973,0.93338937,16.027555,21.332731,0.008596164,0.013866276,62392.547,0.99950874,916.889,37.150085, 
2025-07-17 16:47:57,0.4161668,11.979248,0.9604272,15.925504,21.19716,0.008531964,0.013778155,62792.77,0.99950874,916.91504,37.15865, 
2025-07-17 16:47:58,0.417456,11.979205,0.9634024,15.919216,21.188814,0.008528012,0.01377273,62817.426,0.99950874,916.91705,37.159176, 
2025-07-17 16:47:59,0.41874516,11.979162,0.96637756,15.912928,21.18047,0.008524059,0.013767305,62842.082,0.99950874,916.91907,37.1597, 
2025-07-17 16:48:00,0.43016657,11.978536,0.99273574,15.809723,21.043434,0.008459191,0.013678232,63252.773,0.99950874,916.89264,37.15096, 
2025-07-17 16:48:01,0.43115127,11.978486,0.99500823,15.800992,21.03184,0.008453702,0.013670696,63287.367,0.99950874,916.8917,37.15066, 
2025-07-17 16:48:02,0.40855488,11.978006,0.94286036,15.896394,21.15908,0.008513926,0.013753403,62907.7,0.99950886,916.8569,37.167316, 
2025-07-17 16:48:03,0.40743223,11.9779625,0.94026953,15.899894,21.163765,0.008516141,0.013756447,62893.766,0.99950886,916.8541,37.16814, 
2025-07-17 16:48:04,0.40630957,11.977918,0.9376787,15.903395,21.168447,0.008518358,0.013759491,62879.836,0.99950886,916.8513,37.168964, 
2025-07-17 16:48:05,0.4338358,11.977274,1.0012035,15.761056,20.979328,0.008428844,0.013636564,63448.21,0.99950886,916.86816,37.178055, 
2025-07-17 16:48:06,0.43493193,11.977222,1.0037332,15.754856,20.971106,0.008424952,0.013631218,63473,0.99950886,916.8683,37.17903, 
2025-07-17 16:48:07,0.43602803,11.977172,1.0062628,15.748657,20.962881,0.008421059,0.013625872,63497.785,0.99950886,916.86847,37.180004, 
2025-07-17 16:48:08,0.4267196,11.97638,0.98478067,15.791121,21.019827,0.008447996,0.013662887,63326.87,0.999509,916.84283,37.17096, 
2025-07-17 16:48:09,0.42685556,11.976316,0.98509437,15.79006,21.01845,0.0084473435,0.013661992,63331.023,0.999509,916.8417,37.170662, 
2025-07-17 16:48:10,0.4047684,11.975677,0.9341217,15.741892,20.954672,0.008417159,0.013620536,63524.86,0.99950904,916.807,37.17037, 
2025-07-17 16:48:11,0.403166,11.975618,0.93042374,15.739977,20.952152,0.008415967,0.0136188995,63532.566,0.99950904,916.8042,37.170143, 
2025-07-17 16:48:12,0.4015636,11.97556,0.9267257,15.738062,20.949635,0.008414775,0.013617262,63540.273,0.99950904,916.80145,37.16992, 
2025-07-17 16:48:13,0.40900242,11.9752445,0.94389296,15.759649,20.978539,0.008428449,0.013636051,63453.215,0.99950904,916.87,37.17864, 
2025-07-17 16:48:14,0.4089,11.975209,0.9436566,15.759729,20.978666,0.008428508,0.013636133,63452.88,0.99950904,916.8733,37.179165, 
2025-07-17 16:48:15,0.4087976,11.975174,0.9434203,15.75981,20.978792,0.008428568,0.013636215,63452.543,0.99950904,916.8766,37.179688, 
2025-07-17 16:48:16,0.40380323,11.974381,0.9318942,15.77681,21.001844,0.008439469,0.013651199,63384.188,0.9995092,916.8868,37.17978, 
2025-07-17 16:48:17,0.4036816,11.974326,0.93161345,15.778355,21.00393,0.008440455,0.013652554,63377.97,0.9995092,916.8891,37.18, 
2025-07-17 16:48:18,0.38983226,11.974919,0.89965206,15.775834,21.000257,0.00843872,0.013650167,63388.094,0.99950916,916.84705,37.18, 
2025-07-17 16:48:19,0.3888457,11.974937,0.89737535,15.77605,21.000536,0.008438853,0.013650348,63387.227,0.99950916,916.84467,37.18, 
2025-07-17 16:48:20,0.38785914,11.974956,0.89509857,15.776266,21.000814,0.008438984,0.013650529,63386.355,0.99950916,916.8422,37.18, 
2025-07-17 16:48:21,0.4153753,11.974818,0.95860016,15.780587,21.006638,0.008441741,0.013654315,63369,0.99950916,916.85846,37.18, 
2025-07-17 16:48:22,0.41669843,11.974825,0.96165365,15.780781,21.006893,0.008441862,0.013654481,63368.22,0.99950916,916.8584,37.18, 
2025-07-17 16:48:23,0.41802153,11.974833,0.96470714,15.780975,21.007147,0.008441982,0.013654646,63367.44,0.99950916,916.8583,37.18, 
2025-07-17 16:48:24,0.4112495,11.973852,0.9490786,15.753592,20.971218,0.00842497,0.013631292,63477.613,0.9995092,916.8504,37.188805, 
2025-07-17 16:48:25,0.41153705,11.97379,0.94974226,15.752073,20.96923,0.008424029,0.01363,63483.723,0.9995092,916.85034,37.18933, 
2025-07-17 16:48:26,0.3894302,11.973984,0.8987242,15.692358,20.889635,0.008386373,0.013578262,63725.492,0.9995092,916.867,37.181168, 
2025-07-17 16:48:27,0.38788772,11.973973,0.8951645,15.688011,20.883854,0.008383637,0.013574504,63743.08,0.9995092,916.8678,37.18087, 
2025-07-17 16:48:28,0.38634524,11.973963,0.8916048,15.683663,20.87807,0.008380901,0.013570746,63760.664,0.9995092,916.86865,37.18057, 
2025-07-17 16:48:29,0.4173384,11.973745,0.9631305,15.724506,20.932558,0.008406676,0.013606163,63595.062,0.9995092,916.87775,37.1803, 
2025-07-17 16:48:30,0.41866788,11.973738,0.9661987,15.725494,20.933878,0.0084073,0.0136070205,63591.05,0.9995092,916.8787,37.180077, 
2025-07-17 16:48:31,0.4199974,11.973729,0.9692669,15.726482,20.935196,0.008407924,0.013607878,63587.035,0.9995092,916.8797,37.17985, 
2025-07-17 16:48:32,0.38429165,11.972534,0.8868653,15.682188,20.876867,0.008380318,0.013569963,63766.67,0.9995094,916.87946,37.18, 
2025-07-17 16:48:33,0.3829409,11.972457,0.883748,15.680555,20.874733,0.0083793085,0.013568576,63773.293,0.9995094,916.8797,37.18, 
2025-07-17 16:48:34,0.36826283,11.97211,0.8498741,15.783513,21.011982,0.008444245,0.013657788,63357.695,0.99950945,916.8882,37.18842, 
2025-07-17 16:48:35,0.36650196,11.97206,0.8458104,15.788778,21.019018,0.0084475735,0.013662361,63336.457,0.99950945,916.8887,37.18894, 
2025-07-17 16:48:36,0.36474112,11.972012,0.8417467,15.794044,21.026054,0.008450902,0.013666934,63315.223,0.99950945,916.8892,37.189457, 
2025-07-17 16:48:37,0.39897475,11.971537,0.9207508,15.63909,20.820019,0.008353421,0.013533012,63943.16,0.9995094,916.88947,37.189686, 
2025-07-17 16:48:38,0.40072483,11.971499,0.9247896,15.632146,20.810795,0.008349057,0.013527016,63971.34,0.9995094,916.8897,37.18991, 
2025-07-17 16:48:39,0.4024749,11.971462,0.9288284,15.625202,20.80157,0.008344693,0.01352102,63999.52,0.9995094,916.8899,37.190132, 
2025-07-17 16:48:40,0.41027948,11.970745,0.94683963,15.633356,20.812803,0.00835,0.013528323,63965.96,0.9995095,916.8545,37.181202, 
2025-07-17 16:48:41,0.41161656,11.97069,0.94992536,15.629867,20.808187,0.008347815,0.013525322,63980.07,0.9995095,916.85236,37.180676, 
2025-07-17 16:48:42,0.406126,11.9705105,0.93725437,15.651449,20.837015,0.00836145,0.01354406,63891.88,0.9995096,916.8596,37.18038, 
2025-07-17 16:48:43,0.40595755,11.970483,0.9368656,15.653045,20.839155,0.008362462,0.013545451,63885.355,0.9995096,916.85925,37.180157, 
2025-07-17 16:48:44,0.40578908,11.970455,0.9364768,15.65464,20.841295,0.008363473,0.013546841,63878.83,0.9995096,916.8589,37.17993, 
2025-07-17 16:48:45,0.3840069,11.970069,0.8862079,15.791186,21.023289,0.00844958,0.013665137,63327.28,0.9995097,916.8594,37.17138, 
2025-07-17 16:48:46,0.38254195,11.970041,0.8828271,15.800027,21.035072,0.0084551545,0.013672797,63291.547,0.9995097,916.8596,37.170856, 
2025-07-17 16:48:47,0.38107702,11.970014,0.8794463,15.8088665,21.046856,0.00846073,0.013680456,63255.816,0.9995097,916.8598,37.170334, 
2025-07-17 16:48:48,0.40566823,11.969858,0.9361978,15.707699,20.91225,0.008397034,0.013592963,63663.383,0.99950963,916.88605,37.178993, 
2025-07-17 16:48:49,0.4065699,11.969839,0.9382787,15.705189,20.90892,0.008395459,0.013590798,63673.457,0.99950963,916.8876,37.17929, 
2025-07-17 16:48:50,0.40297505,11.970058,0.9299825,15.719434,20.927765,0.008404377,0.0136030475,63615.63,0.99950963,916.8886,37.17961, 
2025-07-17 16:48:51,0.40332028,11.970069,0.9307792,15.717961,20.9258,0.0084034465,0.01360177,63621.53,0.99950963,916.8893,37.179832, 
2025-07-17 16:48:52,0.4036655,11.970078,0.93157595,15.716489,20.923834,0.008402517,0.013600492,63627.438,0.99950963,916.88995,37.180054, 
2025-07-17 16:48:53,0.42699456,11.96954,0.98541445,15.744698,20.961676,0.008420416,0.01362509,63513.49,0.9995097,916.8983,37.18, 
2025-07-17 16:48:54,0.42831042,11.969512,0.98845124,15.746836,20.964537,0.00842177,0.01362695,63504.844,0.9995097,916.89886,37.18, 
2025-07-17 16:48:55,0.42962632,11.969485,0.991488,15.748974,20.967398,0.0084231235,0.01362881,63496.203,0.9995097,916.8994,37.18, 
2025-07-17 16:48:56,0.39613834,11.968998,0.91420466,15.759382,20.981516,0.008429798,0.013637985,63454.277,0.99950975,916.8995,37.188786, 
2025-07-17 16:48:57,0.3947337,11.968956,0.91096306,15.760714,20.98331,0.008430647,0.013639152,63448.906,0.99950975,916.8997,37.189312, 
2025-07-17 16:48:58,0.40084764,11.967484,0.9250726,15.761836,20.98559,0.008431713,0.013640635,63444.387,0.9995099,916.8575,37.189613, 
2025-07-17 16:48:59,0.40043306,11.9673815,0.92411584,15.762148,20.986061,0.008431935,0.01364094,63443.13,0.99950993,916.85486,37.18984, 
2025-07-17 16:49:00,0.40001845,11.9672785,0.923159,15.762461,20.986532,0.0084321555,0.013641246,63441.87,0.99950993,916.85223,37.190063, 
2025-07-17 16:49:01,0.38206327,11.96717,0.8817223,15.640621,20.82437,0.008355439,0.01353584,63936.72,0.9995099,916.89417,37.19, 
2025-07-17 16:49:02,0.38114703,11.967127,0.8796078,15.633287,20.814627,0.00835083,0.013529508,63966.508,0.9995099,916.8956,37.19, 
2025-07-17 16:49:03,0.38023078,11.967083,0.8774933,15.625953,20.804886,0.0083462205,0.013523176,63996.297,0.9995099,916.8971,37.19, 
2025-07-17 16:49:04,0.41740963,11.966466,0.963294,15.753753,20.975372,0.008426869,0.0136339925,63477.42,0.9995101,916.8632,37.19, 
2025-07-17 16:49:05,0.4192034,11.966426,0.9674337,15.75844,20.981636,0.008429833,0.013638063,63458.395,0.9995101,916.86224,37.19, 
2025-07-17 16:49:06,0.38894254,11.96618,0.89759797,15.7512,20.972124,0.00842533,0.013631881,63487.406,0.99951005,916.8528,37.19, 
2025-07-17 16:49:07,0.38796008,11.966149,0.8953306,15.753869,20.975695,0.008427019,0.013634202,63476.543,0.99951005,916.8513,37.19, 
2025-07-17 16:49:08,0.38697758,11.966119,0.89306325,15.756539,20.979265,0.008428708,0.013636523,63465.68,0.99951005,916.84985,37.19, 
2025-07-17 16:49:09,0.40754732,11.965639,0.94053394,15.69225,20.893925,0.008388324,0.01358105,63725.902,0.9995101,916.8586,37.19, 
2025-07-17 16:49:10,0.40802988,11.965604,0.9416476,15.688122,20.888447,0.008385732,0.01357749,63742.605,0.9995101,916.8589,37.19, 
2025-07-17 16:49:11,0.40851244,11.9655695,0.94276124,15.683994,20.882969,0.00838314,0.01357393,63759.305,0.9995101,916.8592,37.19, 
2025-07-17 16:49:12,0.3992861,11.965174,0.9214686,15.634826,20.81771,0.0083522685,0.013531512,63959.945,0.9995101,916.842,37.198742, 
2025-07-17 16:49:13,0.39925882,11.9651375,0.9214057,15.6303,20.811703,0.008349427,0.013527608,63978.36,0.9995101,916.8412,37.19926, 
2025-07-17 16:49:14,0.40962103,11.964284,0.9453195,15.673235,20.869326,0.008376675,0.013565061,63803.113,0.9995103,916.84894,37.208046, 
2025-07-17 16:49:15,0.41003898,11.964221,0.94628394,15.674825,20.871475,0.008377692,0.013566459,63796.625,0.9995103,916.849,37.208797, 
2025-07-17 16:49:16,0.4104569,11.964159,0.94724846,15.6764145,20.873625,0.008378708,0.013567856,63790.137,0.9995103,916.84906,37.20955, 
2025-07-17 16:49:17,0.41270924,11.963905,0.9524463,15.577509,20.742064,0.008316481,0.013482342,64195.484,0.9995103,916.8924,37.20969, 
2025-07-17 16:49:18,0.41311643,11.963869,0.953386,15.572611,20.735561,0.008313405,0.013478114,64215.58,0.9995103,916.89526,37.20992, 
2025-07-17 16:49:19,0.41352364,11.963832,0.95432574,15.567713,20.729057,0.008310329,0.013473888,64235.67,0.9995103,916.8981,37.210144, 
2025-07-17 16:49:20,0.42355156,11.963134,0.977468,15.657397,20.848846,0.008366977,0.01355175,63867.832,0.9995104,916.8634,37.20123, 
2025-07-17 16:49:21,0.4242117,11.963085,0.9789915,15.660266,20.852692,0.008368795,0.01355425,63856.062,0.9995104,916.8624,37.200706, 
2025-07-17 16:49:22,0.4075781,11.962591,0.94060457,15.717258,20.928844,0.008404819,0.013603749,63624.69,0.9995105,916.89496,37.200394, 
2025-07-17 16:49:23,0.40678078,11.9625435,0.9387645,15.722966,20.93647,0.008408426,0.013608705,63601.43,0.9995105,916.8962,37.20017, 
2025-07-17 16:49:24,0.40598348,11.962496,0.9369245,15.728674,20.944094,0.008412033,0.013613662,63578.168,0.9995105,916.89734,37.199944, 
2025-07-17 16:49:25,0.3993294,11.962253,0.9215682,15.739599,20.958773,0.008418973,0.013623202,63534.066,0.9995106,916.8383,37.2, 
2025-07-17 16:49:26,0.39850038,11.962226,0.919655,15.741657,20.961527,0.0084202755,0.013624993,63525.73,0.9995106,916.8355,37.2, 
2025-07-17 16:49:27,0.39767137,11.962199,0.91774184,15.743715,20.964281,0.008421578,0.013626783,63517.39,0.9995106,916.83276,37.2, 
2025-07-17 16:49:28,0.40722394,11.960786,0.93978703,15.745712,20.967697,0.008423184,0.013629003,63509.35,0.99951077,916.8402,37.208763, 
2025-07-17 16:49:29,0.4076234,11.960694,0.94070894,15.74614,20.968315,0.008423476,0.013629405,63507.63,0.99951077,916.8392,37.209286, 
2025-07-17 16:49:30,0.4149637,11.960341,0.95764875,15.758457,20.984905,0.008431321,0.013640189,63457.996,0.99951077,916.92346,37.21802, 
2025-07-17 16:49:31,0.41564104,11.960286,0.95921195,15.759287,20.986038,0.008431857,0.013640925,63454.652,0.99951077,916.9289,37.21877, 
2025-07-17 16:49:32,0.4163184,11.960231,0.96077514,15.760117,20.987173,0.008432394,0.013641663,63451.31,0.99951077,916.9344,37.219517, 
2025-07-17 16:49:33,0.40714437,11.959439,0.9396034,15.429012,20.546667,0.008224079,0.013355334,64817.715,0.9995107,916.928,37.21968, 
2025-07-17 16:49:34,0.40676388,11.959383,0.9387253,15.409097,20.520174,0.008211551,0.013338114,64899.938,0.9995107,916.9297,37.219906, 
2025-07-17 16:49:35,0.40638337,11.959326,0.9378472,15.38918,20.493683,0.008199024,0.013320894,64982.156,0.9995107,916.9314,37.22013, 
2025-07-17 16:49:36,0.40161842,11.95932,0.92685044,15.8625145,21.124023,0.008497181,0.013730615,63048.613,0.99951094,916.92114,37.22, 
2025-07-17 16:49:37,0.40110388,11.959299,0.925663,15.882465,21.150602,0.008509754,0.013747892,62967.47,0.999511,916.9204,37.22, 
2025-07-17 16:49:38,0.40218145,11.958919,0.9281498,15.69678,20.903528,0.008392817,0.013587293,63710,0.99951094,916.8865,37.22841, 
2025-07-17 16:49:39,0.40214404,11.958895,0.9280636,15.696434,20.90308,0.0083926,0.013587002,63710.41,0.99951094,916.88416,37.228935, 
2025-07-17 16:49:40,0.40210667,11.958872,0.92797726,15.696088,20.902632,0.008392384,0.01358671,63710.82,0.99951094,916.88184,37.229458, 
2025-07-17 16:49:41,0.40539402,11.958553,0.93556374,15.768516,20.999254,0.008438096,0.013649515,63417.926,0.999511,916.86383,37.22968, 
2025-07-17 16:49:42,0.40562487,11.958525,0.9360965,15.768036,20.99863,0.0084378,0.01364911,63419.66,0.999511,916.8619,37.229904, 
2025-07-17 16:49:43,0.40585572,11.958496,0.9366293,15.767557,20.998009,0.008437504,0.013648705,63421.4,0.999511,916.8599,37.23013, 
2025-07-17 16:49:44,0.37713408,11.958257,0.8703458,15.64083,20.82937,0.008357721,0.013539091,63935.754,0.99951094,916.85144,37.23, 
2025-07-17 16:49:45,0.37549692,11.958235,0.86656755,15.635099,20.82175,0.008354116,0.013534138,63959.04,0.99951094,916.85046,37.23, 
2025-07-17 16:49:46,0.43113837,11.958,0.99497545,17.2479,22.969707,0.009373047,0.01493031,58079.094,0.9995117,916.85846,37.238403, 
2025-07-17 16:49:47,0.43393624,11.95798,1.0014323,17.345417,23.099586,0.009434663,0.01501473,57724.832,0.9995118,916.85876,37.23893, 
2025-07-17 16:49:48,0.4367341,11.95796,1.0078892,17.442934,23.229464,0.009496278,0.015099151,57370.57,0.99951184,916.8591,37.239452, 
2025-07-17 16:49:49,0.40795234,11.95702,0.94146705,16.840237,22.42736,0.009115087,0.014577784,59403.88,0.99951166,916.8765,37.239677, 
2025-07-17 16:49:50,0.40760538,11.956957,0.9406664,16.84394,22.432327,0.009117401,0.014581013,59380.324,0.99951166,916.8778,37.239902, 
2025-07-17 16:49:51,0.40725842,11.956893,0.93986565,16.847643,22.437294,0.009119715,0.0145842405,59356.77,0.99951166,916.8791,37.240128, 
2025-07-17 16:49:52,0.3902548,11.956803,0.9006248,16.81716,22.39675,0.009100469,0.014557888,59465.855,0.9995117,916.8792,37.24875, 
2025-07-17 16:49:53,0.3885147,11.956774,0.89660907,16.80039,22.374435,0.009089866,0.014543382,59522.72,0.9995117,916.87964,37.24927, 
2025-07-17 16:49:54,0.38677463,11.956744,0.8925933,16.78362,22.35212,0.009079262,0.014528878,59579.586,0.9995117,916.8801,37.249798, 
2025-07-17 16:49:55,0.39715776,11.956684,0.9165555,16.652813,22.177942,0.008996613,0.014415663,60050.465,0.99951166,916.8797,37.249825, 
2025-07-17 16:49:56,0.39732537,11.956677,0.91694236,16.644318,22.166634,0.008991246,0.014408312,60080.867,0.99951166,916.8797,37.25005, 
2025-07-17 16:49:57,0.4101766,11.955668,0.9466002,16.620262,22.135166,0.008976304,0.014387859,60167.76,0.9995117,916.8797,37.25857, 
2025-07-17 16:49:58,0.4111877,11.955605,0.94893354,16.615347,22.128656,0.008973214,0.014383627,60185.402,0.9995117,916.8797,37.259098, 
2025-07-17 16:49:59,0.41219878,11.955541,0.95126694,16.610432,22.122145,0.008970123,0.014379394,60203.043,0.9995117,916.8797,37.25962, 
2025-07-17 16:50:00,0.3755508,11.95474,0.8666911,16.659653,22.188152,0.009001434,0.014422299,60025.324,0.9995119,916.871,37.259747, 
2025-07-17 16:50:01,0.37367892,11.954666,0.8623712,16.661968,22.191277,0.0090029165,0.014424331,60016.965,0.9995119,916.8704,37.25997, 
2025-07-17 16:50:02,0.37180707,11.954593,0.8580513,16.664284,22.194403,0.009004398,0.014426363,60008.6,0.9995119,916.8699,37.260197, 
2025-07-17 16:50:03,0.39995864,11.954199,0.9230193,16.321619,21.738241,0.008788065,0.014129857,61271.523,0.9995118,916.89667,37.268917, 
2025-07-17 16:50:04,0.4006948,11.954154,0.9247182,16.302656,21.71301,0.008776099,0.014113457,61341.496,0.9995118,916.898,37.269444, 
2025-07-17 16:50:05,0.42193568,11.953997,0.97373754,16.415905,21.86393,0.008847644,0.014211554,60917.46,0.99951184,916.8902,37.269672, 
2025-07-17 16:50:06,0.4238986,11.953978,0.97826755,16.414743,21.862394,0.008846913,0.014210556,60921.332,0.99951184,916.8904,37.269897, 
2025-07-17 16:50:07,0.4258615,11.953958,0.98279756,16.413582,21.860859,0.008846183,0.014209558,60925.203,0.99951184,916.8905,37.270123, 
2025-07-17 16:50:08,0.37083688,11.9528475,0.85581243,16.302574,21.713623,0.008776371,0.014113855,61340.383,0.9995119,916.855,37.27, 
2025-07-17 16:50:09,0.3680735,11.952777,0.84943503,16.298735,21.708548,0.008773964,0.014110556,61354.73,0.9995119,916.85266,37.27, 
2025-07-17 16:50:10,0.36531007,11.952706,0.8430577,16.294895,21.70347,0.008771556,0.014107256,61369.08,0.9995119,916.85034,37.27, 
2025-07-17 16:50:11,0.3987534,11.951821,0.92023754,16.50897,21.9891,0.008906979,0.0142929135,60574.258,0.99951214,916.8593,37.27891, 
2025-07-17 16:50:12,0.39934722,11.951741,0.92160785,16.518734,22.002146,0.008913166,0.014301395,60538.082,0.99951214,916.85895,37.279438, 
2025-07-17 16:50:13,0.4358073,11.950633,1.0057498,16.552147,22.047276,0.008934561,0.014330729,60415.67,0.99951226,916.8337,37.28823, 
2025-07-17 16:50:14,0.4388285,11.950543,1.0127221,16.55929,22.056839,0.008939095,0.014336945,60389.254,0.99951226,916.83234,37.28898, 
2025-07-17 16:50:15,0.44184974,11.950455,1.0196946,16.566433,22.066402,0.008943629,0.014343161,60362.836,0.99951226,916.831,37.28973, 
2025-07-17 16:50:16,0.40422943,11.94895,0.93287474,16.564974,22.065304,0.008943093,0.014342448,60368.348,0.99951243,916.9003,37.281006, 
2025-07-17 16:50:17,0.40289137,11.948832,0.9297868,16.565748,22.0664,0.008943613,0.01434316,60365.523,0.9995125,916.9039,37.28071, 
2025-07-17 16:50:18,0.4015533,11.948712,0.9266988,16.56652,22.0675,0.008944131,0.014343874,60362.7,0.9995125,916.90735,37.280407, 
2025-07-17 16:50:19,0.40073973,11.948731,0.9248213,16.45676,21.92128,0.008874782,0.014248832,60765.63,0.99951243,916.8726,37.28909, 
2025-07-17 16:50:20,0.39977688,11.948692,0.9225992,16.45036,21.912777,0.008870749,0.014243305,60789.12,0.99951243,916.8723,37.28939, 
2025-07-17 16:50:21,0.4162924,11.94932,0.96071357,16.463272,21.929626,0.008878744,0.014254257,60741.35,0.9995123,916.87103,37.28967, 
2025-07-17 16:50:22,0.41729647,11.949358,0.96303076,16.461487,21.927227,0.008877606,0.014252697,60747.887,0.9995123,916.8701,37.289894, 
2025-07-17 16:50:23,0.41830057,11.949396,0.965348,16.459702,21.924826,0.008876468,0.014251137,60754.418,0.9995123,916.8692,37.29012, 
2025-07-17 16:50:24,0.43425953,11.948703,1.0021776,16.60156,22.11418,0.00896628,0.014374216,60235.98,0.99951255,916.86096,37.316082, 
2025-07-17 16:50:25,0.4356254,11.948677,1.0053297,16.610334,22.12588,0.00897183,0.014381821,60203.906,0.99951255,916.8605,37.317635, 
2025-07-17 16:50:26,0.43699127,11.948651,1.0084819,16.619106,22.13758,0.00897738,0.014389426,60171.832,0.99951255,916.8599,37.31919, 
2025-07-17 16:50:27,0.41625056,11.948631,0.96061677,16.52545,22.012833,0.008918201,0.014308343,60512.938,0.9995125,916.8867,37.328342, 
2025-07-17 16:50:28,0.41543236,11.948614,0.9587286,16.523415,22.010132,0.008916918,0.014306586,60520.31,0.9995125,916.8881,37.32954, 
2025-07-17 16:50:29,0.4247487,11.948133,0.9802287,16.405994,21.853989,0.00884287,0.014205093,60954.086,0.9995125,916.86304,37.338226, 
2025-07-17 16:50:30,0.42483136,11.948104,0.9804195,16.396555,21.84143,0.008836913,0.0141969295,60988.848,0.9995125,916.8622,37.338978, 
2025-07-17 16:50:31,0.424914,11.948074,0.98061025,16.387114,21.82887,0.008830957,0.0141887665,61023.605,0.9995125,916.86127,37.33973, 
2025-07-17 16:50:32,0.42246997,11.948632,0.97497,16.457514,21.922338,0.008875282,0.01424952,60762.676,0.99951243,916.85175,37.331017, 
2025-07-17 16:50:33,0.4225555,11.948653,0.9751674,16.458757,21.923986,0.008876063,0.0142505905,60758.027,0.99951243,916.8505,37.33072, 
2025-07-17 16:50:34,0.42264104,11.948674,0.97536474,16.460003,21.925632,0.008876843,0.0142516615,60753.375,0.99951243,916.8493,37.330418, 
2025-07-17 16:50:35,0.4042602,11.9480295,0.9329457,16.399225,21.845028,0.008838616,0.014199268,60978.59,0.9995125,916.84985,37.339085, 
2025-07-17 16:50:36,0.4031159,11.948005,0.93030494,16.397299,21.842476,0.008837406,0.014197609,60985.723,0.9995125,916.8496,37.339386, 
2025-07-17 16:50:37,0.39874908,11.947913,0.92022717,16.609997,22.125862,0.008971817,0.01438181,60206.242,0.9995126,916.89246,37.34821, 
2025-07-17 16:50:38,0.39805204,11.947892,0.9186185,16.621565,22.141281,0.008979131,0.014391833,60163.91,0.9995126,916.8951,37.348957, 
2025-07-17 16:50:39,0.397355,11.947871,0.91700983,16.633133,22.156702,0.008986444,0.014401857,60121.58,0.9995126,916.8977,37.349705, 
2025-07-17 16:50:40,0.38724416,11.946541,0.8936761,16.508076,21.99086,0.0089077605,0.014294059,60576.938,0.99951273,916.8722,37.358456, 
2025-07-17 16:50:41,0.38652402,11.946459,0.8920142,16.50594,21.98806,0.0089064315,0.014292239,60584.586,0.99951273,916.87177,37.359203, 
2025-07-17 16:50:42,0.3858039,11.946377,0.8903523,16.503805,21.985262,0.0089051025,0.01429042,60592.234,0.99951273,916.87134,37.359955, 
2025-07-17 16:50:43,0.40974587,11.945645,0.94560516,16.565228,22.067495,0.0089441,0.014343873,60367.55,0.99951285,916.92365,37.368702, 
2025-07-17 16:50:44,0.41089085,11.945568,0.9482475,16.565828,22.06834,0.008944499,0.01434442,60365.297,0.99951285,916.92615,37.36945, 
2025-07-17 16:50:45,0.39985844,11.944626,0.9227871,16.22548,21.615456,0.008729782,0.014050046,61635.832,0.9995128,916.9021,37.36965, 
2025-07-17 16:50:46,0.39974827,11.9445505,0.92253286,16.206268,21.589907,0.008717669,0.014033439,61707.656,0.9995128,916.9019,37.369877, 
2025-07-17 16:50:47,0.39963812,11.944476,0.92227864,16.187057,21.564356,0.008705556,0.014016831,61779.48,0.9995128,916.9017,37.370102, 
2025-07-17 16:50:48,0.39608622,11.943992,0.91408163,15.997039,21.311474,0.008585769,0.013852458,62514.69,0.99951273,916.88306,37.37873, 
2025-07-17 16:50:49,0.3955963,11.943939,0.9129511,15.9770355,21.284857,0.008573156,0.013835157,62590.93,0.99951273,916.88135,37.37926, 
2025-07-17 16:50:50,0.3951064,11.943886,0.91182053,15.957033,21.258238,0.008560542,0.013817855,62667.168,0.99951273,916.8796,37.37979, 
2025-07-17 16:50:51,0.4120909,11.943015,0.9510167,16.51125,21.997065,0.008910697,0.014298093,60572.586,0.9995131,916.8534,37.379818, 
2025-07-17 16:50:52,0.4130009,11.94295,0.95311683,16.538841,22.03386,0.008928136,0.014322008,60468.742,0.99951315,916.8514,37.380047, 
2025-07-17 16:50:53,0.37544927,11.942388,0.86645555,16.664583,22.201694,0.009007753,0.014431102,60011.82,0.99951327,916.89343,37.388535, 
2025-07-17 16:50:54,0.3735359,11.942332,0.86203986,16.685171,22.229155,0.009020771,0.014448951,59935.13,0.9995133,916.8954,37.38906, 
2025-07-17 16:50:55,0.37162253,11.942276,0.8576242,16.70576,22.256615,0.00903379,0.0144668,59858.44,0.9995133,916.89734,37.389584, 
2025-07-17 16:50:56,0.3847333,11.942749,0.88788116,16.521872,22.011362,0.008917446,0.014307385,60526.7,0.9995132,916.8809,37.407146, 
2025-07-17 16:50:57,0.3845724,11.942763,0.8875098,16.513977,22.000835,0.0089124525,0.014300543,60555.4,0.9995132,916.88104,37.40842, 
2025-07-17 16:50:58,0.38441145,11.942778,0.8871384,16.50608,21.990309,0.008907459,0.0142937,60584.094,0.9995132,916.8811,37.409695, 
2025-07-17 16:50:59,0.4189513,11.941668,0.96684873,16.67867,22.22087,0.009016829,0.014443565,59957.535,0.9995134,916.8268,37.41849, 
2025-07-17 16:51:00,0.42129788,11.941613,0.9722641,16.684437,22.228582,0.009020487,0.0144485785,59936.598,0.9995134,916.8232,37.419464, 
2025-07-17 16:51:01,0.39551347,11.942048,0.91275954,16.258097,21.660334,0.008751033,0.014079217,61514.094,0.99951315,916.84735,37.428185, 
2025-07-17 16:51:02,0.39472455,11.942048,0.91093886,16.235998,21.630892,0.008737073,0.01406008,61596.15,0.9995131,916.84753,37.428936, 
2025-07-17 16:51:03,0.3939356,11.942049,0.9091182,16.2139,21.60145,0.008723114,0.014040942,61678.203,0.9995131,916.8478,37.429684, 
2025-07-17 16:51:04,0.3935234,11.940884,0.9081667,16.43116,21.89155,0.008860613,0.014229507,60861.945,0.9995133,916.8575,37.429718, 
2025-07-17 16:51:05,0.39284515,11.940826,0.9066014,16.433218,21.894323,0.0088619245,0.014231311,60853.594,0.9995134,916.85864,37.42994, 
2025-07-17 16:51:06,0.39216688,11.940768,0.90503615,16.435276,21.897099,0.008863237,0.014233114,60845.242,0.9995134,916.85986,37.430164, 
2025-07-17 16:51:07,0.40670395,11.940578,0.93858474,15.94171,21.23961,0.00855172,0.013805747,62734.95,0.99951315,916.8684,37.43, 
2025-07-17 16:51:08,0.40755728,11.940538,0.9405541,15.917082,21.20682,0.008536184,0.013784433,62829.594,0.99951315,916.86914,37.43, 
2025-07-17 16:51:09,0.42503342,11.939611,0.98088497,16.208153,21.595133,0.008720098,0.014036836,61700.88,0.9995134,916.86084,37.43, 
2025-07-17 16:51:10,0.42644918,11.93955,0.9841523,16.21379,21.602678,0.00872367,0.014041741,61678.375,0.9995134,916.86053,37.43, 
2025-07-17 16:51:11,0.42786497,11.939489,0.9874196,16.219429,21.610226,0.00872724,0.014046647,61655.875,0.9995134,916.8602,37.43, 
2025-07-17 16:51:12,0.4018363,11.938613,0.9273508,16.320606,21.745516,0.008791353,0.014134585,61273.707,0.9995135,916.8861,37.44739, 
2025-07-17 16:51:13,0.40071303,11.938536,0.92475855,16.333935,21.763317,0.008799786,0.014146157,61222.62,0.99951357,916.88745,37.44844, 
2025-07-17 16:51:14,0.39958975,11.938459,0.9221662,16.347265,21.781118,0.00880822,0.014157727,61171.54,0.99951357,916.88885,37.44949, 
2025-07-17 16:51:15,0.40842673,11.938872,0.9425602,16.326363,21.75304,0.008794916,0.014139476,61250.668,0.9995135,916.827,37.431858, 
2025-07-17 16:51:16,0.40830547,11.938874,0.9422803,16.32775,21.754887,0.008795791,0.014140677,61245.42,0.9995135,916.824,37.43126, 
2025-07-17 16:51:17,0.41289124,11.938037,0.95286316,16.420404,21.878807,0.008854534,0.014221225,60900.156,0.9995137,916.88184,37.44774, 
2025-07-17 16:51:18,0.4133895,11.937994,0.95401305,16.425768,21.885977,0.008857932,0.014225884,60880.18,0.9995137,916.884,37.448338, 
2025-07-17 16:51:19,0.41388777,11.937952,0.95516294,16.431131,21.893145,0.00886133,0.014230545,60860.203,0.9995137,916.88605,37.448936, 
2025-07-17 16:51:20,0.4055714,11.936983,0.93597037,16.520031,22.01214,0.008917755,0.014307891,60533.016,0.99951386,916.8704,37.44945, 
2025-07-17 16:51:21,0.4051836,11.936904,0.9350754,16.527742,22.022457,0.008922648,0.0143145975,60504.53,0.99951386,916.8709,37.4499, 
2025-07-17 16:51:22,0.4047958,11.936824,0.93418044,16.535452,22.032776,0.008927539,0.014321304,60476.043,0.99951386,916.87146,37.45035, 
2025-07-17 16:51:23,0.39408857,11.936518,0.90947056,16.481722,21.961355,0.008893662,0.014274881,60673.348,0.9995138,916.8701,37.46773, 
2025-07-17 16:51:24,0.39324972,11.936474,0.90753466,16.480871,21.960247,0.008893136,0.01427416,60676.45,0.9995138,916.8696,37.46878, 
2025-07-17 16:51:25,0.41122842,11.936389,0.9490255,16.405476,21.85983,0.00884552,0.0142088905,60955.566,0.99951386,916.8868,37.46078, 
2025-07-17 16:51:26,0.4120858,11.936377,0.9510042,16.399612,21.852026,0.008841818,0.014203817,60977.23,0.99951386,916.8878,37.46071, 
2025-07-17 16:51:27,0.41294318,11.936363,0.95298284,16.39375,21.844221,0.008838116,0.014198744,60998.9,0.99951386,916.8889,37.460632, 
2025-07-17 16:51:28,0.40962076,11.936757,0.9453154,16.534174,22.031109,0.008926751,0.014320222,60481.363,0.99951386,916.87177,37.47765, 
2025-07-17 16:51:29,0.4098749,11.936778,0.9459019,16.54075,22.03986,0.008930901,0.014325909,60457.156,0.99951386,916.87115,37.478474, 
2025-07-17 16:51:30,0.410129,11.9368,0.9464883,16.547327,22.04861,0.008935051,0.014331597,60432.95,0.99951386,916.87054,37.479298, 
2025-07-17 16:51:31,0.3769283,11.935608,0.8698682,16.538042,22.03691,0.008929488,0.014323991,60466.754,0.999514,916.87897,37.488453, 
2025-07-17 16:51:32,0.37489018,11.935547,0.8651647,16.540997,22.04088,0.00893137,0.014326572,60455.844,0.999514,916.879,37.489426, 
2025-07-17 16:51:33,0.38626558,11.934037,0.8914165,16.386147,21.83538,0.008833906,0.014192997,61028.133,0.99951404,916.88794,37.506664, 
2025-07-17 16:51:34,0.38619488,11.933916,0.8912534,16.376345,21.822388,0.008827743,0.014184551,61064.344,0.99951404,916.8887,37.50794, 
2025-07-17 16:51:35,0.38612422,11.933795,0.8910903,16.366543,21.809393,0.00882158,0.014176105,61100.56,0.99951404,916.8894,37.509212, 
2025-07-17 16:51:36,0.39958793,11.933468,0.9221616,16.46727,21.9438,0.008885307,0.01426347,60726.85,0.99951416,916.8721,37.500763, 
2025-07-17 16:51:37,0.40069136,11.933411,0.92470807,16.469448,21.946735,0.008886698,0.014265377,60718.715,0.99951416,916.8712,37.500687, 
2025-07-17 16:51:38,0.4017948,11.933352,0.9272545,16.471626,21.949669,0.008888089,0.014267284,60710.58,0.99951416,916.8704,37.500614, 
2025-07-17 16:51:39,0.39011973,11.932576,0.900311,16.253265,21.659117,0.00875034,0.014078425,61527.38,0.99951416,916.8967,37.51792, 
2025-07-17 16:51:40,0.38976994,11.93252,0.89950377,16.242775,21.645168,0.008743728,0.01406936,61566.69,0.99951416,916.8978,37.518745, 
2025-07-17 16:51:41,0.3695938,11.932341,0.8529417,16.100527,21.455702,0.00865396,0.013946207,62111.605,0.9995141,916.8902,37.51929, 
2025-07-17 16:51:42,0.36807978,11.932311,0.8494476,16.086533,21.43707,0.008645131,0.013934096,62164.74,0.9995141,916.8903,37.51974, 
2025-07-17 16:51:43,0.36656573,11.932281,0.8459536,16.072538,21.418438,0.008636301,0.013921985,62217.875,0.9995141,916.8905,37.52019, 
2025-07-17 16:51:44,0.40278885,11.932598,0.92954844,16.37225,21.817663,0.008825499,0.014181482,61081.676,0.9995143,916.8987,37.52, 
2025-07-17 16:51:45,0.40446922,11.932612,0.9334264,16.38679,21.83703,0.008834678,0.01419407,61026.703,0.9995143,916.899,37.52, 
2025-07-17 16:51:46,0.4061496,11.932627,0.93730426,16.401329,21.856398,0.008843857,0.014206659,60971.727,0.9995143,916.8993,37.52, 
2025-07-17 16:51:47,0.4092886,11.931279,0.9445484,16.29428,21.714487,0.008776567,0.014114417,61371.84,0.99951434,916.87317,37.537556, 
2025-07-17 16:51:48,0.41038018,11.931209,0.94706756,16.295527,21.716188,0.008777371,0.014115524,61366.78,0.99951434,916.8718,37.53858, 
2025-07-17 16:51:49,0.41069573,11.930321,0.9477956,16.371243,21.817587,0.008825431,0.014181432,61082.934,0.9995145,916.8879,37.547745, 
2025-07-17 16:51:50,0.41077346,11.930234,0.947975,16.373447,21.820572,0.008826844,0.014183372,61074.652,0.9995145,916.8883,37.548714, 
2025-07-17 16:51:51,0.41085118,11.930148,0.94815433,16.37565,21.823557,0.008828259,0.014185313,61066.367,0.9995145,916.88873,37.549683, 
2025-07-17 16:51:52,0.41227746,11.929737,0.9514459,16.399096,21.855028,0.008843175,0.014205769,60979.066,0.9995146,916.8631,37.549725, 
2025-07-17 16:51:53,0.41237152,11.92969,0.9516629,16.402527,21.859627,0.008845355,0.014208758,60966.242,0.9995146,916.86194,37.549953, 
2025-07-17 16:51:54,0.41246557,11.929644,0.95188,16.405958,21.864225,0.008847535,0.014211747,60953.414,0.9995146,916.8608,37.55018, 
2025-07-17 16:51:55,0.39657247,11.928775,0.91520214,16.210505,21.604223,0.008724288,0.014042744,61689.492,0.9995146,916.86914,37.55, 
2025-07-17 16:51:56,0.39566773,11.928712,0.91311425,16.199564,21.589676,0.0087173935,0.01403329,61730.723,0.9995146,916.86896,37.55, 
2025-07-17 16:51:57,0.38735726,11.929069,0.89393556,15.943468,21.248177,0.008555658,0.013811315,62725.656,0.9995144,916.8354,37.558495, 
2025-07-17 16:51:58,0.38647065,11.9290695,0.89188945,15.9230995,21.22103,0.008542799,0.013793671,62804.25,0.9995144,916.8335,37.55902, 
2025-07-17 16:51:59,0.385584,11.92907,0.8898433,15.902731,21.193884,0.008529941,0.013776025,62882.84,0.9995144,916.8316,37.559544, 
2025-07-17 16:52:00,0.39852503,11.9286175,0.9197083,15.816543,21.079264,0.00847568,0.013701522,63226.152,0.9995144,916.81354,37.559715, 
2025-07-17 16:52:01,0.39910075,11.928599,0.92103696,15.804897,21.063753,0.008468336,0.01369144,63271.91,0.9995144,916.8116,37.55994, 
2025-07-17 16:52:02,0.3996765,11.928581,0.9223656,15.793252,21.048243,0.008460992,0.013681359,63317.668,0.9995144,916.80963,37.560165, 
2025-07-17 16:52:03,0.38982472,11.927937,0.89962983,16.008625,21.33563,0.008597043,0.01386816,62467.613,0.9995146,916.8631,37.568832, 
2025-07-17 16:52:04,0.38956094,11.927887,0.8990211,16.01899,21.34947,0.008603595,0.013877155,62426.77,0.9995146,916.8658,37.569355, 
2025-07-17 16:52:05,0.388391,11.927329,0.896321,16.068819,21.416183,0.0086351875,0.0139205195,62233.08,0.9995147,916.8675,37.569637, 
2025-07-17 16:52:06,0.38808268,11.92728,0.8956095,16.076847,21.426908,0.008640266,0.013927491,62201.57,0.9995147,916.86884,37.569862, 
2025-07-17 16:52:07,0.38777438,11.927231,0.894898,16.084875,21.437635,0.0086453445,0.013934463,62170.062,0.9995147,916.8702,37.570084, 
2025-07-17 16:52:08,0.40059555,11.927544,0.92448646,16.102356,21.460764,0.008656304,0.013949497,62102.754,0.99951464,916.8697,37.587322, 
2025-07-17 16:52:09,0.40134448,11.927548,0.9262148,16.104628,21.463789,0.008657737,0.013951463,62093.965,0.99951464,916.8697,37.58837, 
2025-07-17 16:52:10,0.4020934,11.927553,0.9279431,16.1069,21.466812,0.00865917,0.013953429,62085.18,0.99951464,916.8697,37.58942, 
2025-07-17 16:52:11,0.3983353,11.927883,0.91927046,15.983603,21.302309,0.008581262,0.013846501,62564.58,0.9995145,916.8697,37.598404, 
2025-07-17 16:52:12,0.39843512,11.92791,0.91950077,15.976811,21.293242,0.008576969,0.013840607,62590.996,0.9995145,916.8697,37.599377, 
2025-07-17 16:52:13,0.41181633,11.926075,0.9503814,16.053028,21.395819,0.008625529,0.013907283,62293.797,0.99951476,916.84436,37.59963, 
2025-07-17 16:52:14,0.41254732,11.92597,0.9520683,16.054821,21.398268,0.008626686,0.013908874,62286.77,0.9995148,916.8428,37.599854, 
2025-07-17 16:52:15,0.4132783,11.925864,0.9537553,16.056616,21.400717,0.008627845,0.013910466,62279.742,0.9995148,916.84125,37.600075, 
2025-07-17 16:52:16,0.4026862,11.924639,0.929311,15.836569,21.108088,0.008489288,0.013720257,63146.65,0.9995149,916.87524,37.608665, 
2025-07-17 16:52:17,0.40237314,11.924519,0.92858857,15.825064,21.09282,0.0084820585,0.013710332,63192.05,0.9995149,916.8767,37.609196, 
2025-07-17 16:52:18,0.4020601,11.924398,0.9278661,15.81356,21.077549,0.008474829,0.013700407,63237.453,0.9995149,916.8782,37.609722, 
2025-07-17 16:52:19,0.41974318,11.923855,0.96867466,15.947144,21.255898,0.008559247,0.013816333,62707.74,0.999515,916.87885,37.61862, 
2025-07-17 16:52:20,0.42052734,11.923791,0.9704843,15.949441,21.258993,0.0085607115,0.013818346,62698.484,0.999515,916.87976,37.619373, 
2025-07-17 16:52:21,0.3892287,11.923471,0.8982538,16.204657,21.599346,0.008721935,0.014039574,61714.227,0.9995152,916.8797,37.628117, 
2025-07-17 16:52:22,0.38771388,11.923438,0.8947579,16.223646,21.624674,0.008733932,0.014056038,61640.645,0.99951524,916.8797,37.628864, 
2025-07-17 16:52:23,0.3861991,11.923405,0.89126205,16.242636,21.650003,0.008745928,0.014072503,61567.066,0.99951524,916.8797,37.629616, 
2025-07-17 16:52:24,0.39822605,11.923792,0.91901773,16.192802,21.583368,0.0087143555,0.01402919,61756.32,0.9995151,916.88837,37.638317, 
2025-07-17 16:52:25,0.3981531,11.923807,0.91884935,16.196222,21.58792,0.008716512,0.014032148,61742.957,0.9995151,916.8889,37.63906, 
2025-07-17 16:52:26,0.39808014,11.923822,0.91868097,16.199644,21.59247,0.008718667,0.014035106,61729.594,0.9995151,916.8894,37.639805, 
2025-07-17 16:52:27,0.38053146,11.923273,0.8781824,16.163084,21.54404,0.008695714,0.014003627,61869.453,0.9995152,916.8895,37.639774, 
2025-07-17 16:52:28,0.3797657,11.923249,0.8764152,16.159822,21.539707,0.008693661,0.014000811,61881.883,0.9995152,916.8898,37.639996, 
2025-07-17 16:52:29,0.41022888,11.922164,0.94671744,16.209835,21.606968,0.00872552,0.014044529,61691.03,0.9995153,916.8644,37.64844, 
2025-07-17 16:52:30,0.41166252,11.922084,0.950026,16.21216,21.610111,0.008727009,0.014046572,61682.164,0.9995153,916.8628,37.64896, 
2025-07-17 16:52:31,0.41309616,11.922004,0.9533345,16.214485,21.613255,0.008728498,0.014048615,61673.297,0.9995153,916.86127,37.64948, 
2025-07-17 16:52:32,0.4195415,11.920962,0.96820885,16.108765,21.4729,0.008661992,0.013957386,62078.37,0.9995154,916.86926,37.65832, 
2025-07-17 16:52:33,0.4206908,11.920872,0.97086114,16.103588,21.46605,0.008658745,0.013952933,62098.227,0.9995154,916.8691,37.65907, 
2025-07-17 16:52:34,0.4218401,11.920782,0.9735135,16.098412,21.4592,0.008655499,0.013948481,62118.08,0.9995154,916.86896,37.659813, 
2025-07-17 16:52:35,0.42901957,11.920308,0.9900819,16.285204,21.708458,0.008773601,0.014110497,61406.367,0.9995156,916.896,37.668617, 
2025-07-17 16:52:36,0.42961913,11.920253,0.99146557,16.293741,21.719868,0.008779007,0.014117913,61373.9,0.99951565,916.8978,37.669373, 
2025-07-17 16:52:37,0.40853724,11.9207735,0.9428132,16.407938,21.871805,0.008851043,0.014216674,60947.38,0.9995156,916.8733,37.678066, 
2025-07-17 16:52:38,0.40742317,11.9207945,0.94024223,16.419472,21.887167,0.008858324,0.014226659,60903.965,0.9995156,916.8724,37.678814, 
2025-07-17 16:52:39,0.40630913,11.9208145,0.93767124,16.431004,21.902529,0.008865605,0.014236644,60860.555,0.9995156,916.8715,37.679558, 
2025-07-17 16:52:40,0.39088783,11.9198885,0.9020822,16.443216,21.919323,0.008873561,0.014247561,60815.49,0.9995157,916.8533,37.679695, 
2025-07-17 16:52:41,0.389421,11.919845,0.8986971,16.446762,21.924072,0.008875812,0.014250648,60802.285,0.9995157,916.85156,37.679916, 
2025-07-17 16:52:42,0.38795418,11.919801,0.895312,16.450306,21.928822,0.008878064,0.014253735,60789.082,0.9995157,916.8498,37.68014, 
2025-07-17 16:52:43,0.4203339,11.918588,0.9700368,16.699842,22.262152,0.009036183,0.0144704,59882.688,0.999516,916.8766,37.697628, 
2025-07-17 16:52:44,0.4218578,11.918492,0.97355366,16.71508,22.282522,0.009045845,0.01448364,59827.305,0.99951607,916.8777,37.698677, 
2025-07-17 16:52:45,0.40614772,11.917995,0.9372982,16.903458,22.533926,0.009165188,0.014647053,59162.16,0.9995161,916.8871,37.707718, 
2025-07-17 16:52:46,0.40592661,11.917937,0.93678796,16.92103,22.557384,0.009176321,0.0146623,59099.516,0.9995162,916.8883,37.70869, 
2025-07-17 16:52:47,0.40570554,11.917878,0.93627775,16.9386,22.580843,0.009187454,0.014677548,59036.867,0.9995162,916.8895,37.709663, 
2025-07-17 16:52:48,0.39841452,11.918188,0.91945165,17.209768,22.942154,0.009359106,0.014912399,58109.773,0.9995163,916.86346,37.7097, 
2025-07-17 16:52:49,0.39756557,11.918195,0.9174925,17.230904,22.970324,0.009372488,0.01493071,58037,0.9995163,916.8621,37.709927, 
2025-07-17 16:52:50,0.39671662,11.918201,0.9155333,17.252037,22.998495,0.009385869,0.014949021,57964.227,0.9995163,916.8608,37.71015, 
2025-07-17 16:52:51,0.42158717,11.916144,0.97292835,17.88804,23.8476,0.009789778,0.01550094,55915.62,0.9995169,916.8955,37.727543, 
2025-07-17 16:52:52,0.42287028,11.91603,0.9758895,17.932665,23.907158,0.009818103,0.015539654,55770.47,0.9995169,916.8969,37.72858, 
2025-07-17 16:52:53,0.3677385,11.915345,0.8486575,18.22636,24.299126,0.010004776,0.015794432,54873.77,0.9995171,916.87274,37.72076, 
2025-07-17 16:52:54,0.36485434,11.915256,0.8420015,18.259365,24.343182,0.010025746,0.015823068,54770.54,0.99951714,916.872,37.720676, 
2025-07-17 16:52:55,0.36197022,11.915165,0.8353455,18.29237,24.387238,0.010046717,0.015851704,54667.31,0.99951714,916.87134,37.72059, 
2025-07-17 16:52:56,0.37187684,11.915398,0.8582079,18.500036,24.663948,0.010178606,0.016031567,54056.13,0.9995172,916.8447,37.728924, 
2025-07-17 16:52:57,0.3710546,11.915395,0.85631025,18.519825,24.690332,0.010191178,0.016048715,53997.16,0.9995172,916.84247,37.729218, 
2025-07-17 16:52:58,0.3702323,11.915393,0.8544127,18.539614,24.716715,0.010203749,0.016065864,53938.188,0.9995172,916.8402,37.729515, 
2025-07-17 16:52:59,0.40293378,11.915326,0.9298799,19.116756,25.486197,0.010570853,0.016566027,52318.008,0.99951756,916.8404,37.738575, 
2025-07-17 16:53:00,0.40510285,11.915327,0.9348856,19.156685,25.539429,0.0105962455,0.016600627,52205.117,0.9995176,916.8397,37.739326, 
2025-07-17 16:53:01,0.40553543,11.915176,0.9358839,19.357359,25.807066,0.010724026,0.016774593,51664.344,0.9995177,916.84814,37.739624, 
2025-07-17 16:53:02,0.4063009,11.915165,0.93765044,19.383406,25.841797,0.010740601,0.016797168,51592.605,0.9995177,916.84863,37.73985, 
2025-07-17 16:53:03,0.40706638,11.915154,0.93941694,19.409452,25.87653,0.010757177,0.016819745,51520.867,0.9995177,916.8492,37.740074, 
2025-07-17 16:53:04,0.40873373,11.913579,0.94326407,20.213675,26.949799,0.0112701915,0.01751737,49485.938,0.9995183,916.884,37.748623, 
2025-07-17 16:53:05,0.4088348,11.913479,0.94349724,20.267406,27.021503,0.011304462,0.017563976,49349.203,0.99951833,916.8863,37.74915, 
2025-07-17 16:53:06,0.40893584,11.91338,0.9437304,20.32114,27.093208,0.011338734,0.017610585,49212.47,0.9995184,916.8886,37.749672, 
2025-07-17 16:53:07,0.41549355,11.914089,0.9588642,20.42074,27.225508,0.011402043,0.01769658,48972.87,0.9995184,916.8976,37.758568, 
2025-07-17 16:53:08,0.41593304,11.914092,0.9598785,20.44728,27.260891,0.011418959,0.01771958,48906.41,0.9995184,916.89905,37.759315, 
2025-07-17 16:53:09,0.40836903,11.913419,0.9424224,20.451468,27.26694,0.0114218425,0.01772351,48896.297,0.99951845,916.8909,37.776516, 
2025-07-17 16:53:10,0.40805227,11.913394,0.94169134,20.45389,27.270187,0.011423397,0.017725622,48890.477,0.99951845,916.8906,37.77779, 
2025-07-17 16:53:11,0.4077355,11.91337,0.94096035,20.456314,27.273436,0.01142495,0.017727733,48884.652,0.99951845,916.8903,37.779064, 
2025-07-17 16:53:12,0.40581477,11.912881,0.93652725,21.282457,28.37525,0.011952556,0.018443912,46998.81,0.99951893,916.8555,37.77077, 
2025-07-17 16:53:13,0.40550497,11.912834,0.93581223,21.33276,28.44235,0.011984686,0.018487528,46883.977,0.99951893,916.8532,37.770695, 
2025-07-17 16:53:14,0.40519518,11.9127865,0.9350973,21.383062,28.509449,0.012016817,0.018531142,46769.145,0.999519,916.8508,37.770622, 
2025-07-17 16:53:15,0.39122835,11.912397,0.9028651,21.10326,28.136675,0.011838215,0.01828884,47388.133,0.9995189,916.88586,37.78782, 
2025-07-17 16:53:16,0.3903447,11.912362,0.90082586,21.107552,28.142422,0.011840961,0.018292574,47377.156,0.9995189,916.8871,37.788643, 
2025-07-17 16:53:17,0.41001657,11.912425,0.94622403,21.23554,28.31302,0.011922684,0.018403465,47091.285,0.999519,916.86285,37.789238, 
2025-07-17 16:53:18,0.41090873,11.91242,0.9482829,21.236664,28.314524,0.0119234035,0.018404441,47088.65,0.999519,916.8622,37.789684, 
2025-07-17 16:53:19,0.41180092,11.912415,0.9503418,21.23779,28.316027,0.011924123,0.018405419,47086.01,0.999519,916.8615,37.790134, 
2025-07-17 16:53:20,0.402086,11.91234,0.9279227,19.923073,26.563185,0.011085388,0.01726607,50225.207,0.99951833,916.9037,37.798615, 
2025-07-17 16:53:21,0.40199545,11.912337,0.9277138,19.84637,26.46092,0.011036457,0.017199598,50408.867,0.9995183,916.90564,37.799137, 
2025-07-17 16:53:22,0.4019049,11.912335,0.92750484,19.769669,26.358656,0.010987526,0.017133126,50592.523,0.9995182,916.90753,37.799664, 
2025-07-17 16:53:23,0.42586175,11.911133,0.9827912,20.80116,27.734789,0.011645802,0.018027613,48089.42,0.99951893,916.8998,37.81734, 
2025-07-17 16:53:24,0.42704985,11.911059,0.985533,20.829344,27.772417,0.011663795,0.018052071,48019.73,0.99951893,916.9003,37.818615, 
2025-07-17 16:53:25,0.39539126,11.910413,0.9124722,20.810497,27.747744,0.011651952,0.018036032,48058.316,0.999519,916.84106,37.81923, 
2025-07-17 16:53:26,0.3939956,11.910344,0.9092513,20.833994,27.779118,0.011666957,0.018056426,48000.883,0.999519,916.83716,37.81968, 
2025-07-17 16:53:27,0.39259994,11.910275,0.9060304,20.857489,27.810493,0.011681964,0.01807682,47943.45,0.999519,916.83325,37.82013, 
2025-07-17 16:53:28,0.40544206,11.910027,0.93566746,19.891678,26.52289,0.0110660335,0.017239878,50290.816,0.9995186,916.84906,37.82861, 
2025-07-17 16:53:29,0.40541717,11.909996,0.93561006,19.831984,26.443317,0.0110279685,0.017188156,50435.72,0.9995186,916.8485,37.829136, 
2025-07-17 16:53:30,0.4053923,11.9099655,0.93555266,19.77229,26.363745,0.010989904,0.017136432,50580.62,0.9995185,916.848,37.82966, 
2025-07-17 16:53:31,0.41100696,11.909343,0.9485092,21.237522,28.317894,0.011925096,0.01840663,47114.645,0.9995193,916.858,37.838547, 
2025-07-17 16:53:32,0.41166028,11.909298,0.9500169,21.300682,28.40214,0.011965421,0.018461391,46966.816,0.99951935,916.85895,37.839294, 
2025-07-17 16:53:33,0.41133812,11.908967,0.94927365,20.883036,27.845488,0.011698746,0.018099567,47895.324,0.99951917,916.8593,37.839615, 
2025-07-17 16:53:34,0.41143182,11.908932,0.9494899,20.891714,27.857082,0.011704277,0.018107103,47871.082,0.99951917,916.8595,37.839836, 
2025-07-17 16:53:35,0.41152555,11.908896,0.94970614,20.90039,27.868677,0.011709809,0.01811464,47846.836,0.99951917,916.85974,37.84006, 
2025-07-17 16:53:36,0.40274858,11.9079485,0.92945087,20.79993,27.73539,0.011645981,0.018028004,48078.5,0.9995193,916.8339,37.84, 
2025-07-17 16:53:37,0.402203,11.907883,0.9281918,20.782684,27.712442,0.011634989,0.018013088,48117.434,0.9995193,916.83234,37.84, 
2025-07-17 16:53:38,0.4016574,11.907817,0.92693263,20.76544,27.689493,0.011623997,0.017998172,48156.367,0.9995193,916.83075,37.84, 
2025-07-17 16:53:39,0.40211424,11.907093,0.92798674,21.189932,28.256048,0.011895318,0.018366432,47194.656,0.9995195,916.8743,37.84, 
2025-07-17 16:53:40,0.4019197,11.907026,0.92753786,21.212854,28.286663,0.011909978,0.01838633,47142.793,0.9995196,916.8762,37.84, 
2025-07-17 16:53:41,0.41919762,11.90624,0.9674112,20.96052,27.950745,0.011749072,0.018167984,47710.02,0.9995195,916.87775,37.848423, 
2025-07-17 16:53:42,0.4202868,11.906175,0.9699248,20.954609,27.94291,0.011745318,0.01816289,47723.13,0.9995195,916.8789,37.848946, 
2025-07-17 16:53:43,0.421376,11.90611,0.9724384,20.948698,27.935072,0.011741563,0.018157797,47736.24,0.9995195,916.88,37.849472, 
2025-07-17 16:53:44,0.4074092,11.906325,0.94020647,20.775328,27.703732,0.011630799,0.018007426,48135.195,0.99951935,916.84534,37.84968, 
2025-07-17 16:53:45,0.40699187,11.906319,0.9392434,20.758219,27.680922,0.011619876,0.017992599,48174.223,0.99951935,916.84326,37.849907, 
2025-07-17 16:53:46,0.40657455,11.906312,0.9382803,20.74111,27.658112,0.011608953,0.017977774,48213.25,0.99951935,916.8411,37.850132, 
2025-07-17 16:53:47,0.38107264,11.906569,0.8794278,20.649456,27.535713,0.011550372,0.017898213,48427.76,0.9995193,916.8319,37.858765, 
2025-07-17 16:53:48,0.37920123,11.906589,0.875109,20.639576,27.522524,0.011544058,0.017889641,48450.71,0.9995193,916.8305,37.859287, 
2025-07-17 16:53:49,0.39645725,11.905916,0.914932,20.423988,27.235506,0.011406699,0.01770308,48963.266,0.9995192,916.8469,37.86803, 
2025-07-17 16:53:50,0.3969526,11.90588,0.9160751,20.408367,27.214699,0.0113967415,0.017689556,49000.32,0.9995192,916.8477,37.868782, 
2025-07-17 16:53:51,0.3974479,11.905844,0.9172182,20.392744,27.193893,0.011386784,0.017676031,49037.375,0.9995192,916.8486,37.869534, 
2025-07-17 16:53:52,0.39129966,11.905511,0.9030294,20.361883,27.15297,0.011367203,0.01764943,49111.66,0.9995193,916.80615,37.86109, 
2025-07-17 16:53:53,0.3913742,11.905473,0.9032014,20.354616,27.143305,0.011362578,0.01764315,49128.996,0.9995193,916.80396,37.860794, 
2025-07-17 16:53:54,0.39144874,11.905436,0.9033734,20.34735,27.13364,0.011357953,0.017636867,49146.332,0.9995193,916.8018,37.860493, 
2025-07-17 16:53:55,0.38239866,11.904797,0.8824879,20.312994,27.088268,0.011336239,0.017607372,49229.605,0.99951935,916.8097,37.86898, 
2025-07-17 16:53:56,0.38170698,11.90475,0.8808917,20.310085,27.084421,0.011334398,0.017604873,49236.637,0.99951935,916.8091,37.869274, 
2025-07-17 16:53:57,0.40872023,11.904884,0.9432321,20.229353,26.976667,0.011282858,0.017534833,49433.3,0.9995193,916.8262,37.8696, 
2025-07-17 16:53:58,0.41022155,11.904878,0.94669676,20.223421,26.968761,0.011279077,0.017529694,49447.734,0.9995193,916.82745,37.86982, 
2025-07-17 16:53:59,0.41172284,11.904871,0.95016146,20.21749,26.960857,0.011275296,0.017524555,49462.168,0.9995193,916.82874,37.870045, 
2025-07-17 16:54:00,0.37813845,11.904178,0.87265646,19.921795,26.567005,0.011086966,0.017268555,50198.3,0.99951917,916.872,37.87859, 
2025-07-17 16:54:01,0.37678412,11.904139,0.869531,19.901709,26.540245,0.01107417,0.01725116,50248.2,0.99951917,916.8751,37.879112, 
2025-07-17 16:54:02,0.37542978,11.9041,0.8664055,19.88162,26.513483,0.011061372,0.017233765,50298.098,0.99951917,916.8782,37.87964, 
2025-07-17 16:54:03,0.40288007,11.903848,0.9297544,19.853561,26.476234,0.011043564,0.017209552,50369.215,0.9995192,916.8259,37.870995, 
2025-07-17 16:54:04,0.403682,11.903814,0.93160504,19.844349,26.463972,0.011037701,0.01720158,50392.223,0.9995192,916.8239,37.870693, 
2025-07-17 16:54:05,0.3949295,11.903054,0.91140634,19.545238,26.065586,0.010847335,0.01694263,51165.67,0.99951917,916.8221,37.878803, 
2025-07-17 16:54:06,0.39505354,11.903001,0.91169256,19.526064,26.04005,0.010835133,0.016926032,51215.23,0.99951917,916.82074,37.8791, 
2025-07-17 16:54:07,0.39517754,11.902948,0.9119787,19.506887,26.014515,0.01082293,0.016909434,51264.79,0.99951917,916.8194,37.8794, 
2025-07-17 16:54:08,0.39317673,11.901979,0.90736127,19.421751,25.901613,0.010768989,0.016836049,51489.56,0.9995192,916.84546,37.879677, 
2025-07-17 16:54:09,0.39282182,11.901901,0.9065422,19.409082,25.88477,0.010760942,0.016825102,51522.6,0.9995192,916.847,37.8799, 
2025-07-17 16:54:10,0.39246693,11.901823,0.90572315,19.396414,25.867928,0.010752894,0.016814154,51555.645,0.9995192,916.8486,37.880127, 
2025-07-17 16:54:11,0.39182934,11.901434,0.9042519,19.28068,25.713835,0.010679308,0.016713992,51865.773,0.99951917,916.84894,37.888752, 
2025-07-17 16:54:12,0.3917426,11.901386,0.90405166,19.271523,25.701653,0.01067349,0.016706074,51890.22,0.99951917,916.8496,37.88928, 
2025-07-17 16:54:13,0.39410684,11.900761,0.9095078,19.141716,25.528942,0.010591035,0.016593812,52242.633,0.9995192,916.8581,37.898006, 
2025-07-17 16:54:14,0.39423677,11.900713,0.9098077,19.130848,25.514479,0.010584129,0.016584411,52272.03,0.9995192,916.8586,37.898754, 
2025-07-17 16:54:15,0.39436674,11.900664,0.9101076,19.119982,25.500015,0.010577224,0.01657501,52301.434,0.9995192,916.85913,37.8995, 
2025-07-17 16:54:16,0.39485726,11.899479,0.9112396,19.015882,25.361946,0.0105113145,0.016485265,52588.11,0.9995193,916.8336,37.891098, 
2025-07-17 16:54:17,0.39494714,11.899391,0.91144705,19.006329,25.349262,0.010505259,0.016477019,52614.297,0.9995193,916.8323,37.890797, 
2025-07-17 16:54:18,0.39503706,11.899303,0.9116545,18.996777,25.336578,0.0104992045,0.016468775,52640.484,0.9995193,916.83093,37.890495, 
2025-07-17 16:54:19,0.4028845,11.898428,0.92976457,18.817474,25.097998,0.010385369,0.016313698,53142.99,0.9995193,916.80426,37.890247, 
2025-07-17 16:54:20,0.40336755,11.898345,0.93087935,18.804047,25.080141,0.010376848,0.016302092,53180.49,0.9995193,916.802,37.890022, 
2025-07-17 16:54:21,0.4038506,11.898262,0.9319941,18.790617,25.062284,0.010368328,0.016290484,53217.99,0.9995193,916.79974,37.889797, 
2025-07-17 16:54:22,0.4031918,11.896905,0.9304736,18.737741,24.992622,0.010335085,0.016245205,53368.45,0.99951947,916.827,37.90785, 
2025-07-17 16:54:23,0.40335461,11.896801,0.9308494,18.72991,24.982243,0.010330133,0.016238458,53390.52,0.99951947,916.8279,37.908897, 
2025-07-17 16:54:24,0.3888287,11.896466,0.89732677,18.794529,25.068644,0.01037134,0.01629462,53207.062,0.9995196,916.8543,37.909336, 
2025-07-17 16:54:25,0.38793328,11.896413,0.8952604,18.797094,25.072102,0.010372989,0.016296867,53199.777,0.9995196,916.85657,37.909782, 
2025-07-17 16:54:26,0.3870379,11.896359,0.8931941,18.799662,25.075558,0.010374637,0.016299114,53192.492,0.9995196,916.85876,37.910233, 
2025-07-17 16:54:27,0.39686695,11.896452,0.9158772,18.66552,24.896582,0.010289278,0.016182778,53575.06,0.99951947,916.81506,37.918762, 
2025-07-17 16:54:28,0.39710104,11.896449,0.9164175,18.65898,24.88786,0.010285118,0.016177109,53593.73,0.99951947,916.8131,37.919292, 
2025-07-17 16:54:29,0.39733517,11.896445,0.91695774,18.652437,24.879137,0.010280958,0.016171439,53612.406,0.99951947,916.8111,37.919823, 
2025-07-17 16:54:30,0.40136868,11.895802,0.9262662,18.488352,24.660675,0.010176798,0.01602944,54088.836,0.99951947,916.81946,37.919823, 
2025-07-17 16:54:31,0.4018476,11.895766,0.92737144,18.475327,24.643326,0.010168525,0.016018162,54126.477,0.99951947,916.81885,37.92005, 
2025-07-17 16:54:32,0.39723915,11.895045,0.91673625,18.258324,24.354324,0.010030802,0.01583031,54771.35,0.9995194,916.82794,37.92, 
2025-07-17 16:54:33,0.3970444,11.894985,0.9162868,18.241098,24.331383,0.010019869,0.0158154,54822.28,0.9995194,916.82874,37.92, 
2025-07-17 16:54:34,0.39684966,11.894926,0.9158374,18.223871,24.308443,0.010008935,0.015800487,54873.215,0.9995194,916.82947,37.92, 
2025-07-17 16:54:35,0.39649123,11.894999,0.9150102,18.343107,24.467442,0.010084693,0.015903838,54516.73,0.99951947,916.81195,37.92874, 
2025-07-17 16:54:36,0.39635262,11.894984,0.9146903,18.344662,24.469526,0.010085685,0.015905192,54511.977,0.99951947,916.81116,37.929264, 
2025-07-17 16:54:37,0.396214,11.89497,0.9143704,18.346218,24.47161,0.010086677,0.015906546,54507.223,0.99951947,916.8103,37.92979, 
2025-07-17 16:54:38,0.38331798,11.895477,0.8846095,18.065832,24.0973,0.009908376,0.015663246,55354.594,0.9995192,916.8457,37.947647, 
2025-07-17 16:54:39,0.38254613,11.895508,0.8828283,18.05209,24.07895,0.009899636,0.015651317,55396.207,0.9995192,916.84735,37.94892, 
2025-07-17 16:54:40,0.40668613,11.89552,0.9385378,18.073175,24.107067,0.009913024,0.015669595,55331.09,0.9995193,916.83984,37.94934, 
2025-07-17 16:54:41,0.40785685,11.895533,0.94123954,18.067747,24.09982,0.009909571,0.015664885,55347.406,0.9995193,916.8402,37.949787, 
2025-07-17 16:54:42,0.40902758,11.895545,0.9439413,18.062319,24.092571,0.009906119,0.015660172,55363.72,0.9995193,916.8406,37.950237, 
2025-07-17 16:54:43,0.40793648,11.894432,0.9414234,17.534235,23.388842,0.00957122,0.015202747,57038.555,0.99951917,916.83124,37.967472, 
2025-07-17 16:54:44,0.40848,11.894365,0.9426777,17.503044,23.347277,0.00955144,0.01517573,57137.516,0.99951917,916.8305,37.968517, 
2025-07-17 16:54:45,0.4090235,11.8942995,0.943932,17.471853,23.305712,0.00953166,0.015148712,57236.48,0.99951917,916.8297,37.969566, 
2025-07-17 16:54:46,0.4177876,11.893575,0.9641574,17.687727,23.594103,0.009668829,0.015336168,56537.766,0.99951935,916.8388,37.969635, 
2025-07-17 16:54:47,0.41829392,11.893504,0.96532583,17.6869,23.593042,0.00966832,0.015335479,56539.547,0.99951935,916.8391,37.970085, 
2025-07-17 16:54:48,0.3909414,11.893569,0.90220267,17.711447,23.625746,0.009683882,0.015356735,56461.082,0.99951935,916.79675,37.978523, 
2025-07-17 16:54:49,0.38949805,11.893556,0.8988718,17.717957,23.634438,0.009688017,0.015362386,56440.062,0.99951935,916.7944,37.97904, 
2025-07-17 16:54:50,0.3880547,11.893541,0.89554083,17.724468,23.643131,0.009692152,0.015368036,56419.043,0.99951935,916.792,37.979557, 
2025-07-17 16:54:51,0.39425707,11.893472,0.90985423,17.896412,23.872536,0.009801334,0.015517148,55877.918,0.9995194,916.81726,37.988483, 
2025-07-17 16:54:52,0.39395496,11.893469,0.90915704,17.907408,23.887205,0.009808316,0.015526683,55843.28,0.9995194,916.81775,37.98924, 
2025-07-17 16:54:53,0.39365283,11.893467,0.9084598,17.918404,23.901875,0.009815297,0.015536219,55808.645,0.9995194,916.81824,37.98999, 
2025-07-17 16:54:54,0.38436395,11.89249,0.8870234,17.581888,23.45357,0.009601966,0.01524482,56879.016,0.99951935,916.8103,37.998684, 
2025-07-17 16:54:55,0.38396558,11.892431,0.88610405,17.566746,23.433405,0.00959237,0.015231713,56927.33,0.99951935,916.8104,37.99943, 
2025-07-17 16:54:56,0.38973743,11.891938,0.899424,17.552927,23.415266,0.009583732,0.015219922,56971.43,0.9995194,916.8443,37.999657, 
2025-07-17 16:54:57,0.38986838,11.891885,0.8997262,17.544336,23.40384,0.009578295,0.015212495,56998.76,0.9995194,916.8462,37.99988, 
2025-07-17 16:54:58,0.38999933,11.891831,0.90002847,17.535748,23.392412,0.009572857,0.015205068,57026.098,0.9995194,916.8481,38.000103, 
2025-07-17 16:54:59,0.4057182,11.891364,0.9363041,17.362286,23.161293,0.009462959,0.015054841,57596.98,0.9995194,916.8225,38.008724, 
2025-07-17 16:55:00,0.40681303,11.891323,0.9388306,17.351564,23.147013,0.009456169,0.015045559,57632.24,0.9995194,916.82184,38.009247, 
2025-07-17 16:55:01,0.4079078,11.891282,0.9413572,17.340841,23.132732,0.009449379,0.015036277,57667.5,0.9995194,916.82117,38.009773, 
2025-07-17 16:55:02,0.41528687,11.890395,0.95838624,17.331568,23.120886,0.009443737,0.015028576,57698.344,0.99951947,916.82025,38.01871, 
2025-07-17 16:55:03,0.41612568,11.89033,0.960322,17.3265,23.114164,0.009440539,0.015024207,57715.03,0.99951947,916.8196,38.01946, 
2025-07-17 16:55:04,0.38947973,11.889075,0.89882916,17.139624,22.865595,0.009322402,0.014862637,58345.535,0.9995196,916.81116,38.019665, 
2025-07-17 16:55:05,0.38802445,11.888977,0.8954707,17.127909,22.850023,0.009315001,0.014852515,58385.05,0.9995196,916.8106,38.019886, 
2025-07-17 16:55:06,0.38656917,11.888879,0.89211226,17.116192,22.834452,0.0093076,0.014842393,58424.57,0.9995196,916.8101,38.02011, 
2025-07-17 16:55:07,0.4015522,11.88887,0.9266897,17.152266,22.88258,0.009330465,0.014873678,58301.535,0.9995196,916.7838,38.028717, 
2025-07-17 16:55:08,0.40178052,11.888838,0.9272166,17.149683,22.879154,0.009328837,0.014871451,58310.168,0.9995196,916.78204,38.02924, 
2025-07-17 16:55:09,0.40200883,11.888805,0.92774343,17.1471,22.875729,0.009327208,0.014869224,58318.797,0.9995196,916.7802,38.029766, 
2025-07-17 16:55:10,0.39263463,11.888187,0.9061098,17.286182,23.061638,0.009415551,0.014990064,57850.164,0.9995197,916.81586,38.038704, 
2025-07-17 16:55:11,0.39244223,11.888149,0.90566576,17.29514,23.073608,0.00942124,0.014997845,57819.95,0.9995197,916.81726,38.039455, 
2025-07-17 16:55:12,0.3892678,11.887122,0.89834,17.02233,22.710245,0.009248588,0.014761659,58748.555,0.9995197,916.81836,38.03966, 
2025-07-17 16:55:13,0.3888398,11.887043,0.8973522,17.008768,22.692198,0.009240014,0.014749929,58794.824,0.9995197,916.8193,38.039886, 
2025-07-17 16:55:14,0.3884118,11.886965,0.8963645,16.995207,22.674152,0.009231439,0.014738198,58841.094,0.9995197,916.8201,38.04011, 
2025-07-17 16:55:15,0.39749563,11.887428,0.917328,16.979643,22.653118,0.009221453,0.0147245275,58894.63,0.99951965,916.8284,38.04871, 
2025-07-17 16:55:16,0.39796257,11.88743,0.91840553,16.971813,22.642673,0.009216491,0.014717738,58921.312,0.99951965,916.8289,38.049236, 
2025-07-17 16:55:17,0.39842948,11.887432,0.9194831,16.963985,22.632227,0.009211528,0.014710949,58947.996,0.99951965,916.82947,38.04976, 
2025-07-17 16:55:18,0.41039255,11.887143,0.94709116,16.827394,22.450161,0.009125086,0.014592605,59427.586,0.9995196,916.82947,38.041115, 
2025-07-17 16:55:19,0.41129372,11.887138,0.94917077,16.819141,22.439154,0.00911986,0.01458545,59456.516,0.9995196,916.8297,38.04085, 
2025-07-17 16:55:20,0.41254163,11.886204,0.95205045,16.863558,22.498947,0.009148233,0.014624316,59299.652,0.99951977,916.83813,38.04886, 
2025-07-17 16:55:21,0.41286796,11.88614,0.95280355,16.863333,22.498686,0.009148107,0.014624146,59300.37,0.99951977,916.8387,38.049175, 
2025-07-17 16:55:22,0.41319427,11.886075,0.95355666,16.863108,22.498423,0.00914798,0.014623974,59301.09,0.99951977,916.8392,38.04949, 
2025-07-17 16:55:23,0.42246014,11.88566,0.9749401,16.814575,22.433908,0.009117351,0.014582041,59472.277,0.99951977,916.82227,38.04968, 
2025-07-17 16:55:24,0.42303562,11.885612,0.97626823,16.812956,22.431774,0.009116337,0.014580653,59477.996,0.99951977,916.8214,38.049904, 
2025-07-17 16:55:25,0.4236111,11.885564,0.97759634,16.811335,22.429638,0.0091153225,0.014579265,59483.71,0.99951977,916.8206,38.050125, 
2025-07-17 16:55:26,0.42214593,11.884699,0.974215,16.673777,22.246597,0.009028445,0.014460289,59975.06,0.99951977,916.829,38.058792, 
2025-07-17 16:55:27,0.4222878,11.884636,0.9745424,16.664293,22.233982,0.009022457,0.014452088,60008.88,0.99951977,916.8291,38.059322, 
2025-07-17 16:55:28,0.4165776,11.88453,0.96136457,16.66182,22.230743,0.009020921,0.014449984,60017.645,0.9995198,916.80426,38.059605, 
2025-07-17 16:55:29,0.41618684,11.884503,0.96046275,16.65843,22.226236,0.009018782,0.014447054,60029.75,0.9995198,916.803,38.05983, 
2025-07-17 16:55:30,0.41579607,11.884476,0.95956093,16.65504,22.22173,0.009016641,0.014444124,60041.855,0.9995198,916.80164,38.06006, 
2025-07-17 16:55:31,0.3763593,11.883774,0.86855006,16.691498,22.27077,0.009039903,0.014476,59910.785,0.9995199,916.78345,38.05137, 
2025-07-17 16:55:32,0.3737681,11.883728,0.8625701,16.69376,22.273815,0.009041348,0.014477979,59902.65,0.9995199,916.78174,38.05083, 
2025-07-17 16:55:33,0.37117687,11.883682,0.85659015,16.696022,22.27686,0.009042792,0.014479958,59894.516,0.9995199,916.77997,38.050293, 
2025-07-17 16:55:34,0.41757977,11.883511,0.9636773,16.532532,22.058815,0.008939347,0.01433823,60487.574,0.9995199,916.78015,38.058994, 
2025-07-17 16:55:35,0.41932312,11.883482,0.96770054,16.523685,22.047028,0.008933756,0.014330568,60519.69,0.9995199,916.7797,38.059288, 
2025-07-17 16:55:36,0.3828224,11.882722,0.8834652,16.538507,22.06723,0.008943329,0.0143437,60465.19,0.99951994,916.7881,38.07637, 
2025-07-17 16:55:37,0.3816575,11.88267,0.88077694,16.535585,22.06336,0.008941491,0.014341184,60475.75,0.99951994,916.7886,38.077633, 
2025-07-17 16:55:38,0.38049266,11.88262,0.87808865,16.532661,22.05949,0.008939655,0.014338668,60486.305,0.99951994,916.7891,38.07889, 
2025-07-17 16:55:39,0.36199516,11.883536,0.83540094,16.650652,22.216406,0.0090141045,0.014440664,60058.23,0.9995199,916.78937,38.07074, 
2025-07-17 16:55:40,0.35993066,11.8835745,0.8306365,16.658373,22.226686,0.009018983,0.014447347,60030.2,0.9995199,916.78955,38.070652, 
2025-07-17 16:55:41,0.35786614,11.883613,0.82587206,16.666096,22.236969,0.00902386,0.0144540295,60002.168,0.9995199,916.7898,38.070568, 
2025-07-17 16:55:42,0.39609697,11.884115,0.9141001,16.559084,22.093904,0.008955996,0.014361038,60390.113,0.99951977,916.7985,38.08776, 
2025-07-17 16:55:43,0.3979131,11.884169,0.9182913,16.555695,22.089352,0.008953836,0.014358078,60402.395,0.99951977,916.799,38.08858, 
2025-07-17 16:55:44,0.38500947,11.8827305,0.8885126,16.45312,21.95329,0.008889296,0.01426964,60779.504,0.9995199,916.7993,38.09762, 
2025-07-17 16:55:45,0.38509178,11.882652,0.88870263,16.44419,21.941422,0.008883665,0.014261924,60812.203,0.9995199,916.79956,38.09859, 
2025-07-17 16:55:46,0.38517413,11.882573,0.8888926,16.43526,21.92955,0.008878035,0.014254208,60844.902,0.9995199,916.7998,38.099567, 
2025-07-17 16:55:47,0.4108584,11.882689,0.948166,16.253494,21.686958,0.0087630395,0.014096523,61526.875,0.99951977,916.7826,38.099678, 
2025-07-17 16:55:48,0.41208255,11.88266,0.9509911,16.239872,21.668798,0.00875443,0.014084719,61577.797,0.99951977,916.7815,38.099903, 
2025-07-17 16:55:49,0.4133067,11.882631,0.9538162,16.226248,21.650639,0.008745821,0.014072915,61628.723,0.99951977,916.78046,38.10013, 
2025-07-17 16:55:50,0.40844703,11.882261,0.942601,16.367027,21.838684,0.008834949,0.014195144,61099.016,0.99951994,916.7802,38.108753, 
2025-07-17 16:55:51,0.4088087,11.882242,0.9434357,16.370811,21.843744,0.008837347,0.014198434,61084.72,0.99951994,916.7798,38.10928, 
2025-07-17 16:55:52,0.4218973,11.881548,0.9736413,15.884804,21.195631,0.008530345,0.01377716,62963.09,0.99951977,916.8217,38.1096, 
2025-07-17 16:55:53,0.4225822,11.881495,0.9752219,15.8578205,21.159655,0.008513305,0.0137537755,63067.72,0.9995197,916.82434,38.109825, 
2025-07-17 16:55:54,0.4232671,11.881443,0.97680247,15.830837,21.12368,0.008496265,0.013730392,63172.344,0.9995197,916.82697,38.11005, 
2025-07-17 16:55:55,0.40423605,11.8811,0.93288296,16.22474,21.649467,0.008745273,0.014072155,61639.734,0.99951994,916.79376,38.11, 
2025-07-17 16:55:56,0.403402,11.881062,0.9309582,16.236557,21.665258,0.008752749,0.014082419,61593.426,0.99952,916.7928,38.11, 
2025-07-17 16:55:57,0.40256798,11.881023,0.9290334,16.248375,21.68105,0.008760226,0.014092683,61547.117,0.99952,916.7918,38.11, 
2025-07-17 16:55:58,0.4043285,11.880241,0.93309623,16.219355,21.64276,0.008742066,0.014067793,61655.867,0.9995201,916.8257,38.127502, 
2025-07-17 16:55:59,0.40395346,11.880185,0.9322308,16.227518,21.65368,0.008747237,0.014074892,61623.86,0.9995201,916.8269,38.12855, 
2025-07-17 16:56:00,0.4234072,11.879931,0.9771256,15.96099,21.298168,0.008578848,0.01384381,62656.297,0.99951994,916.8113,38.1208, 
2025-07-17 16:56:01,0.4246771,11.879897,0.9800562,15.943296,21.274578,0.008567673,0.013828476,62724.75,0.99951994,916.81116,38.120724, 
2025-07-17 16:56:02,0.42594698,11.879863,0.9829868,15.925604,21.250988,0.008556499,0.013813142,62793.203,0.99951994,916.811,38.12065, 
